Feature	Intercept_mean	HEI_mean	Intercept_std	HEI_std	Intercept_hdi	HEI_hdi
7e9ed2c841e64976eace4b578ff56a26	-6.643699535000006	0.025820253755999997	0.854668607646223	0.013199928939271164	(-8.2689, -5.0703)	(0.0010999, 0.0500388)
a6099802840e60febef8e896967b7747	-6.853936384999991	-0.0012544902920599993	0.3002115673140891	0.0046146072643005855	(-7.44083, -6.31323)	(-0.00992193, 0.00751567)
904ad13c7b8512200836d5cd9fb09e1b	-8.656422184999991	-0.004199880543520005	0.8131814144426667	0.01252007894026444	(-10.0498, -7.05669)	(-0.0285416, 0.0172813)
1aab913302590e21a7be28b1494a3320	-8.971785025000004	-0.0021651623931599967	0.4302589640638524	0.006646992763036158	(-9.76689, -8.15543)	(-0.0145885, 0.0103818)
e644522cf6d7222c9da7f9ecf614cd89	-9.804697160000002	0.01612347456858999	0.7238726729739383	0.011149457132114876	(-11.2152, -8.45155)	(-0.00513448, 0.0375898)
bad4f7c5ada34a1f813946abcfe5c556	-6.04114604000001	0.02070174191000003	0.30751411359857705	0.0047549626621672765	(-6.62102, -5.47688)	(0.0126248, 0.0302604)
399bcf0feb12a20ca0731d8d65268dae	-5.350748969999988	-0.014650251892799991	0.6754509530855209	0.010398991794653874	(-6.72106, -4.18363)	(-0.032725, 0.00630092)
32f7e6bfc42fe19c17f9459bd9be4b67	-6.380989900000002	-0.012349118186819998	0.5968844976604681	0.009220817758533152	(-7.64325, -5.3935)	(-0.0284966, 0.00604962)
c942f59feffce9c3ab527135de234101	-2.8776234850000004	-0.03691017569999995	0.43986885574169166	0.0067709627004481	(-3.77826, -2.11167)	(-0.0502528, -0.0245995)
29bb5fa7f45e47bbabab8cc1b1b3d18e	-8.637754984999994	-0.0023376168578199967	1.0335074947883054	0.0159477835901901	(-10.5293, -6.69221)	(-0.0308594, 0.0283201)
7b2ff5940de11da4dc3bb208805dff11	-7.839455195000003	-0.008622948812841997	0.4510788276114965	0.006966269725046742	(-8.66274, -6.94349)	(-0.0221068, 0.00471751)
6c7fa77831ae630967a6fbfc8ee47901	-2.588746140000003	-0.01354076865499998	0.2451707943554868	0.003772018066122582	(-3.02759, -2.11132)	(-0.0208907, -0.00694451)
6c83fec6e8d03fad51eabc871853c991	-10.983780069999986	0.04000651065000001	0.7976148293972446	0.012288377499363588	(-12.4181, -9.51571)	(0.0187378, 0.0630959)
23597fea41001255f06321d42aefd3bd	-8.091912020000006	-0.004787954040685006	0.5363930691509902	0.008261532150705148	(-9.11786, -7.11435)	(-0.0201927, 0.0111521)
ee02d6d3506da57909d5e603709a295f	-6.593137460000025	-0.002657909866810001	0.3398399400359651	0.005240584156886562	(-7.25627, -5.9574)	(-0.0129567, 0.00705325)
e6a34eb113dba66df0b8bbec907a8f5d	-5.586281449999995	0.0013213439565199995	0.41785319271808535	0.006439777986570345	(-6.4044, -4.81933)	(-0.0107397, 0.0136047)
6c4de756c45fa6e7e5adfe196f9f0039	-7.391942789999997	0.02987157080521494	0.9310866203208027	0.014350820618089113	(-9.02402, -5.61731)	(0.0037922, 0.0562791)
60c57911662a9159dfdd0fc05d975a55	-4.216809469999998	-0.0006881007919000005	0.3700682741562953	0.00570583623611377	(-4.97118, -3.60122)	(-0.0111848, 0.0101169)
1986030e3c5cd5df6d869054bc96e536	-9.42769601499999	0.025440742317000022	0.6272906615493088	0.009673243906720794	(-10.6949, -8.31452)	(0.0060626, 0.0426649)
ea3433f2c148c6fae4cc2e9ae197f5b8	-5.314110025000013	0.0014197962779800006	0.4812288966209833	0.007392939141572042	(-6.16048, -4.42376)	(-0.0123507, 0.0142772)
059c8f8bb468064b134ea6d3661761ea	-5.030813549999996	0.0019261517584115014	0.45860333279098353	0.007092381311119745	(-5.93399, -4.2159)	(-0.0105554, 0.0158815)
8a9f7499cdb85b8efa497bb56256cb43	-7.946409474999985	0.0235395253	0.31002923900137963	0.004745854863878576	(-8.50497, -7.38861)	(0.0150708, 0.0323437)
8dccd839cf4868a3343e411c063932a6	-9.159684104999986	-0.00010377144690000028	0.7602415858961535	0.011739308164981265	(-10.567, -7.76635)	(-0.0224837, 0.0208054)
f402919ff0fe53fec5b6ef190f9e42b7	-7.195289829999995	0.00371132719169	0.35115540874956086	0.005423148197921082	(-7.87421, -6.58438)	(-0.00610644, 0.0139833)
f9382b37fc2cfd3cf606824a235802de	-10.893946690000018	0.017419124574199998	0.6808165535044992	0.010463074755846265	(-12.1135, -9.66618)	(-0.00221702, 0.0357535)
1664c7d0b9dec6e07df8542c0c4049c7	-9.043687819999985	0.00865021552450001	0.4684462892725777	0.0072215004578084245	(-9.92805, -8.20109)	(-0.00478733, 0.0218226)
3e5f388f7ad4f160c2a1cdd1441d00c0	-6.092732364999998	-0.006991532880204997	0.35592445174834053	0.0054982693876530885	(-6.86236, -5.50685)	(-0.0166657, 0.00424621)
f5706d9ec821f971e4c08ee992995b40	-7.586723110000002	-0.004994523299009499	0.7782713767510198	0.011992477833826272	(-8.97128, -6.12049)	(-0.0271803, 0.0168653)
138eb7703e1255cf29760a4440de2a47	-10.024530539999997	0.02177060302069997	0.6362631648983847	0.0097523592872774	(-11.1794, -8.69066)	(0.0020236, 0.0400923)
56c3d1a8e4dc5c2aa7afbc1563559448	-8.65683704	0.018106986446650004	1.3031256496390657	0.020160001849872322	(-11.0058, -6.17546)	(-0.0196966, 0.0550995)
de61860db8d93da85692dffb5cf32ab9	-6.104006389999995	0.015636888289650014	0.7945863295199379	0.012245382188570655	(-7.53097, -4.54605)	(-0.00969786, 0.036914)
5c02713fbed5c1964b4410d9f8166555	-5.852673915000007	-0.003699111341826998	0.3470086119443188	0.005330629319784855	(-6.50938, -5.24421)	(-0.0139212, 0.00553478)
12bb0c9249480c4cec2cc9f692018806	-10.089660400000003	0.0261629267	0.44054746425855196	0.006751910854113464	(-10.923, -9.22852)	(0.0131972, 0.0391418)
b10627ff6db16c65eed2f21380dd700f	-10.578518845000003	0.06735484429999995	1.020821447536893	0.015645778733897442	(-12.3596, -8.66782)	(0.0389591, 0.0955603)
3f5f0d10bd5495e2c89d229c508dcdec	-7.163264120000009	0.0017910802345449978	0.6576582209248399	0.010121356108033485	(-8.3758, -5.94221)	(-0.0159513, 0.0216699)
de6891b6f7a1f35bd9ccbc058b9e1a77	-7.121845274999989	0.008450443750049991	0.24452365307414395	0.0037706161350818724	(-7.60701, -6.70205)	(0.00155393, 0.0153942)
828c563319c7cee475b9b8ab6a0a048b	-8.84194765999999	0.02172834819499999	0.37204048768853654	0.00572390912444172	(-9.56905, -8.17739)	(0.0109694, 0.0325201)
6a129e8ae637c96e7bb56223913911f7	-6.570036859999997	0.008805279658635009	0.5138196976154573	0.007904334164746781	(-7.51225, -5.58229)	(-0.00630368, 0.0233281)
1527fd8b14037f53b8edb26b111e1f72	-4.965328040000005	-0.01315092264837999	0.39540716752185784	0.0060801486891130406	(-5.67675, -4.18144)	(-0.0250412, -0.00212182)
b3d06445a910a9a444919e41f5da39c3	-8.704096124999992	-0.019639453966100014	0.6180742213930573	0.009582282252132453	(-10.0118, -7.70207)	(-0.0355944, -8.07832e-05)
992072d045462445dc239b35300af2cc	-4.500671869000007	0.010610568848054978	1.0288567130276247	0.01581988823286083	(-6.562, -2.72706)	(-0.01629, 0.0437586)
2403a466dd6d1e4f551d80394c2aa994	-7.981432979999994	0.015536682011349986	1.0774479739667784	0.016525720368902257	(-10.0497, -6.01995)	(-0.0134916, 0.0482991)
cae14798faeabb8e1b8840e712839921	-10.318754964999997	0.047331324649999985	0.6001415372715	0.009218827445003358	(-11.6152, -9.28155)	(0.0316657, 0.0673799)
4311a44a7d56ce4086afad3e75bedd6e	-8.01805665500001	-0.0018040044853699976	0.5270942401463523	0.008117848618170212	(-9.00042, -7.04897)	(-0.0164336, 0.0136802)
ab153c3e19553cead3d76fb9e00684c2	-8.175102939999997	0.019527829619490008	0.8124143238397861	0.012529267867338687	(-9.82139, -6.77902)	(-0.00414123, 0.0428548)
fc1856f132cd513b1251fa39ad4ccd01	-8.123626989999988	0.0007112395878100028	0.29004942033063946	0.004454859200795161	(-8.67316, -7.59619)	(-0.00759813, 0.00901766)
8ef31508d9a2fc6f83935de5607a686c	-7.728546915000009	0.0066050770604	1.1100381247667266	0.017065628605213146	(-9.7913, -5.68863)	(-0.0259507, 0.0377332)
21ce8465657612a85e2f89e74d285ce1	-10.851299080000011	0.010818444922270003	0.6477202940242438	0.009903798317695738	(-11.9766, -9.59182)	(-0.00772638, 0.0286944)
69d052e452e79d571cba042af265d50c	-8.239891940000007	0.047824283145000014	0.9547751106143985	0.014720747657023895	(-10.031, -6.52181)	(0.0222317, 0.0759832)
79d5bee84cddbb27acb4dd7df378c789	-10.000931319999987	0.041199489205000064	0.7155795615963737	0.010978506869763777	(-11.3322, -8.68844)	(0.019995, 0.061175)
0f0a1f8c92368be6e8d3145bd4e94cd1	-4.9652571000000005	-0.0035956946854499997	0.5267701905252331	0.008085941898058552	(-5.96588, -4.00987)	(-0.0183161, 0.0117594)
64d05989cb6f8053633b2127793200b3	-5.719590120000006	-0.026927784224999998	0.4059487814987074	0.006274403882240465	(-6.49958, -4.97558)	(-0.0387382, -0.0152056)
bac3d8ea4685e825ef8d12b2a6979577	-6.560575884999989	-0.013992511306650038	1.0473644531838069	0.016188631313817488	(-8.47216, -4.59455)	(-0.045198, 0.0148093)
a8d23fd98a311df2db65e5842634aba3	-7.728120844999997	0.00742612651380001	0.34147064162667934	0.005241694379771233	(-8.38555, -7.09415)	(-0.00128898, 0.0185967)
41239266f2952a56a313fc4798f28a1c	-6.594588019999997	-0.003669524715534994	0.4862653457321215	0.0074789203597481245	(-7.57976, -5.71254)	(-0.0186984, 0.0101267)
2b982979f2401a8bc447d7141879e9b2	-3.1465630149999932	-0.011280844379999993	0.21734665464266928	0.003360226602995697	(-3.51695, -2.69867)	(-0.0181863, -0.00549472)
251429848560a80abcb96640ceb102db	-5.19698331	-0.0026867058663199964	0.463115159145589	0.007113727765993846	(-6.02497, -4.33911)	(-0.0155529, 0.0100543)
7b34b797cadb639f63827c6d332dd4e9	-8.47757621000002	0.004371801212099999	0.4412045596232387	0.006806386570058684	(-9.25376, -7.6301)	(-0.00798355, 0.0171283)
2a99ec1157a90661db7ff643b82f1914	-4.709088000000005	-0.026484183648750045	1.071300188366547	0.016535189119132924	(-6.66552, -2.71267)	(-0.0576367, 0.0043656)
2a7f11895ae7fe9fdffa52016207c561	-3.985671559999996	-0.031525186959999965	0.5206753723029988	0.007983358013819412	(-4.90027, -2.94881)	(-0.0464471, -0.0167924)
0cfd41d10227f0de9092d5cda028c12d	-7.832354410000002	-0.011902546369499972	0.4994854791999984	0.007693323998241125	(-8.72315, -6.8495)	(-0.0253596, 0.00324558)
a9387e76477da8688775569cf540191b	-7.7724053999999985	0.026325271922999983	0.7107143564120822	0.010937345176225141	(-9.03826, -6.45025)	(0.00704254, 0.0462875)
bb769f42c78f86faa2801cb2c2abb8dc	-11.136224079999987	0.03851478166999999	0.7114098924481251	0.010915587202405638	(-12.4773, -9.8437)	(0.0181579, 0.0583118)
68ee181a51a55ca3814763c9214cfd8a	-9.807748129999984	0.01752055459440002	0.5025356737904315	0.007702794711037178	(-10.7424, -8.88593)	(0.00296958, 0.03149)
88956ab21ebb7e44b2dd317dd412818a	-9.244425534999989	0.01166992788154503	0.687037851340531	0.010603144841305897	(-10.5369, -7.992)	(-0.00644994, 0.0327562)
ca9dec36ad0aa5a1473144ddcb74951d	-5.147171475000008	-0.00031610116965	0.4116826179428455	0.006327628515856921	(-5.91362, -4.37299)	(-0.0120961, 0.0115618)
ae171d16e3cb68ad19636a58839a1ef1	-10.247294695000015	0.019906910992049998	0.872846643924813	0.01345680005333757	(-11.9468, -8.62537)	(-0.00974263, 0.0422043)
77f4d90aa6eb8080927f59ee8bbac375	-10.968578715000014	0.027553344359999975	0.4570115221099998	0.006967848165434562	(-11.862, -10.1565)	(0.0147624, 0.0409094)
a7b427a226422d10e62536b8d41e02fe	-10.267519304999993	0.032479288142499965	0.979394256043175	0.015045801469479488	(-12.1277, -8.50016)	(0.0042875, 0.0604542)
2480f3aa1e7784b461d9b5b83a6bfc81	-7.653640025000001	-0.00424255273375999	0.708691767058324	0.010924796180275182	(-9.03149, -6.414)	(-0.0233994, 0.01719)
9000b563231e32a7003bf2ef20bf9a60	-8.364687179999995	0.014472674312630003	0.5170097406007429	0.007966263161359463	(-9.24622, -7.36733)	(-0.00118707, 0.0279703)
a186bb74dfce512f83043f7b366c60c4	-5.401170520000004	-0.014667248474550032	1.2118203310600661	0.018654111579923707	(-7.53967, -2.96919)	(-0.0527531, 0.0180514)
aad2c8fbb5e1201340fe4357731fc9ee	-7.893599179999989	-0.0015249804664799996	0.7279196760205954	0.011172018458980013	(-9.19383, -6.55527)	(-0.020528, 0.0198229)
490d2aec117bd7289577684ba3cc1b64	-9.637426124999992	0.04264196875500004	0.8281452156907231	0.012750893551633674	(-11.2319, -8.0573)	(0.0189843, 0.0677967)
457d3865cf0a4bc602a07d8d5324388f	-7.658966934999997	-0.0153151500286989	0.7970123329328449	0.012253678855916621	(-9.2205, -6.28906)	(-0.0362255, 0.00852757)
552e00cb506f739acaf08aa5641f9d84	-8.003775404999999	0.02085721307895002	0.5723199531137593	0.008808860516586267	(-8.97834, -6.85873)	(0.00425065, 0.0370117)
9dc78fd8f2f7cb10e190e77af61c7ecd	-9.567464465000013	0.02177464459000002	0.37717291907123146	0.005786194632929899	(-10.23, -8.79642)	(0.0101948, 0.0321743)
a3607a88a8ed64e24a374847b23e404f	-6.501709559999998	0.0008690417388900016	0.481644320363073	0.0074494255706715725	(-7.43727, -5.64137)	(-0.0128778, 0.01474)
5bb151262388870fd53a84ea6f1ffdf2	-10.20257652500003	0.012023229157269966	0.8113521309097405	0.01252280888673035	(-11.7277, -8.58538)	(-0.012199, 0.0359889)
f7962a90f4519ec1d1a9c7b8ef7bf396	-9.418281645000002	0.005646658605279996	0.6366756395725723	0.009791948595092624	(-10.653, -8.34127)	(-0.0114143, 0.0245108)
77ad88eed91eef009bf64f101c96baa6	-5.088487424999994	-0.0017348672843349984	0.7982581497262768	0.012271311701464635	(-6.57273, -3.52475)	(-0.025774, 0.0207375)
08be83d0a527ddd1da0861135192e593	-8.685814745000009	0.0026119836897035022	0.9709564583051792	0.014868082827405264	(-10.5777, -6.83443)	(-0.0280095, 0.0286634)
b61862b15d33865612e76c1db7b995a1	-10.156841755000006	0.018013736354300015	0.5005066779341414	0.007697822950575739	(-11.0667, -9.20465)	(0.00356717, 0.0319939)
14f11556b1fc9132c5ab27b67a2479bf	-9.317939895000002	0.0019356636335510012	0.6270567188539963	0.009653264215686776	(-10.4843, -8.17732)	(-0.0170175, 0.0185023)
514b34f09e4acd2397d38273c630d338	-8.114512160000004	-0.006208752084544493	0.9101694682770538	0.014030889084711907	(-9.95236, -6.52139)	(-0.0316346, 0.0214332)
ba88d4e4e6a24ecc2a5aab6bdfbb77f5	-7.9205431600000145	0.0018354535893999994	0.40473336652444997	0.006262138099801003	(-8.69233, -7.22542)	(-0.00879088, 0.0137666)
1c94105978b1aa2095e3c0096774f240	-8.830586055000007	0.009558415176799994	0.6090295099456898	0.009393281982046957	(-9.86945, -7.58378)	(-0.00972779, 0.0254257)
27b636c66fa117272ed27920bad78969	-9.359598115000011	0.014864820063709974	0.7784554135878281	0.011984917025215168	(-10.772, -7.98457)	(-0.0064565, 0.0366882)
7201d53bd647437ec3de879774eba498	-7.27732463999999	0.008724087093834994	1.0621350618775236	0.01629625396270321	(-9.19767, -5.17978)	(-0.024321, 0.0378288)
f8529e2e737999b4a7d06420482d4af3	-11.594466330000014	0.04735180664554998	0.9484460210884593	0.01459928795864635	(-13.3516, -9.84224)	(0.0194893, 0.0741806)
959d48a11e3b26c9268f0bd1dae6ec40	-5.575675509999997	0.02083517801	0.272343916964818	0.004215883171518162	(-6.06337, -5.05813)	(0.0133137, 0.0290036)
bd0f4e14387ee1ac7e5fe586cadbbed4	-8.379490050000001	-0.00787737202839651	0.3843608266966047	0.005922295236643536	(-9.07331, -7.64855)	(-0.018803, 0.00328162)
66047b69a772cae3e37186eb74254da7	-9.573364034999985	0.011212427386705016	0.8159866911777844	0.012515944854218386	(-11.1017, -8.11658)	(-0.0120439, 0.0340835)
4207ad1746e5fbce9c5ed5efe1e357d9	-7.513380519999994	0.001894778136210003	0.37763956712363944	0.005816860052700094	(-8.19294, -6.77685)	(-0.00917769, 0.0123218)
30207d209491dfb7de83344e77fd6fbd	-7.242373379999984	0.01438737017799998	0.4062791433495885	0.006271114205288079	(-7.93806, -6.42235)	(0.00346101, 0.0269946)
3e93fd55a231bb99b67a666bad8446a8	-7.977338645000023	-0.0044028678652500005	0.3928835395504804	0.006063996289892691	(-8.72178, -7.26338)	(-0.0159083, 0.00648281)
d39f37b814ebd81091a949f8bd9d1710	-6.132567399999998	-0.0017260607587999963	0.6207919885267853	0.009560031340544851	(-7.26456, -4.88956)	(-0.0210767, 0.0152601)
706b0d627a9ba61b18e6b7b39622ac1f	-8.427591300000008	-0.008842561152109992	0.7151717522153046	0.011012215554795769	(-9.82384, -7.13258)	(-0.0293889, 0.0120613)
32382a0f5831da5faee464d011b5616c	-5.710844315000002	-0.003105600184355	1.1196099808349482	0.017234567519887042	(-7.95527, -3.71688)	(-0.0329108, 0.0328328)
fcd575ef43a2ae77d9b7c10639e80fd8	-10.13876725499998	0.004800251592525	0.758905977951429	0.011659565234308115	(-11.5567, -8.8143)	(-0.0162644, 0.0260404)
fdb1c35a8dab336d65ed22d796e71e4b	-8.650636464999995	0.02953958376724998	1.1032727788952996	0.017000222800380306	(-10.7841, -6.69365)	(-0.00261948, 0.0616625)
25def15fb42bed6855ede4893d27a21d	-6.719302340000011	0.022076058255700002	0.799419725398882	0.012309739812942434	(-8.24855, -5.21596)	(-0.000749199, 0.0463541)
2a13ecb6c618ddf8154298c69336dd8e	-7.851990659999998	-0.010800587286244005	0.7943079116853012	0.012212598376926719	(-9.23661, -6.27215)	(-0.0331286, 0.0123415)
9ad89cc951aa3031c19c59c95e401614	-9.428982135000004	-0.003479026724380006	0.6434269574560827	0.009887396753229851	(-10.6938, -8.18622)	(-0.0202322, 0.0182141)
55d4d3011e1f3bb8e4e5089b801b61a4	-11.531804145000006	0.032282436210000015	0.7229164457162865	0.011035217333847172	(-12.7931, -10.0693)	(0.0111659, 0.0527048)
4ed55370307d6700d110b6d3f1196136	-9.335845785000005	0.025693471604499987	0.9284459489788751	0.014266779490690596	(-10.9729, -7.59548)	(0.000534831, 0.0529805)
154c25181234441402124e02c204074c	-10.139439349999979	0.010123287548149992	0.7026874654298866	0.0108171062028906	(-11.4042, -8.84365)	(-0.00956547, 0.0296518)
370829fece3190f1a8efccf50b7d0921	-5.417375534999997	-0.035166915685000036	0.5118507724805288	0.007895947851287798	(-6.34302, -4.46213)	(-0.0495656, -0.0206051)
b1a153ff5a21342991138e7f7dd2658e	-7.4539006899999904	0.012020336690027993	0.8261959045653303	0.01269680477987135	(-8.89413, -5.77022)	(-0.0108529, 0.0369576)
e39b1ae9776ee98190c8cb02bc9de792	-9.979318740000005	0.012138792032500002	0.6213255496097936	0.009560146744382736	(-11.0424, -8.71682)	(-0.00533791, 0.030357)
e71461ffe18aa4dc3b1f7ba4a1011cff	-8.725063434999996	0.019427316385749974	0.6052727989320607	0.009338354885761197	(-9.78494, -7.55725)	(0.000529461, 0.0350179)
90c2b51afe404951ec89bd52c7ae1f58	-9.312853050000008	0.005099127630384999	0.9122971922100263	0.013965181260082952	(-11.0729, -7.67432)	(-0.0205669, 0.0316894)
c5af8314e36eaed98fc88f181f539e8f	-8.171782320000002	0.013417158591959983	0.4555519478345116	0.006993853122979448	(-9.03046, -7.38619)	(0.00052907, 0.0262218)
10cd502b01abafc87e2ecbad86389286	-5.546319525000012	-0.00847596773711	0.32649968734169454	0.005017930649257983	(-6.15335, -4.91736)	(-0.0175477, 0.0013523)
433cf7e272a09b91cc85082a1338b8e1	-8.871561009999994	0.017599086190000005	0.3547774721800695	0.0054675113237573295	(-9.56439, -8.23866)	(0.00710026, 0.0275027)
877f27b47c85f6b2d3cf8a6aa86def40	-6.9243371699999905	0.02421242732150001	0.4789229941966568	0.007339907633456219	(-7.8319, -6.0138)	(0.0112203, 0.0389535)
9ed241a051fe72047261df3b7e08b675	-7.187027264999999	0.0024280567584650014	0.4259973967090288	0.006569387439467758	(-7.98795, -6.37725)	(-0.00962017, 0.0151314)
04c8be5a3a6ba2d70446812e99318905	-5.817175369999998	-0.0025647355040099963	0.41354537088639115	0.006361434008356851	(-6.59251, -5.05265)	(-0.0149337, 0.00885828)
e0b7bd623a1b4cd1640883066e8d96bd	-10.764222360000009	0.018773153705850008	0.6520993339937028	0.009952049823010234	(-11.9622, -9.50119)	(0.00164201, 0.0392392)
6a17479edbe461431433bddb084f731e	-7.374053859999986	0.014109927974399996	0.588383057888482	0.009106857696954573	(-8.44143, -6.30752)	(-0.00293422, 0.0303294)
35513c8de34a49ef37dde85737e6aef9	-7.0495574200000055	-0.010884804185879995	0.6725674933810315	0.010367537138415848	(-8.26404, -5.79622)	(-0.0305177, 0.00775491)
69536042153447ceb692aa53159ce0c2	-6.471405409999995	-0.01324564515019999	0.36095252695823055	0.005573426130023794	(-7.15185, -5.79227)	(-0.023799, -0.00281566)
0f92fcc184a951ff8b0914467ad2f8f9	-7.002717639999991	0.00034139586972499984	0.4484430869917953	0.006922609956260552	(-7.79135, -6.12138)	(-0.0124963, 0.0134586)
e9d9bafcf863ec0908ce4e20e6386ff9	-11.272963174999989	0.027517111239999975	0.5328893866490207	0.008151059047879742	(-12.3181, -10.2778)	(0.0122175, 0.0432813)
979578981da3916b394bf24c32bace21	-8.377851984999992	0.0243698529278	0.8090722230274686	0.012478658633763321	(-9.83585, -6.77259)	(0.000193159, 0.0471895)
5860dac317300b1fe6094e958240cc7f	-9.442829819999993	0.027665763819999984	0.39439630604338544	0.006041627816650107	(-10.2409, -8.73705)	(0.016356, 0.0393262)
3a1461e8439091ad6b93af0ddb3849eb	-8.083902320000007	0.015722457039759975	0.8489667823977078	0.013031744821386427	(-9.63031, -6.44277)	(-0.00986389, 0.0389587)
d32627161d829a1488c2a047669cb29f	-5.157447925000011	-0.01662993516945002	1.1509676694106323	0.017733666276192175	(-7.37937, -3.01064)	(-0.0522001, 0.0154949)
e2c3ff4f647112723741aa72087f1bfa	-1.5343394539999962	-0.027656112160000027	0.4379016379107914	0.006750923548897478	(-2.48297, -0.797671)	(-0.0391049, -0.0128847)
426bd7119a31b73ef734771a071a216c	-7.448001045000009	0.02495128316150003	0.604550531938694	0.009310152850899525	(-8.43582, -6.19859)	(0.00735378, 0.0417735)
aed0d8840bb7da5eacd80c6f9a1f91ed	-9.128971000000007	-0.008971953156620013	0.6565846539655038	0.010142843380895725	(-10.4057, -7.9473)	(-0.0271799, 0.0107094)
0b05a2e48cdc5f9e766bb0f4c209d4b4	-8.321017330000007	-0.006930369429310014	0.43556544846506223	0.006724031093711061	(-9.11252, -7.49462)	(-0.020005, 0.00503583)
31c0a0bcf172474d82c69979df243e78	-5.632354900000003	-0.007657718556680009	0.3655311958550051	0.005626262989583299	(-6.35848, -5.03772)	(-0.0171245, 0.00329371)
f9b9b7db378357774e672fe5ba242b12	-11.07589095499998	0.017769996985150024	0.6042252463827029	0.009222832208783106	(-12.1439, -9.93328)	(0.000490357, 0.034562)
95f975f50235610bca818dcc9d97f7d6	-9.333197364999998	0.007954782812385016	0.9211671287181308	0.014191786897224739	(-11.0671, -7.61273)	(-0.0197119, 0.0339127)
ecaa9f4e15a28f212d9bd60f749191ab	-8.878556390000002	0.02346413884114995	0.5267416681729932	0.008118861685384237	(-9.96132, -7.98951)	(0.00932448, 0.0399489)
a6fa2de5f4576d1d77b1616786e3dd52	-8.941810645000007	0.0027500853924	0.3736412809878399	0.005735889724078406	(-9.62997, -8.25338)	(-0.00836676, 0.0127757)
1fa555f9a74d47a6ca7a65a347bc885f	-7.5252186949999995	0.024402216690000013	0.40983151911724236	0.006297217231625912	(-8.27211, -6.71012)	(0.0130157, 0.0367623)
149e7d5e484d157f2ac6140a2111618e	-3.6771208400000015	-0.008311304395299996	0.36936935591572073	0.005678350304394026	(-4.32319, -2.96094)	(-0.0184569, 0.00282975)
605c54065160b61d47c4d5f87ffbe6bb	-9.306041025000015	0.0055554838677999985	0.6415739706721274	0.009871401105755327	(-10.4312, -8.09326)	(-0.0128057, 0.0231182)
5034598009be77942a505e7c9978b06b	-9.586381724999983	0.023052993883499986	0.4800951040000036	0.007411726017805296	(-10.3978, -8.61897)	(0.00928321, 0.036726)
8526f1f5fd2dcff7e7a73db743c829d2	-6.1043648200000105	-0.005189035831915001	0.5033771007248623	0.00775205800770466	(-6.98199, -5.12077)	(-0.0198978, 0.00888587)
24ef07664cfa04a819d7797a89e653b6	-8.887988670000006	-0.009986485605656488	0.5908919988036994	0.009108644124790819	(-9.98801, -7.74902)	(-0.0266065, 0.00793184)
03fdbec0c9b63a05ae79f92c6d3a4cfc	-9.26011929000001	0.032827271341000074	0.928626784442165	0.01424712311338554	(-11.1634, -7.64573)	(0.00655402, 0.0602409)
aa3e2d76e864d7909b51110e211ef36c	-10.723880990000007	0.029493445682000005	0.8722656484326432	0.013397380652701595	(-12.3073, -9.07691)	(0.00348665, 0.0530303)
7efeb75fc542932a033b37b887994dc8	-5.074884979999986	-0.05045245115499986	0.8899645028099717	0.013751707979547759	(-6.90627, -3.45323)	(-0.0755598, -0.0230262)
2371e52106292ac4c33aec6f57cace35	-6.833761510000014	-0.013187441616800017	0.486844671394604	0.007515818279417533	(-7.73968, -5.88987)	(-0.0269772, 0.0016629)
913d55d109820d0f3fad120be103c64f	-10.33133583499999	0.029883051321000054	0.7362930699146926	0.011286910379908945	(-11.6718, -8.92916)	(0.00969477, 0.0519295)
c82032c40c98975f71892e4be561c87a	-5.771548889999994	-0.019810031780000046	0.3501677729537199	0.005409581247350751	(-6.43977, -5.15144)	(-0.0302683, -0.0102748)
ac9166cff57e7ff3581eaf798edc726c	-6.283015775000007	-0.014097272258905	0.9572535847341584	0.014744392568319468	(-8.05359, -4.58556)	(-0.0423409, 0.0116016)
949af2c28ba6c0345ae58b9aed00a2c0	-7.560162229999997	0.000915500513599999	0.8702770871013596	0.013339400392766093	(-9.1059, -5.85432)	(-0.0243421, 0.0251745)
8a261f382a739bbc5f9494b2c64c2744	-5.803591245000006	0.008681521609145008	0.33401292656377846	0.0051284899269180865	(-6.49776, -5.21465)	(-0.000104602, 0.0195721)
e91f1c5b67ffecb5ca3ca3b393a50f00	-7.361133099999995	0.04161421913499998	0.5871935674424492	0.009000835679102417	(-8.40719, -6.2087)	(0.0253249, 0.0591009)
99b02f389bd0b7abad0d4d8affb09e22	-8.494463850000002	-0.0195602449829	0.8376851657921235	0.01294741969634452	(-9.94019, -6.96121)	(-0.0429665, 0.00324111)
d3d99580d90cca486a23372a474e9571	-9.823256439999996	0.01358025149287502	0.5940860505686244	0.009152507288462484	(-10.9317, -8.73726)	(-0.00334635, 0.0305351)
7076b69bea6fb40b94f8b32fd85fdb46	-11.92761205000001	0.032251515931	0.7237889616522888	0.011055990789943465	(-13.3127, -10.5765)	(0.0106893, 0.0522131)
e82ab12c51a893c6d7938a16632199a8	-10.319386399999994	0.042120672132849896	0.9231369916203336	0.014168303875469778	(-12.0242, -8.58711)	(0.014901, 0.0675544)
2ae945b550c248752a5b463c9aca1a6a	-12.144175410000013	0.04073466612149998	0.8206855862507464	0.01254879904026739	(-13.6587, -10.6826)	(0.0190707, 0.0647649)
b423592b0ae631882095792b27729b9c	-11.847294824999967	0.04666441872000004	0.8228268224009647	0.012568518199490411	(-13.2637, -10.2629)	(0.0228901, 0.0685584)
3f1ed51e954b35a8108c12dd882b696b	-6.909361405000001	-0.0024144285095259975	0.6164267806549905	0.009479817575956206	(-8.20055, -5.86911)	(-0.0185291, 0.0169197)
1fb601d8edb6994ffb112ad1a34828d5	-10.953448679999983	0.027517251215499985	0.6281298375006216	0.009655945585594664	(-12.1572, -9.77502)	(0.00953441, 0.0465585)
9f74473636e6874853d88dfcbcecff49	-7.3826537249999955	0.01174129198175	0.5813712334899057	0.00892774577824191	(-8.45278, -6.27566)	(-0.00456173, 0.0288321)
4c731267e801c2afe253b5cbb58bdd24	-3.358655055000002	-0.02042557812999996	0.284864963833914	0.0043818769229895535	(-3.87357, -2.81511)	(-0.0280951, -0.0118152)
14387daaf0161dd3c971efd0f8806ffd	-8.469665274999999	0.007271739743225006	0.45658998606148155	0.0070422556244785816	(-9.28739, -7.59747)	(-0.00585704, 0.0204483)
c97220e6c4063a029dec2f8160977f83	-7.756837419999995	0.011768026244549994	0.6124849236451809	0.00945165167347391	(-9.01595, -6.6864)	(-0.0056863, 0.0303897)
8a20667bca2eaf2a0687995af876a84c	-7.973933100000004	0.020711875009199975	1.122631929711332	0.017369115363615774	(-9.89808, -5.67303)	(-0.0152009, 0.0495654)
131d3b899e72f19fcae1b0f9f8f3a009	-4.898907067499994	-0.009163999935860003	1.1904267131767456	0.018278716007835115	(-7.09526, -2.73313)	(-0.0421823, 0.0252683)
c0c365b5a32a28b8d2602de07c5d0b06	-8.649684559999987	0.01566262970175001	0.8667148291885324	0.01339844156238823	(-10.2562, -7.05424)	(-0.0093202, 0.0398115)
a650f349bbdffb95b3624519d1ba72b8	-4.318373379999996	-0.010127696496099988	0.36648346309305085	0.0056321596248747035	(-5.06556, -3.70046)	(-0.0213496, -0.000473469)
0f6da5f59be656db2dadef7bf2d1a2e6	-9.915111214999989	0.021253972972000004	0.5512019718124876	0.008456386887919621	(-10.8983, -8.8075)	(0.00464447, 0.0366115)
e84bea8ae61342674744560dd7de4721	-6.7109349200000015	-0.001234290669749999	0.8629738366985364	0.013357344060576239	(-8.27012, -5.08602)	(-0.0256356, 0.0232081)
010f0ac2691bc0be12d0633d4b5d2cc4	-5.488452720000008	0.013957583852784996	0.46030123119105515	0.007098069933438687	(-6.34197, -4.60439)	(0.000351966, 0.0270604)
c8fce068920feb387167d44c01689295	-8.322563949999985	0.030200009177000033	0.7616983737505922	0.011703621313286	(-9.83075, -6.99539)	(0.00857739, 0.0520851)
86deb5cf8d6f29d383136e0d09863b69	-8.660009285000003	-0.020838724986400006	0.7116569868165689	0.011019889970965379	(-10.0139, -7.36335)	(-0.0401566, 0.00109669)
79db4c4f494c95856ce31b42f267c4c4	-7.393355424999998	-0.008946409651	1.0353448397784766	0.0159000771264173	(-9.31867, -5.4922)	(-0.0394288, 0.0194266)
dde2f514908a4fcaa80827346c7b7a19	-8.29799310499999	0.005292258864250007	0.4259548329482936	0.00656706050734839	(-9.05471, -7.49045)	(-0.00722702, 0.0168818)
7dfa96abfa7484bb6c9cfa90dc9b606f	-9.475403090000013	0.056201797249999956	0.4817482564274126	0.0074176928197221504	(-10.299, -8.54995)	(0.0420993, 0.0690919)
25f9cac7332bfbe3973f03bae0ee15cc	-11.117202754999997	0.02496778433050001	0.6694266159023404	0.01026369593349269	(-12.3865, -9.90435)	(0.00529364, 0.0437288)
447b9d6a5c17543a456c597e65b37139	-4.552122145000002	0.0026897774824450014	0.25219250154009126	0.003862123877338972	(-5.01209, -4.09097)	(-0.00468925, 0.00952939)
ccce7fe8aa849bed027f6898300e0c45	-10.949963169999997	0.03612886239499994	0.7187835189529954	0.011027413980058597	(-12.2127, -9.52455)	(0.0161374, 0.0573546)
363c1c39d58bce4fc3218659d0944258	-5.825766445000003	-0.006975859523625001	0.4939649101213688	0.007626512366511469	(-6.73781, -4.875)	(-0.021476, 0.00713444)
7be9bac1b13acbd8acf0de464d7c20e6	-7.635345889999993	-0.003966192353365003	0.5217125610190999	0.008030562797247173	(-8.65614, -6.70526)	(-0.0182795, 0.0119167)
2ab8310e1e510f8045c7f4d191fa36be	-8.86765676499999	-0.0030265773162800004	0.8512733303363177	0.013087602204723733	(-10.5302, -7.36825)	(-0.0260144, 0.0222277)
a66dd8d31584930c2b0f811f572dddcf	-6.017074695000007	-0.012596095720180006	0.6930071617562894	0.010654882665578763	(-7.30501, -4.79248)	(-0.0311638, 0.00756534)
10155b2834300619ce0102110a37b057	-7.560148084999989	0.009393551481919993	0.2965270384738679	0.00457344568599278	(-8.08745, -6.95765)	(0.000605509, 0.0179886)
fca904abacabcc0591dd00b0427f9180	-9.294152715000013	-0.012246085477799986	0.5940679258851451	0.009181836171141012	(-10.4087, -8.25039)	(-0.0294369, 0.00445969)
ef6752ce31dcb9e16b1155bbaa1a268d	-7.737671564999993	-0.016296034411100033	0.7158754439273642	0.010994602046753175	(-9.087, -6.41562)	(-0.0357042, 0.00485787)
a24dae6b87885a55d81df1ea6d1abaf5	-7.260368529999989	0.022887515627999924	0.5633434695844441	0.008688851404425636	(-8.36626, -6.21291)	(0.00590121, 0.0392112)
79280cea51a6fe8a3432b2f266dd34db	-3.180582240000002	-0.007366577039239989	0.254190139223343	0.00391153745867876	(-3.6408, -2.70002)	(-0.0147812, -0.000359762)
cba33b3578113908d449fc66ccb245d4	-5.63187576500001	-0.00846676852721	0.3465654421266129	0.005351971873516118	(-6.25261, -4.94138)	(-0.0187497, 0.00143699)
ef1616938612ecae94c31842853cb904	-10.104247280000017	0.019243529234999984	0.4171439418518521	0.006410080004225866	(-10.8645, -9.33469)	(0.00750366, 0.0309702)
a378e30f9be477f7777e409c8faea14c	-9.368940084999975	0.009567008788579974	0.6042685512511332	0.009293927211894612	(-10.5217, -8.28905)	(-0.00731363, 0.0269916)
322498f1025a569812be6e3fe4f63ff7	-7.511001259999995	-0.006526844092744991	0.7591683430282857	0.011698371147247182	(-9.02764, -6.1677)	(-0.0289835, 0.0146781)
d75b7080930e7a77ef3de8c6154895b9	-3.3658843164500047	-0.021545415797550004	1.0475909912922021	0.01615550580276982	(-5.39461, -1.46259)	(-0.0518824, 0.00838593)
9bf0d2dbffe7925240ea811d2a4cd625	-9.632029330000014	0.009759320143295997	0.5091762364128467	0.007822324671990096	(-10.4579, -8.49918)	(-0.00672475, 0.023421)
a167e4d4418792dcaba877443ed0e66d	-8.500220389999992	-0.0014208425292499994	0.8736164382715376	0.013420708380969214	(-10.1123, -6.75568)	(-0.0266261, 0.024551)
ac0202d177961ffb380b6859272bde53	-9.399000370000014	0.021218452699549993	0.8191710875553787	0.012615539165944005	(-11.0196, -8.01495)	(-0.00216654, 0.0436936)
e3ab3e4772986724760dbd52b7af55f7	-6.435381905000009	-0.027233140667499992	0.5504493706940915	0.008512570306205487	(-7.50268, -5.48962)	(-0.0423183, -0.011008)
481e48328fe7a9837c7233de8f60fc23	-7.845714979999999	-0.02072229894085001	0.6056235011525718	0.00935960808256137	(-8.98509, -6.69431)	(-0.0375108, -0.00212454)
be17b29b03ed02bed133932284568d16	-8.065054840000002	0.024110137339999994	0.4527601911471173	0.006985866720167364	(-9.01657, -7.28681)	(0.0104935, 0.0373063)
5f9d6c173705f19cd3a1e5145c52789a	-10.377104309999973	0.02271757852134999	0.8004640455337911	0.012260883729205934	(-11.8258, -8.86895)	(-0.00094741, 0.0443569)
1ef782a559e3e0a4ab42516e0a2c828f	-7.705185944999993	-0.013677393384275998	0.7447924365122855	0.01144856918579676	(-9.02556, -6.28183)	(-0.0343197, 0.00820171)
97f56e68f535e44ceb53d05f269e82d6	-7.496731564999992	0.01067977169380003	0.3369077065479515	0.005187191248726015	(-8.08752, -6.82563)	(0.00125866, 0.0205633)
3f38509af22157cdcb4006457529d25e	-7.222742785000007	-0.02574002343284996	0.7580111255513294	0.011657942962116615	(-8.64897, -5.83121)	(-0.0475437, -0.00440943)
ccee9fc92f4182805278384a02a4d7d3	-8.664891059999999	-0.016490730516575024	0.6480933484876821	0.009999208949905258	(-9.80886, -7.39167)	(-0.0350942, 0.00213365)
b3bf877149e7a31ad9a7397a3ca8b011	-10.243223760000006	0.013981784536514998	0.7181359929965654	0.011061970951716134	(-11.53, -8.93962)	(-0.00511473, 0.0345951)
33852dc244bb69590e8e756a83bb2f4c	-8.983051029999983	-0.00838062016907501	0.5598961109756341	0.008647221022467693	(-10.0761, -7.99494)	(-0.0254103, 0.00704306)
8f5959f21dc9ce9a281656f8d699ec07	-9.70987831	0.04345484320000007	0.5385856321255179	0.008296763827803215	(-10.6735, -8.63948)	(0.0283642, 0.0594262)
2086666afdd5de098b04a94247040c11	-9.194544330000001	0.019947615979200008	0.7063636410007605	0.01085181338967103	(-10.4897, -7.83186)	(-0.00142547, 0.0397785)
96169c3701e79f42346c41eb7b5bf2af	-12.162554729999997	0.041178915909999995	0.6678853995233212	0.01018727809242141	(-13.4097, -10.8512)	(0.0209391, 0.0602341)
d05c86b5bfc092d8677507fb1eae8d66	-7.233909699999992	0.024082804658999972	0.6688146819987663	0.010298312740900544	(-8.53649, -6.01907)	(0.0068121, 0.0453016)
25dd2ae928b2e5e1ac2e28dbe2112991	-5.994682804999991	-0.005398371441494996	0.36442717233239097	0.005614823936485105	(-6.70693, -5.30101)	(-0.0167091, 0.00467353)
cebcb0fe524fb1cf0bfb5463ae228bed	-10.91521881999999	0.03220030982399997	0.6579795379171057	0.010105983270876745	(-12.069, -9.64202)	(0.0124193, 0.0496931)
90104f2fbcc925a6619e805c7a625c57	-10.307643020000018	0.02683362249585005	0.811560631801025	0.01249436558849913	(-11.7741, -8.82554)	(0.00425674, 0.0498756)
4c2189b6b5ced3cb80093414e9449de9	-6.550777675000004	0.009329320780365004	0.32184923080791134	0.004967350082396815	(-7.18024, -5.99145)	(0.000603344, 0.0189095)
c4e57b91cc2be5a2232b3612abdf4c0c	-5.953528489999993	-0.033420310444499945	0.955245835991197	0.014779083797016814	(-7.85618, -4.23438)	(-0.0615442, -0.00616136)
1600415004247da005dd77bd44c633d9	-9.02341055499999	0.015632087835500037	0.34910804126751666	0.005357500214376224	(-9.68153, -8.39022)	(0.00577786, 0.0255384)
3b092a59cd0e2d57483420cc994ec49c	-6.181744150000006	0.007611017770799999	0.5378575732218314	0.008272622511015432	(-7.10872, -5.13424)	(-0.00797881, 0.0223237)
2c5c5d710e1b9229efa72f98ca7b4e71	-10.40408472500001	0.024122359176300016	0.9194820754174738	0.014161868182095725	(-12.204, -8.74917)	(-0.00213485, 0.0503405)
db093685d2f3295cfa4da0a44d3d9ad0	-8.908614655000006	0.013187272742550006	0.5662472859907417	0.008728119751524975	(-10.0392, -7.91884)	(-0.0028873, 0.0297274)
63a2de21003c952fd04b694d8444e66f	-6.7959449900000015	-0.004873930718239995	0.5780881036963134	0.008890775460700436	(-7.87499, -5.75369)	(-0.0210792, 0.0113766)
59196a586276f0be745d0e334fc071c6	-2.8246982499999995	-0.00882018581435001	0.2393929090744699	0.0036804971194757813	(-3.33619, -2.41482)	(-0.0149618, -0.000901695)
8507091bac6b1be88f3d360d6d535d0e	-9.802639799999982	0.02667704853999999	0.39934444791327695	0.0061420554951867575	(-10.562, -9.05667)	(0.0147316, 0.0377296)
8f649d1053a0ead08b37f8e06fbb2818	-7.73198064999999	-0.010092965270789993	0.43358869835729963	0.006669175830589056	(-8.5697, -6.99619)	(-0.021629, 0.00269679)
8a70333f85e6869971ef357eceadf3ef	-8.186882655	0.0024738384485814995	0.6036362067800441	0.009298736425761955	(-9.31344, -7.11162)	(-0.0138642, 0.020235)
8e0da29b36fbc3879561566e87f11ea7	-9.743047630000005	0.015486572441269999	0.8129521420047938	0.012541770823735542	(-11.2764, -8.27515)	(-0.00701248, 0.03929)
5093cebf67405c910fb68525ffa6dc3d	-10.336223574999973	0.0028536148378960026	0.601417841460801	0.00926824048920785	(-11.4858, -9.19508)	(-0.0137498, 0.0212431)
bde648dc2bd51d522327b0bb99e98340	-9.705709600000016	-0.00021036356702599986	0.5440188319980666	0.008428041732015003	(-10.7253, -8.72109)	(-0.0158339, 0.0153366)
8720f9ecd2331ce68e2896df1bf2d977	-2.3429353010000047	-0.020747327674999996	0.39455900398870175	0.006065505630217531	(-3.08666, -1.65147)	(-0.0322936, -0.00982177)
3af2ddaf4af4b5ae4100439a9c3d4099	-8.304387024999993	-0.010094697244715015	0.5621136800306492	0.0086791225402538	(-9.35441, -7.27625)	(-0.0264878, 0.00590797)
de24ab68045830f7ea823f771a1f7dd3	-5.198540640000008	-0.01814419771435001	0.5036406739117589	0.0077361068185008265	(-6.22298, -4.33213)	(-0.0320406, -0.00301445)
aec9d6920c8746590e4dff84ba121b90	-7.7498107800000025	-0.0024840394873500084	0.5433559136699365	0.00836968959667439	(-8.79793, -6.78405)	(-0.0177994, 0.0128382)
192522c9b7c41f7a761f8a2ba792268a	-7.504424130000008	0.010670373433100023	0.5071524062326267	0.007770861865599911	(-8.51376, -6.61501)	(-0.00376334, 0.0251685)
458157e555a80f9ba01d9da37ef787eb	-6.280958135000005	0.019769953885950015	0.7196889129221541	0.011101240980642555	(-7.65943, -4.92594)	(0.00012554, 0.0423692)
3017f87a3b0f5200ed54eca17eef3cbb	-9.835929534999995	0.017521348560405006	0.6545803585024023	0.010035442027566985	(-10.935, -8.48595)	(-0.00197817, 0.0356578)
c5e3c5422835403541b0af331a2cc649	-5.129433760000007	-0.053760090839999976	1.0889350297644307	0.01684300023426832	(-7.0983, -3.01456)	(-0.0863266, -0.0232254)
be7fc30c58dc772f88007fdefcf21a96	-8.408400459999992	0.0075113502561000075	0.454797305902298	0.006965200646059923	(-9.23935, -7.51341)	(-0.0061103, 0.0202515)
3d766867c97f511431bf97e059d6498f	-5.244719379999998	-0.007604763137800004	0.42346958575099003	0.006482028551826201	(-6.01599, -4.38112)	(-0.0197515, 0.00520813)
9099a7f671b923c7b07c12508f17270a	-7.322779809999984	-0.012081565190883489	0.5965123761410686	0.009199173764833408	(-8.51138, -6.29867)	(-0.0283912, 0.00561074)
4973330392dab23937c67af9843e5359	-10.458027655000011	0.03731602961999992	0.6341547604127485	0.009744800616755544	(-11.6248, -9.25245)	(0.0189902, 0.0554069)
2cf53730a41137e7ad95ed3680541d80	-10.544943885000013	0.021240199328250012	0.9257300323371591	0.014215669027503496	(-12.2767, -8.76752)	(-0.00364872, 0.0503557)
2a0968119cb66a61a416f8d924c224ac	-6.71657934499998	0.00792121824534999	0.9210295719807925	0.014143142615874313	(-8.48923, -5.00952)	(-0.0183966, 0.0349834)
a4e2a4e1321a599651edf92f6999e78e	-9.56574528999999	0.03083561384899998	0.8961869368617343	0.013714699718110391	(-11.3184, -7.89986)	(0.00550465, 0.0578385)
782772ed674928794b78f5a59ee3d08c	-10.622144790000009	0.018643568645999985	0.6223821445721713	0.009566003175231182	(-11.7565, -9.45153)	(0.00159566, 0.0371304)
ab5c396eaf731e031c9764a05b798753	-10.182336195000005	0.025028319296650045	0.6377858316740592	0.009806723800516804	(-11.3576, -8.95624)	(0.00590718, 0.0428826)
04195686f2b70585790ec75320de0d6f	-5.1963005150000035	-0.010389121968850003	1.1560140181960104	0.01783195218936186	(-7.42011, -3.13762)	(-0.0423638, 0.0233922)
9f4d14b114e7499772a797790d81c1db	-5.6140834050000095	0.009894223636089997	0.2839198463632932	0.004382896733289467	(-6.13548, -5.0526)	(0.00185156, 0.0185654)
b1f2146bef78066448576fceeb6b644b	-2.8575479450000008	-0.027969078600000006	0.36732710903556665	0.005667730635536773	(-3.55355, -2.18043)	(-0.0384471, -0.0173946)
3bff9ab82e7f2a76cc22e687ac7b72fd	-8.757777714999996	0.03103080456649997	0.7394499790079304	0.011322516303564619	(-10.2034, -7.47798)	(0.00927485, 0.0507322)
c1365ec008032ee718dcafaf5ac17adb	-8.644226040000005	0.025643487240000002	0.4546705473831774	0.006976558550220845	(-9.52269, -7.80016)	(0.0126462, 0.0392522)
cc968157f7691aab95df444e8cd103e2	-6.337554029999988	0.01535034529	0.2704999996786675	0.004163199899439602	(-6.82928, -5.84321)	(0.00716477, 0.0224193)
09ee2c2d76be17c9ede2d4c57412adeb	-10.502352130000002	0.02294684861554995	0.8574602678451423	0.013180183685004525	(-12.0903, -8.86741)	(-0.00294407, 0.0464376)
d9b76ee51ff2b6961430bf352cc578f2	-7.415888224999999	-0.032494589580999995	0.6516877105994855	0.010131294235387599	(-8.71158, -6.22363)	(-0.0517419, -0.0133657)
d2cccbadb958c9c6547274fa10531f74	-7.030463214999995	-0.0006139701286599996	0.44224248770263364	0.006829721034332743	(-7.89122, -6.28127)	(-0.0126485, 0.0121769)
2268b83b6cb307bfd1cd008dae1ce4b3	-7.076307485000026	-0.003948123605999999	0.8760783149038248	0.013479967411286499	(-8.66435, -5.32834)	(-0.0317636, 0.0193988)
e9ad916c93ff127ade2a8283db7603a1	-7.92663738000002	0.02675494751245005	1.1251548742846638	0.017313964225149876	(-10.0361, -5.74386)	(-0.00456208, 0.0611491)
624d0040eafc828499b5009791d96b85	-9.883899680000006	0.014044223905300005	0.47000620770974655	0.007186070409656199	(-10.7558, -8.9849)	(0.000463955, 0.027515)
bc5146d3526a9ef5179457a2077b1b46	-9.434223574999999	0.004659996072400014	0.4184757318228495	0.006461317775481051	(-10.2052, -8.63297)	(-0.00774884, 0.0165984)
7bbb537e486b770d58232a6c683a3a9f	-7.671158489999997	0.007058022947979991	0.3828563227869166	0.0058755470079148	(-8.38289, -6.97948)	(-0.00388357, 0.0176067)
30c16856bd5bae4cd2f1182341b30ffc	-11.952711390000013	0.043898982725000014	0.7297347943189826	0.011143626769140961	(-13.3096, -10.5866)	(0.0237214, 0.0654244)
ac5402de1ddf427ab8d2b0a8a0a44f19	-2.7780551900000017	-0.013256188397003012	0.40562353505308807	0.0062494288196656795	(-3.58532, -2.07047)	(-0.0238054, -0.000455747)
d0037fe3397f56b52e971759e3f2f7a8	-7.241174659999991	-0.024945052695199994	0.9023611155225404	0.013907472950047529	(-8.78855, -5.37306)	(-0.0524521, -1.85477e-05)
3d7f3a3956e66e4728521a97abd9f07b	-9.21536133499999	0.026253996080799986	0.9972514815677471	0.015322607185610501	(-11.3133, -7.53584)	(-2.52054e-05, 0.0576307)
3e15d94435169ddada1e508dd8b83a55	-9.74550443	0.02571398843399994	0.5779713465070524	0.008877023624592811	(-10.7166, -8.56297)	(0.00808359, 0.0412571)
ed1528f4822674c9e1da64b84c778e9f	-6.081358025000005	0.0019542052715449975	0.6472310104250634	0.00999236184786083	(-7.28016, -4.90662)	(-0.016944, 0.0194245)
477734397215c70bdacce28d5685cc6e	-6.066137524999991	-0.0020528135080247487	1.006018431165217	0.015542205013025267	(-8.17489, -4.48077)	(-0.0288529, 0.0280316)
1243750138937650754b619370565800	-9.418075820000007	0.050101119900000074	0.5588553239439772	0.00857402977613992	(-10.4188, -8.37659)	(0.0334222, 0.064982)
997c1b9bc29e50b9096303c708bb54e8	-10.049956010000006	0.008376804480394996	0.5966946909380703	0.009168277671223623	(-11.1663, -8.94946)	(-0.00920988, 0.0252071)
8aff935557eab67b0baa4553b8518105	-10.254000010000013	0.022592194042049978	0.6786170902212086	0.010362140989489465	(-11.573, -9.02069)	(0.00152182, 0.0406269)
39bb3fb5b2257fd2eacca408dc42c5d1	-3.8479255849999996	-0.02397688583349998	0.5428870243747385	0.008377004024715919	(-4.84652, -2.85198)	(-0.0391551, -0.00860854)
b9024a1f377b62508864cfea59b16a31	-8.445868655	0.012593703401250014	0.4461488751129388	0.0068727859468520535	(-9.39167, -7.66588)	(0.00022173, 0.0268342)
7ab1bc6052053650189083370055ae66	-7.398830319999988	0.019614950383449962	0.7155925639763161	0.011024905348391591	(-8.8908, -6.13019)	(-0.000597266, 0.041781)
8183f1e3f9806994e125b1d5c6932498	-6.952625454999994	0.008221058436564989	0.574101769499967	0.008869121626500803	(-7.96561, -5.79522)	(-0.0087623, 0.0244912)
92f000f936d3f349c5e7719a5edc5078	-6.836823120000006	-0.0072321921459550026	0.33718740520468093	0.005203182203602026	(-7.49527, -6.25193)	(-0.0167928, 0.00247641)
6509bd0f539df985ac2f40c335cdb999	-9.992547529999978	0.02266919433149997	0.6776306663307073	0.010425552819251995	(-11.1879, -8.64235)	(0.00295798, 0.0420638)
c4f9ef34bd2919511069f409c25de6f1	-5.222953934999998	0.008057957053400002	0.757007206331992	0.011650928482666719	(-6.65755, -3.7764)	(-0.0147186, 0.02948)
74923f4bbde849e27fc4eda25d757e2a	-3.4273139000000006	-0.07941303684999985	0.9996747650363932	0.015477358709926808	(-5.29848, -1.63031)	(-0.107574, -0.0505991)
3edf7e19ca2ce44d4d3daa243e8725f7	-10.580718814999988	0.015609758375800024	0.5327043206902358	0.008186544213692163	(-11.5612, -9.57273)	(0.000421389, 0.0307076)
ebab7cfc7858bfb00c486bba21d6ca6d	-7.371335124999997	0.02648768745500005	0.5726060048490448	0.008806967558327999	(-8.45689, -6.28675)	(0.010959, 0.0440328)
8937656c16c20701c107e715bad86732	-2.8863195399999952	-0.005246267639870007	0.4613134379194782	0.007129787642668452	(-3.80087, -2.08255)	(-0.0177637, 0.00850645)
6a6880faba39965be0e4b7d88966d1c9	-8.443772160000002	0.03230188743449998	0.6673480029840758	0.010291589538707659	(-9.70203, -7.2065)	(0.0129788, 0.0515631)
85c05d873041801d03eed489230b23f6	-9.073849969999987	0.015074009834200014	0.372715196177589	0.005755187404843263	(-9.85936, -8.44622)	(0.00520621, 0.0269001)
6d8fe4ac153ead767024e041ff1f0ec6	-11.010995735000035	0.04078096466499998	0.9638253075345965	0.014778166583119584	(-12.7473, -9.18742)	(0.0131882, 0.067827)
ed5952d1e022067b212146b9b3bc6812	-6.651833100000012	0.029426540804400023	0.9825942843602283	0.015140049229847475	(-8.48495, -4.79002)	(-0.000439333, 0.0562568)
7029eddc845e01d613a3bbc113ebeaba	-8.344811094999988	0.028236285252749953	0.6023933735059264	0.0092733642508827	(-9.50502, -7.1952)	(0.00930151, 0.0449741)
41d23d8bc82f57b26b6896d5e2e947e8	-10.744312909999984	0.016892912065100015	0.6035797848559306	0.009305210939280911	(-11.9627, -9.68141)	(0.000595798, 0.0358734)
0021d135d4ac12982cc8abdf2b38e23f	-5.245856115000001	-0.023133395291897563	1.178274320972818	0.018216379163142043	(-7.61109, -3.20123)	(-0.0575616, 0.0103825)
e4c0082e2ab8c9772768fc29bb86caa3	-7.452665195000009	0.012343738614555004	0.4542982251411095	0.006972086204710678	(-8.30877, -6.60569)	(-0.00130812, 0.0248106)
46d8ab5615f60d7b522f3590976668be	-9.746004635000002	0.011856535666285006	0.41631697324318495	0.0063799403317116995	(-10.5615, -9.00523)	(-0.000920533, 0.023378)
28bb502265419a0e86626d75a1183ce7	-9.943067224999982	0.025131483522499998	0.7941747054738328	0.012166930332923726	(-11.3242, -8.39539)	(0.00151649, 0.0461742)
ea3af29626a95b6c7b89d631bf1a739c	-7.456149344999995	0.03186611364999999	0.4199047195389938	0.006454401759793751	(-8.3164, -6.72203)	(0.0203095, 0.0447944)
94b000e59b7ac160b0416c9ab45ff0bf	-7.37739502	-0.001325182046935	1.0090599149834956	0.015603592078545744	(-9.31809, -5.6153)	(-0.029871, 0.0266353)
75878b49cacdd2ffdcea1186a43be92d	-6.111688019999987	-0.03019035813000002	0.5185999359759695	0.00796784749703526	(-7.09764, -5.14803)	(-0.0453973, -0.0155561)
aea50462b44fe88301c739b72353e16f	-8.345974670000006	-0.0017452084387125006	0.4871772669855309	0.007520164147238854	(-9.14661, -7.40572)	(-0.0153522, 0.0115232)
2d575dfaf20c70d49b09be32a1492254	-8.709769015000008	-0.0017848660299599973	0.3892397780007583	0.006004488826507586	(-9.41303, -7.95833)	(-0.0126208, 0.00967535)
b955f67a541a149dd3b179dc62d37a72	-8.006586335000001	0.0024240153552050055	0.5609845001032717	0.008650428107539156	(-9.04643, -6.96253)	(-0.0136134, 0.0186238)
ad7bc2bb6e1ec90a9bc3c8949bce80d6	-2.846932685550003	-0.054845033699000005	1.0685644925134223	0.016469508742942732	(-4.811, -0.87204)	(-0.0859927, -0.0243041)
8f1c11c7b732265cbfc1bb7dbd0241e7	-5.524225265000007	-0.0024215748593499997	0.4557724898227513	0.007033821330526477	(-6.41705, -4.71002)	(-0.0153749, 0.0111428)
1fd31ccf4d6163405f70131e32d5065a	-7.992460230000002	0.015981277488050002	0.8920084924184005	0.013738568117670163	(-9.60067, -6.2783)	(-0.00937525, 0.0412567)
5093ad88995f6fe457c7fe96bb0ed33b	-5.926132444999994	-0.0012504450281699971	0.5320038260363095	0.008203312239965111	(-7.00268, -5.0426)	(-0.0159378, 0.0147132)
f9b52205cb2d03153fd394a290212a10	-5.423932080000007	0.0029361826413000056	0.8151495584651169	0.012592077855562923	(-7.08459, -4.02054)	(-0.0199699, 0.0272774)
9d4e16844252e2dfbaf80a4a6fc4d55d	-4.370580219999999	-0.08161521805000002	0.733394060168714	0.01146392296444326	(-5.78645, -3.02032)	(-0.102722, -0.059342)
148c7eb0139bbc1b8c87dd31464742e4	-5.20625061999999	-0.007140513614004997	0.45027686713967	0.0069627302121265874	(-6.04445, -4.34642)	(-0.0193762, 0.00682256)
eea6b86c0c75e740670ccc50613b1b23	-3.0386742950000047	-0.004896700805529998	0.21165964077382124	0.0032635507305129184	(-3.46231, -2.65795)	(-0.0107685, 0.0016371)
3fe55dd5e59267f275e972017302459f	-5.69345036499998	-0.008575627676584999	1.4028998248156281	0.0217035857672473	(-8.53847, -3.18176)	(-0.0480329, 0.0348477)
f11bd4248a2f95e53507c5bbf8dda43a	-6.480681704999992	-0.004677291349755003	0.5368988729397216	0.008286358810901676	(-7.62869, -5.56569)	(-0.0196448, 0.0124213)
09a55cd0bdf9fa4929eab3f0ed841bf5	-10.909685050000004	0.029813085932999996	0.6118633909917297	0.0093809965480649	(-12.0442, -9.75297)	(0.0116033, 0.0467791)
bfb7bb16ab570748b3a5d099e9426af1	-6.736776310000006	-0.025709472795000042	0.418846147518255	0.006491708706858565	(-7.50308, -5.93507)	(-0.0378892, -0.0134749)
ad52a0f6646c574417ce0b13b84acfa9	-3.3150787399999997	-0.0045310415842699965	0.6058300291525772	0.009330844546114919	(-4.43092, -2.14456)	(-0.0227191, 0.012399)
180b74e94caf35fac5e1f0f4b7ad9d9f	-6.689085349999994	0.004597558223631997	0.27042163072150394	0.004157471331428249	(-7.22965, -6.17828)	(-0.00321934, 0.0128079)
810926a593979f3574e3bbe7defd3559	-10.514711330000011	0.01675633895934997	0.7722505213409901	0.011863692025349487	(-11.8246, -8.91976)	(-0.00566256, 0.0391518)
5d62137a2d05df0be8d6b7e163a3ef08	-4.934565014999997	-0.0035701652166000007	0.924711406470093	0.014257547117792615	(-6.56286, -3.20636)	(-0.0291476, 0.0224129)
f9765bd9332162f70268554ab318197e	-6.961236779999988	0.0004295993494400004	0.6709833880383564	0.010384293981063301	(-8.27868, -5.76405)	(-0.0185892, 0.0204983)
bc5b6cc17572b4fd6ebd80081410427e	-10.012904109999988	0.002812849643065002	0.5317038061518906	0.00820381355482475	(-10.9228, -8.96148)	(-0.0118194, 0.0183943)
a29679284280410db95e5cb8c0b2d73d	-9.795201069999996	0.014285679208235485	0.7181388848709241	0.01100793238914643	(-11.0413, -8.37763)	(-0.00679048, 0.0340228)
1c86153e1b13ab5322c96f2602b73513	-6.135627435000001	0.010434809310839989	0.9836577729993146	0.015128135712779283	(-7.89837, -4.1992)	(-0.0198276, 0.0377344)
fec0355651c9ad579f01f3e332311725	-6.624634704999996	-0.007062888713900008	0.4684974737034481	0.00721825136785398	(-7.46796, -5.73059)	(-0.020908, 0.00608462)
f10155af1849a17996f302d71b32398c	-14.463548549999985	0.09412813645000001	0.94636458694728	0.014471933213046772	(-16.2679, -12.7314)	(0.0657817, 0.119851)
0cc26190e976fc496119a5eb4cd0fee7	-9.35607409500002	-0.010421975889505015	0.6217879504662993	0.009613465783358666	(-10.5075, -8.22789)	(-0.0275601, 0.00755067)
9c25197937d1f54e2634026fbca6b55f	-11.574442125000017	0.06857098072999994	1.2963914642772592	0.01994406395852427	(-13.8858, -8.85714)	(0.029994, 0.106791)
40ced57decad1424c32de76ae039c050	-9.702501944999986	0.003383623329390006	0.5358448789918285	0.008268914857497674	(-10.7068, -8.75867)	(-0.0122228, 0.0183271)
2ad31c7624bd7744a56a5ccac67ed01a	-8.569942650000012	-0.0012136195348805008	0.5123219761240748	0.007866813653743764	(-9.42907, -7.53805)	(-0.0163409, 0.0128028)
41df3b4c55182503ecd97c6dbe47966a	-7.9507804800000015	0.019188553371000002	0.4426318215478523	0.0068118502808196596	(-8.73955, -7.11086)	(0.0073758, 0.0326075)
fea3411c847e6627afb5e78b88e2e9af	-1.5849456623000044	-0.06410135445000005	0.7433198220862879	0.011475267495904416	(-3.00783, -0.299384)	(-0.0841044, -0.0422567)
8bb5ff097e0707dca3fe5860af20f4a6	-7.894081760000002	0.018024984512000006	0.43571174289902104	0.0067104157943958746	(-8.66944, -7.046)	(0.00532874, 0.030376)
bda6b6e7da7508c68057140e7bd6cd8d	-7.948838695000005	0.026453379196499996	0.5469838211608701	0.008428018580460606	(-9.08003, -7.05727)	(0.0121044, 0.0430888)
1a5526b9f7147b6893f1a034a107cc65	-9.204200424999984	-0.010163106747300003	0.7027308803368962	0.010832868109082034	(-10.4935, -7.84499)	(-0.0300254, 0.0104821)
97f26830027d30dfbd60b54895af0660	-12.111486185000011	0.046475662500000015	0.7355649851204146	0.011362713102522806	(-13.512, -10.7913)	(0.0263999, 0.0684866)
d061a99148d649c4eca4836c5f4b5b68	-4.801281265000002	0.0017159201653999983	0.30867463756883173	0.004752671906626115	(-5.36223, -4.21223)	(-0.00745702, 0.0103247)
f9f5f08e8da4cc9740518223846563db	-9.215545169999979	0.011535845711300013	0.7049072889996036	0.01078638371790164	(-10.5761, -7.94356)	(-0.00673952, 0.0336255)
40c85a458df8d5a935122ba778d4f334	-3.810596682000003	-0.025472878217199974	0.8426387344516749	0.012930162973566854	(-5.2819, -2.18953)	(-0.0486905, -0.000934786)
7ebc04cb539befd9f2e7faa131628c66	-8.870508010000014	0.008551171874224994	0.5894865775321264	0.009068807966688713	(-10.0012, -7.80988)	(-0.00792779, 0.0258717)
f7ef98bb6d0061b9368a72b1ff40aad0	-7.303312930000006	-0.024494091127000007	0.9447603630138782	0.014567063411900482	(-9.04236, -5.45973)	(-0.0524188, 0.00204991)
362b97b08074732371b6e76cd1a894e1	-9.518018669999972	0.037223475869100006	1.3562361695266538	0.020790303326701225	(-12.1661, -7.08718)	(-0.00135408, 0.0764462)
2fad39e365933a7f925040cb3c2a5ef8	-6.598643820000002	0.007654202882985013	0.7723056110798412	0.011912728007928804	(-7.95364, -5.06533)	(-0.014287, 0.0301652)
4c855814a58f4f324e8f0cfaab222e1f	-7.0077474550000085	-0.028256398812100014	0.8433117068283666	0.012971215461724675	(-8.50976, -5.44505)	(-0.0545783, -0.00676516)
2f61368750bbc7603f01c928568e7ad3	-8.464038525000003	0.022947268730000008	0.38045568651233813	0.0058207028803571904	(-9.16806, -7.78194)	(0.0124925, 0.0338735)
599ba6458e91e2527f358f547ea39261	-4.317333265000005	0.0013497067507464969	0.26439901102630786	0.004076502782597205	(-4.77541, -3.81218)	(-0.00645365, 0.008355)
4b548f1f6fc22f32237396b7d4ffee6e	-7.4411833499999815	-0.0029615343967824984	0.3723390485797553	0.005742096701964747	(-8.1507, -6.7162)	(-0.0137356, 0.00829029)
eb3543a838a705addef1d704eda7cad3	-8.992897685000008	0.014832399604199999	1.0619422707285884	0.016378108853835817	(-10.9094, -6.9305)	(-0.0162088, 0.0450731)
2281740c4ae82360612b5bc7e9538337	-6.3129486999999935	-0.002310683169315	0.6799463500472009	0.01045277479570539	(-7.68526, -5.14715)	(-0.0213347, 0.0176796)
96936173022b85940115c9ea103505bd	-9.885897620000014	0.026786864475000057	0.4790463079317442	0.0073410296656033144	(-10.7082, -8.96887)	(0.0123786, 0.0392962)
f45b62ab6ec22fb20364a7e05088158f	-11.47660740999998	0.06404863685	0.8322942570942626	0.012773533904333086	(-13.0193, -9.89003)	(0.0408068, 0.0894282)
c16907f7272c334959e9f980842194cf	-6.901254579999994	-0.01862584688364999	0.8169406108278152	0.012536873253014455	(-8.55131, -5.48963)	(-0.0419653, 0.00505822)
266c2a374ca451985731e1e1b5961bd2	-12.663383750000014	0.06461605115000003	0.5623238015333666	0.008624512862265832	(-13.7008, -11.568)	(0.0486049, 0.0809346)
2ad8a4ebf774763b765f4ab5b516ff21	-9.649518590000005	0.004105278192251998	0.7183024340375793	0.011055266525368753	(-11.0323, -8.35523)	(-0.0170242, 0.0246692)
f12011ad5219b22b6ca790103333a755	-8.899485049999996	-0.004107662287945007	0.4251342703577281	0.006531489938725216	(-9.67263, -8.10081)	(-0.016479, 0.00765181)
b9fefd4224e459a6a0d21db63b1c0d03	-9.855513965000013	0.014224461971424983	0.7953444848377519	0.012199615167312786	(-11.3159, -8.37616)	(-0.00940004, 0.0362255)
0cc2420a6a4698f8bf664d50b17d26b4	-6.856847825000006	0.010261329637349995	0.5529447404889742	0.008500632016534943	(-7.93454, -5.93)	(-0.00511878, 0.0257968)
33f9226b33e1f59f71edc044bb947764	-4.0978641549999955	-0.0033223857881150014	0.8460588089720985	0.012996525206404768	(-5.7529, -2.58786)	(-0.0271626, 0.0211394)
b4ef8e75d847b17325effd2f3873cc9c	-8.014134935000003	0.009188536524962272	0.7279023878784819	0.011191033959535824	(-9.48442, -6.76701)	(-0.00921253, 0.0323359)
8ffd2b3caa54b2922e98a0d5aab5adde	-8.125198850000002	0.01736351162309999	0.746235067820038	0.011464329893508476	(-9.52303, -6.80913)	(-0.00358928, 0.0379317)
42608e863ede290f764f14c074e8e4fb	-8.656544129999993	-0.0053565889314149935	0.5773657480179636	0.0088973251364544	(-9.77135, -7.63594)	(-0.0219374, 0.0111351)
2a8a90cd5770804a5f23f425004de7e5	-7.062766905000003	0.011753669731110005	1.188315425567839	0.018389280546893524	(-9.32706, -5.04394)	(-0.0189352, 0.0473277)
f19fa34c0c987ab3bd8aa42d8a4d21ec	-10.623361399999977	0.025875717797	0.5569880064492776	0.00851749399366692	(-11.7052, -9.66756)	(0.0103668, 0.0411046)
340a5698fe78713b785c3bcce89df73b	-8.947167894999984	0.006696466687949985	0.578058702658146	0.008891459984026795	(-9.93888, -7.83518)	(-0.00880965, 0.0235961)
376917760e5aa918592416e980809536	-6.292340250000002	0.0053747998517349954	0.9012855709288472	0.013884006371188784	(-7.92688, -4.57028)	(-0.0203691, 0.032156)
589c1370b3324a2d6cff6d1ff85341d1	-9.380494324999992	0.02509106772474997	0.8927173325710351	0.013689270537867107	(-11.1272, -7.78842)	(-0.00146518, 0.0499316)
e5a43b018c81cedd19e9a5354d32d469	-7.552273875000002	0.017468358800884997	0.7982358355858467	0.012298723547310602	(-9.0474, -6.15511)	(-0.00522538, 0.0395551)
f4dfb45b33372cdc0dc2fd20c0d0b448	-10.721839645000017	0.03827457659328003	1.0646606581940665	0.01638699178437106	(-12.6398, -8.87135)	(0.00915146, 0.0677368)
e1b3393309a8b247e0c358c26176d13c	-6.02859406	-0.010619108164949976	0.34223797760917235	0.005275153867069238	(-6.62396, -5.36632)	(-0.0206239, -0.00105682)
b47757a69204f053308f7f5f0022edab	-9.053788855000017	0.02075399778685	0.7501830029578375	0.011496780276441724	(-10.5037, -7.70676)	(-8.95646e-05, 0.0428963)
03569e3fd843f501355f7853b0ec9361	-6.356041965000011	0.0011179523409349996	0.6442494204072591	0.009913093476858939	(-7.59723, -5.19628)	(-0.0173136, 0.0197529)
25e04b2be57def00437d44ab461e8773	-10.977460294999988	0.047634632991200083	0.9892357432525194	0.015224225545963626	(-12.8472, -9.12751)	(0.0191456, 0.0768523)
4d04d759f5a6615dac43060726239891	-7.740196974999991	0.03723173814999999	0.5256620414628578	0.008134803932667316	(-8.78838, -6.79517)	(0.0219036, 0.0530043)
237135dc8b20f922cabee934f7d410a1	-6.783107305000013	0.002912115971030005	0.6347745442114753	0.009819210015154328	(-7.98163, -5.62695)	(-0.0147671, 0.0218683)
9dd9cefe38347b087dd318d82962cc03	-6.735058609999989	0.014811926089800023	0.5123634926565983	0.007917908824459013	(-7.76524, -5.8204)	(-0.000430372, 0.0293764)
c764eda12e92f19526c7e5a78a38c615	-12.448648610000008	0.039326629072999955	0.7732926047853217	0.011807242238433721	(-14.0855, -11.1127)	(0.0191332, 0.0648299)
6fc765c81c8b663cedcd799094894748	-11.228896294999961	0.03832715437000001	0.8025043399765025	0.012292403633706622	(-12.6788, -9.69891)	(0.0154907, 0.0610612)
1a389bf765c8ff0f92600f684fbe7ad7	-6.686142120000008	0.012490863107250002	0.474335285735107	0.007289867059850107	(-7.63199, -5.83983)	(-0.000450946, 0.0272149)
b0645cbec7653c887cb868a248d95874	-4.384534445	0.009122877140199999	0.35868028787416234	0.005541206215608542	(-5.02599, -3.72012)	(-0.000984518, 0.0192618)
d6c46ad81c01997055a3b713c0d5ee1b	-8.992174379999977	0.03950235200990001	0.8387640625955047	0.012898125638082649	(-10.6825, -7.42765)	(0.0153756, 0.0659514)
fe2a1f2b6f247658881254d63fd68b74	-4.749381299999991	-0.01981234860319999	0.8159349519607617	0.01259124238848846	(-6.31221, -3.26671)	(-0.0439382, 0.00322354)
89aabf43d24dd5bd0fd0f5aca189d341	-4.982065980000007	-0.0045682232331750025	0.20427685987952623	0.003147910254112419	(-5.37015, -4.59972)	(-0.0102014, 0.00163915)
2ae8a432208b85a14e86eb821c86ce2b	-3.9724121150000027	-0.005142335038100001	0.3479945181952966	0.0053449058470385336	(-4.57835, -3.28004)	(-0.0155333, 0.00453973)
f596fa835cdfdb22d6494b012f61fff2	-6.101847045000009	0.006690040001789505	0.42711281460969736	0.006593060508147742	(-6.94324, -5.30809)	(-0.00563935, 0.0195091)
f7895578be91c3e9c71c7b89e3e798db	-9.921573439999992	0.015983919965799998	0.8918555945887013	0.01367702488407346	(-11.7229, -8.43127)	(-0.00662194, 0.0435727)
8b40296c81e6ffbc10306d4a2ccab530	-10.210319329999976	0.012239702897044995	0.42261802534552523	0.006497992639528693	(-10.9369, -9.38298)	(-0.000853763, 0.0232712)
40a6b537d995aeb12b0100e2cb6ad879	-6.898044290000009	-0.0033107744872499997	0.5460974688610957	0.00841063359601104	(-7.95252, -5.93464)	(-0.0186851, 0.0123189)
9ac5fec396208e598ab2e2d26985d0df	-7.048930894999995	-0.016892099410000003	0.32107311794784255	0.004959830324767719	(-7.62553, -6.41319)	(-0.0264708, -0.00776734)
19cb3add28813b2bf3e1f40a000d33c2	-3.716201875000006	-0.01082771291849001	0.5566475032792607	0.00858224628556329	(-4.69114, -2.64397)	(-0.0263117, 0.00542119)
686d42b9552375c3b61301ae5605e3a2	-9.536512444999987	0.04632452991799998	0.8650787145966382	0.013337625021989843	(-10.9839, -7.76142)	(0.0195911, 0.0697283)
51625f89e7332f46ab0641e10cede6ea	-9.770674220000005	0.03580395803550002	0.9813826125432389	0.015118412783771875	(-11.6163, -7.91953)	(0.00666992, 0.063836)
ddd87ec4b9d332c2d8c02f5d1b08dbb4	-6.370614755000012	-0.016874819860000008	0.36639459978872463	0.005652390584643938	(-7.12649, -5.75776)	(-0.0274405, -0.00652751)
588a23811b3e98af68f4f0fb24a0daa8	-6.302048635000003	0.012797436771749986	0.5734347233063998	0.008820250511229902	(-7.39994, -5.26071)	(-0.0028793, 0.03)
7c82a2ef7685c5c6dc3080f56033cee9	-11.454663864999981	0.03867065136000006	0.8237944000405149	0.012632501962334616	(-12.919, -9.83391)	(0.0145685, 0.0616282)
b835514e2678e3c7ba13bfe0a0d79bb4	-10.112700765	0.024016975919099993	0.8415398912827988	0.012865055259857481	(-11.6705, -8.48544)	(-0.00197583, 0.0470987)
c162a4f3943238810eba8a25f0563cca	-4.9981408000000025	-0.004325357832889993	0.395449389964076	0.006075435790626319	(-5.72941, -4.28822)	(-0.0159845, 0.00606651)
5b00db3216a94bcd5c4842499bf6bf6e	-8.733551765000001	0.011979902503650025	0.46117639902182145	0.00709043999756161	(-9.61919, -7.96558)	(-0.000483187, 0.0249415)
beef5a54aaee13f217ecede427cb3071	-8.568646775000001	0.014706039260195005	0.8650025539374729	0.013306723768407525	(-10.2167, -6.91905)	(-0.00862098, 0.0422615)
f7686a74ca2d3729eb66305e8a26309b	-3.35980674	-0.005791491379600012	0.22384477704756114	0.0034448742655063206	(-3.73679, -2.90059)	(-0.0125628, 0.000365343)
5ca5ea401c8d3569e69626d2f81d5578	-5.8206384549999735	-0.0024941854490450016	0.970890957672417	0.014986024105565798	(-7.57775, -3.95889)	(-0.0286297, 0.0268042)
b6d740387526e21887b761f90fbc914a	-4.902096545	-0.056002387299999894	0.8482562859590925	0.013141929208959714	(-6.53543, -3.30428)	(-0.0791188, -0.0298079)
5e69d50b5a886d1b222f36de84a9dc98	-8.50441434500001	-0.0111298428953	0.7176714898599295	0.011047651290883316	(-9.81729, -7.18711)	(-0.0316685, 0.00891948)
208c8722c4dd18b60b2b2684272ff26c	-10.358221405000004	0.030027637684999973	0.810028827130786	0.012443990476901838	(-11.7003, -8.58944)	(0.00365752, 0.0514442)
95fb1be2ae50b6d347649ea76c2a1874	-11.197465864999987	0.033298258074999976	0.605746825241579	0.009282168019804278	(-12.4081, -10.1258)	(0.0165194, 0.0518761)
ea2b0e4a93c24c6c3661cbe347f93b74	-4.7069470349999865	0.0051174675383049905	0.31999215706288614	0.004952524831668283	(-5.30747, -4.12225)	(-0.00414599, 0.0142423)
04b5dd98584b9ead93ed64c586994296	-8.057099855000008	0.004878724230545001	0.5032671347569093	0.007733690329360617	(-9.04624, -7.13244)	(-0.00875548, 0.0205404)
ec6c9ea52e88226c339487585ea02f42	-6.907717450000006	0.021674778450999962	0.5642397662093644	0.008684956052062806	(-8.00321, -5.89165)	(0.00560026, 0.0383501)
4ce0afbaae4138f34580aa9f62b7a0fd	-9.270144265000003	0.012917021645199984	0.7375415260171866	0.011335677181818972	(-10.728, -7.89993)	(-0.00945546, 0.033521)
f655279fdb3e9fe733677c83df662486	-10.686311110000007	0.03160224280999998	0.4630116599050913	0.007109973336853065	(-11.4998, -9.80601)	(0.0180097, 0.0439289)
