Feature	Intercept_mean	fatty_acids_monounsaturated_eaten_mean	Intercept_std	fatty_acids_monounsaturated_eaten_std	Intercept_hdi	fatty_acids_monounsaturated_eaten_hdi
7e9ed2c841e64976eace4b578ff56a26	-5.201205810000002	0.010441137635180004	0.2139118657249848	0.008425182905333648	(-5.60005, -4.80049)	(-0.00286973, 0.0267511)
a6099802840e60febef8e896967b7747	-6.949826414999999	0.0005374014465450002	0.04697097543374815	0.0014529527147890452	(-7.03178, -6.85566)	(-0.00196681, 0.00350423)
904ad13c7b8512200836d5cd9fb09e1b	-8.919353385000012	-0.0004484018721250006	0.15040705883099964	0.00524480837808552	(-9.207, -8.63012)	(-0.0096865, 0.00992918)
1aab913302590e21a7be28b1494a3320	-9.128766620000002	0.0007586376360060005	0.08571282235975887	0.003069583341802593	(-9.28594, -8.96868)	(-0.00540479, 0.00606626)
e644522cf6d7222c9da7f9ecf614cd89	-8.681420839999996	-0.003300970904041504	0.12469542139146235	0.004476737830567873	(-8.91971, -8.46455)	(-0.0110782, 0.00532239)
bad4f7c5ada34a1f813946abcfe5c556	-4.702513535000001	0.0003741416745650008	0.052770972398220754	0.0017093945608479104	(-4.79631, -4.60277)	(-0.00279905, 0.00357412)
399bcf0feb12a20ca0731d8d65268dae	-6.338474370000011	0.002015746167420002	0.09622469813983893	0.0029381220866133316	(-6.52159, -6.15904)	(-0.00310756, 0.00734377)
32f7e6bfc42fe19c17f9459bd9be4b67	-7.1725691850000075	-7.84870111450003e-05	0.1263798961211227	0.004686915525062621	(-7.40027, -6.93636)	(-0.00792403, 0.00866129)
c942f59feffce9c3ab527135de234101	-5.2171808800000035	-0.0004930028262150003	0.0807062077898943	0.002832945127335676	(-5.37543, -5.07914)	(-0.00556214, 0.0047627)
29bb5fa7f45e47bbabab8cc1b1b3d18e	-8.727091140000004	-0.002870684828560001	0.1426924980782116	0.004395621882944628	(-8.97313, -8.45689)	(-0.0102784, 0.00561134)
7b2ff5940de11da4dc3bb208805dff11	-8.321643119999997	-0.0033137378128000033	0.08019817707570168	0.0028489152285687976	(-8.47215, -8.16993)	(-0.00863919, 0.00205737)
6c7fa77831ae630967a6fbfc8ee47901	-3.467050244999997	0.0003609066276149997	0.03863675271538713	0.0012482192974820805	(-3.53939, -3.39374)	(-0.0019405, 0.00262842)
6c83fec6e8d03fad51eabc871853c991	-8.283970425000016	-0.0037421179942560014	0.13878148763062526	0.00473127568685676	(-8.54734, -8.03638)	(-0.0115104, 0.00600755)
23597fea41001255f06321d42aefd3bd	-8.429310049999996	0.0011318472337585	0.1020359488288197	0.0036624001819827077	(-8.60892, -8.22344)	(-0.00561555, 0.00770154)
ee02d6d3506da57909d5e603709a295f	-6.812406994999988	0.001963279804839997	0.06659623497405817	0.0022428627481684647	(-6.94522, -6.68925)	(-0.00192157, 0.00629861)
e6a34eb113dba66df0b8bbec907a8f5d	-5.469038899999995	-0.0015071739821899512	0.07020436319837962	0.0024516705384963473	(-5.59114, -5.33446)	(-0.00569734, 0.00293637)
6c4de756c45fa6e7e5adfe196f9f0039	-5.615671934999998	0.007480476877750011	0.1874234248836194	0.006851614644654121	(-5.96336, -5.28015)	(-0.00405978, 0.019696)
60c57911662a9159dfdd0fc05d975a55	-4.295617215000001	0.0014292140019299974	0.06608925864385048	0.0023085887971135122	(-4.41068, -4.17096)	(-0.00241741, 0.0059739)
1986030e3c5cd5df6d869054bc96e536	-7.768913284999983	-0.0001057597935555001	0.11796172087910031	0.004202428300442422	(-8.00607, -7.5697)	(-0.00746789, 0.00722049)
ea3433f2c148c6fae4cc2e9ae197f5b8	-5.205996355000002	-0.0007211915166049993	0.0945796157994098	0.0033842174511637757	(-5.3907, -5.03644)	(-0.00643043, 0.00560525)
059c8f8bb468064b134ea6d3661761ea	-4.951738169999994	0.0019822179872865026	0.10212467231502423	0.0038188037502333693	(-5.15898, -4.77554)	(-0.00411754, 0.00989428)
8a9f7499cdb85b8efa497bb56256cb43	-6.359010605000004	-0.002301640430825001	0.05338262825193205	0.0017696631244296214	(-6.45526, -6.25657)	(-0.00573881, 0.000701758)
8dccd839cf4868a3343e411c063932a6	-9.174262559999999	0.0004619412544600003	0.1308954080598185	0.004745421142260536	(-9.42113, -8.92364)	(-0.0082089, 0.00942174)
f402919ff0fe53fec5b6ef190f9e42b7	-6.907047975000003	-0.0021701371312599998	0.05896512383137483	0.0018518935461084478	(-7.02083, -6.80302)	(-0.0056737, 0.00113539)
f9382b37fc2cfd3cf606824a235802de	-9.675514345000003	-0.003979211748880001	0.14396871046436088	0.005349829154325899	(-9.98054, -9.43542)	(-0.014036, 0.00617159)
1664c7d0b9dec6e07df8542c0c4049c7	-8.507598574999994	0.0010385712468400012	0.08152226717847938	0.002925832500395405	(-8.66067, -8.35724)	(-0.00425269, 0.00656366)
3e5f388f7ad4f160c2a1cdd1441d00c0	-6.549328429999998	0.00018694160198000026	0.06153909032424106	0.0019903224237020796	(-6.67383, -6.43583)	(-0.00338841, 0.00388565)
f5706d9ec821f971e4c08ee992995b40	-7.849610524999991	-0.002485572344860004	0.11542440339189283	0.00384747530467695	(-8.07543, -7.63958)	(-0.00895588, 0.00546201)
138eb7703e1255cf29760a4440de2a47	-8.652105225000017	0.0019338935597655008	0.11593826135900678	0.004351561116971994	(-8.86407, -8.44694)	(-0.0052182, 0.0107499)
56c3d1a8e4dc5c2aa7afbc1563559448	-7.674351200000002	0.008374113371744993	0.2627431099269017	0.010325561621563457	(-8.16794, -7.23726)	(-0.00785215, 0.0275281)
de61860db8d93da85692dffb5cf32ab9	-5.117504340000009	0.0011882740473499996	0.136749374876686	0.004606862226800706	(-5.38151, -4.87085)	(-0.00594136, 0.0096403)
5c02713fbed5c1964b4410d9f8166555	-6.082600239999998	-0.00036627924560800004	0.05753633756281679	0.0018325941219797808	(-6.2, -5.98494)	(-0.00363191, 0.00305877)
12bb0c9249480c4cec2cc9f692018806	-8.38980341000001	0.0003353977710900002	0.06976319313127732	0.0022350490934120735	(-8.52032, -8.255)	(-0.00384773, 0.00443987)
b10627ff6db16c65eed2f21380dd700f	-6.429684449999996	0.012949485265600013	0.23389793432648665	0.009222608860065566	(-6.85686, -5.99756)	(-0.000964098, 0.0297682)
3f5f0d10bd5495e2c89d229c508dcdec	-6.996310119999986	-0.0023301224477250016	0.14580127144193775	0.005412110864166817	(-7.26827, -6.72989)	(-0.0115269, 0.00781935)
de6891b6f7a1f35bd9ccbc058b9e1a77	-6.547279999999988	-0.001161248197569998	0.04012025245807909	0.0012846143809407298	(-6.61536, -6.46697)	(-0.00358792, 0.00114677)
828c563319c7cee475b9b8ab6a0a048b	-7.426006329999997	-6.216529917464003e-05	0.0662591139567313	0.0022236313101509134	(-7.54367, -7.30185)	(-0.00393824, 0.00427812)
6a129e8ae637c96e7bb56223913911f7	-5.9616849250000055	-0.001682058189235002	0.07545550550420023	0.002288938789989912	(-6.10308, -5.82611)	(-0.00583072, 0.00259231)
1527fd8b14037f53b8edb26b111e1f72	-5.7783086599999995	-0.001316872134766002	0.05939877604550792	0.0018349518818110949	(-5.89167, -5.67037)	(-0.00455847, 0.00213763)
b3d06445a910a9a444919e41f5da39c3	-9.964883495000018	0.0002347647513300003	0.1267094685993709	0.004639537539662101	(-10.2195, -9.73961)	(-0.00836339, 0.00918572)
992072d045462445dc239b35300af2cc	-4.130235935000003	0.013186868922699995	0.2579730551593053	0.010395890243954101	(-4.63128, -3.70948)	(-0.00232416, 0.0327082)
2403a466dd6d1e4f551d80394c2aa994	-7.030053960000006	0.002362852576324996	0.2274218559481881	0.00862690562111827	(-7.43401, -6.61427)	(-0.0102954, 0.0173291)
cae14798faeabb8e1b8840e712839921	-7.1057398599999955	-0.004285990153025002	0.1152838195757775	0.0037185469840951917	(-7.324, -6.89136)	(-0.0102685, 0.00321013)
4311a44a7d56ce4086afad3e75bedd6e	-7.995301730000004	-0.006363845529593003	0.09482268059703382	0.0034452171097817392	(-8.16488, -7.80939)	(-0.0128561, 0.000217739)
ab153c3e19553cead3d76fb9e00684c2	-6.628519789999999	-0.012717287385609996	0.18283298276748616	0.0071068092745446235	(-6.97011, -6.2996)	(-0.0252008, 0.000861178)
fc1856f132cd513b1251fa39ad4ccd01	-8.148212839999982	0.002937106652166004	0.051126946392625446	0.0015918979968071042	(-8.23949, -8.04812)	(-9.16639e-05, 0.005949)
8ef31508d9a2fc6f83935de5607a686c	-7.494948300000006	0.008156480499230003	0.2747824654629731	0.011191793793165756	(-8.00675, -7.01161)	(-0.00805948, 0.0301679)
21ce8465657612a85e2f89e74d285ce1	-9.481478709999994	-0.030924137944999982	0.2523394049960014	0.011210419046183223	(-9.92157, -8.97353)	(-0.0527164, -0.0109215)
69d052e452e79d571cba042af265d50c	-5.316373575000003	0.009037325232600018	0.2339151387487979	0.00948508422626527	(-5.72167, -4.891)	(-0.00554713, 0.0260206)
79d5bee84cddbb27acb4dd7df378c789	-7.3294942049999845	0.001377307046214998	0.13348168414942915	0.0045282504974517536	(-7.57369, -7.08281)	(-0.00552546, 0.0102994)
0f0a1f8c92368be6e8d3145bd4e94cd1	-5.202649574999992	0.00016999154631499957	0.13790082806375517	0.005262714727845062	(-5.46686, -4.9502)	(-0.00935462, 0.00981042)
64d05989cb6f8053633b2127793200b3	-7.585793575000003	0.006220594268100001	0.10747144835568832	0.004080021293075024	(-7.78651, -7.38741)	(-0.00152376, 0.0134203)
bac3d8ea4685e825ef8d12b2a6979577	-7.484990614999995	0.001293779756034998	0.18108064774865318	0.005874495920856231	(-7.81949, -7.12691)	(-0.00813254, 0.0126272)
a8d23fd98a311df2db65e5842634aba3	-7.260278349999992	0.0005681487752250003	0.06605759829858714	0.0022500275440346415	(-7.39016, -7.13702)	(-0.00357828, 0.00460277)
41239266f2952a56a313fc4798f28a1c	-6.829813590000001	-0.00017267828294499976	0.09454547341999993	0.003493122166252267	(-7.01943, -6.67524)	(-0.00630258, 0.00637369)
2b982979f2401a8bc447d7141879e9b2	-3.8915797000000105	0.0008603928786553995	0.036598715886079956	0.0012150342639927157	(-3.9559, -3.82026)	(-0.00141403, 0.00312604)
251429848560a80abcb96640ceb102db	-5.467423594999994	0.004070084315699999	0.08424628013761777	0.0030680186980659974	(-5.62605, -5.31246)	(-0.00138002, 0.00976589)
7b34b797cadb639f63827c6d332dd4e9	-8.167172344999996	-0.0011223062801919979	0.07870596213598421	0.00269203380893197	(-8.31969, -8.02739)	(-0.00600125, 0.00376904)
2a99ec1157a90661db7ff643b82f1914	-6.538134299999991	0.00617373361689999	0.29375943314455455	0.011264684677795556	(-7.05981, -5.98004)	(-0.0137499, 0.0268089)
2a7f11895ae7fe9fdffa52016207c561	-5.825902605000002	-0.007736532022120003	0.0886174591960521	0.0030587758981195554	(-6.00961, -5.67642)	(-0.013256, -0.00212854)
0cfd41d10227f0de9092d5cda028c12d	-8.440586305000028	-0.007188314654219995	0.11499932230712048	0.004277549800446271	(-8.64193, -8.20693)	(-0.0158163, 0.000714967)
a9387e76477da8688775569cf540191b	-6.189915419999992	0.005652801488790003	0.1866204273583777	0.007322643520252664	(-6.52059, -5.845)	(-0.00604612, 0.0197765)
bb769f42c78f86faa2801cb2c2abb8dc	-8.542309304999996	-0.0030024113017854005	0.17350778620934265	0.006786397740428495	(-8.87727, -8.23985)	(-0.0160356, 0.00921249)
68ee181a51a55ca3814763c9214cfd8a	-8.757992170000007	0.003939979851485014	0.12783395558180582	0.004631989035519249	(-9.00207, -8.524)	(-0.00432794, 0.012851)
88956ab21ebb7e44b2dd317dd412818a	-8.577359404999994	0.003856910238342003	0.1282803315360386	0.004604263491278124	(-8.84321, -8.36546)	(-0.0041754, 0.0124393)
ca9dec36ad0aa5a1473144ddcb74951d	-5.2434432200000085	0.0031987402562499967	0.08059783272043736	0.002865461598464333	(-5.40347, -5.10205)	(-0.00176081, 0.00883505)
ae171d16e3cb68ad19636a58839a1ef1	-9.063532504999994	0.0049393638527999925	0.2119553984067755	0.00820669290634068	(-9.48309, -8.66947)	(-0.00935197, 0.0205357)
77f4d90aa6eb8080927f59ee8bbac375	-9.1378971	-0.001385508574227997	0.08695597254754847	0.003180143238978409	(-9.29209, -8.9676)	(-0.00758616, 0.00430726)
a7b427a226422d10e62536b8d41e02fe	-8.336800600000014	0.00811149385163503	0.19969249986601903	0.007409001154027275	(-8.70259, -7.96486)	(-0.00345178, 0.0236486)
2480f3aa1e7784b461d9b5b83a6bfc81	-7.803923170000004	-0.0054789128457500055	0.11084837584805249	0.0038876788935853063	(-8.01816, -7.60167)	(-0.0128095, 0.00153961)
9000b563231e32a7003bf2ef20bf9a60	-7.353410190000003	-0.003074688801239999	0.0911010425185349	0.003159969318206463	(-7.52246, -7.17911)	(-0.00884718, 0.00284824)
a186bb74dfce512f83043f7b366c60c4	-6.34755003000001	0.00029361746380000006	0.22197842923626404	0.007867776171017018	(-6.75729, -5.94002)	(-0.011217, 0.0147523)
aad2c8fbb5e1201340fe4357731fc9ee	-7.852930459999998	-0.006145203779829501	0.18185709039789552	0.007125565998963087	(-8.21764, -7.53861)	(-0.0182299, 0.00842643)
490d2aec117bd7289577684ba3cc1b64	-6.957157109999994	0.005061465246360008	0.18668262611327255	0.006977219702165337	(-7.32979, -6.6524)	(-0.00581604, 0.0174312)
457d3865cf0a4bc602a07d8d5324388f	-8.409899334999986	-0.010360505087724988	0.23361744462412856	0.009500776298103919	(-8.83849, -7.95207)	(-0.0279548, 0.0077476)
552e00cb506f739acaf08aa5641f9d84	-6.622684730000009	-0.0010317189763484993	0.1118193584292409	0.00417480496867435	(-6.84939, -6.4278)	(-0.00806533, 0.0071143)
9dc78fd8f2f7cb10e190e77af61c7ecd	-8.204675194999998	0.0023609727178150017	0.06641831630779252	0.0023218962239622432	(-8.33997, -8.08896)	(-0.00160874, 0.00675355)
a3607a88a8ed64e24a374847b23e404f	-6.347171544999993	-0.0044583853116149956	0.06720826018253244	0.0020659441065673553	(-6.46445, -6.2164)	(-0.00828437, -0.000586828)
5bb151262388870fd53a84ea6f1ffdf2	-9.11075491000003	-0.013941833573160008	0.24281266979235655	0.010060587505215894	(-9.52282, -8.62355)	(-0.03372, 0.00355932)
f7962a90f4519ec1d1a9c7b8ef7bf396	-9.085979299999996	0.001437935900852001	0.12303466953590757	0.004541413675955724	(-9.31253, -8.84832)	(-0.00656487, 0.0102371)
77ad88eed91eef009bf64f101c96baa6	-4.636668425000003	-0.025238105662150016	0.3001978643161366	0.012318746561334918	(-5.17938, -4.0529)	(-0.0472558, -0.000529919)
08be83d0a527ddd1da0861135192e593	-8.226838624999994	-0.013296434392500008	0.30340614197682175	0.012374188107564616	(-8.76108, -7.61623)	(-0.0367737, 0.0102433)
b61862b15d33865612e76c1db7b995a1	-9.01384288999999	0.0012354559743699984	0.09436018205020535	0.003317724670518488	(-9.19251, -8.84401)	(-0.00428123, 0.00799262)
14f11556b1fc9132c5ab27b67a2479bf	-9.144732145000015	-0.0021091698324284987	0.08857083590578205	0.002904832835507902	(-9.29851, -8.96305)	(-0.00768198, 0.00299567)
514b34f09e4acd2397d38273c630d338	-8.469794090000004	-0.0020568017300945	0.13363185325464838	0.0037272563887273116	(-8.70838, -8.21584)	(-0.00829478, 0.00516278)
ba88d4e4e6a24ecc2a5aab6bdfbb77f5	-7.866029734999999	0.002782056059430004	0.06982264599955927	0.0025370455957779247	(-7.99986, -7.74169)	(-0.00175346, 0.00760056)
1c94105978b1aa2095e3c0096774f240	-8.100472769999998	-0.0049743673834400075	0.113561624195091	0.0038812334685783597	(-8.30114, -7.87369)	(-0.0118517, 0.00256616)
27b636c66fa117272ed27920bad78969	-8.429920514999994	0.001398224710850001	0.13624881291734164	0.004949482588713136	(-8.69079, -8.1871)	(-0.00683855, 0.010782)
7201d53bd647437ec3de879774eba498	-6.829351045000009	0.005113720295150001	0.21304126148180297	0.008247492662419215	(-7.22055, -6.43837)	(-0.00685245, 0.0209869)
f8529e2e737999b4a7d06420482d4af3	-8.74432663	0.010861019828799992	0.20573467602726386	0.007795754136991593	(-9.13679, -8.36762)	(-0.000976121, 0.0257662)
959d48a11e3b26c9268f0bd1dae6ec40	-4.229645655000006	0.0004269746463849988	0.0462770764490474	0.0015093925240647502	(-4.3164, -4.14416)	(-0.00221777, 0.00342278)
bd0f4e14387ee1ac7e5fe586cadbbed4	-8.834081275000004	-0.002424273956501	0.06582722029695905	0.00223325370779164	(-8.94703, -8.70256)	(-0.00700537, 0.00144679)
66047b69a772cae3e37186eb74254da7	-9.079390889999994	0.009828395925250002	0.22078548995508704	0.00890220944376421	(-9.51657, -8.69512)	(-0.00585198, 0.0256646)
4207ad1746e5fbce9c5ed5efe1e357d9	-7.305376899999986	-0.0037812060158450033	0.07511297747386926	0.002699547557283327	(-7.44825, -7.17088)	(-0.00857502, 0.0012921)
30207d209491dfb7de83344e77fd6fbd	-6.329919870000005	0.0007843104968459983	0.06524118261790711	0.002034265023466152	(-6.46197, -6.21968)	(-0.00258286, 0.00491373)
3e93fd55a231bb99b67a666bad8446a8	-8.158202140000002	-0.0044970869518049916	0.08617260229342272	0.00306165499222005	(-8.31013, -7.9861)	(-0.0102821, 0.00122124)
d39f37b814ebd81091a949f8bd9d1710	-6.213617495000002	-0.0012414242606976988	0.08839129242450856	0.002906694572462639	(-6.37092, -6.04671)	(-0.00630717, 0.00397854)
706b0d627a9ba61b18e6b7b39622ac1f	-9.015203624999995	0.0008496285736000005	0.10862883662780058	0.0035099065180093634	(-9.2252, -8.81006)	(-0.00511178, 0.00795921)
32382a0f5831da5faee464d011b5616c	-6.037739424999995	0.005356655782085008	0.18054654719993773	0.00609323582086837	(-6.39707, -5.72608)	(-0.00435364, 0.0163279)
fcd575ef43a2ae77d9b7c10639e80fd8	-9.689260269999995	-0.006365749695035008	0.1541851214645147	0.005896748079296894	(-9.96383, -9.3833)	(-0.0179114, 0.00455956)
fdb1c35a8dab336d65ed22d796e71e4b	-6.892985895000016	0.007346629139619996	0.2299581493206946	0.008818423352406944	(-7.3474, -6.52066)	(-0.00586332, 0.0239091)
25def15fb42bed6855ede4893d27a21d	-5.212268465000009	-0.0030557805134499953	0.1405700375730681	0.004666358131002556	(-5.48743, -4.95871)	(-0.0114551, 0.00548986)
2a13ecb6c618ddf8154298c69336dd8e	-8.466952865000012	-0.0034902824728500056	0.18497763224466285	0.006875722549552877	(-8.81075, -8.11277)	(-0.0152823, 0.010425)
9ad89cc951aa3031c19c59c95e401614	-9.713058680000005	0.0024510009334949992	0.10823668366389289	0.0035099940736487544	(-9.93049, -9.52676)	(-0.0035189, 0.00916849)
55d4d3011e1f3bb8e4e5089b801b61a4	-9.557456800000002	0.005937122153350001	0.1747602049837433	0.006566344581323228	(-9.8988, -9.26028)	(-0.00470915, 0.0190709)
4ed55370307d6700d110b6d3f1196136	-7.957449789999981	0.012790276277799977	0.27109968907591164	0.01065115677316894	(-8.48914, -7.48914)	(-0.00421553, 0.0321634)
154c25181234441402124e02c204074c	-9.295600205000015	-0.008419526506705003	0.19694765043738902	0.007922187806457998	(-9.68397, -8.94856)	(-0.0221725, 0.00762589)
370829fece3190f1a8efccf50b7d0921	-7.605726850000003	-0.0023845543382000033	0.09090428877328888	0.0029867406972272584	(-7.78493, -7.43635)	(-0.00772396, 0.00312878)
b1a153ff5a21342991138e7f7dd2658e	-6.604003220000006	-0.003336259895715003	0.21831080633590175	0.0083497611825616	(-7.02171, -6.21918)	(-0.0171624, 0.0117481)
e39b1ae9776ee98190c8cb02bc9de792	-9.10431204999999	-0.0038479467810915093	0.12596112634458886	0.004556168624847225	(-9.34139, -8.87651)	(-0.0123528, 0.00464558)
e71461ffe18aa4dc3b1f7ba4a1011cff	-7.478977870000009	0.000852025324867998	0.09898344703364845	0.003496808607976783	(-7.68361, -7.30713)	(-0.00498657, 0.00742812)
90c2b51afe404951ec89bd52c7ae1f58	-8.926208870000012	-0.0023283094258549977	0.13275678167620328	0.004399655311614542	(-9.16501, -8.65744)	(-0.0105096, 0.00631267)
c5af8314e36eaed98fc88f181f539e8f	-7.285266439999994	-0.0008337108850000009	0.07761368452938185	0.0025617834870427674	(-7.43001, -7.14619)	(-0.00515602, 0.00422147)
10cd502b01abafc87e2ecbad86389286	-6.092014665000004	-2.667439127e-05	0.05767552955272953	0.0019105190358236236	(-6.20392, -5.99108)	(-0.00356936, 0.00345115)
433cf7e272a09b91cc85082a1338b8e1	-7.752590275000002	0.0010763421992760005	0.06397728464364813	0.0022155039056632048	(-7.87052, -7.62864)	(-0.00281868, 0.005581)
877f27b47c85f6b2d3cf8a6aa86def40	-5.369581859999999	0.0011315513334564985	0.09018655273454244	0.002992089849039781	(-5.53959, -5.20436)	(-0.00395777, 0.00671443)
9ed241a051fe72047261df3b7e08b675	-7.03867679000001	0.00040077650248249944	0.08520036878204164	0.0030541429989062977	(-7.20013, -6.88126)	(-0.00503438, 0.00618975)
04c8be5a3a6ba2d70446812e99318905	-5.845861689999995	-0.006065496403600004	0.07813344054464709	0.0026732274405444154	(-5.98422, -5.69794)	(-0.0112981, -0.00135901)
e0b7bd623a1b4cd1640883066e8d96bd	-9.702414745000008	0.0068946772638999974	0.12985773536580333	0.004727399088666124	(-9.94415, -9.46217)	(-0.000853868, 0.0155785)
6a17479edbe461431433bddb084f731e	-6.23311883999999	-0.010218685604953471	0.1086149819801781	0.0038866057118263396	(-6.42735, -6.0281)	(-0.0172507, -0.00277435)
35513c8de34a49ef37dde85737e6aef9	-7.546267265000004	-0.008938134199750002	0.2150286785972276	0.008740280559498353	(-7.95772, -7.14974)	(-0.0249553, 0.00777391)
69536042153447ceb692aa53159ce0c2	-7.315280740000009	-0.00030412072968999995	0.05638204894070813	0.0016992671453714995	(-7.42463, -7.20923)	(-0.00333664, 0.00304213)
0f92fcc184a951ff8b0914467ad2f8f9	-6.93115497000001	-0.0020685620503244997	0.07499039810135087	0.002450953525018104	(-7.06605, -6.78783)	(-0.00623984, 0.00266392)
e9d9bafcf863ec0908ce4e20e6386ff9	-9.514523319999983	0.0016564974663099974	0.09989130549040592	0.003425211543790657	(-9.70311, -9.32461)	(-0.00440306, 0.00825044)
979578981da3916b394bf24c32bace21	-6.923180814999998	0.005475718601110004	0.1753885407114323	0.006756222297105005	(-7.26163, -6.61556)	(-0.0054747, 0.0182611)
5860dac317300b1fe6094e958240cc7f	-7.761873975000005	0.005220292837860001	0.08365345268516647	0.0030371004485209487	(-7.91235, -7.59824)	(-0.000258019, 0.0107809)
3a1461e8439091ad6b93af0ddb3849eb	-6.800655949999989	-0.011681878880300017	0.2971328025741986	0.012286442743857888	(-7.40135, -6.25947)	(-0.0355947, 0.00997873)
d32627161d829a1488c2a047669cb29f	-6.311719619999993	0.003870839954959993	0.1793950346672269	0.006150347310911131	(-6.65958, -5.99805)	(-0.00484846, 0.015064)
e2c3ff4f647112723741aa72087f1bfa	-3.3203330500000012	0.000955008418305499	0.06534209465878409	0.001921143132702389	(-3.44395, -3.19217)	(-0.00252494, 0.00443388)
426bd7119a31b73ef734771a071a216c	-5.8408399450000195	0.0006942513388400003	0.1379263416916687	0.0053117113064262	(-6.11099, -5.5933)	(-0.00864551, 0.0106355)
aed0d8840bb7da5eacd80c6f9a1f91ed	-9.212367009999994	-0.022786367134499965	0.23428233226186743	0.010208592213892606	(-9.62292, -8.74865)	(-0.0410915, -0.00326385)
0b05a2e48cdc5f9e766bb0f4c209d4b4	-8.792244909999997	0.0010739260342390007	0.06366168531143279	0.0019521981796591678	(-8.91435, -8.6835)	(-0.00269262, 0.00443259)
31c0a0bcf172474d82c69979df243e78	-6.144077314999996	0.0008991533744700004	0.06047050301048249	0.0020684373453723065	(-6.24669, -6.02031)	(-0.00282024, 0.00481524)
f9b9b7db378357774e672fe5ba242b12	-9.877165765000017	-0.0019798486212049995	0.12325747244615542	0.004573089985642004	(-10.1092, -9.65039)	(-0.0102309, 0.00713662)
95f975f50235610bca818dcc9d97f7d6	-8.876396835000005	0.0024543205067499986	0.17529148919765833	0.006524237904336755	(-9.19526, -8.53173)	(-0.00847049, 0.0149284)
ecaa9f4e15a28f212d9bd60f749191ab	-7.438194315000007	0.0037600332939499983	0.0991929370652507	0.003511448168177441	(-7.62014, -7.2469)	(-0.00187647, 0.0105559)
a6fa2de5f4576d1d77b1616786e3dd52	-8.694566730000018	-0.0031137830402470064	0.06382766389667659	0.0022684542135758554	(-8.80661, -8.56895)	(-0.00732718, 0.00121821)
1fa555f9a74d47a6ca7a65a347bc885f	-6.022617915000005	0.00371831151780499	0.08844714798964845	0.003279420206004931	(-6.18658, -5.86078)	(-0.00154671, 0.0103203)
149e7d5e484d157f2ac6140a2111618e	-4.0864363300000015	-0.0055318883663249985	0.07066738449335098	0.0023208477146914744	(-4.22125, -3.95133)	(-0.0093709, -0.000788717)
605c54065160b61d47c4d5f87ffbe6bb	-8.89392520500001	-0.0022149132468900017	0.10939112984725038	0.0038096080760740844	(-9.09374, -8.69488)	(-0.00925612, 0.00488623)
5034598009be77942a505e7c9978b06b	-7.9813289449999925	-0.004442151667759994	0.10103101543851269	0.0035749426599791098	(-8.17422, -7.80587)	(-0.0109137, 0.0020397)
8526f1f5fd2dcff7e7a73db743c829d2	-6.360444959999992	-0.0034375788601199984	0.09445249980544922	0.003198196509116131	(-6.55061, -6.20407)	(-0.00880849, 0.0030696)
24ef07664cfa04a819d7797a89e653b6	-9.644134949999996	0.004847303783549994	0.11897527677420008	0.004022977700059837	(-9.85094, -9.41995)	(-0.00140793, 0.0132113)
03fdbec0c9b63a05ae79f92c6d3a4cfc	-7.198927040000007	0.003969580678662502	0.17636798855075245	0.006352060679403089	(-7.53977, -6.87464)	(-0.00584569, 0.0160643)
aa3e2d76e864d7909b51110e211ef36c	-8.899614379999994	0.004397026309595	0.21406575850942547	0.008510522181961046	(-9.33959, -8.5391)	(-0.00967226, 0.0205442)
7efeb75fc542932a033b37b887994dc8	-8.254330225000007	-0.0007731336363200007	0.3095226529336736	0.012678797272398224	(-8.86626, -7.69045)	(-0.0260295, 0.0221715)
2371e52106292ac4c33aec6f57cace35	-7.673220139999997	-0.00032632846676500016	0.0777629401365484	0.0023566554200691327	(-7.80768, -7.52351)	(-0.00455707, 0.00396474)
913d55d109820d0f3fad120be103c64f	-8.588392794999983	0.008585418460434993	0.14837238160095018	0.0054137554330111965	(-8.85626, -8.31529)	(-0.000153844, 0.0183369)
c82032c40c98975f71892e4be561c87a	-6.953598550000006	-0.003940670811620501	0.05803363394530372	0.0017314181941185966	(-7.06284, -6.84754)	(-0.00681998, -0.000285742)
ac9166cff57e7ff3581eaf798edc726c	-6.666809100000009	-0.023391638931799977	0.2916799169757665	0.012085260328049957	(-7.18898, -6.12774)	(-0.0468274, -0.00243599)
949af2c28ba6c0345ae58b9aed00a2c0	-7.42644219	-0.0035968351921650053	0.19097653347860283	0.006835101494097715	(-7.84209, -7.11221)	(-0.0143457, 0.0101488)
8a261f382a739bbc5f9494b2c64c2744	-5.272321504999995	0.0013346424903699508	0.05124097857169566	0.0016247753950104403	(-5.37144, -5.18332)	(-0.00169835, 0.00408141)
e91f1c5b67ffecb5ca3ca3b393a50f00	-4.605790359999991	-0.0009593988642089996	0.11940390281004404	0.00420474449861014	(-4.83422, -4.38438)	(-0.00764192, 0.00722407)
99b02f389bd0b7abad0d4d8affb09e22	-8.995664450000005	-0.03504130361600001	0.29345952369397965	0.01314929844799807	(-9.52722, -8.44091)	(-0.0585774, -0.0103727)
d3d99580d90cca486a23372a474e9571	-9.071999299999993	0.005532590459020009	0.13098403018425558	0.00479283298232905	(-9.30149, -8.81973)	(-0.00252362, 0.0147805)
7076b69bea6fb40b94f8b32fd85fdb46	-9.854551289999977	0.0016564506972520006	0.10319727639446642	0.0034302177351842778	(-10.0471, -9.65946)	(-0.00440576, 0.00854258)
e82ab12c51a893c6d7938a16632199a8	-7.64293421	0.003872789191305004	0.13548024843044787	0.00461286914357774	(-7.89273, -7.40359)	(-0.00311417, 0.0126383)
2ae945b550c248752a5b463c9aca1a6a	-9.096815594999995	-0.017040168676165018	0.23926954464566932	0.010023874203357614	(-9.51011, -8.60886)	(-0.0362051, 0.000801118)
b423592b0ae631882095792b27729b9c	-9.145916339999998	0.016167585128457503	0.29659989753016497	0.01199692872250625	(-9.70291, -8.63101)	(-0.0044564, 0.0381062)
3f1ed51e954b35a8108c12dd882b696b	-7.09030609000001	0.001013984054309999	0.1136905971679802	0.004019553010906315	(-7.30677, -6.87444)	(-0.00592656, 0.00832428)
1fb601d8edb6994ffb112ad1a34828d5	-9.228772384999996	0.0029550148926350012	0.14224509440315256	0.0054551611020910214	(-9.5001, -8.94649)	(-0.00713169, 0.0132213)
9f74473636e6874853d88dfcbcecff49	-7.040581969999983	0.01672556565699998	0.18550736131005455	0.007376083802221485	(-7.39981, -6.72136)	(0.00424814, 0.0310604)
4c731267e801c2afe253b5cbb58bdd24	-4.694073290000006	0.0012027269643179988	0.05280992607432715	0.0017457906432266654	(-4.80035, -4.60589)	(-0.00195018, 0.00460401)
14387daaf0161dd3c971efd0f8806ffd	-7.914247449999999	-0.0036579601151500015	0.08988003707941764	0.0031663110876999252	(-8.07649, -7.75079)	(-0.00964506, 0.00233321)
c97220e6c4063a029dec2f8160977f83	-6.97665196	-0.0006676520540074997	0.10247774614597259	0.0034275825495384596	(-7.16847, -6.79492)	(-0.00675021, 0.0057323)
8a20667bca2eaf2a0687995af876a84c	-6.649477960000006	0.0008599283304449986	0.23609438931058546	0.009146667185423025	(-7.07156, -6.21334)	(-0.0136934, 0.0175134)
131d3b899e72f19fcae1b0f9f8f3a009	-5.8571158199999935	0.015811365468349988	0.3285754129332072	0.013507093715836499	(-6.45714, -5.27478)	(-0.00567727, 0.0403668)
c0c365b5a32a28b8d2602de07c5d0b06	-7.750959759999989	0.005185209005200006	0.1792464984682893	0.006604900653880974	(-8.0855, -7.42964)	(-0.0056829, 0.0165895)
a650f349bbdffb95b3624519d1ba72b8	-4.940797459999997	-0.0012721404639699971	0.053589679917390776	0.0016251064013404854	(-5.0456, -4.84505)	(-0.00447932, 0.00159038)
0f6da5f59be656db2dadef7bf2d1a2e6	-8.584445224999996	0.0021502743404950017	0.11051118483144301	0.004080901044745988	(-8.79947, -8.38181)	(-0.004667, 0.0100318)
e84bea8ae61342674744560dd7de4721	-6.6101074650000085	-0.008152312384314995	0.22439220995374107	0.008846471815701699	(-7.06099, -6.20824)	(-0.0243547, 0.00847429)
010f0ac2691bc0be12d0633d4b5d2cc4	-4.551063745000002	-0.0014361173133050026	0.06995730339303377	0.0023322759251872584	(-4.68391, -4.41711)	(-0.00535066, 0.00327948)
c8fce068920feb387167d44c01689295	-6.381218800000002	0.001493022135230001	0.18370760963514823	0.007235968468378277	(-6.71352, -6.04441)	(-0.0108751, 0.0143869)
86deb5cf8d6f29d383136e0d09863b69	-10.033263729999977	0.001704826717659998	0.14207979543019864	0.005314219676876986	(-10.3305, -9.79274)	(-0.00701355, 0.0122909)
79db4c4f494c95856ce31b42f267c4c4	-8.15645703500001	0.007802601178487494	0.19328736374801841	0.0072125574524916514	(-8.51331, -7.78648)	(-0.00455838, 0.021028)
dde2f514908a4fcaa80827346c7b7a19	-8.029141795000001	0.0030936494084199983	0.06700772766277023	0.0022281701216605894	(-8.1545, -7.90563)	(-0.00105536, 0.0071376)
7dfa96abfa7484bb6c9cfa90dc9b606f	-5.8979274799999954	0.005623209177334993	0.11237313670290418	0.004322045620411837	(-6.11941, -5.70759)	(-0.00186354, 0.0135149)
25f9cac7332bfbe3973f03bae0ee15cc	-9.315161720000004	-0.007717146426120011	0.17015688680873775	0.006851083623730176	(-9.62283, -8.97689)	(-0.0197112, 0.00581643)
447b9d6a5c17543a456c597e65b37139	-4.395944345000002	0.0007788611848300006	0.044279368419964785	0.0014470920481701813	(-4.48615, -4.31979)	(-0.00192021, 0.00342702)
ccce7fe8aa849bed027f6898300e0c45	-8.593143620000012	0.00019907297431999996	0.12502172813153567	0.0043981182428775205	(-8.81859, -8.36225)	(-0.00735488, 0.00839491)
363c1c39d58bce4fc3218659d0944258	-6.2411106650000105	-0.001622671703002996	0.07659535189362193	0.002412797716294814	(-6.37329, -6.08653)	(-0.00603875, 0.0028441)
7be9bac1b13acbd8acf0de464d7c20e6	-7.817813800000014	-0.0031210684512125056	0.07569140184565225	0.00254319783935704	(-7.97003, -7.68785)	(-0.00746443, 0.00191022)
2ab8310e1e510f8045c7f4d191fa36be	-9.075659390000002	0.0005266267270350009	0.14577405563106172	0.004927177712952678	(-9.3485, -8.8136)	(-0.0076254, 0.0107757)
a66dd8d31584930c2b0f811f572dddcf	-6.8619331050000065	0.0014514996922314984	0.1417615492402964	0.005373343075580857	(-7.14119, -6.60535)	(-0.00685797, 0.0116989)
10155b2834300619ce0102110a37b057	-6.952297785000014	0.00010363988700300017	0.052335831190913264	0.0017961890631805917	(-7.04948, -6.85519)	(-0.00309581, 0.00331983)
fca904abacabcc0591dd00b0427f9180	-10.003306634999994	-0.0033738934228	0.1193866075216428	0.0046522665560032005	(-10.2274, -9.79303)	(-0.012948, 0.0047181)
ef6752ce31dcb9e16b1155bbaa1a268d	-8.721226689999984	-0.002636632303794997	0.1451604346312861	0.005163690187746266	(-8.98124, -8.44202)	(-0.0117351, 0.00661653)
a24dae6b87885a55d81df1ea6d1abaf5	-5.884815469999987	0.004858363895700001	0.11489641767861664	0.004039862417516967	(-6.11537, -5.66779)	(-0.00180855, 0.0131502)
79280cea51a6fe8a3432b2f266dd34db	-3.6597404450000006	0.00019738681601599967	0.04003986394896932	0.0012543204159163961	(-3.73021, -3.5832)	(-0.00198274, 0.00261088)
cba33b3578113908d449fc66ccb245d4	-6.1654423750000085	-0.0004630285352850002	0.06123034179072797	0.0020755933483237	(-6.27705, -6.04603)	(-0.00416571, 0.00313985)
ef1616938612ecae94c31842853cb904	-8.899325450000001	0.0019438010837419997	0.06811082785649794	0.002118625887276586	(-9.03201, -8.7768)	(-0.00192888, 0.00601879)
a378e30f9be477f7777e409c8faea14c	-8.749553680000009	0.00014881933449450012	0.09100067592198206	0.002895874601219571	(-8.91158, -8.57754)	(-0.0053423, 0.00497287)
322498f1025a569812be6e3fe4f63ff7	-7.941594820000012	0.0005303267319599998	0.1227693691678327	0.0040620773338297085	(-8.17905, -7.71585)	(-0.00589219, 0.00887269)
d75b7080930e7a77ef3de8c6154895b9	-4.746820489999999	0.00011014271560000017	0.184445379767995	0.006502733771813084	(-5.10154, -4.4164)	(-0.010952, 0.0119931)
9bf0d2dbffe7925240ea811d2a4cd625	-8.989225050000002	-0.000515417046833	0.07782658707149825	0.0024334346693036086	(-9.12492, -8.8366)	(-0.00483343, 0.00407864)
a167e4d4418792dcaba877443ed0e66d	-8.236181395000022	-0.016116642545369944	0.24483400669433986	0.0102256441062216	(-8.66421, -7.74889)	(-0.0374345, 0.00144127)
ac0202d177961ffb380b6859272bde53	-7.954758694999996	-0.002644852272301999	0.13246208514645605	0.004417976880537052	(-8.22392, -7.72822)	(-0.0105297, 0.00535742)
e3ab3e4772986724760dbd52b7af55f7	-8.190183374999997	0.0007939457608854999	0.09101430680205931	0.0029289696894842657	(-8.36821, -8.03112)	(-0.00468003, 0.00642251)
481e48328fe7a9837c7233de8f60fc23	-8.873808480000022	-0.013504495401499977	0.17882135314187056	0.007411407171241663	(-9.18608, -8.52646)	(-0.0277712, -0.00038437)
be17b29b03ed02bed133932284568d16	-6.451704339999992	-0.0019629708431100003	0.0844616705142895	0.002915535994632799	(-6.60981, -6.30053)	(-0.00741745, 0.0033706)
5f9d6c173705f19cd3a1e5145c52789a	-8.919227839999994	0.0008309705012300004	0.18154479677626248	0.006945356640195493	(-9.24945, -8.60263)	(-0.0107388, 0.0134629)
1ef782a559e3e0a4ab42516e0a2c828f	-8.412991944999991	-0.007540750254964995	0.20992595604156944	0.00854859558667238	(-8.84099, -8.03884)	(-0.0236538, 0.00909944)
97f56e68f535e44ceb53d05f269e82d6	-6.848568029999998	0.0018840082950220003	0.06211128094894759	0.0020614902194653743	(-6.96144, -6.73157)	(-0.00163919, 0.00595587)
3f38509af22157cdcb4006457529d25e	-8.649242460000005	-0.010401337722161003	0.13584952885766102	0.005022862760859325	(-8.88716, -8.36562)	(-0.0199623, -0.00107584)
ccee9fc92f4182805278384a02a4d7d3	-9.308174104999987	-0.019067827214500007	0.21002848128598872	0.009126206212081678	(-9.71943, -8.94003)	(-0.036028, -0.0026253)
b3bf877149e7a31ad9a7397a3ca8b011	-9.282928094999997	-0.0021684704715249988	0.17075002885101068	0.006618249844009552	(-9.58772, -8.94735)	(-0.0148714, 0.00988626)
33852dc244bb69590e8e756a83bb2f4c	-9.319653900000008	-0.00922749400717498	0.13968756482303643	0.005584823434823616	(-9.56743, -9.0614)	(-0.0201866, 0.000540828)
8f5959f21dc9ce9a281656f8d699ec07	-6.9056616200000045	0.002039764087825003	0.09066861633429504	0.00306898028094878	(-7.0708, -6.73603)	(-0.00359686, 0.00753356)
2086666afdd5de098b04a94247040c11	-8.018003775000002	0.005132746920680001	0.14832370366330327	0.005477784477583064	(-8.28734, -7.74762)	(-0.00349712, 0.0155006)
96169c3701e79f42346c41eb7b5bf2af	-9.534165235000012	0.0030379068764684997	0.11543788862303736	0.0038126845078647062	(-9.7454, -9.31656)	(-0.00359643, 0.0104318)
d05c86b5bfc092d8677507fb1eae8d66	-5.675895379999996	0.0005585350454249995	0.13385454880860637	0.004556660276649743	(-5.9406, -5.45752)	(-0.00622278, 0.00865045)
25dd2ae928b2e5e1ac2e28dbe2112991	-6.2691898950000144	-0.003156558063720007	0.060082255082003835	0.0019249269231662535	(-6.38805, -6.15925)	(-0.00682942, 0.000449812)
cebcb0fe524fb1cf0bfb5463ae228bed	-8.754854200000006	-0.0023041446389400057	0.13374138444871878	0.004849403397763833	(-9.018, -8.51694)	(-0.0110974, 0.00611841)
90104f2fbcc925a6619e805c7a625c57	-8.619379760000003	0.002841739780029996	0.16868060293448792	0.006076677783894088	(-8.98729, -8.35761)	(-0.00689253, 0.0144332)
4c2189b6b5ced3cb80093414e9449de9	-6.01488997	0.002826418689300995	0.056245081324495384	0.0019301140495088288	(-6.12078, -5.9122)	(-0.000417028, 0.00668531)
c4e57b91cc2be5a2232b3612abdf4c0c	-8.003544754999997	-0.003912271133500005	0.16486510341682376	0.005403266354821955	(-8.32914, -7.72999)	(-0.0133023, 0.00641345)
1600415004247da005dd77bd44c633d9	-8.083520220000004	0.003165880271309996	0.0740394174068894	0.0025143048441137157	(-8.22197, -7.94765)	(-0.00152292, 0.00763731)
3b092a59cd0e2d57483420cc994ec49c	-5.655928030000006	-0.0012324243954550025	0.1030016556668829	0.0036740379293425784	(-5.8516, -5.47204)	(-0.00793926, 0.00531634)
2c5c5d710e1b9229efa72f98ca7b4e71	-8.374832180000004	-0.020869239615344985	0.2979722210407333	0.0126868697591257	(-8.9104, -7.83065)	(-0.0457653, 0.000195336)
db093685d2f3295cfa4da0a44d3d9ad0	-7.9770795350000006	-0.0036202949689850034	0.11016844827142568	0.0040619291083355095	(-8.18385, -7.76725)	(-0.0102101, 0.00463666)
63a2de21003c952fd04b694d8444e66f	-7.080095895000017	-0.0014219816558199967	0.10415541483475045	0.003611207832469791	(-7.26809, -6.87565)	(-0.00741392, 0.00553904)
59196a586276f0be745d0e334fc071c6	-3.4008809150000037	0.0004368287130455002	0.03614600658181723	0.001157094275413829	(-3.46542, -3.3322)	(-0.00170325, 0.00250276)
8507091bac6b1be88f3d360d6d535d0e	-8.160007005000002	0.004205755435700004	0.10974959428253013	0.0043287204396145595	(-8.37779, -7.97257)	(-0.00339203, 0.0122342)
8f649d1053a0ead08b37f8e06fbb2818	-8.12820607500001	-0.01154601713835001	0.12044765183906385	0.00496371962151706	(-8.35104, -7.90047)	(-0.0207516, -0.00227228)
8a70333f85e6869971ef357eceadf3ef	-8.013351445000001	-0.00037250863964949924	0.12992000448915458	0.004831600304228171	(-8.23399, -7.76963)	(-0.00875865, 0.00867528)
8e0da29b36fbc3879561566e87f11ea7	-8.692229004999994	-0.002138821676374499	0.14707422767487163	0.005341424222957095	(-8.98478, -8.43253)	(-0.0127394, 0.00748216)
5093cebf67405c910fb68525ffa6dc3d	-10.28826825	0.005527917501150001	0.09817639073085493	0.002974781369453966	(-10.4921, -10.1289)	(-0.000121724, 0.0112337)
bde648dc2bd51d522327b0bb99e98340	-9.757771545	0.0016602171341800012	0.11312574944530958	0.003985538388261149	(-9.95549, -9.53851)	(-0.00497517, 0.00992695)
8720f9ecd2331ce68e2896df1bf2d977	-3.72058234	0.002251633646555998	0.07570617416383152	0.0025786273781629033	(-3.85341, -3.58166)	(-0.00197149, 0.00738874)
3af2ddaf4af4b5ae4100439a9c3d4099	-8.788323495000007	-0.007550078729649998	0.10908860345762507	0.004148761059596514	(-8.98687, -8.57915)	(-0.0153655, 0.000427409)
de24ab68045830f7ea823f771a1f7dd3	-6.419334234999999	0.0023938842224859977	0.10770311968747595	0.003947455841194016	(-6.61859, -6.22935)	(-0.0040199, 0.00989934)
aec9d6920c8746590e4dff84ba121b90	-7.934346940000001	0.0010611171232699998	0.14787678404887103	0.005739072126514201	(-8.20166, -7.65955)	(-0.00861978, 0.0121875)
192522c9b7c41f7a761f8a2ba792268a	-6.787723314999995	-0.0010603271684250007	0.09193651475970138	0.0030240539680102436	(-6.96508, -6.61534)	(-0.00638837, 0.00447968)
458157e555a80f9ba01d9da37ef787eb	-5.012979785000008	0.0006678125902700015	0.11198853517393546	0.0037566340959360304	(-5.21871, -4.80171)	(-0.0054575, 0.00769135)
3017f87a3b0f5200ed54eca17eef3cbb	-8.651933119999997	-0.0018526546713499993	0.09900786319108985	0.002823380817553396	(-8.84046, -8.47779)	(-0.00679779, 0.00397767)
c5e3c5422835403541b0af331a2cc649	-7.08995696500001	-0.07034505394999982	0.3684261054142862	0.016185760390766465	(-7.78403, -6.40576)	(-0.0999742, -0.0391246)
be7fc30c58dc772f88007fdefcf21a96	-7.985844434999993	0.0027290049088350005	0.08181581897518826	0.0028782843052255333	(-8.13129, -7.82931)	(-0.002476, 0.00795403)
3d766867c97f511431bf97e059d6498f	-5.707468819999992	-0.0011574550549210002	0.061769400018193414	0.0019010133365812243	(-5.81949, -5.59698)	(-0.00463495, 0.00222626)
9099a7f671b923c7b07c12508f17270a	-7.959557930000023	-0.006358810923900009	0.07942032080528949	0.002605609034896747	(-8.11358, -7.81916)	(-0.0112315, -0.00139071)
4973330392dab23937c67af9843e5359	-8.103345024999998	0.0036119436600489984	0.14274657128771723	0.005455900642296432	(-8.36023, -7.84634)	(-0.00560534, 0.0141088)
2cf53730a41137e7ad95ed3680541d80	-9.209592920000004	0.0019997531027000004	0.14669586666765222	0.005199158874507825	(-9.48088, -8.94004)	(-0.00676269, 0.0118299)
2a0968119cb66a61a416f8d924c224ac	-5.824982349999989	-0.01784406082929997	0.23071784447237167	0.009091746269602137	(-6.24026, -5.39627)	(-0.0334226, -5.73212e-05)
a4e2a4e1321a599651edf92f6999e78e	-7.696574129999989	0.006824259865795515	0.25482267968480166	0.009998806062183794	(-8.17759, -7.2506)	(-0.00899749, 0.0252398)
782772ed674928794b78f5a59ee3d08c	-9.359382160000012	-0.0022392566141320003	0.11566854321825966	0.004193793765340063	(-9.57726, -9.14229)	(-0.00959638, 0.00634078)
ab5c396eaf731e031c9764a05b798753	-8.538956925	-0.0005338562308149999	0.15422025231529865	0.005880262263317268	(-8.82939, -8.25124)	(-0.0109605, 0.0103926)
04195686f2b70585790ec75320de0d6f	-5.537510334999989	-0.015981447507150002	0.11877080823938942	0.00413346580567856	(-5.77349, -5.32376)	(-0.0239576, -0.00834638)
9f4d14b114e7499772a797790d81c1db	-5.001244680000003	0.0012294039826119994	0.04616180136105608	0.0015215097850367538	(-5.08163, -4.91327)	(-0.00139392, 0.00412609)
b1f2146bef78066448576fceeb6b644b	-4.721915354999996	0.003456074224099995	0.08204257311892392	0.0029578658885164727	(-4.88209, -4.58264)	(-0.00163159, 0.00890248)
3bff9ab82e7f2a76cc22e687ac7b72fd	-6.8487546500000045	0.0055842742372149996	0.26220083405240635	0.010531991919131442	(-7.35213, -6.41651)	(-0.0112343, 0.0261279)
c1365ec008032ee718dcafaf5ac17adb	-6.867748345000003	-0.004731003465239993	0.0703493852966106	0.002441691244414465	(-7.00134, -6.74266)	(-0.00897291, 9.03299e-05)
cc968157f7691aab95df444e8cd103e2	-5.408761929999998	0.002903000284335004	0.05418061692224542	0.0019303695569612364	(-5.51663, -5.31829)	(-0.000501316, 0.00661705)
09ee2c2d76be17c9ede2d4c57412adeb	-9.074002385000002	0.0029263788788750004	0.1361584700896782	0.004629839733095711	(-9.33967, -8.84445)	(-0.00517409, 0.0112867)
d9b76ee51ff2b6961430bf352cc578f2	-9.583947895000003	0.004051758448166994	0.1309409075931545	0.004779559053747172	(-9.86283, -9.36404)	(-0.00429521, 0.0132146)
d2cccbadb958c9c6547274fa10531f74	-7.094124145000001	0.0009680549603449981	0.08946306796365172	0.0032818012234435883	(-7.26622, -6.93313)	(-0.00478946, 0.00732212)
2268b83b6cb307bfd1cd008dae1ce4b3	-7.342622750000007	0.0005427047877750011	0.16441420572881632	0.006275607726889297	(-7.67248, -7.03827)	(-0.00973053, 0.0122681)
e9ad916c93ff127ade2a8283db7603a1	-6.5800619500000135	0.017013699906080013	0.33390219836188184	0.013456097476322919	(-7.2269, -6.01086)	(-0.00454495, 0.0418967)
624d0040eafc828499b5009791d96b85	-9.023483024999983	0.002308385985665002	0.0822740058973633	0.0027482649181681373	(-9.1784, -8.87628)	(-0.00242443, 0.00760937)
bc5146d3526a9ef5179457a2077b1b46	-9.045261585000015	-0.0037944752534300086	0.09032703201942256	0.0034524807699822663	(-9.2223, -8.88524)	(-0.0103496, 0.00278357)
7bbb537e486b770d58232a6c683a3a9f	-7.135968919999998	-0.0035193465764049897	0.08810927563959203	0.0032379701763060225	(-7.31096, -6.97005)	(-0.00908832, 0.00300286)
30c16856bd5bae4cd2f1182341b30ffc	-9.254492659999993	0.007994164172360005	0.1697328984558514	0.00652662433265862	(-9.53938, -8.92135)	(-0.00251388, 0.0192765)
ac5402de1ddf427ab8d2b0a8a0a44f19	-3.5834519350000043	-0.001962423474257153	0.07403386951393114	0.0024493000482039675	(-3.72788, -3.45494)	(-0.00593919, 0.00280369)
d0037fe3397f56b52e971759e3f2f7a8	-8.867556935	0.0012667204253259967	0.15024638282752678	0.005379968585474244	(-9.15649, -8.5974)	(-0.00811252, 0.0110357)
3d7f3a3956e66e4728521a97abd9f07b	-7.473650730000001	-0.0012849333864349995	0.18833144657934084	0.007030636969939024	(-7.85364, -7.14113)	(-0.0124934, 0.0123332)
3e15d94435169ddada1e508dd8b83a55	-8.143319045	0.0030436792480049955	0.1116005831276789	0.0038837979347821276	(-8.33816, -7.92733)	(-0.0033707, 0.0102146)
ed1528f4822674c9e1da64b84c778e9f	-5.826785239999991	-0.005785336369590012	0.10619320342066346	0.0036974400887249703	(-6.04036, -5.63214)	(-0.0121395, 0.0014006)
477734397215c70bdacce28d5685cc6e	-6.203259014999988	0.0003489783453000009	0.23964016608110508	0.009049646762794735	(-6.69147, -5.8057)	(-0.0136386, 0.0174075)
1243750138937650754b619370565800	-6.248204109999992	0.005347478464544996	0.12429130160879283	0.004076925962372069	(-6.49641, -6.01772)	(-0.00150043, 0.0129506)
997c1b9bc29e50b9096303c708bb54e8	-9.57210916999999	0.002798091301315002	0.13620431863972257	0.005176668162387863	(-9.83572, -9.32358)	(-0.00659235, 0.0120171)
8aff935557eab67b0baa4553b8518105	-9.070500265000012	0.012145313193179987	0.22423769071318012	0.00925970379911704	(-9.48755, -8.66914)	(-0.00414486, 0.0284402)
39bb3fb5b2257fd2eacca408dc42c5d1	-5.412697054999999	0.00136209544525225	0.08850018338499062	0.002684051358865352	(-5.57188, -5.23786)	(-0.00319849, 0.00626827)
b9024a1f377b62508864cfea59b16a31	-7.642606559999997	0.0005257817057974996	0.10089554773857166	0.0038447424741388497	(-7.84133, -7.46114)	(-0.00640733, 0.00768129)
7ab1bc6052053650189083370055ae66	-6.100706659999991	-0.0010642410012999994	0.14118917433339012	0.0050094649235889865	(-6.36463, -5.8625)	(-0.00942788, 0.00798446)
8183f1e3f9806994e125b1d5c6932498	-6.365473939999995	-0.0024202638056499987	0.11508690519114856	0.003930186275089406	(-6.56775, -6.1272)	(-0.00933829, 0.00494049)
92f000f936d3f349c5e7719a5edc5078	-7.359699044999998	0.00237236634291	0.0574191052093114	0.001774099943712096	(-7.46544, -7.249)	(-0.000866668, 0.00585561)
6509bd0f539df985ac2f40c335cdb999	-8.662651409999995	0.006072563709965008	0.13088084373433684	0.004710933657793576	(-8.93067, -8.44377)	(-0.00166648, 0.0151085)
c4f9ef34bd2919511069f409c25de6f1	-4.833020325	0.005555906156655001	0.15576714996123017	0.0055276629797544555	(-5.12538, -4.55905)	(-0.00381937, 0.0154313)
74923f4bbde849e27fc4eda25d757e2a	-7.866730904999998	-0.026054324104999957	0.23410118535460492	0.009666168805227972	(-8.27835, -7.42748)	(-0.0436328, -0.00728463)
3edf7e19ca2ce44d4d3daa243e8725f7	-9.61547053000001	0.0019648374516460032	0.09079013730532136	0.002943676985819555	(-9.77615, -9.44719)	(-0.00333022, 0.00747612)
ebab7cfc7858bfb00c486bba21d6ca6d	-5.846132774999994	0.008211491398849975	0.12528622323523603	0.004841249854668196	(-6.07343, -5.61666)	(0.000263135, 0.0168768)
8937656c16c20701c107e715bad86732	-3.2737069249999995	0.001925524604875001	0.07583927943614949	0.002580668570996486	(-3.42371, -3.14399)	(-0.00291286, 0.00674212)
6a6880faba39965be0e4b7d88966d1c9	-6.371328105000001	0.0016161337795949989	0.11110411293178561	0.0037068566164387548	(-6.57736, -6.16922)	(-0.00428207, 0.00890171)
85c05d873041801d03eed489230b23f6	-8.171628254999996	0.003249756859565501	0.06671149893537828	0.002150386781379944	(-8.30096, -8.05474)	(-0.000455703, 0.00735516)
6d8fe4ac153ead767024e041ff1f0ec6	-8.497158725000006	0.006582638176270007	0.2085549310601989	0.008165979472154269	(-8.87907, -8.12531)	(-0.00550257, 0.0221329)
ed5952d1e022067b212146b9b3bc6812	-4.744145610000004	0.0005018220470749988	0.15721934389135414	0.0054237849512047895	(-5.05331, -4.47275)	(-0.007829, 0.0108521)
7029eddc845e01d613a3bbc113ebeaba	-6.546352469999987	0.0020273418121499946	0.12694458328774438	0.004783720631039667	(-6.77408, -6.29995)	(-0.00656055, 0.0104459)
41d23d8bc82f57b26b6896d5e2e947e8	-9.405370749999998	-0.010783580100204995	0.18688595237801428	0.007791134183200419	(-9.71023, -9.00945)	(-0.0273268, 0.00208493)
0021d135d4ac12982cc8abdf2b38e23f	-6.0586542600000115	-0.03041694091750001	0.3540725816983748	0.015075130578721464	(-6.70591, -5.40734)	(-0.0582299, -0.00371413)
e4c0082e2ab8c9772768fc29bb86caa3	-6.6794241449999925	0.0010832703085310001	0.08273468918760114	0.0030127204762272065	(-6.82181, -6.5294)	(-0.00430258, 0.00628816)
46d8ab5615f60d7b522f3590976668be	-8.954925484999999	-0.0008102648028724998	0.07030137872591671	0.0023584743256720607	(-9.07809, -8.82005)	(-0.00520393, 0.00351581)
28bb502265419a0e86626d75a1183ce7	-8.445378019999989	0.006424058943751006	0.2116330598485963	0.008317825634369976	(-8.82949, -8.04336)	(-0.00784252, 0.0224878)
ea3af29626a95b6c7b89d631bf1a739c	-5.337111294999993	-0.0014832133485347006	0.07616421560662841	0.002571015678362704	(-5.4829, -5.20312)	(-0.00600677, 0.00343372)
94b000e59b7ac160b0416c9ab45ff0bf	-7.589228600000002	0.005446930124024993	0.19509871961635225	0.006776210364980322	(-7.95259, -7.21385)	(-0.00540222, 0.0179452)
75878b49cacdd2ffdcea1186a43be92d	-8.009632970000007	-0.0012557322376650004	0.10327587809299467	0.0036423736335227407	(-8.19679, -7.80723)	(-0.00731616, 0.00597817)
aea50462b44fe88301c739b72353e16f	-8.56088083999999	0.004233806120394999	0.09219160860888803	0.0032907283402854376	(-8.73331, -8.38329)	(-0.00128869, 0.0103202)
2d575dfaf20c70d49b09be32a1492254	-8.86382812	0.0017630127229710012	0.08154691744551475	0.0028196229275579032	(-9.02084, -8.7212)	(-0.0030283, 0.0072141)
b955f67a541a149dd3b179dc62d37a72	-7.850982160000027	9.924854477500001e-05	0.0867800537896491	0.0028490843431759555	(-8.02034, -7.69976)	(-0.0046425, 0.00533259)
ad7bc2bb6e1ec90a9bc3c8949bce80d6	-6.313379844999982	0.001737130434730002	0.26208019160616847	0.010058679548287396	(-6.81677, -5.8609)	(-0.0150401, 0.0201899)
8f1c11c7b732265cbfc1bb7dbd0241e7	-5.743728035000004	0.0025836740007699967	0.08419427317097518	0.002927298147956524	(-5.89605, -5.58537)	(-0.0021766, 0.00825048)
1fd31ccf4d6163405f70131e32d5065a	-7.205089519999998	0.010488142144050002	0.22348871204016021	0.008913657693860336	(-7.61734, -6.81793)	(-0.00336239, 0.0275896)
5093ad88995f6fe457c7fe96bb0ed33b	-6.044566364999991	0.0014980594987000007	0.08968845859661533	0.0031656062894455436	(-6.22656, -5.88498)	(-0.00405289, 0.00722053)
f9b52205cb2d03153fd394a290212a10	-5.303192845	0.002930724430564995	0.19345609642954115	0.007491358068436	(-5.6567, -4.94076)	(-0.0093756, 0.0170841)
9d4e16844252e2dfbaf80a4a6fc4d55d	-9.463119325	-0.0013293412946450039	0.16851933355640333	0.006434789345778683	(-9.76451, -9.14454)	(-0.0131675, 0.0106105)
148c7eb0139bbc1b8c87dd31464742e4	-5.654394170000015	-0.00047851290436999946	0.06908444794243561	0.002316751352235187	(-5.78987, -5.53535)	(-0.00447425, 0.00364642)
eea6b86c0c75e740670ccc50613b1b23	-3.3529618499999914	-4.6983677495499894e-05	0.033452399069087736	0.0010467638376677058	(-3.41236, -3.29098)	(-0.00206077, 0.00185318)
3fe55dd5e59267f275e972017302459f	-6.357726930000001	0.00494582497349499	0.24503808329334265	0.009357869620501022	(-6.82012, -5.90592)	(-0.00887005, 0.0223658)
f11bd4248a2f95e53507c5bbf8dda43a	-6.744645184999998	-0.001508012549386499	0.08004844266233901	0.002363501669618957	(-6.90766, -6.60479)	(-0.0058005, 0.00284908)
09a55cd0bdf9fa4929eab3f0ed841bf5	-9.048836044999986	0.003628373189195005	0.10481240796302686	0.0034868637134758042	(-9.25153, -8.85833)	(-0.00226551, 0.0104153)
bfb7bb16ab570748b3a5d099e9426af1	-8.430186819999994	0.002153520527655498	0.07127890716395423	0.002385798652429834	(-8.57529, -8.3083)	(-0.00240641, 0.00638257)
ad52a0f6646c574417ce0b13b84acfa9	-3.597772235000005	-0.0003537388542499997	0.11389368465483404	0.0036406299271247314	(-3.8217, -3.39839)	(-0.00643598, 0.00654892)
180b74e94caf35fac5e1f0f4b7ad9d9f	-6.37277674	-0.0008320223316779988	0.045587959192887766	0.001513337556928526	(-6.45875, -6.28367)	(-0.00354379, 0.00195905)
810926a593979f3574e3bbe7defd3559	-9.464150850000012	0.001840326610419996	0.15385924153744387	0.005255522576839196	(-9.71968, -9.14957)	(-0.00723829, 0.0122088)
5d62137a2d05df0be8d6b7e163a3ef08	-5.2717908749999935	0.004608429295839993	0.18101070885167095	0.006373572284470147	(-5.60539, -4.93871)	(-0.00521299, 0.0172607)
f9765bd9332162f70268554ab318197e	-6.916509035	-0.00065930916534	0.14034414515831725	0.005151910082405388	(-7.18592, -6.66852)	(-0.00933679, 0.0093171)
bc5b6cc17572b4fd6ebd80081410427e	-9.866894070000011	0.0016137661484050014	0.08459090695657012	0.0027619836199980967	(-10.0197, -9.70427)	(-0.00388608, 0.00651792)
a29679284280410db95e5cb8c0b2d73d	-8.181810620000014	-0.031991823960799984	0.2516366131605566	0.010912092518856987	(-8.63092, -7.68159)	(-0.0522181, -0.0121865)
1c86153e1b13ab5322c96f2602b73513	-5.501507144999998	0.0016718438087650028	0.17278527542646394	0.006149975616561013	(-5.85004, -5.21038)	(-0.00753258, 0.0122473)
fec0355651c9ad579f01f3e332311725	-6.979228629999994	-0.00443305245912	0.08757944177958152	0.0031059056636216693	(-7.13328, -6.80598)	(-0.00991562, 0.00122007)
f10155af1849a17996f302d71b32398c	-8.281997859999995	0.004458546710819997	0.12892708210271564	0.0033074467355596483	(-8.49217, -8.0127)	(-0.00113807, 0.0105272)
0cc26190e976fc496119a5eb4cd0fee7	-9.959539929999968	-0.0030161927394349993	0.1300724484408405	0.004580488737847697	(-10.2125, -9.7347)	(-0.0114845, 0.00566595)
9c25197937d1f54e2634026fbca6b55f	-7.338274195	0.012361457324434997	0.23124742094573092	0.008657954463713653	(-7.79433, -6.93393)	(-0.00211999, 0.0283061)
40ced57decad1424c32de76ae039c050	-9.517914320000015	0.0013581092490450003	0.10107591571060641	0.0037119943239499807	(-9.71837, -9.33812)	(-0.00595084, 0.00799199)
2ad31c7624bd7744a56a5ccac67ed01a	-8.579305109999995	-0.0032529894617349935	0.10766199470606087	0.003949892640775014	(-8.79068, -8.3757)	(-0.010915, 0.00403895)
41df3b4c55182503ecd97c6dbe47966a	-6.721090454999984	0.0006945269521900003	0.07296918954492358	0.002418264881536199	(-6.8628, -6.58807)	(-0.00363159, 0.00512858)
fea3411c847e6627afb5e78b88e2e9af	-5.466032090000006	-0.007870493577600005	0.11046434893861411	0.003643274690287144	(-5.67456, -5.25036)	(-0.0141769, -0.000804538)
8bb5ff097e0707dca3fe5860af20f4a6	-6.732065265000013	0.00043509048043499925	0.07819038133766697	0.002646341030576407	(-6.87666, -6.5902)	(-0.00403562, 0.00538468)
bda6b6e7da7508c68057140e7bd6cd8d	-6.266030945000005	0.0018856349817599999	0.09186813296762361	0.0030941903339813353	(-6.42247, -6.08273)	(-0.00328068, 0.00773256)
1a5526b9f7147b6893f1a034a107cc65	-9.737630190000008	-0.005481022532445015	0.1301578603245456	0.004722145914517611	(-9.99379, -9.50643)	(-0.0145525, 0.00300239)
97f26830027d30dfbd60b54895af0660	-9.190998635000009	0.005394804714004987	0.12560176952012572	0.004304634685125073	(-9.42735, -8.96356)	(-0.00146521, 0.0138276)
d061a99148d649c4eca4836c5f4b5b68	-4.645911489999991	-0.0018678611738599988	0.05198872358386867	0.001710951599079024	(-4.74313, -4.54919)	(-0.00495492, 0.00141406)
f9f5f08e8da4cc9740518223846563db	-8.192521605	-0.012770591443649998	0.1711289974369451	0.006741397822001617	(-8.51174, -7.86174)	(-0.0253569, -0.000381863)
40c85a458df8d5a935122ba778d4f334	-5.461526030000004	0.0008922681729109974	0.15819941292065265	0.005835056021480101	(-5.76978, -5.18705)	(-0.00781728, 0.0126723)
7ebc04cb539befd9f2e7faa131628c66	-8.326995674999994	0.00035912021394999963	0.10738942891525387	0.0038789293386167012	(-8.5176, -8.11581)	(-0.00661799, 0.0074687)
f7ef98bb6d0061b9368a72b1ff40aad0	-8.826371169999996	-0.002093700425434999	0.166285844158278	0.005659657473416289	(-9.12357, -8.51016)	(-0.0116998, 0.00780856)
362b97b08074732371b6e76cd1a894e1	-7.470945884999993	0.016318441452364968	0.411923961996164	0.0170674131798954	(-8.22113, -6.75416)	(-0.013543, 0.0449837)
2fad39e365933a7f925040cb3c2a5ef8	-6.305151965000014	0.00860889755836	0.21546432843069127	0.008562777924122614	(-6.71258, -5.95014)	(-0.00538218, 0.0229038)
4c855814a58f4f324e8f0cfaab222e1f	-8.697368114999987	-0.005024291778300001	0.17322321859034023	0.0061690485736331365	(-9.00379, -8.3655)	(-0.0155854, 0.00700833)
2f61368750bbc7603f01c928568e7ad3	-7.006371044999996	0.0016834251944900006	0.06388899945654151	0.0022282700465934427	(-7.13001, -6.89017)	(-0.00231221, 0.0059743)
599ba6458e91e2527f358f547ea39261	-4.191656869999999	-0.00175070925661	0.0388268147741107	0.001196406675907036	(-4.26418, -4.12074)	(-0.00374259, 0.000593651)
4b548f1f6fc22f32237396b7d4ffee6e	-7.57537047999998	-0.00264958198985	0.05682293105929684	0.0018592615541638787	(-7.66989, -7.46483)	(-0.00618866, 0.000635858)
eb3543a838a705addef1d704eda7cad3	-8.081259744999985	0.0022506945352850022	0.17934273032349266	0.00655584476016023	(-8.39072, -7.71798)	(-0.00718503, 0.0154419)
2281740c4ae82360612b5bc7e9538337	-6.436461819999998	-0.0012115397480454994	0.11435797283131428	0.003811093319812523	(-6.66934, -6.23632)	(-0.0081059, 0.00601858)
96936173022b85940115c9ea103505bd	-8.150888244999987	0.0007603577340389999	0.09253782467710148	0.003063841817477482	(-8.30526, -7.95075)	(-0.00514035, 0.00599965)
f45b62ab6ec22fb20364a7e05088158f	-7.412460355000007	0.006835485781614998	0.18599193399049319	0.007109354180626876	(-7.75273, -7.08654)	(-0.00425707, 0.02037)
c16907f7272c334959e9f980842194cf	-7.794295285000006	-0.013424289363849973	0.260032824719724	0.010738564318932997	(-8.25227, -7.30876)	(-0.0343297, 0.00591491)
266c2a374ca451985731e1e1b5961bd2	-8.553930334999976	0.007450361559899996	0.15374426863736348	0.006120427203063234	(-8.83153, -8.2645)	(-0.00355592, 0.0182597)
2ad8a4ebf774763b765f4ab5b516ff21	-9.166555375000005	-0.00970328888606999	0.2052949303730111	0.00843953752975807	(-9.5297, -8.74758)	(-0.0264751, 0.00560782)
f12011ad5219b22b6ca790103333a755	-9.047280234999995	-0.005240918282325008	0.10314352544049835	0.0039020861634367675	(-9.23456, -8.85346)	(-0.0132441, 0.00141848)
b9fefd4224e459a6a0d21db63b1c0d03	-8.97129126000001	0.0016968270044794976	0.1427885182783001	0.004831624404008243	(-9.24565, -8.69257)	(-0.00609078, 0.0111021)
0cc2420a6a4698f8bf664d50b17d26b4	-6.046260169999994	-0.006854667946549987	0.0797765260303499	0.002370966520700658	(-6.19117, -5.88724)	(-0.0109299, -0.00206865)
33f9226b33e1f59f71edc044bb947764	-4.3387991200000045	0.0011549142727999995	0.17286569953905137	0.0064663308630428925	(-4.654, -4.03888)	(-0.00884108, 0.0126661)
b4ef8e75d847b17325effd2f3873cc9c	-7.5339569249999965	0.004953455554370006	0.1579989489404736	0.0057199885842399096	(-7.85165, -7.26299)	(-0.00443054, 0.0163764)
8ffd2b3caa54b2922e98a0d5aab5adde	-6.8415749049999866	-0.007276036575900002	0.10356555789349545	0.0030451300811347817	(-7.02259, -6.63524)	(-0.0128139, -0.00156377)
42608e863ede290f764f14c074e8e4fb	-8.99207051499998	-0.00038015936259699917	0.09438879398522249	0.0032883080071295125	(-9.16761, -8.81896)	(-0.0062731, 0.00564336)
2a8a90cd5770804a5f23f425004de7e5	-6.559712365000007	0.010931622312599984	0.27824333435224763	0.011200041052343073	(-7.06558, -6.05596)	(-0.00657091, 0.0325676)
f19fa34c0c987ab3bd8aa42d8a4d21ec	-8.938256909999993	0.000261049358373	0.10893257310856065	0.003849877522111842	(-9.13915, -8.74155)	(-0.00608799, 0.00794083)
340a5698fe78713b785c3bcce89df73b	-8.370604564999997	-0.0066584007438799915	0.10164221418146485	0.00359730035949634	(-8.55973, -8.17176)	(-0.0133677, 0.000169807)
376917760e5aa918592416e980809536	-5.892581450000002	-0.002423197093014996	0.16171672325210384	0.0054373940304601985	(-6.22509, -5.60767)	(-0.0121034, 0.00789916)
589c1370b3324a2d6cff6d1ff85341d1	-7.53503936499998	-0.009263054797075	0.17932874494164835	0.00656918530058008	(-7.8894, -7.21512)	(-0.020999, 0.00330836)
e5a43b018c81cedd19e9a5354d32d469	-6.363395875000001	-0.002442528533994995	0.14287971172785316	0.004963956304530024	(-6.62901, -6.11315)	(-0.0103328, 0.00672326)
f4dfb45b33372cdc0dc2fd20c0d0b448	-8.350460615000001	0.006252318366335011	0.2161596729861327	0.007719358196152242	(-8.76068, -7.94445)	(-0.00567841, 0.020712)
e1b3393309a8b247e0c358c26176d13c	-6.758640765	0.002034194352540002	0.06284735542856817	0.002099716243994233	(-6.87347, -6.6477)	(-0.00178733, 0.00591993)
b47757a69204f053308f7f5f0022edab	-7.728369454999986	0.00088601889221	0.13212378180877574	0.004620011950521193	(-7.95703, -7.46512)	(-0.00683125, 0.00953411)
03569e3fd843f501355f7853b0ec9361	-6.3286395450000015	0.0019122151874949962	0.1280246550705878	0.004547770712172194	(-6.56625, -6.07712)	(-0.00556459, 0.0104554)
25e04b2be57def00437d44ab461e8773	-7.754440975000008	-0.004067524093755008	0.2939027127384154	0.012058338788386136	(-8.28943, -7.19016)	(-0.0265908, 0.0186839)
4d04d759f5a6615dac43060726239891	-5.334277574999998	0.0011371421102565006	0.112637057883582	0.0042697066781307485	(-5.53769, -5.11322)	(-0.0057861, 0.00943352)
237135dc8b20f922cabee934f7d410a1	-6.581067124999994	-0.0006939787128099998	0.11999572417292378	0.004102749233602875	(-6.82708, -6.36752)	(-0.00747553, 0.00714524)
9dd9cefe38347b087dd318d82962cc03	-5.807073814999985	0.0015279626198350003	0.08620516621639206	0.002913344984051821	(-5.96313, -5.64587)	(-0.00328901, 0.00743806)
c764eda12e92f19526c7e5a78a38c615	-9.50949292999999	-0.016636176534650004	0.2136812012546146	0.009175775870835666	(-9.87405, -9.11296)	(-0.0331779, -0.00020926)
6fc765c81c8b663cedcd799094894748	-8.767540385000007	0.0022229792157500016	0.14921564657870762	0.005395578112054756	(-9.05249, -8.50142)	(-0.00660753, 0.0133233)
1a389bf765c8ff0f92600f684fbe7ad7	-5.894892430000001	0.0009714665314400008	0.10564989695118072	0.003597601262797585	(-6.08858, -5.70288)	(-0.00513493, 0.00761931)
b0645cbec7653c887cb868a248d95874	-3.79620096000001	0.00010818949692500011	0.06448577469704773	0.002229665128642508	(-3.92651, -3.68569)	(-0.00378587, 0.00439233)
d6c46ad81c01997055a3b713c0d5ee1b	-6.500519040000003	0.004276674130354996	0.1732991670224596	0.0064544224011688035	(-6.80963, -6.19153)	(-0.00607911, 0.016252)
fe2a1f2b6f247658881254d63fd68b74	-5.980169989999993	-0.0015721764094299999	0.16850056318303472	0.006045083991264201	(-6.29971, -5.67539)	(-0.0121641, 0.00955177)
89aabf43d24dd5bd0fd0f5aca189d341	-5.300517640000005	0.0009682385174929978	0.03258505049605418	0.0010085570542369526	(-5.35932, -5.23694)	(-0.000770597, 0.00295448)
2ae8a432208b85a14e86eb821c86ce2b	-4.3116904600000066	0.00038587859702499973	0.07034636589397068	0.0025427820034911184	(-4.45212, -4.19268)	(-0.00402006, 0.00511948)
f596fa835cdfdb22d6494b012f61fff2	-5.687641630000001	0.0007092263067599998	0.07975621113771084	0.0029122441891407287	(-5.84219, -5.54766)	(-0.00444732, 0.00632005)
f7895578be91c3e9c71c7b89e3e798db	-8.444876765000009	-0.01989866123330001	0.2988668464240969	0.012496177221379155	(-8.97268, -7.86802)	(-0.0411954, 0.00564751)
8b40296c81e6ffbc10306d4a2ccab530	-9.449402375000005	0.001338756662091001	0.07842742454020381	0.002474617144998257	(-9.60269, -9.3056)	(-0.00350091, 0.0059085)
40a6b537d995aeb12b0100e2cb6ad879	-7.107897285000005	-0.00011650807794149996	0.0889125690095544	0.0027917606113846173	(-7.28034, -6.9542)	(-0.00516135, 0.00511084)
9ac5fec396208e598ab2e2d26985d0df	-8.094641579999998	-0.0016585643914494995	0.06003934210918376	0.0019930898722763193	(-8.21707, -7.9901)	(-0.00544331, 0.00207066)
19cb3add28813b2bf3e1f40a000d33c2	-4.479975164999997	0.0029019079004115014	0.09529429834083877	0.0032597197278049794	(-4.65751, -4.3054)	(-0.00222027, 0.00911065)
686d42b9552375c3b61301ae5605e3a2	-6.658287084999998	0.007203416681350012	0.18030911163902064	0.00651931603218926	(-6.99233, -6.32366)	(-0.00398544, 0.0187136)
51625f89e7332f46ab0641e10cede6ea	-7.159545719999999	-0.012421311389924987	0.21070131515864246	0.007926606536557636	(-7.57423, -6.77685)	(-0.0260308, 0.00393776)
ddd87ec4b9d332c2d8c02f5d1b08dbb4	-7.474884539999994	0.0010697129160099998	0.06422860201645679	0.0022191138834947144	(-7.60115, -7.3603)	(-0.00285075, 0.00535118)
588a23811b3e98af68f4f0fb24a0daa8	-5.436126499999998	-0.0014446864814849994	0.10500883031036004	0.0035700421940325867	(-5.65264, -5.25857)	(-0.00776813, 0.00505103)
7c82a2ef7685c5c6dc3080f56033cee9	-8.901347024999998	-0.0006507674138439991	0.16098094384429287	0.006077977451291874	(-9.2281, -8.62181)	(-0.011061, 0.010977)
b835514e2678e3c7ba13bfe0a0d79bb4	-8.50625553000001	-0.0015366777861399981	0.18322711650959056	0.0068199710547669256	(-8.82821, -8.14831)	(-0.0133273, 0.0120989)
c162a4f3943238810eba8a25f0563cca	-5.226292279999997	-0.0022025517074500036	0.0642817339397562	0.0020498718724242995	(-5.33682, -5.09415)	(-0.00574617, 0.00180508)
5b00db3216a94bcd5c4842499bf6bf6e	-7.910542744999988	-0.002029689896284997	0.08847898983496018	0.0030518224461785364	(-8.06772, -7.74192)	(-0.00746813, 0.00357767)
beef5a54aaee13f217ecede427cb3071	-7.622150854999998	0.00039813870575	0.20019045924373868	0.007341249699988433	(-8.00409, -7.27431)	(-0.0117059, 0.0138769)
f7686a74ca2d3729eb66305e8a26309b	-3.6755865499999967	-0.002488932320314999	0.03739324908319018	0.0011306267098029877	(-3.747, -3.60609)	(-0.00463472, -0.000472286)
5ca5ea401c8d3569e69626d2f81d5578	-6.069384235000012	0.0037306181497200044	0.22613958551725247	0.008845985926803043	(-6.55242, -5.70704)	(-0.00912668, 0.0215262)
b6d740387526e21887b761f90fbc914a	-8.327417495000011	-0.005574422728319003	0.133233729962705	0.004695963280174221	(-8.56332, -8.07332)	(-0.013297, 0.00400945)
5e69d50b5a886d1b222f36de84a9dc98	-8.798869195000004	-0.019328392861150026	0.2485856920661405	0.010463619488861436	(-9.24452, -8.32038)	(-0.0389215, -0.00134865)
208c8722c4dd18b60b2b2684272ff26c	-8.506068255000002	0.0050074226308449935	0.1785164551981273	0.00651662393260445	(-8.83409, -8.18294)	(-0.00477494, 0.0175372)
95fb1be2ae50b6d347649ea76c2a1874	-9.050990905000017	0.0014935007414549988	0.11920204949635296	0.004371341833814318	(-9.2959, -8.83563)	(-0.00594387, 0.0101146)
ea2b0e4a93c24c6c3661cbe347f93b74	-4.296240005000001	-0.0035176536745400036	0.05525176278500058	0.0018865480057391184	(-4.39969, -4.19892)	(-0.00696096, -0.000135456)
04b5dd98584b9ead93ed64c586994296	-7.806118429999993	0.002756471776654997	0.1116541323965893	0.004049113166174578	(-8.02187, -7.61145)	(-0.00435544, 0.0102623)
ec6c9ea52e88226c339487585ea02f42	-5.476110674999992	-0.0007217123110995001	0.11869827895380114	0.004381307332892366	(-5.69232, -5.26097)	(-0.00811068, 0.0074632)
4ce0afbaae4138f34580aa9f62b7a0fd	-8.424099275000005	-0.00045313015638050007	0.1671387640576668	0.006124090504526512	(-8.73444, -8.12693)	(-0.0106502, 0.011313)
f655279fdb3e9fe733677c83df662486	-8.763907789999978	0.006032637825150012	0.10085538858641055	0.0037473013625439486	(-8.93354, -8.56278)	(-0.00090722, 0.0127146)
