Feature	Intercept_mean	CV_HEI_mean	Intercept_std	CV_HEI_std	Intercept_hdi	CV_HEI_hdi
7e9ed2c841e64976eace4b578ff56a26	-4.279828489999999	-0.036587559696302625	0.4401011056413286	0.022874534885323514	(-5.12726, -3.53491)	(-0.0763461, 0.00602694)
a6099802840e60febef8e896967b7747	-6.975706590000001	0.0022353525030900023	0.15061098820495109	0.0077662795287352085	(-7.24506, -6.68773)	(-0.0121899, 0.0165302)
904ad13c7b8512200836d5cd9fb09e1b	-9.089277319999983	0.008704968572849987	0.35876880178342907	0.01852960375271145	(-9.76165, -8.44898)	(-0.0245821, 0.0439673)
1aab913302590e21a7be28b1494a3320	-9.166560950000003	0.0031859122736500045	0.20929280404327663	0.010778385948551874	(-9.56526, -8.80733)	(-0.0157489, 0.0229275)
e644522cf6d7222c9da7f9ecf614cd89	-8.285112314999983	-0.02538328771169998	0.32158539996490937	0.016625002291198034	(-8.88571, -7.65055)	(-0.0587838, 0.00296513)
bad4f7c5ada34a1f813946abcfe5c556	-4.116199479999997	-0.031144313560000057	0.14598603299504231	0.007504756711395223	(-4.38032, -3.84313)	(-0.0465029, -0.0187212)
399bcf0feb12a20ca0731d8d65268dae	-6.647533100000018	0.018618753972457526	0.2623082168043732	0.013396613384656328	(-7.14743, -6.1866)	(-0.00530926, 0.0428488)
32f7e6bfc42fe19c17f9459bd9be4b67	-7.441433590000003	0.013885722789099986	0.30472391838812374	0.015733879694577048	(-7.95146, -6.82945)	(-0.0147544, 0.0427416)
c942f59feffce9c3ab527135de234101	-5.7182416149999895	0.02570727888935005	0.21014337374978478	0.010774118379572834	(-6.11225, -5.35356)	(0.00584696, 0.0452061)
29bb5fa7f45e47bbabab8cc1b1b3d18e	-10.068941535000013	0.06450795181	0.3915568816504108	0.020125094279196277	(-10.8081, -9.3494)	(0.0242721, 0.0995094)
7b2ff5940de11da4dc3bb208805dff11	-8.634694340000008	0.012905792889849972	0.22104673339265704	0.011459914330403848	(-9.03974, -8.20998)	(-0.00822505, 0.0344066)
6c7fa77831ae630967a6fbfc8ee47901	-3.6767825400000023	0.01131971450354999	0.11325280892520223	0.005877638447375313	(-3.88726, -3.47189)	(-0.000127273, 0.0214147)
6c83fec6e8d03fad51eabc871853c991	-7.565413775	-0.044166500963300014	0.395633768294997	0.020695187879472887	(-8.2461, -6.74355)	(-0.0836763, -0.0060685)
23597fea41001255f06321d42aefd3bd	-8.506614374999984	0.005686702514290003	0.2542540218669301	0.01315340103173011	(-9.02787, -8.07376)	(-0.0172809, 0.0323265)
ee02d6d3506da57909d5e603709a295f	-6.726393580000015	-0.001844555140185	0.15461261579147936	0.00788996414744738	(-7.01987, -6.44545)	(-0.0163594, 0.0131016)
e6a34eb113dba66df0b8bbec907a8f5d	-5.524912484999999	0.0013995490517000003	0.193180648860011	0.00995722015441206	(-5.88469, -5.17325)	(-0.016195, 0.021607)
6c4de756c45fa6e7e5adfe196f9f0039	-4.844930310000013	-0.032853246439635025	0.428594872159367	0.022060466951182	(-5.62978, -3.99991)	(-0.0752018, 0.00871191)
60c57911662a9159dfdd0fc05d975a55	-4.406436920000006	0.007869640307600007	0.16738841152574926	0.008676002236013515	(-4.73882, -4.1158)	(-0.00840238, 0.0237598)
1986030e3c5cd5df6d869054bc96e536	-6.929404040000021	-0.04562034465965	0.31499435473049114	0.016364766426681512	(-7.51507, -6.33689)	(-0.0778008, -0.0159805)
ea3433f2c148c6fae4cc2e9ae197f5b8	-5.0688321950000015	-0.008126863633524998	0.22375524298132543	0.011584942912642598	(-5.51163, -4.67934)	(-0.0293112, 0.0141779)
059c8f8bb468064b134ea6d3661761ea	-4.878722400000007	-0.001664908425150001	0.23059577134119363	0.011934021731118384	(-5.29092, -4.42738)	(-0.0239386, 0.0200743)
8a9f7499cdb85b8efa497bb56256cb43	-5.984651480000004	-0.02316840740975005	0.13790689533054387	0.007056286485937101	(-6.24133, -5.72568)	(-0.0361356, -0.00976329)
8dccd839cf4868a3343e411c063932a6	-8.69765026999999	-0.025021022417489974	0.33848989249891526	0.017688998570232036	(-9.335, -8.0839)	(-0.0546888, 0.0105477)
f402919ff0fe53fec5b6ef190f9e42b7	-6.905341184999997	-0.002754891332299999	0.18053572142472463	0.009306745585231877	(-7.26346, -6.57037)	(-0.0208198, 0.0143491)
f9382b37fc2cfd3cf606824a235802de	-9.286291625000013	-0.02552033334045003	0.28238730778632615	0.014665660481561999	(-9.84735, -8.78289)	(-0.0528303, 0.00243857)
1664c7d0b9dec6e07df8542c0c4049c7	-8.032011469999981	-0.024437338931	0.22751531661767085	0.01174011841709012	(-8.44741, -7.62059)	(-0.0468189, -0.00396293)
3e5f388f7ad4f160c2a1cdd1441d00c0	-6.393255315	-0.008061144551525	0.18246639902458955	0.009451806399541735	(-6.72988, -6.07566)	(-0.025307, 0.00938777)
f5706d9ec821f971e4c08ee992995b40	-7.739493194999996	-0.008581518755025013	0.39678324075399407	0.020723245758697013	(-8.48384, -6.9923)	(-0.0446823, 0.0323536)
138eb7703e1255cf29760a4440de2a47	-7.781080139999995	-0.04487266623500002	0.26588034909913955	0.013740818571735541	(-8.23323, -7.23999)	(-0.0691553, -0.0180772)
56c3d1a8e4dc5c2aa7afbc1563559448	-7.531434750000013	0.002573406293741503	0.5504602871081956	0.02857769467761788	(-8.48809, -6.4362)	(-0.0529302, 0.0513849)
de61860db8d93da85692dffb5cf32ab9	-5.223831440000002	0.006724756060250006	0.3674758777369288	0.018959167457122336	(-5.86122, -4.47819)	(-0.0273705, 0.042151)
5c02713fbed5c1964b4410d9f8166555	-6.123147245000001	0.0017539331530699997	0.1579529323832261	0.008162630729533181	(-6.40448, -5.81515)	(-0.0137839, 0.0166847)
12bb0c9249480c4cec2cc9f692018806	-8.291566435000014	-0.004793926112000011	0.211336484449895	0.010891674685135928	(-8.68904, -7.88909)	(-0.0265599, 0.0144924)
b10627ff6db16c65eed2f21380dd700f	-4.8503547650000005	-0.06975649487500007	0.41179086272116927	0.021121485804620428	(-5.69233, -4.14523)	(-0.105233, -0.023892)
3f5f0d10bd5495e2c89d229c508dcdec	-6.733931464999999	-0.016767324546550014	0.330860498826928	0.01703888866273245	(-7.3149, -6.1094)	(-0.0496275, 0.0126039)
de6891b6f7a1f35bd9ccbc058b9e1a77	-6.605664344999987	0.0017069946911790318	0.11188884435666915	0.005730897807957875	(-6.80467, -6.3891)	(-0.00860193, 0.0124927)
828c563319c7cee475b9b8ab6a0a048b	-6.819071779999991	-0.03279481290299998	0.18582793216691504	0.009646183380958602	(-7.14048, -6.46533)	(-0.0509899, -0.0160561)
6a129e8ae637c96e7bb56223913911f7	-5.849221855000016	-0.008432240985210004	0.22990628278498393	0.011845414770752067	(-6.27748, -5.38677)	(-0.0321595, 0.0132048)
1527fd8b14037f53b8edb26b111e1f72	-6.0921874300000125	0.014968342013050013	0.17710477950438022	0.009130643949495233	(-6.41169, -5.75604)	(-0.00221235, 0.0321305)
b3d06445a910a9a444919e41f5da39c3	-10.494651709999989	0.02788966005000001	0.2862613694513737	0.014711837759864725	(-11.0262, -9.96397)	(0.000731653, 0.0551127)
992072d045462445dc239b35300af2cc	-4.222651019999999	0.021790264670500003	0.48277236542148877	0.02506306378930576	(-5.05751, -3.23159)	(-0.0224893, 0.0720392)
2403a466dd6d1e4f551d80394c2aa994	-6.064838649999996	-0.049392087071500064	0.529742719052728	0.027309414793348828	(-7.00816, -5.03347)	(-0.102642, 0.00119341)
cae14798faeabb8e1b8840e712839921	-6.058806165000002	-0.06249690323500006	0.35916816372646776	0.01866752578377132	(-6.70304, -5.35938)	(-0.0965938, -0.0267003)
4311a44a7d56ce4086afad3e75bedd6e	-8.06828732	-0.003403565302575	0.2402957884828979	0.012428260087044047	(-8.50393, -7.62036)	(-0.0256483, 0.0202971)
ab153c3e19553cead3d76fb9e00684c2	-6.692405310000011	-0.011076726682104994	0.41891562997816656	0.02174293034772492	(-7.53627, -5.93772)	(-0.0512823, 0.030194)
fc1856f132cd513b1251fa39ad4ccd01	-8.187031099999986	0.005875895067187497	0.15971698586214939	0.008221847631747476	(-8.46562, -7.8705)	(-0.01089, 0.0197854)
8ef31508d9a2fc6f83935de5607a686c	-7.004258500000003	-0.015971597937050004	0.5198105390094068	0.02664523838351365	(-8.03604, -6.0193)	(-0.0682294, 0.033163)
21ce8465657612a85e2f89e74d285ce1	-10.477247984999977	0.017415842713825038	0.2851821337683859	0.014778983106183058	(-11.0165, -9.95126)	(-0.0103864, 0.0452896)
69d052e452e79d571cba042af265d50c	-4.317502130000007	-0.04297165320819989	0.40666286030281057	0.02088186162677454	(-5.07851, -3.54139)	(-0.0830608, -0.00620187)
79d5bee84cddbb27acb4dd7df378c789	-6.544126450000005	-0.04067068206055	0.3147613495097479	0.016335524755116536	(-7.1015, -5.90483)	(-0.0695237, -0.00744027)
0f0a1f8c92368be6e8d3145bd4e94cd1	-5.600768114999989	0.02091250345366	0.2804299152367609	0.014393475645631216	(-6.13609, -5.09049)	(-0.00661861, 0.0471441)
64d05989cb6f8053633b2127793200b3	-7.525476149999999	0.004631056260935005	0.21104413876906775	0.010901589587235498	(-7.93631, -7.16749)	(-0.0148932, 0.0248622)
bac3d8ea4685e825ef8d12b2a6979577	-7.6252894249999965	0.008705390000899984	0.5069657590165428	0.026026750722371848	(-8.51262, -6.64127)	(-0.0386469, 0.0570794)
a8d23fd98a311df2db65e5842634aba3	-6.850893605000009	-0.021242087869999985	0.17178795582331713	0.008825466029024709	(-7.13601, -6.48161)	(-0.0396687, -0.00573548)
41239266f2952a56a313fc4798f28a1c	-7.052337049999985	0.01173358648947501	0.21484597140299705	0.011026808600074487	(-7.47607, -6.64524)	(-0.00937279, 0.0337487)
2b982979f2401a8bc447d7141879e9b2	-4.09661565	0.011841985691309976	0.10635866586074447	0.0055272555072227135	(-4.28514, -3.87761)	(0.000715367, 0.0215503)
251429848560a80abcb96640ceb102db	-5.451184980000001	0.004250907192077997	0.22103735252259862	0.01148314111127824	(-5.89074, -5.06412)	(-0.0164775, 0.025475)
7b34b797cadb639f63827c6d332dd4e9	-8.162878704999994	-0.0015422521678000011	0.20876415507618398	0.010704679686881586	(-8.5492, -7.75557)	(-0.022278, 0.0183531)
2a99ec1157a90661db7ff643b82f1914	-6.286835635000003	-0.006039610861299985	0.6144205489224758	0.031795965833452025	(-7.46082, -5.15666)	(-0.0665643, 0.0537441)
2a7f11895ae7fe9fdffa52016207c561	-6.5650711549999965	0.029800515928750007	0.2488505679784877	0.012927203960515206	(-7.00988, -6.08385)	(0.00408791, 0.0523027)
0cfd41d10227f0de9092d5cda028c12d	-8.908794045000002	0.01650898399599999	0.22890113906267023	0.011851040185929725	(-9.33368, -8.47582)	(-0.00536571, 0.0392144)
a9387e76477da8688775569cf540191b	-5.666391535000004	-0.021137287119450024	0.34510786781728653	0.017825378220085765	(-6.31895, -5.01732)	(-0.0559355, 0.0110892)
bb769f42c78f86faa2801cb2c2abb8dc	-8.013442575000004	-0.03260086535100003	0.28563440786085176	0.014840806864071255	(-8.56744, -7.50842)	(-0.0595553, -0.00411492)
68ee181a51a55ca3814763c9214cfd8a	-7.880242774999995	-0.04325079449705003	0.2893170534362767	0.01499777855468062	(-8.40147, -7.33106)	(-0.070568, -0.0150265)
88956ab21ebb7e44b2dd317dd412818a	-7.994899090000015	-0.026614893073549962	0.3338455346433017	0.017318462133192835	(-8.59382, -7.34104)	(-0.0605434, 0.00444708)
ca9dec36ad0aa5a1473144ddcb74951d	-5.022705505000006	-0.007448490666750013	0.1788052531847008	0.009252404766562092	(-5.34572, -4.67542)	(-0.0244138, 0.0104295)
ae171d16e3cb68ad19636a58839a1ef1	-8.297706134999997	-0.03506663952585002	0.4261348480449722	0.02211323609098365	(-9.03118, -7.44579)	(-0.0757331, 0.00686729)
77f4d90aa6eb8080927f59ee8bbac375	-8.486662295000002	-0.03698017490500002	0.20216396849310952	0.010544617057342167	(-8.82253, -8.08024)	(-0.0565, -0.0179139)
a7b427a226422d10e62536b8d41e02fe	-7.376235719999999	-0.04214451853405003	0.4603649493906779	0.02367400746896087	(-8.31413, -6.58629)	(-0.0870251, 0.00118055)
2480f3aa1e7784b461d9b5b83a6bfc81	-8.192414934999995	0.014200686327899998	0.3167454838146803	0.016314046937020817	(-8.78438, -7.60326)	(-0.014996, 0.0447736)
9000b563231e32a7003bf2ef20bf9a60	-7.302493629999996	-0.006600947086750017	0.22739659351037583	0.011666511527811634	(-7.74171, -6.8793)	(-0.0281198, 0.0163808)
a186bb74dfce512f83043f7b366c60c4	-6.686665869999994	0.018383766638245043	0.6313957069636624	0.03287765237982071	(-7.89792, -5.51106)	(-0.0406211, 0.0812044)
aad2c8fbb5e1201340fe4357731fc9ee	-8.158808490000006	0.009020728391400014	0.39787236776649865	0.02056021454152693	(-8.89004, -7.43631)	(-0.0300944, 0.0440685)
490d2aec117bd7289577684ba3cc1b64	-5.966500165000002	-0.04742812243499987	0.3624381996839224	0.018690432148858453	(-6.61392, -5.2638)	(-0.085029, -0.0150978)
457d3865cf0a4bc602a07d8d5324388f	-8.549113314999989	-0.004864751075650014	0.37660101548198266	0.019363573767859386	(-9.20282, -7.77132)	(-0.0422107, 0.0301637)
552e00cb506f739acaf08aa5641f9d84	-6.770254290000005	0.006403304754514987	0.270238300399658	0.014170773208077874	(-7.23868, -6.25375)	(-0.0203948, 0.0315027)
9dc78fd8f2f7cb10e190e77af61c7ecd	-7.517641140000008	-0.03405051592499995	0.18675786380391166	0.0096932325777106	(-7.84387, -7.16205)	(-0.0525399, -0.0174857)
a3607a88a8ed64e24a374847b23e404f	-6.515898119999995	0.003704906246349998	0.2372531594456976	0.012250054872404643	(-6.9571, -6.0549)	(-0.0182226, 0.028065)
5bb151262388870fd53a84ea6f1ffdf2	-8.980519850000011	-0.023764386462490007	0.3770923018402492	0.01967935713446145	(-9.642, -8.22043)	(-0.0620649, 0.011537)
f7962a90f4519ec1d1a9c7b8ef7bf396	-8.696811359999998	-0.01937075859784997	0.2877765013962231	0.014802974438360568	(-9.28173, -8.204)	(-0.046388, 0.00885888)
77ad88eed91eef009bf64f101c96baa6	-5.512224715000003	0.016772585107225017	0.4282449535514907	0.02199875590034882	(-6.28115, -4.74502)	(-0.0203769, 0.0598186)
08be83d0a527ddd1da0861135192e593	-8.56703974999999	0.0027726334580000017	0.42035319781017205	0.021496956467255923	(-9.37933, -7.79883)	(-0.0350668, 0.046578)
b61862b15d33865612e76c1db7b995a1	-8.21429235000001	-0.04172030004649996	0.2435571499136855	0.012754454401333644	(-8.68123, -7.75466)	(-0.0654885, -0.0176535)
14f11556b1fc9132c5ab27b67a2479bf	-9.162322009999997	-0.0016140936160000002	0.316840573673827	0.01641482507346918	(-9.74362, -8.56752)	(-0.0309589, 0.0293608)
514b34f09e4acd2397d38273c630d338	-8.197388105000002	-0.016630497027849994	0.47127547135222236	0.024613426645870566	(-9.09944, -7.32548)	(-0.0648757, 0.0264689)
ba88d4e4e6a24ecc2a5aab6bdfbb77f5	-7.6879105150000075	-0.0059660358330800075	0.19103689749910835	0.009893822101910614	(-8.04584, -7.33765)	(-0.0252739, 0.0118046)
1c94105978b1aa2095e3c0096774f240	-8.166586699999998	-0.0023014742562999964	0.28965466698296105	0.015001872948571384	(-8.7056, -7.64005)	(-0.0322827, 0.0233895)
27b636c66fa117272ed27920bad78969	-7.508898595000012	-0.04813759344284999	0.3449916565445839	0.01797873813381202	(-8.12056, -6.82026)	(-0.0812023, -0.0141862)
7201d53bd647437ec3de879774eba498	-6.6960584849999885	-0.0013591455262150008	0.4327354427921922	0.02198577017605448	(-7.4617, -5.8141)	(-0.0424796, 0.0383001)
f8529e2e737999b4a7d06420482d4af3	-7.715143884999998	-0.041238960725500096	0.44651028410447186	0.022841082080658565	(-8.48083, -6.7924)	(-0.0825384, 0.00294348)
959d48a11e3b26c9268f0bd1dae6ec40	-3.9858188500000016	-0.012513737213799983	0.14187837158417602	0.007374913163598662	(-4.25278, -3.70818)	(-0.0259774, 0.00268037)
bd0f4e14387ee1ac7e5fe586cadbbed4	-9.098258309999999	0.011284848910480016	0.18950456556253173	0.00972520214523075	(-9.43894, -8.74695)	(-0.00765968, 0.0288486)
66047b69a772cae3e37186eb74254da7	-8.313420915	-0.028165454199200007	0.3845947539811384	0.01984521115048029	(-9.01251, -7.56959)	(-0.0649293, 0.00933438)
4207ad1746e5fbce9c5ed5efe1e357d9	-7.453349625000003	0.003352607706395005	0.18000426598558558	0.009191485022359586	(-7.78101, -7.10763)	(-0.0143151, 0.0196996)
30207d209491dfb7de83344e77fd6fbd	-6.205905739999999	-0.005666057064604999	0.17873783425048098	0.009305460601745523	(-6.57023, -5.8994)	(-0.0224052, 0.0122726)
3e93fd55a231bb99b67a666bad8446a8	-8.528801670000005	0.013939666758605012	0.20928905473987663	0.010801780378933966	(-8.94125, -8.16923)	(-0.00473318, 0.0350275)
d39f37b814ebd81091a949f8bd9d1710	-6.0337058149999985	-0.01094568440617	0.29091852925266853	0.015062947501172484	(-6.5499, -5.44699)	(-0.0401602, 0.0164001)
706b0d627a9ba61b18e6b7b39622ac1f	-9.180404685000001	0.009579018936425005	0.2944788819862995	0.01507541968195625	(-9.75031, -8.64867)	(-0.0185504, 0.0378124)
32382a0f5831da5faee464d011b5616c	-6.150202864999996	0.012901414859600037	0.47734189436790664	0.024945452165776382	(-7.0668, -5.2841)	(-0.0309719, 0.0615817)
fcd575ef43a2ae77d9b7c10639e80fd8	-9.285437460000002	-0.029052329918999965	0.345122233411944	0.017887574871035147	(-9.87409, -8.60591)	(-0.0612343, 0.00559621)
fdb1c35a8dab336d65ed22d796e71e4b	-6.5735169399999895	-0.008456288841999997	0.5605716572737478	0.02921180464663822	(-7.61413, -5.50104)	(-0.0590002, 0.0529488)
25def15fb42bed6855ede4893d27a21d	-5.1783999799999965	-0.005316276617484996	0.38130297074019764	0.019743453871545344	(-5.91057, -4.51602)	(-0.0432807, 0.0301168)
2a13ecb6c618ddf8154298c69336dd8e	-9.18542315	0.033592778629299984	0.467696304802035	0.02444364694193474	(-10.0679, -8.30505)	(-0.0152916, 0.0757859)
9ad89cc951aa3031c19c59c95e401614	-9.905077185000005	0.013587189769950015	0.330660963327584	0.01700117067515029	(-10.5184, -9.25369)	(-0.0179089, 0.0476687)
55d4d3011e1f3bb8e4e5089b801b61a4	-8.564789534999987	-0.04637206213	0.34180802394214466	0.017948955801421473	(-9.19943, -7.91848)	(-0.0784535, -0.0125711)
4ed55370307d6700d110b6d3f1196136	-6.683332055000004	-0.05331444995575	0.5155980371833537	0.02657665917593448	(-7.54479, -5.59287)	(-0.106076, -0.00499679)
154c25181234441402124e02c204074c	-8.939989324999987	-0.02938396238200003	0.33963803372310114	0.017589755011826008	(-9.5928, -8.32488)	(-0.0626241, 0.0032446)
370829fece3190f1a8efccf50b7d0921	-8.329080094999993	0.03507901996150002	0.24218211816552646	0.012447385405983238	(-8.78302, -7.89803)	(0.0134334, 0.0591254)
b1a153ff5a21342991138e7f7dd2658e	-5.697851069999998	-0.05325371271899997	0.41116334496201795	0.021278065990967564	(-6.40482, -4.8472)	(-0.0949711, -0.0151931)
e39b1ae9776ee98190c8cb02bc9de792	-9.26328091	0.004001910070150005	0.25988721813562093	0.013382535494381086	(-9.77044, -8.80056)	(-0.0212475, 0.0290864)
e71461ffe18aa4dc3b1f7ba4a1011cff	-6.946380859999999	-0.02772401281604999	0.27110598035558003	0.013977038852000833	(-7.42536, -6.459)	(-0.0532032, -0.0021709)
90c2b51afe404951ec89bd52c7ae1f58	-9.50022654	0.027210893141249998	0.4302511316911653	0.022286491906008603	(-10.3141, -8.70932)	(-0.0145249, 0.0694539)
c5af8314e36eaed98fc88f181f539e8f	-7.10281603000001	-0.010386343730449981	0.20337757210946134	0.010534205330390975	(-7.46247, -6.70128)	(-0.0295646, 0.0102323)
10cd502b01abafc87e2ecbad86389286	-6.199580224999995	0.005842398038324995	0.15108672712584462	0.007845283574412887	(-6.48383, -5.91717)	(-0.0091493, 0.0202766)
433cf7e272a09b91cc85082a1338b8e1	-7.3605735849999965	-0.019516971415000004	0.1602151928148444	0.008234138619402058	(-7.64418, -7.04235)	(-0.0361262, -0.00552087)
877f27b47c85f6b2d3cf8a6aa86def40	-4.83189841999999	-0.027788275311500053	0.25503794186591844	0.01312721712122345	(-5.28148, -4.33468)	(-0.0536891, -0.00478324)
9ed241a051fe72047261df3b7e08b675	-6.987067760000006	-0.002027097253269998	0.21380947025583877	0.010922137642576017	(-7.38997, -6.59492)	(-0.0235421, 0.0172193)
04c8be5a3a6ba2d70446812e99318905	-6.3801423849999965	0.02094841552005	0.2031461803043853	0.010474930722194756	(-6.75588, -5.99227)	(0.0017498, 0.0408023)
e0b7bd623a1b4cd1640883066e8d96bd	-9.128482029999994	-0.021899861016884997	0.29576965432761926	0.01534650437437604	(-9.6905, -8.59368)	(-0.0518457, 0.00480328)
6a17479edbe461431433bddb084f731e	-5.966745635000004	-0.02663562230999996	0.2621010101409317	0.013541581951188346	(-6.47798, -5.48475)	(-0.0514079, 0.000116503)
35513c8de34a49ef37dde85737e6aef9	-8.021966529999991	0.014446949947144988	0.3503521361839529	0.018071776829330147	(-8.66353, -7.36067)	(-0.0193353, 0.0483291)
69536042153447ceb692aa53159ce0c2	-7.409510499999995	0.004801531135395007	0.15883569583991503	0.008238868233063254	(-7.71115, -7.11904)	(-0.0102818, 0.020729)
0f92fcc184a951ff8b0914467ad2f8f9	-7.093413874999997	0.005814442309069992	0.21369823119187095	0.010998351024111784	(-7.50635, -6.70421)	(-0.0160789, 0.0249664)
e9d9bafcf863ec0908ce4e20e6386ff9	-8.69411835500001	-0.04238395604349994	0.26588251813751135	0.013889745091782165	(-9.17398, -8.1959)	(-0.0680576, -0.0168357)
979578981da3916b394bf24c32bace21	-6.208813090000001	-0.03144796453069999	0.3723964553031512	0.019354712564593285	(-6.90517, -5.53765)	(-0.0654567, 0.00637826)
5860dac317300b1fe6094e958240cc7f	-6.939008565000006	-0.037597617375500006	0.18043513190643012	0.009391032229216185	(-7.28407, -6.62438)	(-0.0551057, -0.02074)
3a1461e8439091ad6b93af0ddb3849eb	-5.963217115000015	-0.06028463224415003	0.44513965423822555	0.02322274918702439	(-6.87012, -5.20172)	(-0.101195, -0.0156671)
d32627161d829a1488c2a047669cb29f	-6.394130465000011	0.00950862254965	0.48289461555957897	0.02498355016723968	(-7.29882, -5.52437)	(-0.0335562, 0.0589855)
e2c3ff4f647112723741aa72087f1bfa	-4.013565449999993	0.037194682330000006	0.20516416405600046	0.01059602259013956	(-4.38639, -3.62166)	(0.0174231, 0.0571402)
426bd7119a31b73ef734771a071a216c	-5.389992260000005	-0.02341966524400001	0.26234738658178475	0.013591010023803385	(-5.90267, -4.91766)	(-0.0474421, 0.00320289)
aed0d8840bb7da5eacd80c6f9a1f91ed	-9.701112539999967	-0.00044418088445499966	0.2885846797599421	0.014863075757578401	(-10.2998, -9.22925)	(-0.0273069, 0.0277535)
0b05a2e48cdc5f9e766bb0f4c209d4b4	-9.243515250000009	0.025030072790099996	0.21305226184492274	0.01087219846376051	(-9.65024, -8.85446)	(0.00443436, 0.045069)
31c0a0bcf172474d82c69979df243e78	-6.100947544999998	-0.0013485267628264967	0.16864866534432763	0.008694713433773009	(-6.44044, -5.80274)	(-0.0175248, 0.0149242)
f9b9b7db378357774e672fe5ba242b12	-9.391854024999988	-0.028369899133040003	0.2793967645012187	0.014629201620441856	(-9.94437, -8.90302)	(-0.0559095, -0.0014611)
95f975f50235610bca818dcc9d97f7d6	-8.408551390000001	-0.021853693074700007	0.45140546432865436	0.023338100085159495	(-9.2072, -7.49417)	(-0.0670491, 0.0207549)
ecaa9f4e15a28f212d9bd60f749191ab	-6.918328750000002	-0.02300399930470005	0.2450391237748321	0.012791361905255486	(-7.40375, -6.47761)	(-0.0452527, 0.00360347)
a6fa2de5f4576d1d77b1616786e3dd52	-8.898092484999994	0.0072285091649699935	0.16385134081622516	0.008407791331313839	(-9.19978, -8.60162)	(-0.00804718, 0.0224082)
1fa555f9a74d47a6ca7a65a347bc885f	-5.3986631849999975	-0.028737640767999974	0.19907068994155253	0.010322971113339957	(-5.74982, -4.99026)	(-0.0480152, -0.00892728)
149e7d5e484d157f2ac6140a2111618e	-4.2209999399999925	0.0002151303133732498	0.17901725136951577	0.009279175420084395	(-4.53553, -3.86222)	(-0.0177827, 0.0169121)
605c54065160b61d47c4d5f87ffbe6bb	-8.332514274999982	-0.03300415782055002	0.3329297167282825	0.01743045884183107	(-8.92068, -7.66722)	(-0.0649945, -0.000147589)
5034598009be77942a505e7c9978b06b	-7.385735450000004	-0.03787792067700001	0.23611333832928108	0.012256780617722842	(-7.79793, -6.9212)	(-0.0613257, -0.0151761)
8526f1f5fd2dcff7e7a73db743c829d2	-6.496112559999993	0.0029928593391300006	0.24558021027384586	0.012771907894487825	(-6.9472, -6.06694)	(-0.0208248, 0.025773)
24ef07664cfa04a819d7797a89e653b6	-9.535535139999991	0.00010610899179999994	0.34476152711690505	0.01796556425392716	(-10.1632, -8.86327)	(-0.0339793, 0.0334628)
03fdbec0c9b63a05ae79f92c6d3a4cfc	-6.3913699249999985	-0.03894947117970006	0.4092197223950037	0.0211617455305595	(-7.13447, -5.63273)	(-0.075755, 0.00204688)
aa3e2d76e864d7909b51110e211ef36c	-7.312695244999998	-0.08178043699999991	0.4114156969936121	0.02146400658665645	(-8.13063, -6.61096)	(-0.118589, -0.0399686)
7efeb75fc542932a033b37b887994dc8	-9.557949504999995	0.06668262697029999	0.4758117372109528	0.024638836107566234	(-10.5108, -8.77452)	(0.0233176, 0.114401)
2371e52106292ac4c33aec6f57cace35	-7.702186169999991	0.0008853583607729984	0.23333255042177697	0.01198675675571646	(-8.14419, -7.26728)	(-0.0229762, 0.0226485)
913d55d109820d0f3fad120be103c64f	-7.637245130000004	-0.03993194709300002	0.35126902726056436	0.018180310692512202	(-8.27895, -6.99236)	(-0.07078, -0.00431757)
c82032c40c98975f71892e4be561c87a	-7.817957074999997	0.040509472049999974	0.1692268776775559	0.008643661510094774	(-8.15118, -7.50293)	(0.0241628, 0.0573237)
ac9166cff57e7ff3581eaf798edc726c	-7.398179804999992	0.011356503338250005	0.48410440595734316	0.02494920584459013	(-8.3161, -6.48613)	(-0.0365756, 0.0597634)
949af2c28ba6c0345ae58b9aed00a2c0	-8.214139185	0.03712672649445005	0.5744961422454335	0.029888933835067487	(-9.3114, -7.17362)	(-0.0182685, 0.0921069)
8a261f382a739bbc5f9494b2c64c2744	-5.304610959999998	0.0034234745766499996	0.16089350075990747	0.0083276715243296	(-5.61164, -5.01446)	(-0.0115714, 0.0193825)
e91f1c5b67ffecb5ca3ca3b393a50f00	-3.8637554400000003	-0.04143483624300003	0.29635957544764163	0.015336236015927558	(-4.39532, -3.28711)	(-0.06977, -0.012768)
99b02f389bd0b7abad0d4d8affb09e22	-10.047632215000032	0.01566443684610002	0.35434693654417804	0.018259698576557133	(-10.7118, -9.39664)	(-0.0200486, 0.0479406)
d3d99580d90cca486a23372a474e9571	-8.632312654999996	-0.016374000494660014	0.2892285507687664	0.014921700952043555	(-9.18681, -8.12)	(-0.0424259, 0.0137186)
7076b69bea6fb40b94f8b32fd85fdb46	-9.457472245000003	-0.01920620801294998	0.3141537543740485	0.016403147310763377	(-10.0078, -8.87371)	(-0.048983, 0.0112764)
e82ab12c51a893c6d7938a16632199a8	-6.659693769999992	-0.04793572840199997	0.4204835834605044	0.021880099962245013	(-7.47948, -5.92255)	(-0.0896211, -0.00797026)
2ae945b550c248752a5b463c9aca1a6a	-9.084807264999991	-0.02107435725244996	0.3979487321454481	0.020562377946595736	(-9.86029, -8.37868)	(-0.0586579, 0.0164416)
b423592b0ae631882095792b27729b9c	-7.184573220000007	-0.08756161245000008	0.403302970155108	0.02103364387243565	(-7.9901, -6.48213)	(-0.123961, -0.0453348)
3f1ed51e954b35a8108c12dd882b696b	-7.29347999	0.012311613503750032	0.29941071555707544	0.015458320526860258	(-7.82876, -6.70555)	(-0.017791, 0.0397937)
1fb601d8edb6994ffb112ad1a34828d5	-8.727836244999995	-0.02294711158833	0.2912783602936372	0.015098047094183336	(-9.28719, -8.19736)	(-0.0487056, 0.00698856)
9f74473636e6874853d88dfcbcecff49	-7.362675284999991	0.038716629316	0.2996008680750421	0.015358423274653954	(-7.90717, -6.79189)	(0.00894077, 0.0661973)
4c731267e801c2afe253b5cbb58bdd24	-5.003460294999996	0.017816622979	0.13744747432769716	0.007106067719517037	(-5.25624, -4.73638)	(0.00365841, 0.0310613)
14387daaf0161dd3c971efd0f8806ffd	-7.862419385	-0.006941847028150007	0.21683538791874332	0.011271707688761665	(-8.25716, -7.45522)	(-0.0281638, 0.0140791)
c97220e6c4063a029dec2f8160977f83	-6.824497919999999	-0.00921034694899999	0.275024641842824	0.014074179450504199	(-7.32355, -6.32724)	(-0.0353113, 0.0166534)
8a20667bca2eaf2a0687995af876a84c	-6.339051095000012	-0.015662072351370012	0.4895509958034516	0.02519197431336271	(-7.20094, -5.37555)	(-0.0622653, 0.0334316)
131d3b899e72f19fcae1b0f9f8f3a009	-5.1432823999999995	-0.017910605170999988	0.6351257145344847	0.03308511616497082	(-6.23678, -3.87731)	(-0.0804112, 0.0432833)
c0c365b5a32a28b8d2602de07c5d0b06	-7.331844759999995	-0.015747847707350018	0.4073363311831423	0.020898755594240967	(-8.12534, -6.61217)	(-0.0524919, 0.0240389)
a650f349bbdffb95b3624519d1ba72b8	-5.21271305	0.012547969761495	0.17497819189572605	0.009044205433424664	(-5.54502, -4.91219)	(-0.00262307, 0.0306664)
0f6da5f59be656db2dadef7bf2d1a2e6	-8.236849170000012	-0.015765415676224973	0.2450449567751009	0.012730483496631955	(-8.68917, -7.77868)	(-0.0399206, 0.00767184)
e84bea8ae61342674744560dd7de4721	-6.4844969599999995	-0.01637344017139998	0.41609297650123633	0.021604570972990806	(-7.2566, -5.70526)	(-0.0569062, 0.0229787)
010f0ac2691bc0be12d0633d4b5d2cc4	-4.584085410000002	-6.687858297e-05	0.21609216441493662	0.011142241482029103	(-4.98649, -4.17924)	(-0.0217233, 0.0192679)
c8fce068920feb387167d44c01689295	-5.484777364999993	-0.04703316228449997	0.325384588427305	0.01668952444983448	(-6.05486, -4.84215)	(-0.0786406, -0.0169794)
86deb5cf8d6f29d383136e0d09863b69	-10.291790385000008	0.01573121226617	0.32006052890961373	0.0164307728041319	(-10.8915, -9.68405)	(-0.0136035, 0.0479844)
79db4c4f494c95856ce31b42f267c4c4	-8.300051244999997	0.017336093022474987	0.48010609865643245	0.02465179479288083	(-9.15671, -7.38724)	(-0.0309177, 0.059667)
dde2f514908a4fcaa80827346c7b7a19	-7.888272579999998	-0.0034198944822300026	0.19162381454621868	0.009936380512415199	(-8.22168, -7.506)	(-0.0226178, 0.0140763)
7dfa96abfa7484bb6c9cfa90dc9b606f	-4.509751615000003	-0.06905279309999997	0.23713425257402562	0.012199310753072179	(-4.94352, -4.08571)	(-0.0900005, -0.0453292)
25f9cac7332bfbe3973f03bae0ee15cc	-8.369755249999997	-0.06126008250000016	0.27505384029592733	0.014379910189305546	(-8.88479, -7.83632)	(-0.0882513, -0.0335648)
447b9d6a5c17543a456c597e65b37139	-4.306426299999997	-0.003784550845050003	0.11910099911591847	0.0061275722829398855	(-4.53523, -4.08227)	(-0.0156583, 0.00780271)
ccce7fe8aa849bed027f6898300e0c45	-7.775373319999985	-0.043930347238500075	0.31734731162982543	0.016507581137764623	(-8.36484, -7.18523)	(-0.076407, -0.0145976)
363c1c39d58bce4fc3218659d0944258	-6.242674244999992	-0.0014823775112750035	0.24040710425303558	0.012446662799586986	(-6.67773, -5.77466)	(-0.0248311, 0.0216003)
7be9bac1b13acbd8acf0de464d7c20e6	-7.8697668949999935	-0.0013556278582649995	0.2320075959084292	0.012010555494188379	(-8.2944, -7.43347)	(-0.0228852, 0.0213482)
2ab8310e1e510f8045c7f4d191fa36be	-9.031675285000004	-0.0017345423987999973	0.42826548742563775	0.022105856022963284	(-9.78387, -8.18946)	(-0.047816, 0.035146)
a66dd8d31584930c2b0f811f572dddcf	-7.352979145	0.027631542406400016	0.31650663458767964	0.016363484630939444	(-7.93382, -6.73575)	(-0.00458707, 0.0558761)
10155b2834300619ce0102110a37b057	-6.807030415000006	-0.007646253429899982	0.14900428681980174	0.007680656409569094	(-7.06264, -6.5059)	(-0.0220542, 0.00666254)
fca904abacabcc0591dd00b0427f9180	-10.127188120000012	0.0024148316318299986	0.2982334202549501	0.015452889011366442	(-10.6898, -9.56108)	(-0.0251223, 0.0338067)
ef6752ce31dcb9e16b1155bbaa1a268d	-8.940758279999995	0.008340981174110005	0.36369517056656325	0.0190794685405945	(-9.64469, -8.30132)	(-0.0254032, 0.0452115)
a24dae6b87885a55d81df1ea6d1abaf5	-5.266594625000001	-0.02698979422145002	0.2644526408679999	0.013814494408399923	(-5.76721, -4.7996)	(-0.0530436, -0.00232468)
79280cea51a6fe8a3432b2f266dd34db	-3.6469818949999997	-0.0005146701014150003	0.12204959598851187	0.006271117468549639	(-3.89016, -3.4335)	(-0.0122509, 0.0116692)
cba33b3578113908d449fc66ccb245d4	-6.085656275	-0.005163094156659992	0.17522797550241345	0.009103082928117626	(-6.45096, -5.79882)	(-0.0212275, 0.0117295)
ef1616938612ecae94c31842853cb904	-8.48420555499999	-0.01981424330429501	0.18874343441055663	0.009819757680165752	(-8.8724, -8.1568)	(-0.0394753, -0.00201138)
a378e30f9be477f7777e409c8faea14c	-8.370731160000014	-0.020381664241049997	0.2781591115247789	0.014456794519424084	(-8.8822, -7.85488)	(-0.0462079, 0.0071306)
322498f1025a569812be6e3fe4f63ff7	-8.014903649999994	0.0046671160353000014	0.3415306360235894	0.017723091848826256	(-8.62494, -7.33694)	(-0.0287213, 0.0392059)
d75b7080930e7a77ef3de8c6154895b9	-5.185216960000007	0.023520838771299978	0.5459876574699812	0.028488266775623536	(-6.22564, -4.1795)	(-0.0285738, 0.0758766)
9bf0d2dbffe7925240ea811d2a4cd625	-8.743489465	-0.014111827260800038	0.23817933969209798	0.012381884807305212	(-9.18794, -8.30754)	(-0.0375102, 0.00816371)
a167e4d4418792dcaba877443ed0e66d	-8.735417364999991	0.007606786996599993	0.4017808573142916	0.020575938684388523	(-9.43772, -7.92064)	(-0.0341621, 0.0430365)
ac0202d177961ffb380b6859272bde53	-7.615740680000004	-0.02152924199885004	0.39107094463950837	0.02040103294309941	(-8.34859, -6.89049)	(-0.0580209, 0.0177805)
e3ab3e4772986724760dbd52b7af55f7	-8.075244445000001	-0.005197971599889994	0.27622671591464854	0.01441618286781285	(-8.57738, -7.54132)	(-0.0333523, 0.0209788)
481e48328fe7a9837c7233de8f60fc23	-9.71332435500002	0.028404317103500037	0.3137883488265363	0.016128450179883184	(-10.3086, -9.14386)	(0.000332523, 0.0603838)
be17b29b03ed02bed133932284568d16	-5.783853229999986	-0.038517809329999875	0.18840945087008537	0.009655664681606307	(-6.11346, -5.40721)	(-0.0566407, -0.0206585)
5f9d6c173705f19cd3a1e5145c52789a	-7.981408479999991	-0.04957338192369995	0.40139226505276554	0.02086091606242411	(-8.78686, -7.31603)	(-0.084085, -0.00748908)
1ef782a559e3e0a4ab42516e0a2c828f	-9.040823249999994	0.02412947851268003	0.3964509620096005	0.020373720324191796	(-9.72552, -8.26202)	(-0.0168421, 0.0593296)
97f56e68f535e44ceb53d05f269e82d6	-6.679252450000005	-0.0066507188255000025	0.1669768128303971	0.00860709053901587	(-6.99195, -6.36656)	(-0.022781, 0.00926822)
3f38509af22157cdcb4006457529d25e	-9.334853089999996	0.024606920573250014	0.3620374873399878	0.018803030812889227	(-9.97114, -8.64781)	(-0.0107351, 0.0598895)
ccee9fc92f4182805278384a02a4d7d3	-10.297431130000009	0.030076180635399977	0.29932904040123315	0.015411387449655823	(-10.83, -9.70899)	(-0.000243068, 0.0579291)
b3bf877149e7a31ad9a7397a3ca8b011	-9.442965435000007	0.005926762916215001	0.3432090049678339	0.01764404630817902	(-10.0569, -8.79997)	(-0.0259174, 0.0385384)
33852dc244bb69590e8e756a83bb2f4c	-9.329111419999995	-0.010256546576900023	0.2810502548361836	0.01458569745467371	(-9.83519, -8.79038)	(-0.0390574, 0.0156203)
8f5959f21dc9ce9a281656f8d699ec07	-5.911390714999997	-0.05147195318499996	0.2693983258235636	0.013854593073036913	(-6.38503, -5.40998)	(-0.0773925, -0.0263355)
2086666afdd5de098b04a94247040c11	-7.409050764999991	-0.026087960843649987	0.30332312568557124	0.015666297653451434	(-7.94479, -6.82078)	(-0.0536798, 0.0042791)
96169c3701e79f42346c41eb7b5bf2af	-8.43695156499999	-0.05596975006999997	0.2997455514567329	0.01564393121685973	(-9.03454, -7.91341)	(-0.082715, -0.0242477)
d05c86b5bfc092d8677507fb1eae8d66	-4.635560904999999	-0.05623190150700006	0.38510583405751103	0.020044777772147918	(-5.35097, -3.94256)	(-0.0926913, -0.0196947)
25dd2ae928b2e5e1ac2e28dbe2112991	-6.315863364999999	-0.0012881029920349982	0.1911475444169422	0.009814125485714215	(-6.6668, -5.95069)	(-0.0194247, 0.0171356)
cebcb0fe524fb1cf0bfb5463ae228bed	-8.077470434999997	-0.03970838299899998	0.3189844614257263	0.01665046047417269	(-8.67375, -7.50123)	(-0.070288, -0.0098402)
90104f2fbcc925a6619e805c7a625c57	-7.451563839999999	-0.060400096417000004	0.3554777980620651	0.018453519549891054	(-8.07943, -6.78255)	(-0.0940288, -0.0267588)
4c2189b6b5ced3cb80093414e9449de9	-5.737232355000015	-0.011101535151960005	0.13983330398765512	0.007236903416044407	(-5.99066, -5.47244)	(-0.0238784, 0.00279443)
c4e57b91cc2be5a2232b3612abdf4c0c	-8.635315799999992	0.028766848659350027	0.5385469547620337	0.027894128262156412	(-9.55005, -7.60335)	(-0.0231511, 0.0788556)
1600415004247da005dd77bd44c633d9	-7.633375710000007	-0.019959607222950027	0.1888850778955179	0.009789005384310968	(-8.0062, -7.29075)	(-0.0387534, -0.00138865)
3b092a59cd0e2d57483420cc994ec49c	-5.143578950000003	-0.02919400485200004	0.25547572681430497	0.013242824592054133	(-5.58253, -4.62122)	(-0.0539475, -0.00471528)
2c5c5d710e1b9229efa72f98ca7b4e71	-8.677058340000004	-0.008343687576020001	0.40029574699969545	0.02067169242489595	(-9.43542, -7.94373)	(-0.0463555, 0.0324792)
db093685d2f3295cfa4da0a44d3d9ad0	-7.739681304999999	-0.016786674470050004	0.24963431653309803	0.012935523890298166	(-8.21516, -7.2869)	(-0.0393734, 0.00867586)
63a2de21003c952fd04b694d8444e66f	-7.41665188999998	0.016164021662049995	0.3371777095392396	0.017505587428352856	(-8.06938, -6.79586)	(-0.0156892, 0.0497406)
59196a586276f0be745d0e334fc071c6	-3.5069177999999956	0.006079484596899997	0.11240417463315147	0.00586073290546039	(-3.73944, -3.31856)	(-0.00439511, 0.0171731)
8507091bac6b1be88f3d360d6d535d0e	-7.349887005000004	-0.038378493485	0.19507055657243622	0.01008480856249491	(-7.7328, -7.00868)	(-0.0567492, -0.0195305)
8f649d1053a0ead08b37f8e06fbb2818	-8.40778312499998	0.0011775013605999983	0.2314186370223547	0.011953974420104874	(-8.81094, -7.93071)	(-0.0230535, 0.0220968)
8a70333f85e6869971ef357eceadf3ef	-7.72084975000001	-0.016186300424049945	0.2978363850209334	0.015248845437813078	(-8.24232, -7.15049)	(-0.0448517, 0.0103625)
8e0da29b36fbc3879561566e87f11ea7	-8.666254814999986	-0.00399349791435	0.3767639825752534	0.01952228824966407	(-9.3702, -7.96234)	(-0.0421641, 0.0307544)
5093cebf67405c910fb68525ffa6dc3d	-10.509129509999989	0.01867705906910002	0.2798434763090966	0.014355909833086813	(-11.0592, -10.0305)	(-0.00972734, 0.0438547)
bde648dc2bd51d522327b0bb99e98340	-9.840420475000004	0.00634153299116499	0.2607417504444279	0.013466521096749617	(-10.3345, -9.33931)	(-0.0198422, 0.0308578)
8720f9ecd2331ce68e2896df1bf2d977	-4.194326535000002	0.027345831315999942	0.18583533787319292	0.009622758486580197	(-4.53503, -3.82474)	(0.00907266, 0.0453236)
3af2ddaf4af4b5ae4100439a9c3d4099	-9.28674607499999	0.017766703136150017	0.28080169078718953	0.014417378305723311	(-9.79432, -8.76223)	(-0.0080446, 0.0455378)
de24ab68045830f7ea823f771a1f7dd3	-6.7234046050000025	0.01893400986370002	0.24127553653374	0.012515064951817367	(-7.17935, -6.27104)	(-0.00363321, 0.0433734)
aec9d6920c8746590e4dff84ba121b90	-8.056477145000006	0.007492877744634999	0.27028479701325986	0.013979479481844737	(-8.56252, -7.55995)	(-0.0191356, 0.0325978)
192522c9b7c41f7a761f8a2ba792268a	-6.423270619999998	-0.021121142829299996	0.2503381730905529	0.012866319088207647	(-6.87289, -5.92801)	(-0.0444666, 0.00409882)
458157e555a80f9ba01d9da37ef787eb	-4.288968505	-0.03809267855350003	0.33611278406081896	0.0174179489298439	(-4.90512, -3.67983)	(-0.070833, -0.00590057)
3017f87a3b0f5200ed54eca17eef3cbb	-9.213625700000032	0.02735734936180002	0.3175045709263251	0.016331107925729414	(-9.81386, -8.60121)	(-0.0007921, 0.0613159)
c5e3c5422835403541b0af331a2cc649	-8.683722380000003	0.007466090239900014	0.4790485869023471	0.024743532894294172	(-9.53946, -7.77529)	(-0.039833, 0.0520143)
be7fc30c58dc772f88007fdefcf21a96	-7.736813550000014	-0.009633496927774994	0.21528963560770287	0.0111136313195926	(-8.12802, -7.31861)	(-0.0316854, 0.0101821)
3d766867c97f511431bf97e059d6498f	-5.952099964999999	0.01156756546897501	0.1938847100948106	0.009977804103469637	(-6.32674, -5.58734)	(-0.00906429, 0.0288248)
9099a7f671b923c7b07c12508f17270a	-8.705642369999977	0.03206555730357501	0.3016070936310734	0.015601681795248233	(-9.22061, -8.08932)	(0.00203381, 0.0609784)
4973330392dab23937c67af9843e5359	-7.5500646100000015	-0.025436569806850034	0.2937509208083403	0.015216136540772921	(-8.09473, -7.02583)	(-0.0516641, 0.00391952)
2cf53730a41137e7ad95ed3680541d80	-9.12834390499999	-0.0025326954075949987	0.40853118028273094	0.02095308234278789	(-9.8812, -8.34554)	(-0.0428344, 0.0353022)
2a0968119cb66a61a416f8d924c224ac	-6.11413467	-0.005970301521950012	0.4584852732463617	0.023294271736752498	(-6.95979, -5.26803)	(-0.0475116, 0.0381806)
a4e2a4e1321a599651edf92f6999e78e	-7.397853764999993	-0.007215626304424502	0.4597112310209254	0.02375788628206862	(-8.25526, -6.51062)	(-0.0535239, 0.0352538)
782772ed674928794b78f5a59ee3d08c	-9.113948919999986	-0.01578612037954998	0.2704493180343289	0.014040375688011489	(-9.63775, -8.62801)	(-0.0401387, 0.0127116)
ab5c396eaf731e031c9764a05b798753	-7.8162504449999854	-0.03998014325999993	0.2946040340235549	0.015412218851948841	(-8.34847, -7.24483)	(-0.067928, -0.0104734)
04195686f2b70585790ec75320de0d6f	-4.090759075000002	-0.09867295765000006	0.3767715254349703	0.019546234509604438	(-4.76483, -3.3858)	(-0.13286, -0.0619745)
9f4d14b114e7499772a797790d81c1db	-4.7134843050000015	-0.01377363362454999	0.12973859145072053	0.006646026653754081	(-4.95542, -4.47701)	(-0.0256705, -0.00119678)
b1f2146bef78066448576fceeb6b644b	-5.049585485000006	0.02154706874550003	0.18111292976141916	0.009257503385620761	(-5.37837, -4.69826)	(0.00313723, 0.0378959)
3bff9ab82e7f2a76cc22e687ac7b72fd	-5.594679655000007	-0.06161745205400002	0.43948099584411	0.02276067825690625	(-6.39168, -4.77301)	(-0.104921, -0.0210769)
c1365ec008032ee718dcafaf5ac17adb	-6.698280774999998	-0.014596842474376499	0.20472520736721536	0.010555460635313017	(-7.06563, -6.31282)	(-0.0340332, 0.0055843)
cc968157f7691aab95df444e8cd103e2	-5.105370814999995	-0.012504425620005014	0.13312269498731522	0.0068254520462689315	(-5.34983, -4.84309)	(-0.0251798, 0.000832237)
09ee2c2d76be17c9ede2d4c57412adeb	-8.049064215000012	-0.0518282089175	0.43099835446238516	0.02236524032213871	(-8.85696, -7.25542)	(-0.0920077, -0.00893497)
d9b76ee51ff2b6961430bf352cc578f2	-10.017856415000008	0.027464258005599994	0.30860116430709983	0.015899813157268055	(-10.6011, -9.42401)	(-0.0053563, 0.0550667)
d2cccbadb958c9c6547274fa10531f74	-6.810734524999998	-0.013983746046750014	0.22670210737987065	0.011779326182578398	(-7.23901, -6.42691)	(-0.0351898, 0.00747336)
2268b83b6cb307bfd1cd008dae1ce4b3	-7.244965119999995	-0.004418626369724998	0.403456595006062	0.020944382577496694	(-7.98555, -6.49244)	(-0.0431917, 0.0354244)
e9ad916c93ff127ade2a8283db7603a1	-5.871492834999993	-0.016215718788185035	0.5135876040362662	0.026729947931841618	(-6.80964, -4.83881)	(-0.0678986, 0.033575)
624d0040eafc828499b5009791d96b85	-8.881693379999986	-0.004954147113775008	0.23258954324942363	0.012139234877442076	(-9.32843, -8.45646)	(-0.0284772, 0.0173672)
bc5146d3526a9ef5179457a2077b1b46	-9.332184359999983	0.010541297041720025	0.1989688611916207	0.010287097596313972	(-9.69993, -8.96285)	(-0.00745086, 0.0308301)
7bbb537e486b770d58232a6c683a3a9f	-6.897613260000003	-0.016882574239449992	0.21416718718858951	0.011088205077892575	(-7.28724, -6.51023)	(-0.0389583, 0.00173296)
30c16856bd5bae4cd2f1182341b30ffc	-7.993509974999983	-0.05876206224500021	0.352269766398068	0.01844293471301088	(-8.69071, -7.34847)	(-0.0929544, -0.0246129)
ac5402de1ddf427ab8d2b0a8a0a44f19	-3.9621718549999976	0.017641712712850005	0.20594394618077266	0.010648324971680235	(-4.32478, -3.55248)	(-0.00393029, 0.0351194)
d0037fe3397f56b52e971759e3f2f7a8	-9.561748139999997	0.037766073218500076	0.3699424015108843	0.01905891482565332	(-10.224, -8.88077)	(0.00333531, 0.0724184)
3d7f3a3956e66e4728521a97abd9f07b	-6.617134869999995	-0.047962177369100065	0.4980653089753217	0.02585542655134692	(-7.53469, -5.74546)	(-0.0947522, 0.000576192)
3e15d94435169ddada1e508dd8b83a55	-7.385704985	-0.03677308464314997	0.3073981818716559	0.016054125470880094	(-7.9878, -6.81224)	(-0.0662373, -0.00574108)
ed1528f4822674c9e1da64b84c778e9f	-5.611683889999994	-0.018114616519240005	0.26957737479537836	0.013940228625417219	(-6.08799, -5.0855)	(-0.0431589, 0.00794007)
477734397215c70bdacce28d5685cc6e	-6.436482574999996	0.011212634043409999	0.5276453014161303	0.02722628038087285	(-7.36243, -5.41825)	(-0.0386115, 0.0625432)
1243750138937650754b619370565800	-5.335067155000008	-0.04259729434049992	0.2656520396568715	0.013541215662986123	(-5.84988, -4.86648)	(-0.0678813, -0.0178645)
997c1b9bc29e50b9096303c708bb54e8	-9.421556405000008	-0.00416726161262	0.2900185588484401	0.014844268108711015	(-9.9772, -8.89656)	(-0.0314249, 0.0235567)
8aff935557eab67b0baa4553b8518105	-7.955732024999996	-0.04523846891500002	0.2991343725155127	0.015439669531566337	(-8.52259, -7.40621)	(-0.0730998, -0.0155687)
39bb3fb5b2257fd2eacca408dc42c5d1	-5.520621689999989	0.007574653712405502	0.2467499614813423	0.012735309987391856	(-5.96933, -5.05478)	(-0.0165956, 0.0311546)
b9024a1f377b62508864cfea59b16a31	-7.037380194999998	-0.03190678018699997	0.23200510446844044	0.011969413762281207	(-7.45702, -6.59457)	(-0.0548843, -0.0103913)
7ab1bc6052053650189083370055ae66	-5.5674462500000175	-0.029781628972999994	0.34263444093353707	0.017727780605441577	(-6.19984, -4.93529)	(-0.0629337, 0.00387822)
8183f1e3f9806994e125b1d5c6932498	-6.390097600000005	-0.0013488881521700016	0.268963923645979	0.013955351950501462	(-6.86868, -5.87394)	(-0.026486, 0.0256004)
92f000f936d3f349c5e7719a5edc5078	-7.544550839999991	0.012650848678099966	0.149052260264628	0.007748766072596443	(-7.82279, -7.28133)	(-0.0013386, 0.0272449)
6509bd0f539df985ac2f40c335cdb999	-7.958175855000003	-0.02986506260249996	0.31997257836847315	0.01653163456425241	(-8.59303, -7.39486)	(-0.0608566, 0.000935271)
c4f9ef34bd2919511069f409c25de6f1	-4.5506082600000015	-0.008087330809249981	0.38115747831817803	0.019719485079518234	(-5.25391, -3.81005)	(-0.0446905, 0.0301057)
74923f4bbde849e27fc4eda25d757e2a	-7.434293509999999	-0.053405426062000015	0.42433937696621965	0.02186650564448703	(-8.25987, -6.64666)	(-0.0925754, -0.00988475)
3edf7e19ca2ce44d4d3daa243e8725f7	-9.263534820000006	-0.016277675323600024	0.2504436795736072	0.012914758647407026	(-9.73305, -8.78234)	(-0.0397692, 0.00813296)
ebab7cfc7858bfb00c486bba21d6ca6d	-5.099306984999997	-0.029185103289049975	0.2793899296035199	0.014462359940433853	(-5.65298, -4.62098)	(-0.0537224, -0.000814129)
8937656c16c20701c107e715bad86732	-3.127781445000002	-0.00519491425907498	0.2147301582872372	0.011062335739537148	(-3.50163, -2.7047)	(-0.0257933, 0.0151786)
6a6880faba39965be0e4b7d88966d1c9	-6.378402990000009	0.001582010456099996	0.2609531430591704	0.013581082871307886	(-6.85952, -5.8993)	(-0.025462, 0.0253575)
85c05d873041801d03eed489230b23f6	-7.814641180000002	-0.01510502827055002	0.19136772472130092	0.009823455773283087	(-8.16124, -7.42803)	(-0.0354002, 0.00232038)
6d8fe4ac153ead767024e041ff1f0ec6	-7.729403069999996	-0.03272198246515001	0.41243512417951905	0.021481888209752026	(-8.51424, -6.98471)	(-0.075743, 0.004807)
ed5952d1e022067b212146b9b3bc6812	-4.169225065000011	-0.030795535637959993	0.4460087902962178	0.02311816124698038	(-5.06753, -3.42526)	(-0.0748664, 0.00973142)
7029eddc845e01d613a3bbc113ebeaba	-6.200421000000007	-0.015912929680450008	0.29498388142642656	0.015099598044431464	(-6.79515, -5.70208)	(-0.0424879, 0.0138139)
41d23d8bc82f57b26b6896d5e2e947e8	-9.128944725000004	-0.028004289953265066	0.2920739284010546	0.015275085266419105	(-9.66474, -8.56012)	(-0.0565327, 0.000213767)
0021d135d4ac12982cc8abdf2b38e23f	-6.802679569999993	0.0046479010720341385	0.49713283096131833	0.025664069478129548	(-7.71023, -5.85722)	(-0.0427833, 0.0536599)
e4c0082e2ab8c9772768fc29bb86caa3	-6.4312392849999975	-0.011711971773944995	0.21406290195019498	0.011136163988547882	(-6.86506, -6.05518)	(-0.0321359, 0.0100003)
46d8ab5615f60d7b522f3590976668be	-8.830995479999991	-0.007632945951849996	0.19283782743115935	0.009980094969529722	(-9.21768, -8.49483)	(-0.025342, 0.011854)
28bb502265419a0e86626d75a1183ce7	-7.272206579999996	-0.055709016194999905	0.3982273918886092	0.020536135528818857	(-7.99859, -6.52034)	(-0.0967898, -0.0198476)
ea3af29626a95b6c7b89d631bf1a739c	-5.213701484999987	-0.008514789108100001	0.2069653953793843	0.010739795655515555	(-5.57329, -4.79259)	(-0.0278496, 0.0123183)
94b000e59b7ac160b0416c9ab45ff0bf	-8.294163910000002	0.043478389540000065	0.4854558507294063	0.025181801462945245	(-9.18471, -7.39907)	(-0.00409497, 0.0893605)
75878b49cacdd2ffdcea1186a43be92d	-8.430999639999984	0.020454743940441063	0.2645338981801205	0.013694292680094764	(-8.9002, -7.92144)	(-0.00419129, 0.0461266)
aea50462b44fe88301c739b72353e16f	-8.327157474999995	-0.006927920180234985	0.22555073931351777	0.01164998293943181	(-8.73788, -7.90335)	(-0.0293902, 0.0133217)
2d575dfaf20c70d49b09be32a1492254	-8.776089735000012	-0.002584446416468499	0.19572666361070945	0.010095348887990536	(-9.13913, -8.40982)	(-0.0205294, 0.017182)
b955f67a541a149dd3b179dc62d37a72	-7.933115224999977	0.004346500918311999	0.27309203955965006	0.014058771821507027	(-8.46537, -7.4313)	(-0.0227859, 0.0299826)
ad7bc2bb6e1ec90a9bc3c8949bce80d6	-6.795177065000013	0.02759815065376001	0.5724708712361143	0.029298528547455516	(-7.91722, -5.81678)	(-0.0255397, 0.0852843)
8f1c11c7b732265cbfc1bb7dbd0241e7	-5.729648894999999	0.0027218899654299997	0.19914451306006145	0.010232522838172642	(-6.11177, -5.38571)	(-0.0158433, 0.0211511)
1fd31ccf4d6163405f70131e32d5065a	-6.443151054999994	-0.02722635530640004	0.4203214278148774	0.021844733624862063	(-7.18038, -5.6356)	(-0.0667925, 0.0139339)
5093ad88995f6fe457c7fe96bb0ed33b	-5.6925665799999985	-0.016909769110150012	0.24871071792969368	0.012896374692081245	(-6.22712, -5.26014)	(-0.040692, 0.00880621)
f9b52205cb2d03153fd394a290212a10	-5.086455750000008	-0.007780137519250008	0.38576982508244173	0.020020264400278202	(-5.82711, -4.37532)	(-0.0466425, 0.027922)
9d4e16844252e2dfbaf80a4a6fc4d55d	-10.028548230000007	0.02818646014489	0.4583823053739825	0.023841739090750345	(-10.8833, -9.1588)	(-0.0143344, 0.0766649)
148c7eb0139bbc1b8c87dd31464742e4	-5.940398634999996	0.014562810556100005	0.2090208647333724	0.01081906574610269	(-6.3469, -5.55307)	(-0.00585547, 0.0354007)
eea6b86c0c75e740670ccc50613b1b23	-3.497156329999996	0.007599625940164995	0.0994066915490657	0.005134137891318374	(-3.69723, -3.31779)	(-0.00227226, 0.0172821)
3fe55dd5e59267f275e972017302459f	-6.2745327799999915	0.0018395062632500013	0.540369751701991	0.02769061762302435	(-7.27943, -5.29328)	(-0.0502642, 0.0540736)
f11bd4248a2f95e53507c5bbf8dda43a	-6.641027650000013	-0.007924425953099994	0.26032833204086275	0.013373744725472432	(-7.1164, -6.1649)	(-0.0322398, 0.0175058)
09a55cd0bdf9fa4929eab3f0ed841bf5	-8.249185715000003	-0.038658420879000066	0.3095203722535701	0.016110009257428823	(-8.86933, -7.70232)	(-0.0669646, -0.00583287)
bfb7bb16ab570748b3a5d099e9426af1	-8.786413524999997	0.02133371938830004	0.21230973431951825	0.010862008122966183	(-9.17532, -8.36666)	(-0.00192964, 0.0399904)
ad52a0f6646c574417ce0b13b84acfa9	-3.6970708349999986	0.0045189712067299935	0.3042302623986524	0.015757459806136048	(-4.28617, -3.1344)	(-0.0230681, 0.0358272)
180b74e94caf35fac5e1f0f4b7ad9d9f	-6.658907415000006	0.014202155220000044	0.13602943915810198	0.007021481574215725	(-6.92055, -6.40942)	(0.00202428, 0.028228)
810926a593979f3574e3bbe7defd3559	-8.767974369999994	-0.03551560513059995	0.3668762823638278	0.018739467807086175	(-9.5226, -8.12487)	(-0.0733279, -0.00213076)
5d62137a2d05df0be8d6b7e163a3ef08	-5.565340039999996	0.021153756191000055	0.47943023092802417	0.024956706167768277	(-6.42915, -4.61447)	(-0.0243339, 0.0703109)
f9765bd9332162f70268554ab318197e	-6.5517150449999955	-0.02007959105160002	0.3220857559969055	0.01668763260735457	(-7.11236, -5.9336)	(-0.0524178, 0.0097254)
bc5b6cc17572b4fd6ebd80081410427e	-9.547990030000006	-0.014776010978525033	0.25556298397889904	0.013181378058245366	(-10.0367, -9.08137)	(-0.0385382, 0.0103337)
a29679284280410db95e5cb8c0b2d73d	-8.885786954999991	0.00121031462845	0.3482592858438638	0.018020048519336026	(-9.5762, -8.26237)	(-0.0330917, 0.0345871)
1c86153e1b13ab5322c96f2602b73513	-5.1803297650000015	-0.015311558266349981	0.47547109887888533	0.024577314392232624	(-6.17928, -4.35513)	(-0.0578576, 0.0365201)
fec0355651c9ad579f01f3e332311725	-6.977324569999999	-0.0057711127095	0.20329397712085598	0.010559744078500228	(-7.35197, -6.59268)	(-0.0242032, 0.01507)
f10155af1849a17996f302d71b32398c	-7.514221880000014	-0.03527393976149999	0.3875111551249401	0.01983902319565786	(-8.26626, -6.81944)	(-0.0722262, 0.00101158)
0cc26190e976fc496119a5eb4cd0fee7	-9.970658150000013	-0.0030037813663500003	0.3041559040375143	0.015847433558293624	(-10.5238, -9.36886)	(-0.032632, 0.0266775)
9c25197937d1f54e2634026fbca6b55f	-6.025455904999996	-0.05568984875449999	0.4836601844193717	0.02488228031265565	(-6.88527, -5.08008)	(-0.103811, -0.0110675)
40ced57decad1424c32de76ae039c050	-8.977650955000003	-0.027130082063430056	0.25649730735241255	0.013332618565434192	(-9.50601, -8.53126)	(-0.0538365, -0.00266945)
2ad31c7624bd7744a56a5ccac67ed01a	-8.87932773000002	0.01219630565125003	0.24179252490978137	0.012379780012983047	(-9.31064, -8.42677)	(-0.0105109, 0.0348402)
41df3b4c55182503ecd97c6dbe47966a	-6.084879099999999	-0.03356032297299999	0.19729367313700152	0.010299001679189016	(-6.45537, -5.71926)	(-0.051796, -0.013347)
fea3411c847e6627afb5e78b88e2e9af	-6.967758344999997	0.06831247215000012	0.31065627167676946	0.015965810459610555	(-7.5858, -6.43792)	(0.039692, 0.0984579)
8bb5ff097e0707dca3fe5860af20f4a6	-6.2081396450000055	-0.027604056353050032	0.19004666129012618	0.00978950024333204	(-6.5632, -5.83832)	(-0.0458564, -0.00879466)
bda6b6e7da7508c68057140e7bd6cd8d	-5.673548325000008	-0.029776528952999953	0.26291176614568723	0.013683381989293654	(-6.16336, -5.1713)	(-0.0559755, -0.0050543)
1a5526b9f7147b6893f1a034a107cc65	-9.520393894999978	-0.017913773899623807	0.34363052120930543	0.01772106120956289	(-10.1246, -8.82983)	(-0.0532058, 0.013722)
97f26830027d30dfbd60b54895af0660	-9.068611510000002	-0.0004993135339500004	0.29833683620904067	0.015346817981401722	(-9.60683, -8.49733)	(-0.0293283, 0.0288893)
d061a99148d649c4eca4836c5f4b5b68	-4.883801619999991	0.010249732564224996	0.14467528296905313	0.007511131969758107	(-5.15156, -4.60696)	(-0.00388223, 0.0240071)
f9f5f08e8da4cc9740518223846563db	-8.362496255000005	-0.005503566073750011	0.34144294546047516	0.01764460147119411	(-8.97655, -7.7168)	(-0.0403404, 0.0247311)
40c85a458df8d5a935122ba778d4f334	-5.7210518499999985	0.015394940222549986	0.37889567546341535	0.01957277398636543	(-6.45818, -5.02743)	(-0.0203566, 0.0531379)
7ebc04cb539befd9f2e7faa131628c66	-7.739381695000005	-0.030876689001000036	0.24608437961414162	0.012789057798576205	(-8.18727, -7.29419)	(-0.0545561, -0.0075437)
f7ef98bb6d0061b9368a72b1ff40aad0	-10.15824307	0.06637188757999996	0.45467187720000357	0.02350081309404301	(-10.9966, -9.28695)	(0.0175362, 0.107122)
362b97b08074732371b6e76cd1a894e1	-6.245767485000001	-0.045644808068800065	0.507973082073376	0.026054597959240984	(-7.20395, -5.36497)	(-0.0921269, 0.00274662)
2fad39e365933a7f925040cb3c2a5ef8	-6.031338225000001	-0.003597762706350002	0.3736621598900525	0.01924319611202604	(-6.77766, -5.36073)	(-0.0385633, 0.0337214)
4c855814a58f4f324e8f0cfaab222e1f	-8.940351464999976	0.007187874677650005	0.45174144865664473	0.02334768545012516	(-9.74817, -8.07326)	(-0.0342366, 0.0522329)
2f61368750bbc7603f01c928568e7ad3	-6.671080685000013	-0.015892418782970007	0.18393768888615725	0.0095372496831866	(-7.02484, -6.34284)	(-0.0335457, 0.00190904)
599ba6458e91e2527f358f547ea39261	-4.34785797999999	0.006228491589990014	0.1293140956435902	0.0066355081295560005	(-4.58157, -4.09209)	(-0.00587929, 0.0189875)
4b548f1f6fc22f32237396b7d4ffee6e	-7.777832950000005	0.007771546815660998	0.1773018941709237	0.009139404468709941	(-8.08732, -7.44509)	(-0.00915861, 0.0245195)
eb3543a838a705addef1d704eda7cad3	-7.616850280000007	-0.022076675715049992	0.4992510979710728	0.025757286803172238	(-8.48187, -6.62397)	(-0.0730985, 0.0256685)
2281740c4ae82360612b5bc7e9538337	-6.263630185000005	-0.011050233083850003	0.33043877205878214	0.017133289045099906	(-6.86829, -5.621)	(-0.0414792, 0.0232996)
96936173022b85940115c9ea103505bd	-7.87063252000001	-0.014175540118715054	0.23045747078137793	0.011940411360187322	(-8.29949, -7.43829)	(-0.036768, 0.00744924)
f45b62ab6ec22fb20364a7e05088158f	-5.975131720000003	-0.07020736819999997	0.3335046304902549	0.017115459207785483	(-6.55651, -5.30849)	(-0.103842, -0.0397724)
c16907f7272c334959e9f980842194cf	-8.443805685000008	0.018776613652409974	0.393188670933346	0.020139720246727444	(-9.18718, -7.71108)	(-0.0182089, 0.0565052)
266c2a374ca451985731e1e1b5961bd2	-6.9800799349999965	-0.07712220005000017	0.27690442461966136	0.014480807301685042	(-7.46216, -6.463)	(-0.104404, -0.0515055)
2ad8a4ebf774763b765f4ab5b516ff21	-9.201686095000005	-0.009422270511750002	0.31612720481050177	0.016311352840849117	(-9.72713, -8.55658)	(-0.039712, 0.0202001)
f12011ad5219b22b6ca790103333a755	-9.395885755000009	0.012332235726070019	0.19981666586656363	0.010236578462453322	(-9.75968, -9.03018)	(-0.00643762, 0.0311062)
b9fefd4224e459a6a0d21db63b1c0d03	-8.450993255000016	-0.0259015889039	0.374349488799911	0.019276179040883863	(-9.1326, -7.72353)	(-0.062337, 0.0103557)
0cc2420a6a4698f8bf664d50b17d26b4	-6.660433445000008	0.024972393440299997	0.26924602126509123	0.013905622066532442	(-7.12296, -6.16384)	(0.000507815, 0.0498277)
33f9226b33e1f59f71edc044bb947764	-4.31663764	0.0001875665213499994	0.3703678806126823	0.01922440220229755	(-5.03959, -3.65731)	(-0.0346571, 0.038065)
b4ef8e75d847b17325effd2f3873cc9c	-7.167766409999985	-0.013450096846200016	0.3515406184916786	0.018165424558189612	(-7.81812, -6.51262)	(-0.0474331, 0.0200294)
8ffd2b3caa54b2922e98a0d5aab5adde	-7.104306855000008	0.0056809522329500034	0.2967624608444589	0.015168933016462249	(-7.63313, -6.49978)	(-0.0229689, 0.0350515)
42608e863ede290f764f14c074e8e4fb	-8.961020459999993	-0.002123598429980006	0.26767872673297777	0.01390330621536107	(-9.41944, -8.43587)	(-0.0287429, 0.0228243)
2a8a90cd5770804a5f23f425004de7e5	-6.768473200000005	0.024824317895799988	0.6080741414810041	0.031435970604288474	(-7.97267, -5.7071)	(-0.0379769, 0.0781934)
f19fa34c0c987ab3bd8aa42d8a4d21ec	-8.241253130000008	-0.03728754650099995	0.2736665042781142	0.014195995954443628	(-8.71623, -7.71311)	(-0.0632127, -0.0116818)
340a5698fe78713b785c3bcce89df73b	-8.196894040000002	-0.017009581383219965	0.2885758471940755	0.014952154453962084	(-8.72447, -7.66236)	(-0.0474483, 0.00803476)
376917760e5aa918592416e980809536	-5.680911640000002	-0.014123673441700017	0.4626716312709375	0.023812381352147038	(-6.50832, -4.7657)	(-0.0594181, 0.0277489)
589c1370b3324a2d6cff6d1ff85341d1	-7.228474690000004	-0.027172003720749998	0.4007047726278087	0.02065613228082408	(-7.95377, -6.42908)	(-0.0638118, 0.0140154)
e5a43b018c81cedd19e9a5354d32d469	-6.129999405000009	-0.015234975644574987	0.33078505472526415	0.01707080583827414	(-6.74978, -5.49215)	(-0.0498721, 0.0141593)
f4dfb45b33372cdc0dc2fd20c0d0b448	-7.734663615000003	-0.025885278356050027	0.49851296843039256	0.02568093819663792	(-8.5968, -6.74355)	(-0.0730392, 0.023622)
e1b3393309a8b247e0c358c26176d13c	-6.766702094999999	0.002895815304245	0.15839304262391374	0.008195083783935185	(-7.0565, -6.47885)	(-0.0135684, 0.0167526)
b47757a69204f053308f7f5f0022edab	-6.991645935000007	-0.03867197506550003	0.3325411858915009	0.017132270969052028	(-7.61865, -6.38769)	(-0.0702038, -0.00790628)
03569e3fd843f501355f7853b0ec9361	-6.645499425000004	0.01919901546275001	0.32010771759552975	0.016630722611759685	(-7.212, -6.03842)	(-0.011421, 0.0498921)
25e04b2be57def00437d44ab461e8773	-7.030427780000005	-0.044363608925649944	0.4544411380298564	0.023379912012981858	(-7.84699, -6.22083)	(-0.0829619, 0.000432641)
4d04d759f5a6615dac43060726239891	-4.7630940849999925	-0.029680169997999988	0.24094018132487308	0.012341905283254549	(-5.19, -4.3013)	(-0.0512328, -0.00597151)
237135dc8b20f922cabee934f7d410a1	-6.512948615000007	-0.004226975807900003	0.30114668844971837	0.015617927090673321	(-7.06512, -5.92968)	(-0.0351544, 0.0241513)
9dd9cefe38347b087dd318d82962cc03	-5.269251984999998	-0.027038020764189964	0.2515182447915254	0.012947800903372199	(-5.73893, -4.7935)	(-0.0511366, -0.00265279)
c764eda12e92f19526c7e5a78a38c615	-9.934621120000005	0.0031150611799999972	0.32853832193968757	0.016925333448620034	(-10.5385, -9.31653)	(-0.029123, 0.0347575)
6fc765c81c8b663cedcd799094894748	-8.155195689999996	-0.030082040571800042	0.3676651319596728	0.018864179307717246	(-8.86869, -7.49709)	(-0.0653697, 0.00491853)
1a389bf765c8ff0f92600f684fbe7ad7	-5.0354911550000025	-0.04599298678500001	0.2774874297246924	0.01437756538659704	(-5.5433, -4.49129)	(-0.0724037, -0.0186082)
b0645cbec7653c887cb868a248d95874	-3.721170910000005	-0.0035557368567249964	0.16990498009408642	0.008769402336717502	(-4.03388, -3.42238)	(-0.019595, 0.0126567)
d6c46ad81c01997055a3b713c0d5ee1b	-5.920178314999996	-0.02579046391965	0.41425534576117506	0.021383626073279694	(-6.69396, -5.13803)	(-0.0697778, 0.0108195)
fe2a1f2b6f247658881254d63fd68b74	-6.428180945	0.021538074253914966	0.43763148084542186	0.02267254959532475	(-7.26223, -5.65252)	(-0.018751, 0.0646584)
89aabf43d24dd5bd0fd0f5aca189d341	-5.463094779999998	0.009964354687999995	0.09392873962771778	0.004840805169400028	(-5.65763, -5.30732)	(0.00114042, 0.019069)
2ae8a432208b85a14e86eb821c86ce2b	-4.19732198	-0.0057479212486499995	0.16972904593728066	0.008741500173379144	(-4.51413, -3.87662)	(-0.0218611, 0.0111453)
f596fa835cdfdb22d6494b012f61fff2	-5.428090640000001	-0.013038385576745007	0.1972101870624091	0.010159601035881387	(-5.79888, -5.06234)	(-0.0327173, 0.0047983)
f7895578be91c3e9c71c7b89e3e798db	-8.55579893000002	-0.017330272078599954	0.43829756764161365	0.022644671871277552	(-9.35179, -7.72241)	(-0.0553647, 0.0283677)
8b40296c81e6ffbc10306d4a2ccab530	-9.289253779999981	-0.006751768983299995	0.21151371610964512	0.01089867596790766	(-9.68492, -8.90052)	(-0.0277244, 0.0133038)
40a6b537d995aeb12b0100e2cb6ad879	-6.855063275000011	-0.013778993775074992	0.25482996647985573	0.013108515957618689	(-7.30423, -6.36101)	(-0.0374771, 0.0109403)
9ac5fec396208e598ab2e2d26985d0df	-8.403949945000013	0.014414744322914985	0.16550432081050626	0.008553285299990864	(-8.72529, -8.10478)	(-0.00185705, 0.0298555)
19cb3add28813b2bf3e1f40a000d33c2	-4.750018959999991	0.017575992422050025	0.2474614935268081	0.012838276694556734	(-5.26132, -4.31781)	(-0.00604417, 0.0426241)
686d42b9552375c3b61301ae5605e3a2	-5.640367400000008	-0.04629436100539997	0.41475771551393703	0.021646283934981327	(-6.37521, -4.87202)	(-0.085107, -0.00566099)
51625f89e7332f46ab0641e10cede6ea	-6.88121127	-0.029704754466603495	0.39678025873332845	0.020279629378099056	(-7.58764, -6.10496)	(-0.0723403, 0.00357329)
ddd87ec4b9d332c2d8c02f5d1b08dbb4	-7.651886685000009	0.010647884531449988	0.1758311457542742	0.009059573079510826	(-7.97685, -7.32029)	(-0.00653206, 0.0276426)
588a23811b3e98af68f4f0fb24a0daa8	-5.392197584999995	-0.00396481767993	0.2539498092088627	0.01324120074573874	(-5.87825, -4.92931)	(-0.0275935, 0.0214762)
7c82a2ef7685c5c6dc3080f56033cee9	-8.341388974999976	-0.03065315304039996	0.36962253450040017	0.01909052618322987	(-9.02332, -7.61923)	(-0.0652885, 0.00643901)
b835514e2678e3c7ba13bfe0a0d79bb4	-7.900043410000005	-0.03457710979474994	0.37967277907755254	0.01955811173583758	(-8.60232, -7.18327)	(-0.0705598, 0.0014408)
c162a4f3943238810eba8a25f0563cca	-5.585807099999994	0.01645600753160003	0.17419103170912678	0.009052444041825184	(-5.91274, -5.26513)	(-0.000967513, 0.032716)
5b00db3216a94bcd5c4842499bf6bf6e	-7.496951055000006	-0.02470323694759996	0.2438071081880857	0.012585878781683825	(-7.94477, -7.05457)	(-0.0488398, -0.00198859)
beef5a54aaee13f217ecede427cb3071	-6.553784509999997	-0.05779012956454987	0.4136492444068525	0.021509734287077843	(-7.33928, -5.83156)	(-0.0993716, -0.019803)
f7686a74ca2d3729eb66305e8a26309b	-3.9008076700000043	0.009029499170644996	0.1166198384001243	0.006053684046278741	(-4.12232, -3.68446)	(-0.00158827, 0.0206515)
5ca5ea401c8d3569e69626d2f81d5578	-5.999853640000002	0.0015472077249999983	0.4918725098379159	0.025402307458594335	(-7.01892, -5.15169)	(-0.0456625, 0.048742)
b6d740387526e21887b761f90fbc914a	-9.47735414500001	0.05317961061499987	0.36568555896954563	0.018619188655254842	(-10.1679, -8.83265)	(0.0218439, 0.0885734)
5e69d50b5a886d1b222f36de84a9dc98	-9.806923615000017	0.0310283988468	0.37546754512391833	0.01944760240343328	(-10.5456, -9.12902)	(-0.00560527, 0.0677817)
208c8722c4dd18b60b2b2684272ff26c	-6.886632380000002	-0.08250197853500002	0.49664404718685196	0.025741288445650268	(-7.84869, -5.99101)	(-0.131484, -0.0359546)
95fb1be2ae50b6d347649ea76c2a1874	-8.25938174500001	-0.04076454747604998	0.3031800943444426	0.015678460082592383	(-8.83655, -7.70063)	(-0.0711485, -0.0131012)
ea2b0e4a93c24c6c3661cbe347f93b74	-4.333381555000013	-0.0021699899458699997	0.15513160626781386	0.00798055207495172	(-4.62027, -4.03913)	(-0.0183433, 0.0118666)
04b5dd98584b9ead93ed64c586994296	-7.621894544999996	-0.006580913144859987	0.24136336190398283	0.01245679689764584	(-8.04692, -7.16167)	(-0.0294074, 0.0162241)
ec6c9ea52e88226c339487585ea02f42	-4.929230504999999	-0.030451707371899995	0.27151739944227354	0.014044303071977713	(-5.42714, -4.38933)	(-0.0571344, -0.00324809)
4ce0afbaae4138f34580aa9f62b7a0fd	-7.596644609999994	-0.04549328810750002	0.34554128633644887	0.017915296564587138	(-8.29787, -7.00429)	(-0.0772964, -0.0114482)
f655279fdb3e9fe733677c83df662486	-7.808230454999995	-0.04389593834499998	0.23955726715556552	0.012470123148383923	(-8.26678, -7.38153)	(-0.0684738, -0.0220372)
