	Feature	Intercept_mean	CV_HEI_mean	Intercept_std	CV_HEI_std	Intercept_hdi	CV_HEI_hdi	lower	upper	credible	Taxon
0	04195686f2b70585790ec75320de0d6f	-4.090759075000002	-0.09867295765	0.3767715254349703	0.0195462345096044	(-4.76483, -3.3858)	(-0.13286, -0.0619745)	0.03418704235	0.03669845765	yes	d__Bacteria; p__Pseudomonadota; c__Gammaproteobacteria; o__Enterobacterales_737866; f__Enterobacteriaceae_A_725029; g__Escherichia; s__Escherichia fergusonii
1	b423592b0ae631882095792b27729b9c	-7.184573220000007	-0.08756161245	0.403302970155108	0.0210336438724356	(-7.9901, -6.48213)	(-0.123961, -0.0453348)	0.036399387549999995	0.042226812450000005	yes	d__Bacteria; p__Bacillota_A_368345; c__Clostridia_258483; o__Oscillospirales; f__Oscillospiraceae_88309; g__Dysosmobacter; s__Dysosmobacter sp000403435
2	208c8722c4dd18b60b2b2684272ff26c	-6.886632380000002	-0.082501978535	0.4966440471868519	0.0257412884456502	(-7.84869, -5.99101)	(-0.131484, -0.0359546)	0.048982021464999984	0.046547378535	yes	d__Bacteria; p__Bacillota_A_368345; c__Clostridia_258483; o__Oscillospirales; f__Ruminococcaceae; g__Ruminiclostridium_E; s__Ruminiclostridium_E siraeum
3	aa3e2d76e864d7909b51110e211ef36c	-7.312695244999998	-0.0817804369999999	0.4114156969936121	0.0214640065866564	(-8.13063, -6.61096)	(-0.118589, -0.0399686)	0.0368085630000001	0.0418118369999999	yes	d__Bacteria; p__Bacillota_A_368345; c__Clostridia_258483; o__Oscillospirales; f__Acutalibacteraceae; g__UBA737; s__UBA737 sp900547445
4	266c2a374ca451985731e1e1b5961bd2	-6.9800799349999965	-0.0771222000500001	0.2769044246196613	0.014480807301685	(-7.46216, -6.463)	(-0.104404, -0.0515055)	0.027281799949999894	0.0256167000500001	yes	d__Bacteria; p__Bacillota_A_368345; c__Clostridia_258483; o__Lachnospirales; f__Lachnospiraceae; g__Eubacterium_J; s__Eubacterium_J plexicaudatum
5	f45b62ab6ec22fb20364a7e05088158f	-5.975131720000003	-0.0702073681999999	0.3335046304902549	0.0171154592077854	(-6.55651, -5.30849)	(-0.103842, -0.0397724)	0.033634631800000106	0.0304349681999999	yes	d__Bacteria; p__Bacillota_A_368345; c__Clostridia_258483; o__Lachnospirales; f__Lachnospiraceae; g__Muricoprocola; s__Muricoprocola aceti
6	b10627ff6db16c65eed2f21380dd700f	-4.8503547650000005	-0.069756494875	0.4117908627211692	0.0211214858046204	(-5.69233, -4.14523)	(-0.105233, -0.023892)	0.03547650512499999	0.04586449487500001	yes	d__Bacteria; p__Bacillota_A_368345; c__Clostridia_258483; o__Oscillospirales; f__Oscillospiraceae_88309; g__Limivicinus; s__Limivicinus sp002320035
7	7dfa96abfa7484bb6c9cfa90dc9b606f	-4.509751615000003	-0.0690527930999999	0.2371342525740256	0.0121993107530721	(-4.94352, -4.08571)	(-0.0900005, -0.0453292)	0.0209477069000001	0.0237235930999999	yes	d__Bacteria; p__Bacillota_A_368345; c__Clostridia_258483; o__Lachnospirales; f__Lachnospiraceae; g__Eubacterium_J; s__Eubacterium_J plexicaudatum
8	cae14798faeabb8e1b8840e712839921	-6.058806165000002	-0.062496903235	0.3591681637264677	0.0186675257837713	(-6.70304, -5.35938)	(-0.0965938, -0.0267003)	0.034096896764999995	0.035796603235	yes	d__Bacteria; p__Bacteroidota; c__Bacteroidia; o__Bacteroidales; f__Rikenellaceae; g__Alistipes_A_871400; s__Alistipes_A_871400 finegoldii
9	3bff9ab82e7f2a76cc22e687ac7b72fd	-5.594679655000007	-0.061617452054	0.43948099584411	0.0227606782569062	(-6.39168, -4.77301)	(-0.104921, -0.0210769)	0.043303547946	0.040540552054000006	yes	d__Bacteria; p__Bacillota_A_368345; c__Clostridia_258483; o__Lachnospirales; f__Lachnospiraceae; g__Butyribacter; s__Butyribacter intestini
10	25f9cac7332bfbe3973f03bae0ee15cc	-8.369755249999997	-0.0612600825000001	0.2750538402959273	0.0143799101893055	(-8.88479, -7.83632)	(-0.0882513, -0.0335648)	0.026991217499999907	0.0276952825000001	yes	d__Bacteria; p__Bacillota_A_368345; c__Clostridia_258483; o__Oscillospirales; f__Butyricicoccaceae; g__Agathobaculum; s__Agathobaculum butyriciproducens
11	90104f2fbcc925a6619e805c7a625c57	-7.451563839999999	-0.060400096417	0.3554777980620651	0.018453519549891	(-8.07943, -6.78255)	(-0.0940288, -0.0267588)	0.033628703583	0.033641296417	yes	d__Bacteria; p__Bacillota_A_368345; c__Clostridia_258483; o__Christensenellales; f__Aristaeellaceae; g__; s__
12	3a1461e8439091ad6b93af0ddb3849eb	-5.963217115000015	-0.06028463224415	0.4451396542382255	0.0232227491870243	(-6.87012, -5.20172)	(-0.101195, -0.0156671)	0.04091036775585	0.04461753224414999	yes	d__Bacteria; p__Bacillota_A_368345; c__Clostridia_258483; o__TANB77; f__CAG-508; g__CAG-269; s__CAG-269 sp000431335
13	30c16856bd5bae4cd2f1182341b30ffc	-7.993509974999983	-0.0587620622450002	0.352269766398068	0.0184429347130108	(-8.69071, -7.34847)	(-0.0929544, -0.0246129)	0.03419233775499981	0.0341491622450002	yes	d__Bacteria; p__Bacillota_A_368345; c__Clostridia_258483; o__Lachnospirales; f__Lachnospiraceae; g__Roseburia_A_166204; s__Roseburia_A_166204 hominis
14	beef5a54aaee13f217ecede427cb3071	-6.553784509999997	-0.0577901295645498	0.4136492444068525	0.0215097342870778	(-7.33928, -5.83156)	(-0.0993716, -0.019803)	0.041581470435450206	0.0379871295645498	yes	d__Bacteria; p__Bacillota_A_368345; c__Clostridia_258483; o__Oscillospirales; f__Oscillospiraceae_88309; g__Limivicinus; s__Limivicinus sp002320035
15	d05c86b5bfc092d8677507fb1eae8d66	-4.635560904999999	-0.056231901507	0.385105834057511	0.0200447777721479	(-5.35097, -3.94256)	(-0.0926913, -0.0196947)	0.036459398493000006	0.036537201507	yes	d__Bacteria; p__Bacillota_A_368345; c__Clostridia_258483; o__Oscillospirales; f__Ruminococcaceae; g__Ruminiclostridium_E; s__Ruminiclostridium_E siraeum
16	96169c3701e79f42346c41eb7b5bf2af	-8.43695156499999	-0.0559697500699999	0.2997455514567329	0.0156439312168597	(-9.03454, -7.91341)	(-0.082715, -0.0242477)	0.026745249930000096	0.031722050069999896	yes	d__Bacteria; p__Bacillota_A_368345; c__Clostridia_258483; o__Lachnospirales; f__Lachnospiraceae; g__Blautia_A_141781; s__
17	28bb502265419a0e86626d75a1183ce7	-7.272206579999996	-0.0557090161949999	0.3982273918886092	0.0205361355288188	(-7.99859, -6.52034)	(-0.0967898, -0.0198476)	0.0410807838050001	0.0358614161949999	yes	d__Bacteria; p__Bacillota_A_368345; c__Clostridia_258483; o__Christensenellales; f__Aristaeellaceae; g__; s__
18	9c25197937d1f54e2634026fbca6b55f	-6.025455904999996	-0.0556898487544999	0.4836601844193717	0.0248822803126556	(-6.88527, -5.08008)	(-0.103811, -0.0110675)	0.0481211512455001	0.0446223487544999	yes	d__Bacteria; p__Bacillota_A_368345; c__Clostridia_258483; o__Lachnospirales; f__Lachnospiraceae; g__Jutongia; s__
19	74923f4bbde849e27fc4eda25d757e2a	-7.434293509999999	-0.053405426062	0.4243393769662196	0.021866505644487	(-8.25987, -6.64666)	(-0.0925754, -0.00988475)	0.039169973938	0.043520676062000004	yes	d__Bacteria; p__Bacillota_I; c__Bacilli_A; o__Erysipelotrichales; f__Erysipelotrichaceae; g__Clostridium_AQ; s__Clostridium_AQ innocuum
20	4ed55370307d6700d110b6d3f1196136	-6.683332055000004	-0.05331444995575	0.5155980371833537	0.0265766591759344	(-7.54479, -5.59287)	(-0.106076, -0.00499679)	0.052761550044250004	0.04831765995575	yes	d__Bacteria; p__Bacillota_A_368345; c__Clostridia_258483; o__Lachnospirales; f__Lachnospiraceae; g__Coprococcus_A_121497; s__Coprococcus_A_121497 sp000154245
21	b1a153ff5a21342991138e7f7dd2658e	-5.697851069999998	-0.0532537127189999	0.4111633449620179	0.0212780659909675	(-6.40482, -4.8472)	(-0.0949711, -0.0151931)	0.0417173872810001	0.0380606127189999	yes	d__Bacteria; p__Bacillota_A_368345; c__Clostridia_258483; o__Christensenellales; f__CAG-138; g__; s__
22	09ee2c2d76be17c9ede2d4c57412adeb	-8.049064215000012	-0.0518282089175	0.4309983544623851	0.0223652403221387	(-8.85696, -7.25542)	(-0.0920077, -0.00893497)	0.0401794910825	0.0428932389175	yes	d__Bacteria; p__Bacillota_A_368345; c__Clostridia_258483; o__Christensenellales; f__Aristaeellaceae; g__; s__
23	8f5959f21dc9ce9a281656f8d699ec07	-5.911390714999997	-0.0514719531849999	0.2693983258235636	0.0138545930730369	(-6.38503, -5.40998)	(-0.0773925, -0.0263355)	0.025920546815000105	0.025136453184999897	yes	d__Bacteria; p__Bacillota_A_368345; c__Clostridia_258483; o__Lachnospirales; f__Lachnospiraceae; g__Blautia_A_141781; s__
24	5f9d6c173705f19cd3a1e5145c52789a	-7.981408479999991	-0.0495733819236999	0.4013922650527655	0.0208609160624241	(-8.78686, -7.31603)	(-0.084085, -0.00748908)	0.03451161807630009	0.0420843019236999	yes	d__Bacteria; p__Bacillota_A_368345; c__Clostridia_258483; o__Oscillospirales; f__Oscillospiraceae_88309; g__Faecousia; s__Faecousia sp000434635
26	27b636c66fa117272ed27920bad78969	-7.508898595000012	-0.0481375934428499	0.3449916565445839	0.017978738133812	(-8.12056, -6.82026)	(-0.0812023, -0.0141862)	0.0330647065571501	0.033951393442849906	yes	d__Bacteria; p__Bacillota_A_368345; c__Clostridia_258483; o__Clostridiales; f__Clostridiaceae_222000; g__Clostridium_T; s__Clostridium_T celatum
28	e82ab12c51a893c6d7938a16632199a8	-6.659693769999992	-0.0479357284019999	0.4204835834605044	0.021880099962245	(-7.47948, -5.92255)	(-0.0896211, -0.00797026)	0.04168537159800009	0.0399654684019999	yes	d__Bacteria; p__Bacillota_A_368345; c__Clostridia_258483; o__Lachnospirales; f__Lachnospiraceae; g__Acetatifactor; s__Acetatifactor acetigignens
29	490d2aec117bd7289577684ba3cc1b64	-5.966500165000002	-0.0474281224349998	0.3624381996839224	0.0186904321488584	(-6.61392, -5.2638)	(-0.085029, -0.0150978)	0.03760087756500019	0.0323303224349998	yes	d__Bacteria; p__Bacillota_A_368345; c__Clostridia_258483; o__Oscillospirales; f__Ruminococcaceae; g__Angelakisella; s__Angelakisella massiliensis
30	c8fce068920feb387167d44c01689295	-5.484777364999993	-0.0470331622844999	0.325384588427305	0.0166895244498344	(-6.05486, -4.84215)	(-0.0786406, -0.0169794)	0.031607437715500106	0.0300537622844999	yes	d__Bacteria; p__Bacillota_A_368345; c__Clostridia_258483; o__Oscillospirales; f__Butyricicoccaceae; g__Agathobaculum; s__Agathobaculum butyriciproducens
31	55d4d3011e1f3bb8e4e5089b801b61a4	-8.564789534999987	-0.04637206213	0.3418080239421446	0.0179489558014214	(-9.19943, -7.91848)	(-0.0784535, -0.0125711)	0.03208143786999999	0.03380096213	yes	d__Bacteria; p__Bacillota_A_368345; c__Clostridia_258483; o__Lachnospirales; f__Lachnospiraceae; g__UBA3402; s__UBA3402 sp003478355
32	686d42b9552375c3b61301ae5605e3a2	-5.640367400000008	-0.0462943610053999	0.414757715513937	0.0216462839349813	(-6.37521, -4.87202)	(-0.085107, -0.00566099)	0.0388126389946001	0.040633371005399904	yes	d__Bacteria; p__Bacillota_A_368345; c__Clostridia_258483; o__Lachnospirales; f__Lachnospiraceae; g__Roseburia_A_166204; s__Roseburia_A_166204 hominis
33	1a389bf765c8ff0f92600f684fbe7ad7	-5.0354911550000025	-0.045992986785	0.2774874297246924	0.014377565386597	(-5.5433, -4.49129)	(-0.0724037, -0.0186082)	0.026410713215	0.027384786785000004	yes	d__Bacteria; p__Bacillota_A_368345; c__Clostridia_258483; o__Oscillospirales; f__Ruminococcaceae; g__Faecalibacterium; s__Faecalibacterium duncaniae
35	1986030e3c5cd5df6d869054bc96e536	-6.929404040000021	-0.04562034465965	0.3149943547304911	0.0163647664266815	(-7.51507, -6.33689)	(-0.0778008, -0.0159805)	0.03218045534035	0.02963984465965	yes	d__Bacteria; p__Pseudomonadota; c__Gammaproteobacteria; o__Enterobacterales_737866; f__Pasteurellaceae; g__Haemophilus_D_735815; s__Haemophilus_D_735815 parainfluenzae_P
36	4ce0afbaae4138f34580aa9f62b7a0fd	-7.596644609999994	-0.0454932881075	0.3455412863364488	0.0179152965645871	(-8.29787, -7.00429)	(-0.0772964, -0.0114482)	0.0318031118925	0.0340450881075	yes	d__Bacteria; p__Bacillota_A_368345; c__Clostridia_258483; o__Christensenellales; f__Aristaeellaceae; g__Limiplasma; s__Limiplasma merdipullorum
37	8aff935557eab67b0baa4553b8518105	-7.955732024999996	-0.045238468915	0.2991343725155127	0.0154396695315663	(-8.52259, -7.40621)	(-0.0730998, -0.0155687)	0.027861331085000003	0.029669768915000005	yes	d__Bacteria; p__Bacillota_A_368345; c__Clostridia_258483; o__Lachnospirales; f__Lachnospiraceae; g__Coprococcus_A_187866; s__Coprococcus_A_187866 catus_A
38	138eb7703e1255cf29760a4440de2a47	-7.781080139999995	-0.044872666235	0.2658803490991395	0.0137408185717355	(-8.23323, -7.23999)	(-0.0691553, -0.0180772)	0.024282633765000006	0.026795466234999996	yes	d__Bacteria; p__Bacillota_A_368345; c__Clostridia_258483; o__Oscillospirales; f__Oscillospiraceae_88309; g__Faecousia; s__Faecousia sp000434635
40	6c83fec6e8d03fad51eabc871853c991	-7.565413775	-0.0441665009633	0.395633768294997	0.0206951878794728	(-8.2461, -6.74355)	(-0.0836763, -0.0060685)	0.039509799036699995	0.0380980009633	yes	d__Bacteria; p__Bacillota_C; c__Negativicutes; o__Veillonellales; f__Veillonellaceae; g__Veillonella_A; s__Veillonella_A parvula
41	ccce7fe8aa849bed027f6898300e0c45	-7.775373319999985	-0.0439303472385	0.3173473116298254	0.0165075811377646	(-8.36484, -7.18523)	(-0.076407, -0.0145976)	0.032476652761500004	0.029332747238499997	yes	d__Bacteria; p__Bacillota_A_368345; c__Clostridia_258483; o__Lachnospirales; f__Lachnospiraceae; g__Catonella; s__Catonella morbi
42	f655279fdb3e9fe733677c83df662486	-7.808230454999995	-0.0438959383449999	0.2395572671555655	0.0124701231483839	(-8.26678, -7.38153)	(-0.0684738, -0.0220372)	0.024577861655000102	0.0218587383449999	yes	d__Bacteria; p__Bacillota_A_368345; c__Clostridia_258483; o__Oscillospirales; f__Oscillospiraceae_88309; g__Dysosmobacter; s__Dysosmobacter sp000403435
43	68ee181a51a55ca3814763c9214cfd8a	-7.880242774999995	-0.04325079449705	0.2893170534362767	0.0149977785546806	(-8.40147, -7.33106)	(-0.070568, -0.0150265)	0.027317205502950005	0.028224294497050002	yes	d__Bacteria; p__Bacillota_A_368345; c__Clostridia_258483; o__Oscillospirales; f__Ruminococcaceae; g__Faecalibacterium; s__Faecalibacterium duncaniae
44	69d052e452e79d571cba042af265d50c	-4.317502130000007	-0.0429716532081998	0.4066628603028105	0.0208818616267745	(-5.07851, -3.54139)	(-0.0830608, -0.00620187)	0.0400891467918002	0.036769783208199805	yes	d__Bacteria; p__Bacillota_A_368345; c__Clostridia_258483; o__Lachnospirales; f__Lachnospiraceae; g__Coprococcus_A_121497; s__Coprococcus_A_121497 eutactus
45	1243750138937650754b619370565800	-5.335067155000008	-0.0425972943404999	0.2656520396568715	0.0135412156629861	(-5.84988, -4.86648)	(-0.0678813, -0.0178645)	0.025284005659500106	0.0247327943404999	yes	d__Bacteria; p__Bacillota_A_368345; c__Clostridia_258483; o__Lachnospirales; f__Lachnospiraceae; g__Lachnospira; s__Lachnospira sp000437735
46	e9d9bafcf863ec0908ce4e20e6386ff9	-8.69411835500001	-0.0423839560434999	0.2658825181375113	0.0138897450917821	(-9.17398, -8.1959)	(-0.0680576, -0.0168357)	0.025673643956500097	0.0255482560434999	yes	d__Bacteria; p__Bacillota_A_368345; c__Clostridia_258483; o__Lachnospirales; f__Lachnospiraceae; g__Alitiscatomonas; s__Alitiscatomonas sp900066535
48	b61862b15d33865612e76c1db7b995a1	-8.21429235000001	-0.0417203000464999	0.2435571499136855	0.0127544544013336	(-8.68123, -7.75466)	(-0.0654885, -0.0176535)	0.023768199953500102	0.024066800046499904	yes	d__Bacteria; p__Bacillota_A_368345; c__Clostridia_258483; o__Oscillospirales; f__Butyricicoccaceae; g__Agathobaculum; s__Agathobaculum butyriciproducens
49	e91f1c5b67ffecb5ca3ca3b393a50f00	-3.86375544	-0.041434836243	0.2963595754476416	0.0153362360159275	(-4.39532, -3.28711)	(-0.06977, -0.012768)	0.028335163757	0.028666836242999996	yes	d__Bacteria; p__Bacillota_A_368345; c__Clostridia_258483; o__Christensenellales; f__Aristaeellaceae; g__SFMI01; s__
51	95fb1be2ae50b6d347649ea76c2a1874	-8.25938174500001	-0.0407645474760499	0.3031800943444426	0.0156784600825923	(-8.83655, -7.70063)	(-0.0711485, -0.0131012)	0.030383952523950104	0.0276633474760499	yes	d__Bacteria; p__Bacillota_A_368345; c__Clostridia_258483; o__Lachnospirales; f__Lachnospiraceae; g__Mediterraneibacter_A_155590; s__Mediterraneibacter_A_155590 butyricigenes
52	79d5bee84cddbb27acb4dd7df378c789	-6.544126450000005	-0.04067068206055	0.3147613495097479	0.0163355247551165	(-7.1015, -5.90483)	(-0.0695237, -0.00744027)	0.02885301793944999	0.03323041206055	yes	d__Bacteria; p__Bacillota_A_368345; c__Clostridia_258483; o__Christensenellales; f__Aristaeellaceae; g__SFMI01; s__
53	ab5c396eaf731e031c9764a05b798753	-7.8162504449999854	-0.0399801432599999	0.2946040340235549	0.0154122188519488	(-8.34847, -7.24483)	(-0.067928, -0.0104734)	0.027947856740000103	0.0295067432599999	yes	d__Bacteria; p__Bacillota_A_368345; c__Clostridia_258483; o__Lachnospirales; f__Lachnospiraceae; g__Blautia_A_141781; s__Blautia_A_141781 obeum
54	913d55d109820d0f3fad120be103c64f	-7.637245130000004	-0.039931947093	0.3512690272605643	0.0181803106925122	(-8.27895, -6.99236)	(-0.07078, -0.00431757)	0.030848052906999997	0.035614377093	yes	d__Bacteria; p__Bacillota_A_368345; c__Clostridia_258483; o__Clostridiales; f__Clostridiaceae_222000; g__Clostridium_T; s__
55	cebcb0fe524fb1cf0bfb5463ae228bed	-8.077470434999997	-0.0397083829989999	0.3189844614257263	0.0166504604741726	(-8.67375, -7.50123)	(-0.070288, -0.0098402)	0.030579617001000106	0.029868182998999897	yes	d__Bacteria; p__Bacillota_A_368345; c__Clostridia_258483; o__Lachnospirales; f__Lachnospiraceae; g__Lachnospira; s__Lachnospira sp000437735
76	828c563319c7cee475b9b8ab6a0a048b	-6.819071779999991	-0.0327948129029999	0.185827932166915	0.0096461833809586	(-7.14048, -6.46533)	(-0.0509899, -0.0160561)	0.0181950870970001	0.016738712902999896	yes	d__Bacteria; p__Bacillota_A_368345; c__Clostridia_258483; o__Lachnospirales; f__Lachnospiraceae; g__; s__
78	bb769f42c78f86faa2801cb2c2abb8dc	-8.013442575000004	-0.032600865351	0.2856344078608517	0.0148408068640712	(-8.56744, -7.50842)	(-0.0595553, -0.00411492)	0.026954434649	0.028485945351	yes	d__Bacteria; p__Bacillota_A_368345; c__Clostridia_258483; o__Christensenellales; f__Aristaeellaceae; g__; s__
79	b9024a1f377b62508864cfea59b16a31	-7.037380194999998	-0.0319067801869999	0.2320051044684404	0.0119694137622812	(-7.45702, -6.59457)	(-0.0548843, -0.0103913)	0.0229775198130001	0.021515480186999898	yes	d__Bacteria; p__Bacillota_A_368345; c__Clostridia_258483; o__Lachnospirales; f__Lachnospiraceae; g__Porcincola; s__
81	bad4f7c5ada34a1f813946abcfe5c556	-4.116199479999997	-0.03114431356	0.1459860329950423	0.0075047567113952	(-4.38032, -3.84313)	(-0.0465029, -0.0187212)	0.015358586439999999	0.01242311356	yes	d__Bacteria; p__Bacillota_A_368345; c__Clostridia_258483; o__Lachnospirales; f__Lachnospiraceae; g__; s__
82	7ebc04cb539befd9f2e7faa131628c66	-7.739381695000005	-0.030876689001	0.2460843796141416	0.0127890577985762	(-8.18727, -7.29419)	(-0.0545561, -0.0075437)	0.023679410999000002	0.023332989001	yes	d__Bacteria; p__Bacillota_A_368345; c__Clostridia_258483; o__Peptostreptococcales; f__Anaerovoracaceae; g__; s__
85	ec6c9ea52e88226c339487585ea02f42	-4.929230504999999	-0.0304517073718999	0.2715173994422735	0.0140443030719777	(-5.42714, -4.38933)	(-0.0571344, -0.00324809)	0.0266826926281001	0.027203617371899903	yes	d__Bacteria; p__Bacillota_A_368345; c__Clostridia_258483; o__Oscillospirales; f__Oscillospiraceae_88309; g__Limivicinus; s__Limivicinus sp002320035
89	bda6b6e7da7508c68057140e7bd6cd8d	-5.673548325000008	-0.0297765289529999	0.2629117661456872	0.0136833819892936	(-6.16336, -5.1713)	(-0.0559755, -0.0050543)	0.026198971047000096	0.0247222289529999	yes	d__Bacteria; p__Bacillota_A_368345; c__Clostridia_258483; o__Oscillospirales; f__Oscillospiraceae_88309; g__Hominicoprocola; s__Hominicoprocola sp900317525
91	4d04d759f5a6615dac43060726239891	-4.7630940849999925	-0.0296801699979999	0.240940181324873	0.0123419052832545	(-5.19, -4.3013)	(-0.0512328, -0.00597151)	0.0215526300020001	0.0237086599979999	yes	d__Bacteria; p__Bacillota_A_368345; c__Clostridia_258483; o__Lachnospirales; f__Lachnospiraceae; g__Lachnospira; s__Lachnospira eligens
93	3b092a59cd0e2d57483420cc994ec49c	-5.143578950000003	-0.029194004852	0.2554757268143049	0.0132428245920541	(-5.58253, -4.62122)	(-0.0539475, -0.00471528)	0.024753495148	0.024478724852000002	yes	d__Bacteria; p__Bacillota_A_368345; c__Clostridia_258483; o__Clostridiales; f__Clostridiaceae_222000; g__Clostridium_T; s__Clostridium_T celatum
94	ebab7cfc7858bfb00c486bba21d6ca6d	-5.099306984999997	-0.0291851032890499	0.2793899296035199	0.0144623599404338	(-5.65298, -4.62098)	(-0.0537224, -0.000814129)	0.024537296710950098	0.0283709742890499	yes	d__Bacteria; p__Bacillota_A_368345; c__Clostridia_258483; o__Clostridiales; f__Clostridiaceae_222000; g__Clostridium_T; s__
96	1fa555f9a74d47a6ca7a65a347bc885f	-5.3986631849999975	-0.0287376407679999	0.1990706899415525	0.0103229711133399	(-5.74982, -4.99026)	(-0.0480152, -0.00892728)	0.0192775592320001	0.019810360767999902	yes	d__Bacteria; p__Bacillota_A_368345; c__Clostridia_258483; o__Oscillospirales; f__Oscillospiraceae_88309; g__Dysosmobacter; s__Dysosmobacter sp000403435
97	f9b9b7db378357774e672fe5ba242b12	-9.391854024999988	-0.02836989913304	0.2793967645012187	0.0146292016204418	(-9.94437, -8.90302)	(-0.0559095, -0.0014611)	0.02753960086696	0.02690879913304	yes	d__Bacteria; p__Bacillota_A_368345; c__Clostridia_258483; o__Lachnospirales; f__Lachnospiraceae; g__Blautia_A_141781; s__
100	877f27b47c85f6b2d3cf8a6aa86def40	-4.83189841999999	-0.0277882753115	0.2550379418659184	0.0131272171212234	(-5.28148, -4.33468)	(-0.0536891, -0.00478324)	0.025900824688499996	0.0230050353115	yes	d__Bacteria; p__Bacillota_A_368345; c__Clostridia_258483; o__Lachnospirales; f__Lachnospiraceae; g__Acetatifactor; s__Acetatifactor acetigignens
101	e71461ffe18aa4dc3b1f7ba4a1011cff	-6.946380859999999	-0.0277240128160499	0.27110598035558	0.0139770388520008	(-7.42536, -6.459)	(-0.0532032, -0.0021709)	0.0254791871839501	0.0255531128160499	yes	d__Bacteria; p__Bacillota_A_368345; c__Clostridia_258483; o__Lachnospirales; f__Lachnospiraceae; g__; s__
102	8bb5ff097e0707dca3fe5860af20f4a6	-6.2081396450000055	-0.02760405635305	0.1900466612901261	0.009789500243332	(-6.5632, -5.83832)	(-0.0458564, -0.00879466)	0.018252343646949998	0.01880939635305	yes	d__Bacteria; p__Bacteroidota; c__Bacteroidia; o__Bacteroidales; f__Rikenellaceae; g__Alistipes_A_871400; s__Alistipes_A_871400 shahii
105	40ced57decad1424c32de76ae039c050	-8.977650955000003	-0.02713008206343	0.2564973073524125	0.0133326185654341	(-9.50601, -8.53126)	(-0.0538365, -0.00266945)	0.026706417936570002	0.02446063206343	yes	d__Bacteria; p__Bacillota_A_368345; c__Clostridia_258483; o__Lachnospirales; f__Lachnospiraceae; g__Alitiscatomonas; s__Alitiscatomonas sp900066535
106	9dd9cefe38347b087dd318d82962cc03	-5.269251984999998	-0.0270380207641899	0.2515182447915254	0.0129478009033721	(-5.73893, -4.7935)	(-0.0511366, -0.00265279)	0.0240985792358101	0.0243852307641899	yes	d__Bacteria; p__Bacillota_A_368345; c__Clostridia_258483; o__Oscillospirales; f__Oscillospiraceae_88309; g__Faecousia; s__Faecousia sp000434635
107	a24dae6b87885a55d81df1ea6d1abaf5	-5.266594625000001	-0.02698979422145	0.2644526408679999	0.0138144944083999	(-5.76721, -4.7996)	(-0.0530436, -0.00232468)	0.02605380577855	0.024665114221450003	yes	d__Bacteria; p__Bacillota_A_368345; c__Clostridia_258483; o__Lachnospirales; f__Lachnospiraceae; g__Acetatifactor; s__Acetatifactor acetigignens
118	5b00db3216a94bcd5c4842499bf6bf6e	-7.496951055000006	-0.0247032369475999	0.2438071081880857	0.0125858787816838	(-7.94477, -7.05457)	(-0.0488398, -0.00198859)	0.0241365630524001	0.0227146469475999	yes	d__Bacteria; p__Bacillota_A_368345; c__Clostridia_258483; o__Oscillospirales; f__Oscillospiraceae_88309; g__Faecousia; s__Faecousia sp000434635
119	1664c7d0b9dec6e07df8542c0c4049c7	-8.032011469999981	-0.024437338931	0.2275153166176708	0.0117401184170901	(-8.44741, -7.62059)	(-0.0468189, -0.00396293)	0.022381561068999998	0.020474408931	yes	d__Bacteria; p__Bacillota_A_368345; c__Clostridia_258483; o__Lachnospirales; f__Lachnospiraceae; g__Blautia_A_141781; s__Blautia_A_141781 obeum
122	8a9f7499cdb85b8efa497bb56256cb43	-5.984651480000004	-0.02316840740975	0.1379068953305438	0.0070562864859371	(-6.24133, -5.72568)	(-0.0361356, -0.00976329)	0.012967192590249997	0.013405117409749999	yes	d__Bacteria; p__Bacillota_A_368345; c__Clostridia_258483; o__Lachnospirales; f__Lachnospiraceae; g__Brotaphodocola; s__Brotaphodocola sp003481825
129	a8d23fd98a311df2db65e5842634aba3	-6.850893605000009	-0.0212420878699999	0.1717879558233171	0.0088254660290247	(-7.13601, -6.48161)	(-0.0396687, -0.00573548)	0.018426612130000103	0.015506607869999897	yes	d__Bacteria; p__Bacillota_A_368345; c__Clostridia_258483; o__Lachnospirales; f__Lachnospiraceae; g__Anaerobutyricum; s__Anaerobutyricum hallii
135	1600415004247da005dd77bd44c633d9	-7.633375710000007	-0.01995960722295	0.1888850778955179	0.0097890053843109	(-8.0062, -7.29075)	(-0.0387534, -0.00138865)	0.01879379277705	0.018570957222949998	yes	d__Bacteria; p__Bacillota_A_368345; c__Clostridia_258483; o__UBA1381; f__UBA1381; g__Hominilimicola; s__Hominilimicola sp001941225
136	ef1616938612ecae94c31842853cb904	-8.48420555499999	-0.019814243304295	0.1887434344105566	0.0098197576801657	(-8.8724, -8.1568)	(-0.0394753, -0.00201138)	0.019661056695704997	0.017802863304295	yes	d__Bacteria; p__Bacillota_A_368345; c__Clostridia_258483; o__Lachnospirales; f__Lachnospiraceae; g__Lientehia; s__Lientehia sp902363445
137	433cf7e272a09b91cc85082a1338b8e1	-7.3605735849999965	-0.019516971415	0.1602151928148444	0.008234138619402	(-7.64418, -7.04235)	(-0.0361262, -0.00552087)	0.016609228584999997	0.013996101415	yes	d__Bacteria; p__Bacillota_A_368345; c__Clostridia_258483; o__Lachnospirales; f__Lachnospiraceae; g__Coprococcus_A_187866; s__Coprococcus_A_187866 catus_A
172	9f4d14b114e7499772a797790d81c1db	-4.7134843050000015	-0.0137736336245499	0.1297385914507205	0.006646026653754	(-4.95542, -4.47701)	(-0.0256705, -0.00119678)	0.011896866375450099	0.0125768536245499	yes	d__Bacteria; p__Bacillota_A_368345; c__Clostridia_258483; o__Lachnospirales; f__Lachnospiraceae; g__Coprococcus_A_187866; s__Coprococcus_A_187866 catus_A
313	89aabf43d24dd5bd0fd0f5aca189d341	-5.463094779999998	0.0099643546879999	0.0939287396277177	0.0048408051694	(-5.65763, -5.30732)	(0.00114042, 0.019069)	0.0088239346879999	0.009104645312000099	yes	d__Bacteria; p__Bacillota_A_368345; c__Clostridia_258483; o__Lachnospirales; f__Lachnospiraceae; g__Dorea_A; s__Dorea_A formicigenerans
323	2b982979f2401a8bc447d7141879e9b2	-4.09661565	0.0118419856913099	0.1063586658607444	0.0055272555072227	(-4.28514, -3.87761)	(0.000715367, 0.0215503)	0.0111266186913099	0.009708314308690102	yes	d__Bacteria; p__Bacillota_A_368345; c__Clostridia_258483; o__Lachnospirales; f__Lachnospiraceae; g__Dorea_A; s__Dorea_A longicatena
335	180b74e94caf35fac5e1f0f4b7ad9d9f	-6.658907415000006	0.01420215522	0.1360294391581019	0.0070214815742157	(-6.92055, -6.40942)	(0.00202428, 0.028228)	0.01217787522	0.01402584478	yes	d__Bacteria; p__Bacteroidota; c__Bacteroidia; o__Bacteroidales; f__Marinifilaceae; g__Odoribacter_865974; s__Odoribacter splanchnicus
352	4c731267e801c2afe253b5cbb58bdd24	-5.003460294999996	0.017816622979	0.1374474743276971	0.007106067719517	(-5.25624, -4.73638)	(0.00365841, 0.0310613)	0.014158212978999999	0.013244677021	yes	d__Bacteria; p__Bacillota_A_368345; c__Clostridia_258483; o__Lachnospirales; f__Lachnospiraceae; g__Bariatricus; s__Bariatricus comes
361	04c8be5a3a6ba2d70446812e99318905	-6.3801423849999965	0.02094841552005	0.2031461803043853	0.0104749307221947	(-6.75588, -5.99227)	(0.0017498, 0.0408023)	0.019198615520050002	0.01985388447995	yes	d__Bacteria; p__Bacteroidota; c__Bacteroidia; o__Bacteroidales; f__Bacteroidaceae; g__Bacteroides_H_857956; s__Bacteroides_H_857956 thetaiotaomicron
365	b1f2146bef78066448576fceeb6b644b	-5.049585485000006	0.0215470687455	0.1811129297614191	0.0092575033856207	(-5.37837, -4.69826)	(0.00313723, 0.0378959)	0.0184098387455	0.016348831254500002	yes	d__Bacteria; p__Bacillota_A_368345; c__Clostridia_258483; o__Lachnospirales; f__Lachnospiraceae; g__Mediterraneibacter_A_155507; s__Mediterraneibacter_A_155507 faecis
371	0cc2420a6a4698f8bf664d50b17d26b4	-6.660433445000008	0.0249723934402999	0.2692460212650912	0.0139056220665324	(-7.12296, -6.16384)	(0.000507815, 0.0498277)	0.0244645784402999	0.024855306559700103	yes	d__Bacteria; p__Bacteroidota; c__Bacteroidia; o__Bacteroidales; f__Rikenellaceae; g__Alistipes_A_871400; s__Alistipes_A_871400 finegoldii
372	0b05a2e48cdc5f9e766bb0f4c209d4b4	-9.243515250000009	0.0250300727900999	0.2130522618449227	0.0108721984637605	(-9.65024, -8.85446)	(0.00443436, 0.045069)	0.020595712790099897	0.0200389272099001	yes	d__Bacteria; p__Bacillota_A_368345; c__Clostridia_258483; o__Oscillospirales; f__Oscillospiraceae_88309; g__Dysosmobacter; s__Dysosmobacter welbionis
373	c942f59feffce9c3ab527135de234101	-5.7182416149999895	0.02570727888935	0.2101433737497847	0.0107741183795728	(-6.11225, -5.35356)	(0.00584696, 0.0452061)	0.019860318889349998	0.01949882111065	yes	d__Bacteria; p__Bacillota_A_368345; c__Clostridia_258483; o__Lachnospirales; f__Lachnospiraceae; g__Roseburia_A_166204; s__Roseburia_A_166204 inulinivorans
375	8720f9ecd2331ce68e2896df1bf2d977	-4.194326535000002	0.0273458313159999	0.1858353378731929	0.0096227584865801	(-4.53503, -3.82474)	(0.00907266, 0.0453236)	0.0182731713159999	0.017977768684000098	yes	d__Bacteria; p__Actinomycetota; c__Coriobacteriia; o__Coriobacteriales; f__Coriobacteriaceae; g__Collinsella; s__Collinsella aerofaciens_F
380	b3d06445a910a9a444919e41f5da39c3	-10.494651709999989	0.02788966005	0.2862613694513737	0.0147118377598647	(-11.0262, -9.96397)	(0.000731653, 0.0551127)	0.027158007050000002	0.02722303995	yes	d__Bacteria; p__Bacillota_I; c__Bacilli_A; o__Lactobacillales; f__Aerococcaceae; g__Granulicatella; s__Granulicatella adiacens
382	481e48328fe7a9837c7233de8f60fc23	-9.71332435500002	0.0284043171035	0.3137883488265363	0.0161284501798831	(-10.3086, -9.14386)	(0.000332523, 0.0603838)	0.028071794103499997	0.0319794828965	yes	d__Bacteria; p__Bacillota_A_368345; c__Clostridia_258483; o__Peptostreptococcales; f__Anaerovoracaceae; g__Hominibacterium; s__Hominibacterium faecale
384	2a7f11895ae7fe9fdffa52016207c561	-6.5650711549999965	0.02980051592875	0.2488505679784877	0.0129272039605152	(-7.00988, -6.08385)	(0.00408791, 0.0523027)	0.02571260592875	0.02250218407125	yes	d__Bacteria; p__Actinomycetota; c__Actinomycetes; o__Actinomycetales; f__Bifidobacteriaceae; g__Bifidobacterium_388775; s__Bifidobacterium breve
387	9099a7f671b923c7b07c12508f17270a	-8.705642369999977	0.032065557303575	0.3016070936310734	0.0156016817952482	(-9.22061, -8.08932)	(0.00203381, 0.0609784)	0.030031747303575	0.028912842696425002	yes	d__Bacteria; p__Bacillota_A_368345; c__Clostridia_258483; o__Oscillospirales; f__Acutalibacteraceae; g__Clostridium_A_51961; s__Clostridium_A_51961 leptum
389	370829fece3190f1a8efccf50b7d0921	-8.329080094999993	0.0350790199615	0.2421821181655264	0.0124473854059832	(-8.78302, -7.89803)	(0.0134334, 0.0591254)	0.021645619961500003	0.0240463800385	yes	d__Bacteria; p__Bacillota_A_368345; c__Clostridia_258483; o__Oscillospirales; f__Oscillospiraceae_88309; g__Lawsonibacter; s__
391	e2c3ff4f647112723741aa72087f1bfa	-4.013565449999993	0.03719468233	0.2051641640560004	0.0105960225901395	(-4.38639, -3.62166)	(0.0174231, 0.0571402)	0.01977158233	0.019945517670000003	yes	d__Bacteria; p__Actinomycetota; c__Actinomycetes; o__Actinomycetales; f__Bifidobacteriaceae; g__Bifidobacterium_388775; s__Bifidobacterium breve
392	d0037fe3397f56b52e971759e3f2f7a8	-9.561748139999995	0.0377660732185	0.3699424015108843	0.0190589148256533	(-10.224, -8.88077)	(0.00333531, 0.0724184)	0.0344307632185	0.034652326781499994	yes	d__Bacteria; p__Bacillota_A_368345; c__Clostridia_258483; o__Lachnospirales; f__Lachnospiraceae; g__Blautia_A_141781; s__
393	9f74473636e6874853d88dfcbcecff49	-7.362675284999991	0.038716629316	0.2996008680750421	0.0153584232746539	(-7.90717, -6.79189)	(0.00894077, 0.0661973)	0.029775859316	0.027480670684	yes	d__Bacteria; p__Bacillota_I; c__Bacilli_A; o__Lactobacillales; f__Streptococcaceae; g__Lactococcus_A_346120; s__
394	c82032c40c98975f71892e4be561c87a	-7.817957074999997	0.0405094720499999	0.1692268776775559	0.0086436615100947	(-8.15118, -7.50293)	(0.0241628, 0.0573237)	0.016346672049999896	0.0168142279500001	yes	d__Bacteria; p__Bacillota_A_368345; c__Clostridia_258483; o__Oscillospirales; f__Oscillospiraceae_88309; g__Dysosmobacter; s__Dysosmobacter welbionis
396	b6d740387526e21887b761f90fbc914a	-9.47735414500001	0.0531796106149998	0.3656855589695456	0.0186191886552548	(-10.1679, -8.83265)	(0.0218439, 0.0885734)	0.031335710614999804	0.03539378938500019	yes	d__Bacteria; p__Bacillota_A_368345; c__Clostridia_258483; o__Lachnospirales; f__Lachnospiraceae; g__Mediterraneibacter_A_155507; s__Mediterraneibacter_A_155507 torques
397	29bb5fa7f45e47bbabab8cc1b1b3d18e	-10.068941535000013	0.06450795181	0.3915568816504108	0.0201250942791962	(-10.8081, -9.3494)	(0.0242721, 0.0995094)	0.04023585181	0.03500144818999999	yes	d__Bacteria; p__Bacillota_C; c__Negativicutes; o__Veillonellales; f__Veillonellaceae; g__Veillonella_A; s__Veillonella_A parvula
398	f7ef98bb6d0061b9368a72b1ff40aad0	-10.15824307	0.0663718875799999	0.4546718772000035	0.023500813094043	(-10.9966, -9.28695)	(0.0175362, 0.107122)	0.0488356875799999	0.040750112420000095	yes	d__Bacteria; p__Bacillota_A_368345; c__Clostridia_258483; o__Oscillospirales; f__Oscillospiraceae_88309; g__Lawsonibacter; s__Lawsonibacter sp000177015
399	7efeb75fc542932a033b37b887994dc8	-9.557949504999996	0.0666826269702999	0.4758117372109528	0.0246388361075662	(-10.5108, -8.77452)	(0.0233176, 0.114401)	0.043365026970299904	0.0477183730297001	yes	d__Bacteria; p__Bacillota_A_368345; c__Clostridia_258483; o__Christensenellales; f__Aristaeellaceae; g__SFMI01; s__
400	fea3411c847e6627afb5e78b88e2e9af	-6.967758344999997	0.0683124721500001	0.3106562716767694	0.0159658104596105	(-7.5858, -6.43792)	(0.039692, 0.0984579)	0.028620472150000097	0.030145427849999906	yes	d__Bacteria; p__Bacillota_A_368345; c__Clostridia_258483; o__Lachnospirales; f__Lachnospiraceae; g__Mediterraneibacter_A_155507; s__Mediterraneibacter_A_155507 torques
