,HEI,aMED,DASH,mean_dds,mean_shannon_diversity_kcal,mean_berger_parker_kcal,mean_simpson_diversity_kcal,mean_gini_simpson_diversity_kcal,mean_quantidd_kcal,mean_mfad_jaccard_kcal,protein_eaten,fat_eaten,carb_eaten,fiber_eaten,alcohol_eaten,beta_carotene_eaten,folate_eaten,iron_eaten,magnesium_eaten,niacin_eaten,pantothenic_acid_eaten,cholesterol_eaten,fatty_acids_monounsaturated_eaten,fatty_acids_polyunsaturated_eaten,fatty_acids_saturated_eaten,calcium_eaten,phosphorus_eaten,potassium_eaten,sodium_eaten,zinc_eaten,vitamin_b1_eaten,vitamin_b12_eaten,vitamin_b2_eaten,vitamin_b6_eaten,vitamin_c_eaten,vitamin_d_eaten,salt_eaten,sugar_eaten,meat_fg_eaten,fruits_fg_eaten,vegetables_fg_eaten,dairy_fg_eaten,bread_fg_eaten,oils_nuts_fg_eaten,coffee_fg_eaten,others_fg_eaten,sugary_fg_eaten,grains_cereals_fg_eaten,fast_food_fg_eaten,water_fg_eaten,tea_fg_eaten,alcohol_fg_eaten,vegan_fg_eaten,CV_HEI,CV_energy_kcal_eaten,CV_energy_kj_eaten,CV_carb_eaten,CV_fat_eaten,CV_protein_eaten,CV_fiber_eaten,CV_alcohol_eaten,CV_beta_carotene_eaten,CV_calcium_eaten,CV_cholesterol_eaten,CV_fatty_acids_monounsaturated_eaten,CV_fatty_acids_polyunsaturated_eaten,CV_fatty_acids_saturated_eaten,CV_folate_eaten,CV_iron_eaten,CV_magnesium_eaten,CV_niacin_eaten,CV_pantothenic_acid_eaten,CV_phosphorus_eaten,CV_potassium_eaten,CV_salt_eaten,CV_sodium_eaten,CV_sugar_eaten,CV_vitamin_b1_eaten,CV_vitamin_b12_eaten,CV_vitamin_b2_eaten,CV_vitamin_b6_eaten,CV_vitamin_c_eaten,CV_vitamin_d_eaten,CV_zinc_eaten,CV_meat_fg_eaten,CV_fruits_fg_eaten,CV_vegetables_fg_eaten,CV_dairy_fg_eaten,CV_sugary_fg_eaten,CV_oils_nuts_fg_eaten,CV_coffee_fg_eaten,CV_grains_cereals_fg_eaten,CV_others_fg_eaten,CV_fast_food_fg_eaten,CV_bread_fg_eaten,CV_vegan_fg_eaten,CV_water_fg_eaten,CV_alcohol_fg_eaten,CV_tea_fg_eaten,age,bmi,bmr,height,weight,language,urbanity,swiss_citizen,eaten_quantity_in_gram,energy_kcal_eaten,dairy_products_meat_fish_eggs_tofu,vegetables_fruits,sweets_salty_snacks_alcohol,non_alcoholic_beverages,grains_potatoes_pulses,oils_fats_nuts
d__Bacteria;p__Firmicutes_A;c__Clostridia_258483;o__Lachnospirales;f__Lachnospiraceae;g__Eubacterium_J;s__Eubacterium_J plexicaudatum,0.005489272,0.0029566674,,0.004614968,0.0034362534,0.0042498996,0.0041394425,0.004158223,0.0035800412,,,,0.0033318666,,,,0.0030036643,,,,,,,0.0037828414,,,,,0.0042732744,,,,,,0.0028456869,,,,,,,,,0.007295343,,,,,0.005962382,,,,,0.0030913297,,,,0.0029484618,,,,,,,0.0030113426,,,,,,,,0.0026496726,0.003025569,,,,,,,,,,,,0.0032842774,,,,0.006980414,,,,0.0036216164,,,,,,,,,,,,,,,,,0.0034181648,,,,0.006322789
d__Bacteria;p__Firmicutes_A;c__Clostridia_258483;o__Lachnospirales;f__Lachnospiraceae;g__Marvinbryantia;s__Marvinbryantia sp900066075,0.0053330734,0.0033160087,0.002996305,,,,,,0.0034216277,,,,,0.0036647036,,0.0029396256,0.0047883308,0.0039965007,0.0052218046,,,,,0.0029315795,,0.0013538499,0.0031852534,0.004409031,,,,,,,,,,,,,0.004121187,,,0.003426204,,,,,,,0.0013237084,,,0.0038262245,,,,,,,,,,,,0.0029975767,,,,,,,,,,0.0028906763,,,,,,,,,,,0.003006675,,,0.003849633,,,,0.0034602312,,,,,,0.0029848488,,,,,,,,,,,0.004852525,,,,0.0033422688
d__Bacteria;p__Firmicutes_A;c__Clostridia_258483;o__Lachnospirales;f__Lachnospiraceae;g__CAG-194;s__CAG-194 sp000432915,0.0052143103,0.003131154,,,0.0031662323,0.00395239,0.0032571806,0.0031608066,0.0028872099,,,,,0.003700108,,,0.004738828,,,,,,,,,0.0027946222,,0.0029415302,,,,,,,0.004583015,,,,,0.0030621756,,,,0.003389523,,,,,0.003104154,,,,,0.0033171207,,,,,,,,0.002859197,,,,,,,,,,,,,,,,0.0027509846,,,,,0.0012692458,,,0.004624526,,,,0.0038769771,,,,0.003404744,,,,,,,,,,,,,,,,,0.006549786,,,,
d__Bacteria;p__Firmicutes_A;c__Clostridia_258483;o__TANB77;f__CAG-508;g__CAG-269;s__CAG-269 sp000431335,0.004807763,0.0028670584,,0.003026254,0.0031834117,,0.0033221967,0.003304632,,0.0028923443,,,,0.0038875644,,,0.0031806938,,0.0032448312,,,,,,,,,,,,,,,,,,,,,0.0032792995,,,,0.0032424715,,,,,,,,,,,,,,,,,,,,,0.0027868352,,,,,,0.0033993542,,,,,,,,,,,0.0030037905,,0.0013155505,,0.0029775796,,,,,,,,,,,,,,,,,,,,,,,,,0.0046000574,,,,
d__Bacteria;p__Firmicutes_A;c__Clostridia_258483;o__Lachnospirales;f__Lachnospiraceae;g__Lachnospira;s__,0.0040031224,,,,,0.002804656,,,,,,,,0.0039577438,,,0.0034844666,,,,,,,,,,,0.0030359868,,,,,,,,,,,,,0.0035721115,,,,,,,,,,,,,,,,,,,,,0.0028576069,,,,,,,,,,,,,,,,,,,,,,,,,0.003264423,,,0.0031610832,,,,,,,,,,,,,,,,,,,,,0.0036647157,,,,
d__Bacteria;p__Firmicutes_A;c__Clostridia_258483;o__Lachnospirales;f__Lachnospiraceae;g__Bariatricus;s__Coprococcus comes,0.0038140253,,0.004067704,,,,,0.001343811,,,0.0041386057,0.0029850584,,,,,0.0031323112,,,,,,0.0030010813,,0.0036024447,,,,,0.0037477291,,0.0027305563,,,,,0.0035843742,,0.004369702,,,0.0028773602,,,,,,,,,0.0027459553,,,,,,,,,,,,,0.0028925168,,,,,,,,,,,,,,,0.0030519874,,,,,,0.0034013782,0.0029834295,0.0030265683,,,,,,,,,0.0027641482,,,,,0.0035402405,0.004860338,,0.00446607,,,,,,0.004551973,0.0033381581,0.003072213,,,
d__Bacteria;p__Firmicutes_A;c__Clostridia_258483;o__Christensenellales;f__CAG-74;g__SFMI01;s__,0.0037739263,,,,,,,,,,,,,,,0.003482298,0.0014701928,,,,,,,,,,,,,,,,,,,,,,,,,,,,,,,,,,,,,,,,,,,,,,,,,,,,,,,,,,,,0.0030930047,,,,,0.0034132032,,,,0.0029397772,0.0029389812,,,,,,,,,,,,,,0.0029457356,,,,,,,,,0.0029702573,0.0034735927,,,,
d__Bacteria;p__Firmicutes_A;c__Clostridia_258483;o__Lachnospirales;f__Lachnospiraceae;g__Butyribacter;s__Butyribacter sp001916135,0.0037309944,0.0036744077,,,0.0036161144,0.003218505,0.0031888215,0.0032884288,0.0034187902,,,,,0.0036084368,,,,0.003234821,0.0029911886,,,,,,,,,,,,,,,,0.0031979876,,,,,,0.0035119154,,,0.0030889995,,,,,0.0033818663,,,,,,,,,,,,,,,,,,,,,,,,,,,,,,,,,0.0030953607,,,,0.0034418795,,,,,,,,,,,,,,0.0030742744,,,,,,,,,,,0.0041752364,,,,0.0030589236
d__Bacteria;p__Firmicutes_A;c__Clostridia_258483;o__Oscillospirales;f__Acutalibacteraceae;g__UBA737;s__UBA737 sp900547445,0.0036471123,,,,,,0.0028948234,0.0029200213,,0.0029313518,,,,,,,,,,,,,,,,,,,,,,,,,,,,,,,,,,,,,,,,,,,,0.0029503196,,,,,,,,,,,,,,,,0.0032956137,,,,0.0029222062,,,,,,,,0.0028487141,,,,,,,,,,,,,,,,,,,,,,,,,,,,,,,,,
d__Bacteria;p__Firmicutes_A;c__Clostridia_258483;o__Lachnospirales;f__Lachnospiraceae;g__Ventrimonas;s__Ventrimonas sp003481825,0.003571976,,0.0032925853,,,,,,,,,,,0.004253282,,,0.0035578045,0.0030267106,0.003661112,,,,,,,,,,,,,,,,0.0034431976,,,,,,0.0032338342,,,,,,,,,,,,,,,,,,,,,,,,,,,,,,,,,,,,,,,,,,,,,,,,,,,,,,,0.0029227212,,,,,,,,,,,,,,,0.0036883075,,,,0.0032622688
d__Bacteria;p__Firmicutes_A;c__Clostridia_258483;o__Lachnospirales;f__Lachnospiraceae;g__Mediterraneibacter_A_155507;s__Mediterraneibacter_A_155507 faecis,0.0034985666,,,,,,,,,0.0027635621,,,,0.0036522779,,0.0031438759,0.0030074036,,,,,,,,,,,,,,,,,,0.0029373337,,,,,0.003285683,0.002961337,,,,,,,,,,,,,,,,0.0030188719,,,,,,0.0028398843,,,,,,,,,,,,,,0.0029392133,,,,,,,,,,,,,,,,,,,,,,,,,,,,,,,,,0.0030826419,0.003448968,,,,
d__Bacteria;p__Firmicutes_A;c__Clostridia_258483;o__Clostridiales;f__Clostridiaceae_222000;g__Clostridium_T;s__Clostridium_T chartatabidum,0.0034449487,,,,,,,,,,,,,,,,0.0033676252,,,0.0029054615,,,,,,,,0.002915886,,,,,,,,,,,,,,,,,,,,,,,,,,,,,,,,,,,,,,,,,,,,,,0.0028720526,,,,,,,,,,,,,,,,,,,,,,,,,,,,,,,,,,,,,0.0035984893,,,,
d__Bacteria;p__Firmicutes_A;c__Clostridia_258483;o__Lachnospirales;f__Lachnospiraceae;g__;s__,0.0033789943,,,,,,,,,,,,,,,,,,,,,,,,,,,,,,,,,,,,,,,,,,,,,,,,,,,,,0.0034076974,,,,,,,,,,,,,,,,,,,,,,,,,,,,,,,,,,,,,,,,,,,,,,,,,,,,,,,,,0.0034425515,,,,
d__Bacteria;p__Firmicutes_A;c__Clostridia_258483;o__Lachnospirales;f__Lachnospiraceae;g__Lachnoclostridium_B;s__Lachnoclostridium_B sp000765215,0.003376075,,,,,,,,,,,,,,,,,,,,,,,0.0029634556,,0.00269423,0.0030168053,,,,,,,,,,,,,,,,,0.0031478638,,,,,,,,,,,,,,,,,,,,,,,,,,,,,,,,,,,,,,,,,,,,,,,,,,,,,,,,,,,,,,,,,,,,,,,
d__Bacteria;p__Firmicutes_A;c__Clostridia_258483;o__Oscillospirales;f__Oscillospiraceae_88309;g__Dysosmobacter;s__Dysosmobacter sp000403435,0.003345138,0.0039715054,,,,,,,,,,,,,,,,,0.0029273913,,,,,0.0029388394,,,,,,,,,,,,,,,,,,,,,,,,,,,,,,,,,,,,,,,,,,,,,,,,,,,,,,,,,,,,,,,,,,,,,,,,,,,,,,,,,,,,,,,,,,,
d__Bacteria;p__Firmicutes_A;c__Clostridia_258483;o__Oscillospirales;f__Butyricicoccaceae;g__Agathobaculum;s__Agathobaculum butyriciproducens,0.0033448893,0.0030117766,0.003217869,,,,,0.0013345714,0.0028004642,,,,,0.003202917,,,0.0033177484,0.002993818,0.0029727127,,,,,0.0030578016,,,,,,,,,,,,,,,,,0.0031018003,,,,,,,,0.00318731,,,,0.003556725,0.0036307727,,,,,,,,,,,,,,,,,,,,,,,,,,,,,,,,,0.0030739247,,,0.0030015842,,,,,,,,,,,,,,,,,,,,,,,,,0.0037225918
d__Bacteria;p__Firmicutes_A;c__Clostridia_258483;o__Lachnospirales;f__Lachnospiraceae;g__Dorea_A;s__Dorea_A longicatena,0.0033321958,,,,,,,,,,,,,,,,,,,,,,,,,,,,,,,,,,,,,,,,,0.0029226067,,,,,,,,,,,,,,,,,,,,,,,,,,,,,,,,,,,,,,,,,,,,0.002812198,,,,0.0033586088,,,,,,,,,,,0.0036285329,0.003106731,,0.0034122039,,,,,,0.0034108842,,,,,
d__Bacteria;p__Firmicutes_A;c__Clostridia_258483;o__Christensenellales;f__Borkfalkiaceae;g__UBA1259;s__UBA1259 sp900320065,0.003299838,,,,,,,,,,,,,,,,,,,,,,,,,,,,,,,,,,,,,,,,,,,,,,,,,,,,,,,,,,,,,,,,,,,,,,,,,,,,,,,,,,,,,,,,,,,,,,,,,,,,,,,,,,,,,,,,,,
d__Bacteria;p__Firmicutes_A;c__Clostridia_258483;o__Oscillospirales;f__Ruminococcaceae;g__Pygmaiobacter;s__,0.0032029874,,,,,,,0.0027419082,,,,,,,,,,,,,,,,,,0.0029810867,0.0027656164,,,,,,,,,,,,,,,,,,,,,,,,,,,,,,,,,,,,,,,,,,,,,,,,,,,,,0.0013224777,,,,,,,,,,,,,,,,,,,,,,,,,,,,,,,,,,,
d__Bacteria;p__Firmicutes_A;c__Clostridia_258483;o__Lachnospirales;f__Lachnospiraceae;g__AM51-8;s__AM51-8 sp003478275,,0.0036691772,0.0031152975,,0.003340183,,,,,,,,,,,,0.0040229317,,0.0038262038,,,,,0.0032120277,,,,0.0034249518,,,,,,,0.0029580663,,,,,,0.0031349943,,,0.004212843,,,0.0040088855,,0.0031810761,,,,,0.0032739728,,,,,,,,,,,,,,,,,,,,,,,,,,,,,,,,,,,0.002827747,0.0029763596,,,,,,,,,,,,,,,,,,,,,,,,,0.0033884924
d__Bacteria;p__Firmicutes_A;c__Clostridia_258483;o__Lachnospirales;f__Lachnospiraceae;g__G11;s__,,0.0035465113,,,0.0032105194,0.0029941,,0.0013494876,,,,,,,,,0.0037513983,0.003552151,0.003336084,,,,,,,,,0.0036548194,,,,,,0.00284938,,,,,,,0.00308148,,,,,,0.003291627,,0.003653496,,0.0029673213,,,0.0031512652,,,,,,,,0.0033722129,,,,,,,,,,,,,,,,,,,0.0027025181,,,,,,0.0014307993,,,,,,,,,,,,,,,,,,,,,,,,,,,,0.0038158693
d__Bacteria;p__Firmicutes_A;c__Clostridia_258483;o__Oscillospirales;f__Oscillospiraceae_88309;g__Dysosmobacter;s__Dysosmobacter welbionis,,0.0032329687,,,,,,,,,,0.0035941363,0.003356339,0.003608936,,,0.0030105636,,,,,,0.0028632064,0.0030947076,,0.0026811752,,,,,,,,,,,,,,,,,0.003262145,0.003952967,,,,,,,,,,,,,,,,,,,,,,,,,,,,,,,,,,,,,,,,,,,,,,,,,,,,,,,,,,,,,,,,,0.0030152188,,,,,0.003518776,0.0031791576
d__Bacteria;p__Firmicutes_D;c__Bacilli;o__ML615J-28;f__CAG-313;g__CAG-313;s__CAG-313 sp003539625,,0.0031540291,,,,,,,,,,,,,,,,,,,,,,,,,,,,,,,,,,,,,,,,,,,,,,,,,,,,,0.002791158,,,,,,,,,,,,,,,,,,,,,,,,,,,,,,,,,,,,,,,,,,,,,,,,,,,,,,,,,,,,
d__Bacteria;p__Firmicutes_A;c__Clostridia_258483;o__Lachnospirales;f__Lachnospiraceae;g__Butyribacter;s__Butyribacter intestini,,0.0031234059,,,0.0029054265,,0.0029021343,0.0029788762,,,,,,0.0035731748,,0.0030396562,,,0.0029772446,,,,,,,,,,,,,,,,0.002956967,,,,,,0.003262896,,,,,,,,,,,,,,,,,,,,,,,,,,,,,,,,,,,,,,,,,,,,,,,,,,,,,,,,,,,,,,,,,,,,,,,,,,
d__Bacteria;p__Firmicutes_A;c__Clostridia_258483;o__Oscillospirales;f__Oscillospiraceae_88309;g__Lawsonibacter;s__Lawsonibacter sp000177015,,0.0031016702,,,,,,,,,,,0.0033232076,0.0042446954,,,,,,,,,,,,,,,,,,,,,,,,,,,,,,,,,,0.002815618,,,,,0.0030777585,,,,,,,,,,,,,,,,,,,,,,,,,,,,,,,,,,,,,,,0.003090185,,,,,,,,,,,,,,,,,,,,,,0.00418251,
d__Bacteria;p__Firmicutes_A;c__Clostridia_258483;o__Oscillospirales;f__Acutalibacteraceae;g__Acutalibacter;s__,,0.0030777908,,,,,,,,,,,,0.0041595646,,,,0.0035140656,0.0033069327,,,,0.0032668405,0.002971463,,,0.0029784213,0.0028777977,,,,,,,,,,,,,,,,0.0034680401,,,,,,,,,0.0030950543,,,,,,,,,,,,,,,,,,,,,,,,,,,,,,,,,,,,,,,,,,,,,,,,,,,,,,,,,,,,,,
d__Bacteria;p__Firmicutes_D;c__Bacilli;o__Erysipelotrichales;f__Coprobacillaceae;g__Erysipelatoclostridium;s__Clostridium spiroforme,,0.0030260917,,,,,,,,,,,,0.0036131972,0.0040485393,,,,,,,,,,,,,,,,,,,,,,,0.0032863535,0.003353132,0.003412765,,,,,,,,,,,,0.0043638824,,,,,,,,,,,,,,,,,,,,,,,,,0.0030366168,,,,,,,,,0.003016005,,,,,,,,,,0.0027043135,,0.0029569818,,,,,,,,,,,,,0.0035044076,0.0038362234,,,
d__Bacteria;p__Cyanobacteria;c__Cyanobacteriia;o__Cyanobacteriales;f__Coleofasciculaceae_23353;g__SIO2C1;s__SIO2C1 sp010672925,,0.0029901904,,,,,,,,,,,,,,,,,,,,,,,,,,,,,,,,,,,,,,,,,,,,,,,,,,,,,,,,,,,,,,,,,,,,,,,,,,,,,,,,0.00303728,,,,,,,,,,,,,,,,,,,,,,,,,,,,,,,,,0.0029673944
d__Bacteria;p__Firmicutes_A;c__Clostridia_258483;o__Peptostreptococcales;f__Anaerovoracaceae;g__Copromorpha;s__,,0.0029687847,,,,,,,,,,,,,,,,,,,,,,,,,,,,,,,,,,,,,,,,,,,,,,,0.0029630377,,,,,0.003191323,,,,,,,,,,,,,,,,,,,,,,,,,,,,,,,,,,,,,,,,0.0013711391,,,,,,,,,,,,,,,,,,,,,
d__Bacteria;p__Firmicutes_A;c__Clostridia_258483;o__Lachnospirales;f__Lachnospiraceae;g__Acetitomaculum;s__,,0.0029347911,,,,,,,,,,,,,,,,,,,,,,,,,,,,,,,,,,,,,,,,,,,,,,,,,,,,,,,,,,,,,,,,,,,,,,,,,,,,,,,,,,,,,,,,,,,,,,,,,,,,,,,,,,,,,,,,,
d__Bacteria;p__Firmicutes_D;c__Bacilli;o__Erysipelotrichales;f__Coprobacillaceae;g__;s__,,0.002877363,,,,,,,,,,,,,,,,0.0034469725,0.003271934,,,,0.0034525169,0.0030624587,,,0.0027339936,0.0029985975,,,,,,,,0.0013417908,,,,,,,,,,,,,,,,,,,,,,,,,,,,,,,,,,,,,,,,,,,,,,,,,,,,,,,,,,,,,,,,,,,,,,,,,,,,,,,
d__Bacteria;p__Firmicutes_A;c__Clostridia_258483;o__Lachnospirales;f__Lachnospiraceae;g__CAG-45;s__CAG-45 sp000438375,,,0.0040360787,,,,,,,,,,,0.004382941,,,0.0032676081,0.003036945,,,,,,,,,,,,,,,,,,,,,,,,,,0.0040807007,,,,,,,,,0.003943044,,,,,,,,,,,0.0028606118,,,,,,,,,,,,,,,0.0028152217,,,,,,,,,,,,,,,,,,,,,,,,,,,,,,,0.0029515284,,,,,0.0030474123
d__Bacteria;p__Firmicutes_A;c__Clostridia_258483;o__Oscillospirales;f__Ruminococcaceae;g__Negativibacillus;s__Negativibacillus massiliensis,,,0.0030862675,,,,,,,,,,0.0030688017,0.003684553,,0.003279893,,,,0.0029743202,,,,,,,,,,,,0.0030596904,,,,0.0031591798,,0.0028486524,0.0047617373,,0.0034336438,,,,,,,,,,,,0.003163529,,,,,,,,0.002913137,,,,,,,,,,,,,,,,,,,,,,,,0.0047467262,,,,,,,,,,,,,0.003188389,,,,,,,,,,,,0.0030090474,0.0032859645,0.0013776353,,0.0039095352,
d__Bacteria;p__Firmicutes_A;c__Clostridia_258483;o__Eubacteriales_45227;f__Oscillospiraceae_45227;g__Ructibacterium;s__,,,0.0028574313,,,,,,,,,,,,,,,,,,,,,,,,,,,,,,,,,,,,,,,,,,,,,,,,,,,,,,,,,,,,,,,,,,,,,,,,,,,,,,,,,,,,,,,,,,,,,,,,,,,,,,,,,,,,,,,,
d__Bacteria;p__Firmicutes_A;c__Clostridia_258483;o__Lachnospirales;f__Lachnospiraceae;g__Bacteroides_F;s__Bacteroides_F pectinophilus,,,0.0028543419,,,,,,,,,,,,,,,,,,,,,,,,,,,,,,,,,,,,,,,,0.0030179603,,,,,,,,,,,,,,,,,,,,,,,,,,,,,,,,,,,,,,,,,,,,,,,,,,,,,,,,,,,,,,,,,,,,,,,,0.0034800963
d__Bacteria;p__Actinobacteriota;c__Coriobacteriia;o__Coriobacteriales;f__Coriobacteriaceae;g__Collinsella;s__Collinsella aerofaciens_F,,,0.0028477458,,,,,,,,,,,,,,0.003126937,,,,,,,,,,,,,,,,,,0.0033608344,,,,,,,,,,,,,,,,,,0.0032456694,,,,,,,,,,,,,,,,,,,,,,,,,,,,,,,,,,,,,0.0030629025,,,,,,,,,,,,,,,,,,,,,,0.00328101,,,0.0031001423
d__Bacteria;p__Firmicutes_D;c__Bacilli;o__Lactobacillales;f__Lactobacillaceae;g__Latilactobacillus;s__Latilactobacillus curvatus,,,0.002819077,,,,,,,,,,,,,0.0030029826,,,,,,,,,,,,,,,,,,,,,,,0.0032049047,,,,,,,,,0.0026988634,,,,,0.0031260224,,,,,,,,,,0.0031833923,,,,,,,,,,,,,,,,,,,,,0.002669889,,,,,,,,,,,,,,,,,,,,,,,,,,0.0029822406,,,,,
d__Bacteria;p__Firmicutes_A;c__Clostridia_258483;o__Oscillospirales;f__Oscillospiraceae_88309;g__Lawsonibacter;s__Lawsonibacter asaccharolyticus,,,,0.0040955828,,,,,,,,,0.0030676313,,0.0036411397,,,,,,,,,,,,,,,,,,,,,,,,,,,,,,0.0069534336,,,,,,,0.003907671,,,,,,,,,,,,,,,,,,,,,,,,,,,,,,,,,,,,,,,,,,,,,,,,,,,,,,,,,,,,,,,
d__Bacteria;p__Actinobacteriota;c__Coriobacteriia;o__Coriobacteriales;f__Eggerthellaceae;g__CAG-1427;s__,,,,0.0032033152,,,,,,,,,,,,,,,,,,,,,,,,,,,,,,,,,,,,,,,,,0.0040467493,,,,,,,,,,,,,,,,,,,,,,,,,,,,,,,,,,,,,,,,,,,,,,,,,,,,,,,,,,0.0030578137,,,,,,,,,,,,
d__Bacteria;p__Firmicutes_A;c__Clostridia_258483;o__Lachnospirales;f__Lachnospiraceae;g__Eubacterium_F;s__Eubacterium_F sp000687695,,,,0.0031248569,,,,,,,,,,,,,,,,,,,,,,,,,,,,,,,,,,,,,,,,,,,,,,,,,,,,,,,,,,0.002811067,,,,,,,,,,,,,,,,,,,,,,,,,,,,,,,,,,,,,,,,,,,,,,,,,,,,,
d__Bacteria;p__Firmicutes_D;c__Bacilli;o__Staphylococcales;f__Gemellaceae;g__Gemella;s__Gemella morbillorum,,,,0.0031083962,,,,,,,,,,,,,,,,,,,,,,,,,,,,,,,,,,,0.0031489814,,,,,,,,,,,,,,,,,,,,,,,,,0.0027946723,,,,,,,,,,,,,,,,,,,,,,,,,,,,,,,,,,,,,,,,,,,,,,,,,,,
d__Bacteria;p__Firmicutes_D;c__Bacilli;o__Erysipelotrichales;f__Erysipelotrichaceae;g__Clostridium_AQ;s__Clostridium_AQ innocuum,,,,0.0029539699,,,,,,,,0.0027886531,,,0.002872802,,,,,,,,,,,,,,,,,,,,,,,,,,,,,,,,,,,,,,,,,,,,,,,,,,,,,,,,,,,,,,,,,,,,,,,,,,,,,,,,,,,,,,,,,,,,,,,,,,,,
d__Bacteria;p__Firmicutes_D;c__Bacilli;o__Erysipelotrichales;f__Coprobacillaceae;g__Erysipelatoclostridium;s__Clostridium ramosum,,,,0.0029459042,,,,,,,,,,,,,,,,,,,,,,,,,,,,,,,,,,,,,,,,,,,,,0.00349011,,,0.002836145,,,,,,,,,,,,,,,,,,,,,,,,,,,,,,,,,,,,,,,,,,,0.0013280569,,,,,,,,,,,,,,,,,,,,
d__Bacteria;p__Firmicutes_A;c__Clostridia_258483;o__Oscillospirales;f__Ruminococcaceae;g__Massilioclostridium;s__Massilioclostridium coli,,,,0.0029245073,,,,,,,,,,,0.0035795346,,,,,,,,,,,,,,,,,,,,,,,,,,,,,,0.005655532,,,,,,,0.0034469394,,,,,,,,,,,,,,,,,,,,,,,,,,,,,,,,,,,,,,,,,,,,,,,,,,,,,,,,,,,,,,,
d__Bacteria;p__Firmicutes_A;c__Clostridia_258483;o__Oscillospirales;f__Ruminococcaceae;g__Ruminiclostridium_E;s__Ruminiclostridium_E siraeum,,,,0.0028839437,,,,,0.0030868156,,,,,,,,,,,,,,,,,,,,,,,,,,,,,,,,,,,,,,,,,,,,,,,,,,,,,,,,,,,,,,,,,,,0.0027919007,,,,,,,,,,,,,,,,,,,,,,,,,,,,,,,,,,,,,,,
d__Bacteria;p__Firmicutes_A;c__Clostridia_258483;o__Lachnospirales;f__Lachnospiraceae;g__Coprococcus_A_121497;s__Coprococcus_A_121497 sp000154245,,,,0.0028674304,,,,,,,,,,,,,,,,,,,,,,,,,,,,,,,,,,,,,,,,,,,,,,,,,,,,,,,,,,,,,,,,,,,,,,,,,,,,,,,,,,,,,,,,,0.002642529,,,,,,,,,,,,,,,,,,,,,,
d__Bacteria;p__Actinobacteriota;c__Coriobacteriia;o__Coriobacteriales;f__Eggerthellaceae;g__Ellagibacter;s__Ellagibacter isourolithinifaciens,,,,0.0028665462,,,,,,,,,,,,,,,,,,,,,,,,,,,,,,,,,,,,,,,,,0.0038663698,,,,,,,,,,,,,,,,,,,,,,,,,,,,,,,,,,,,,,0.0029008696,,,,,,,,,,,,,,,,,,,,,,,,,,,,,,,,
d__Bacteria;p__Firmicutes_A;c__Clostridia_258483;o__Lachnospirales;f__Lachnospiraceae;g__Enterocloster;s__Enterocloster bolteae,,,,0.0013655942,,,,,,,,,,,,,,,,,,,,,,,,,,,,,,,,,,,,,,,,,,,,,,,,,,,,,,,,,,,,,,,,,,,,,,,,,,,,,,,,,,,,,,,,,,,,,,,,,,,,,,,,,,,,,,,
d__Bacteria;p__Firmicutes_D;c__Bacilli;o__Lactobacillales;f__Streptococcaceae;g__Lactococcus_A_346120;s__Lactococcus_A_346120 lactis_346025,,,,,0.002920901,0.002879891,,,0.0030181115,,,,,,,,,,,,,,,,,0.003445748,0.0030232249,,,0.0028540033,,,,,,,,,,,,0.0035574203,,,,,,0.0027822242,,,,,,,,,,,,,,,,,0.0027092146,,,,,,,,,,,,,,,,,,,,,,,0.0036730005,,,,,,,,,,,,,,,,,,,,,,,,,,,
d__Bacteria;p__Firmicutes_A;c__Clostridia_258483;o__Lachnospirales;f__Lachnospiraceae;g__Roseburia;s__Roseburia hominis,,,,,,0.003629426,0.0029427093,,,,,,,,,,,,,,,,,,,,,,0.0030169385,,,,,,,,,,,,,,,,,,,,0.0037285741,,,,,,,,,,,,,0.0030210214,,,,,,,,,,,,0.003196734,,,,,,,,,,,,,,,,,,,,0.0036576889,,,,,,,,,,,,,,,,,0.003758071,,,,
d__Bacteria;p__Firmicutes_A;c__Clostridia_258483;o__Lachnospirales;f__Lachnospiraceae;g__TWA4;s__TWA4 sp000875945,,,,,,0.0034151867,,,,,,,,,,,,,,,,,,,,,,,,,,,,,,,,,,,,,,,,,,,,,,,,,,,,,,,,,,,,,,,,,,,,,,,,,,,,,,,,,,,,,,,,,,,,,,,,,,,,,,,,,,,,,0.0038637863
d__Bacteria;p__Firmicutes_A;c__Clostridia_258483;o__Lachnospirales;f__Lachnospiraceae;g__CAG-603;s__CAG-603 sp900066105,,,,,,0.0032306318,,,,,,,,,,,,,,,,,,,,,,,,,,,,,,,,,,,,,,,,,,,,,,,,,,,,,,,,,,0.002931056,,,,,,,,,,,,,,,,,,,,,,,,,,,0.0013353241,,,,,,,,,,,,,,,,,,,,,,,,
d__Bacteria;p__Firmicutes_A;c__Clostridia_258483;o__Lachnospirales;f__Anaerotignaceae;g__Anaerotignum_189125;s__Anaerotignum lactatifermentans,,,,,,0.0028937636,,,0.0028253272,,,,,,,,,,,,,,,,,,,,,,,,,,,,,,,,,,,,,,,,,,,,,,,,,,,,,,,,,,,,,,,,,,,,,,,,,,,,,,,,,,,,,,,,,,,,,,,,,,,,,,,,,,
d__Bacteria;p__Firmicutes_A;c__Clostridia_258483;o__Lachnospirales;f__Lachnospiraceae;g__Blautia_A_141781;s__Blautia_A_141781 hydrogenotrophica,,,,,,0.0028808706,,,,,,,,,,,,,,,,,,,,,,,,,,,,,,,,,0.0031235334,,,,,,,,,,,,,,,,,,,,,,,,,,,,,,,,,,,,,0.0029829298,,,,,,,,,,,,,,,,,,,,,,,,,,,,,,,,,,,,,,,
d__Bacteria;p__Firmicutes_C;c__Negativicutes;o__Veillonellales;f__Veillonellaceae;g__Veillonella_A;s__Veillonella_A atypica,,,,,,0.0028772987,,,,,,,,,,,,,,,,,,,,,,,,,,,,,,,,,,,,,,,,,,,,,,,,,,,,,,,,,,,,,,,,,,,,,,,,,,,,,,,,,,,,,,,,,,,,,,,,,,,,,,,,,,,,,
d__Bacteria;p__Firmicutes_B_370539;c__Peptococcia;o__Peptococcales;f__BICA1-8;g__BICA1-8;s__,,,,,,,0.0028662686,,,,,,,,,,,,,,,,,,,,,,,,,,,,,,,,,,,,,0.003095327,,,,,,,,,,,,,,,,,,,,,,,,,,,,,,,,,,,,,,,,,,,,,,,,,,,,,,,,0.0030771361,,,,,,,,,,,,,,,
d__Bacteria;p__Firmicutes_A;c__Clostridia_258483;o__Oscillospirales;f__Oscillospiraceae_88309;g__Vescimonas;s__Vescimonas fastidiosa,,,,,,,0.0028398333,0.0027297752,,,,,,,,,,,,,,,,,,,,,,,,,,,,,,,,,,,,,,,,,,,,,,,,,,,,,,,,,,,,,,,,,,,,,,,,,,,,,,,,,,,,,,,,,,,,,,,,,,,,,,,,,,,
d__Bacteria;p__Firmicutes_A;c__Clostridia_258483;o__Eubacteriales_45227;f__Oscillospiraceae_45227;g__Ructibacterium;s__Ructibacterium gallinarum,,,,,,,0.0013568703,0.0013524512,,,,,,,,,,,,,,,,,,,,,,,,,,,,,,,,,,,,,,,,,,,,,,,,,,,,,,,,,,,,,,,,,,,,,,,,,,,,,,,,,,,,,,,,,,,,,,,,,,,,,,,,,,,
d__Bacteria;p__Firmicutes_D;c__Bacilli;o__Erysipelotrichales;f__Erysipelotrichaceae;g__Holdemania;s__Holdemania massiliensis,,,,,,,,0.0013702884,,,,,,,,,,,,,,,,,,,,,,,,,,,,,,,,,,,,,,,,,,,,,,,,,,,,,0.0029523051,,,,,,,,,,,,,,0.0027570426,,,,,,,,,,,,,,,,,,,,,,,0.0033663653,,,,,,,,,,,,,,,,,
d__Bacteria;p__Firmicutes_C;c__Negativicutes;o__Veillonellales;f__Veillonellaceae;g__Veillonella_A;s__Veillonella_A tobetsuensis,,,,,,,,,0.002863984,,,,,,,,,,,,,,,,,,,,,,,,,,,,,,,,,,,,,,,,,,,,,,,,,,,,,,,,,,,,,,,,,,,,,,,,,,,,,,,,,,,,,,,,,,,,,,,,,,,,,,,,,,
d__Bacteria;p__Firmicutes_A;c__Clostridia_258483;o__Christensenellales;f__CAG-74;g__SFMI01;s__SFMI01 sp004556155,,,,,,,,,0.0028598448,,,,,,,,,,,,,,,,,,,0.0029680866,,,,,,,,,,,,,,,,,,,,,,,,0.003296598,,,,,,,,,,,,,,,,,,,,,,,,,,,,,0.0027132914,,,,,,,,,,,,,,,,,,,,,,,,,,,,,,,,,,
d__Bacteria;p__Firmicutes_A;c__Clostridia_258483;o__Oscillospirales;f__Oscillospiraceae_88309;g__Lawsonibacter;s__,,,,,,,,,,0.0032924232,,,0.0030353311,,,,,,,,,,,,,,,,,,,,,,,,,,,,,,,,,,,0.0032641408,,,,,,,,,,,,,,0.0030349959,,,,,,,,,,,,,,,,,,,,,,,,,,,,,,0.0029480201,,,,,,,,,,,,,,,,,,,,,,,
d__Bacteria;p__Cyanobacteria;c__Vampirovibrionia;o__Gastranaerophilales;f__Gastranaerophilaceae;g__Stercorousia;s__,,,,,,,,,,,0.0030048485,,,,,,,,,,,,,,0.0030585048,0.002896109,,,,,,,,,,,0.003088564,,,,,,0.0029762066,,,,,,,,,,,,,,,,,,,,,,,,,,,,,,,,,,,,,,,,,,,,,,,,,,,,,,,,,,,0.003286049,,0.0029916542,,,,,0.0029089805,,,,,,
d__Bacteria;p__Firmicutes_A;c__Clostridia_258483;o__Lachnospirales;f__Lachnospiraceae;g__Copromonas;s__Copromonas sp000435795,,,,,,,,,,,0.002929804,,,0.0034482535,,,,,,0.0032992822,,0.0031501737,,,,,,,,,,0.0039786324,,,,,,,0.003445729,,,,,,,,,,,,,,,,,,,,,,,,,0.002897059,,,,,,,,,,,,,,,,,,,,,0.0029053497,,,,,,,0.0028277722,,,,,,,,,,,,,,,,,,0.0034738933,,,,0.0041088453,
d__Bacteria;p__Firmicutes_A;c__Clostridia_258483;o__Peptostreptococcales;f__Peptostreptococcaceae_256921;g__Romboutsia_B;s__Romboutsia_B ilealis,,,,,,,,,,,0.0028725404,,,,,,,,,0.0029779521,,0.0033493503,,,,,,,0.0029461598,,,,,,,0.003311783,,,,,,,,,,,,,,,,,,,,,,,,,,,,,,,,,,,,,,,,,,,,,,,,,,,,,,,,,,,,,,,,,,,,,0.0026151664,,,,,,,,,,
d__Bacteria;p__Firmicutes_A;c__Clostridia_258483;o__Lachnospirales;f__Lachnospiraceae;g__Clostridium_Q_135822;s__Clostridium_Q_135822 fessum,,,,,,,,,,,0.002864002,,,,,,,,,,,,,,,,,,,,,,,,,,,,,,,,,,,,,,,,,,,,,,,,,,,,,,,,,,,,,,,,,,,,,,,,,,,,,,,,,,,,,,,,,,,,,0.002979751,,,,,,,,,,,
d__Bacteria;p__Firmicutes_A;c__Clostridia_258483;o__Lachnospirales;f__Lachnospiraceae;g__Massilistercora;s__Massilistercora timonensis,,,,,,,,,,,0.0013686348,,,,,,,,,,,,,,0.0029562027,,,,,,,,,,,,0.0031612436,,,,,,,,,,,0.0028021173,,,,,,,,,,,,,,,,,,,,,,,,,,,,,,,,,,,,,,,,,,,,,,,,,,,,,,,,,,,,,,,,,,,
d__Bacteria;p__Firmicutes_A;c__Clostridia_258483;o__Clostridiales;f__Clostridiaceae_222000;g__Clostridium_T;s__Clostridium_T paraputrificum_207370,,,,,,,,,,,,0.0030378164,,,,,,,,,,,0.0031517702,,0.0029928917,,,,,,,,,,,,,,,,,,,,0.004094567,,,,,,,,,,,,,,,,,,,,,,,,,,,,,,,,,,,,,,,,,,,,,,,,,,,,,,,,,,,,,,,,,,,,,,
d__Bacteria;p__Firmicutes_A;c__Clostridia_258483;o__Oscillospirales;f__Acutalibacteraceae;g__Clostridium_A;s__Clostridium_A leptum,,,,,,,,,,,,0.0028006898,,,,,,,,,,,,,,,,,,,,,,,,,,,,,,,,,,,,,,,,,,,,,,,,,,,,,,,,,,,,,,,,,,,,,,,,,,,,,,,,,,,,,,,,,,,,,,,,,,,,,,,
d__Bacteria;p__Firmicutes_A;c__Clostridia_258483;o__Oscillospirales;f__Acutalibacteraceae;g__Anaeromassilibacillus;s__Anaeromassilibacillus sp001305115,,,,,,,,,,,,0.00275945,,,,,,,,,0.002866006,,,,0.0028698412,,,,,,,,,,,,,,,,,,,,,,,,,,,,,,,,,,,,,,,,,,,,,,,,,,,,,,,,,,,,,,,,,,,,,,,,,,,,,,,,,,,,,,,,,,
d__Bacteria;p__Bacteroidota;c__Bacteroidia;o__Bacteroidales;f__Marinifilaceae;g__Butyricimonas;s__Butyricimonas faecihominis,,,,,,,,,,,,0.0027458165,,,,,,,,,,,,,,,,,,,,,,,,,,0.0027091987,,,,,,,,,,,,,,,0.0029495535,,,,,,,,,,,,,,,,,,,,,,,,,,,,,,,,,,,,,,,,,,,,,,,,,,,,,,,,,,,,,,
d__Bacteria;p__Actinobacteriota;c__Actinomycetia;o__Actinomycetales;f__Bifidobacteriaceae;g__Bifidobacterium_388775;s__Bifidobacterium breve,,,,,,,,,,,,,0.003736693,,,,,,,,,,,,,,,,0.0037135717,,,,,,,,,,,,,,0.0050362777,0.0031957938,,,0.0028224536,,,,,,,,,,,,,,,,,,,,,,,,,,,,,0.003534856,,,,,0.002824869,,,,,,,,,,,,,,0.0038904469,,,,,,,,,,,,,,,,,,,0.0033759656,
d__Bacteria;p__Firmicutes_A;c__Clostridia_258483;o__Oscillospirales;f__Acutalibacteraceae;g__Hydrogeniiclostridium;s__,,,,,,,,,,,,,0.0036454576,0.0032025105,,,,,,,,,,0.0030982215,,,,,,,,,,,,,,0.0029428834,0.0014317064,,,,,,,,,,,,,,0.0036069015,,,,,,,,,,,,,,,,,,,,,,,,,,,,,,,,,,,,,,,0.001364798,,,,,,,,,,,,,,,,,,,,,,0.0034349672,
d__Bacteria;p__Firmicutes_A;c__Clostridia_258483;o__Lachnospirales;f__Lachnospiraceae;g__Mediterraneibacter_A_155507;s__Mediterraneibacter_A_155507 cottocaccae,,,,,,,,,,,,,0.0033228244,,,,,,,,,,,,,,,,,,,,,,,,,,,,,,,,,,,,,,,,,,,,,,,,,,,,,,,,,,,,,,,,,,,,,,,,,,,,,,,,,,,,,,,,,,0.0027237968,,,,,,,,,,,,
d__Bacteria;p__Firmicutes_A;c__Clostridia_258483;o__Oscillospirales;f__Oscillospiraceae_88309;g__Intestinimonas;s__Intestinimonas butyriciproducens,,,,,,,,,,,,,0.002977362,,,,,,,,,,,,,,,,,,0.0031381557,,,,,,,,,,,,,,,,,,,,,,,,,,,,,,,,,,,,,,,,,,,,,,,,,,,,,,,,,,,,,,,,,,,,,,,,,,,,,,,,,,,,
d__Bacteria;p__Firmicutes_A;c__Clostridia_258483;o__Oscillospirales;f__Ruminococcaceae;g__Anaerotruncus;s__Anaerotruncus colihominis,,,,,,,,,,,,,0.0014250313,,,,,,,,,,,,,,,,,,,,,,,,,,,,,,,,,,,,,,,,,,,,,,,,,,,,,,0.0028449912,,,,,,,,,,,,,,,,,,,,,,,,,,,,,,,,,,,,,,,,,,,,,,,,
d__Bacteria;p__Firmicutes_A;c__Clostridia_258483;o__Lachnospirales;f__Lachnospiraceae;g__Mediterraneibacter_A_155507;s__Mediterraneibacter_A_155507 torques,,,,,,,,,,,,,,0.004921551,,,,,,,,0.0030896724,,,,,,,,,,,,,,,,,0.0035791781,,0.0040180814,,,,,,,,,,,,,,,,,,,,,,,,,,,,,,,,,,,,0.0028185928,0.003177151,,,,,,,,0.003224414,,,,,,,,,,,,,,,0.0032944921,,,0.0029923185,,,,,,0.0034377952,0.0032717972,,,,
d__Bacteria;p__Firmicutes_D;c__Bacilli;o__Erysipelotrichales;f__Erysipelotrichaceae;g__Merdibacter;s__Merdibacter massiliensis,,,,,,,,,,,,,,0.0035211183,,,,0.0030159373,,,,,,,,,,,,,,,,,,,,,,,0.0030350955,,,,,,,,,,,,0.0041086003,,,,,,,,,,,,,,,,,,,,,,,,,,,,,,,,,,,,,,,,,,,,,,,,,,,,,,,,,,,,,0.0031392148,
d__Bacteria;p__Firmicutes_A;c__Clostridia_258483;o__Oscillospirales;f__Ruminococcaceae;g__Phocea;s__,,,,,,,,,,,,,,0.0034128411,,0.0028741425,,,,,,,,,,,,,,,,,,,,,,,0.003803048,,,,,0.0036659776,,,,,,,,,,,,,,,,,,,,,,,,0.002656471,,,,,,,,,0.0030788793,,,,,,,,,,,,,,,,,,,,,,,,,,,,,,,,,,0.003193329,,,,0.0032836208
d__Bacteria;p__Actinobacteriota;c__Actinomycetia;o__Actinomycetales;f__Actinomycetaceae;g__Pauljensenia;s__Schaalia odontolytica,,,,,,,,,,,,,,0.0031628606,,,,,,,,,,,,,,,,,,,,,,,,,,,,,,,,,,,,,,,,,,,,,,,,,,,,,,,,,,,,,,,,,,,,,,,,,,,,,,,,,,0.002795698,,,,,,,,,,,,,,,,,,,
d__Bacteria;p__Firmicutes_A;c__Clostridia_258483;o__Oscillospirales;f__Oscillospiraceae_88309;g__;s__,,,,,,,,,,,,,,,0.0030524826,,,,,,,,,,,,,,,,,,,,,,,,,,,,,,,,,,,,,,,,,,,,,,0.0033603841,,,,,,,,,,,,,,,,,,,,,,,,,,,,,,,,,,,,,,,0.003201689,,,,,,,,,,,,,,,
d__Bacteria;p__Bacteroidota;c__Bacteroidia;o__Bacteroidales;f__Marinifilaceae;g__Gabonibacter;s__Gabonibacter massiliensis,,,,,,,,,,,,,,,0.0029838004,,,,,,,,,,,,,,,,,,,,,,,,,,,,,,,,,,,,,,,,,,,,0.0027464847,,,,,,,,,,,,,,,,,,,,,,,,,,,,,,,,,,,,,,,0.0026714406,,,,,,,,,,,,,,,,,
d__Bacteria;p__Firmicutes_A;c__Clostridia_258483;o__Lachnospirales;f__Lachnospiraceae;g__Eubacterium_F;s__Eubacterium_F sp003491505,,,,,,,,,,,,,,,,0.0030199655,,,,,,,,,,,,,,,,,,,,,,,,,,,,,,,,,,,,,,,,,,,,,,,,,,,,,,,,,,,,,,,,,,,,,,,,,,,,,,,,,,,,,,,,,,,,,,,,,,,
d__Bacteria;p__Firmicutes_A;c__Clostridia_258483;o__Oscillospirales;f__Ruminococcaceae;g__Gemmiger_A_73129;s__,,,,,,,,,,,,,,,,0.0029033874,,,,,,,,,,,,,,,,,,,,,,,,,,,,,,,,,,,,,,,,,,,,,,,,,,,,,,,,,,0.002905894,,,,,,,,,,,,,0.003012572,,,,,,,,,,,,,,,,,,,,,,,,,,,,
d__Bacteria;p__Bacteroidota;c__Bacteroidia;o__Bacteroidales;f__Rikenellaceae;g__Alistipes_A_871400;s__Alistipes_A_871400 dispar,,,,,,,,,,,,,,,,0.002888548,,,,,,,,,,,,,,,,,,,,,,,,,,,,,,,,,,,,,,,,,,,,,,,,,,,,,,,,,,,,,,,,,,,,,,,,,,,,,,,,,,,,,,,,,,,,,,,,,,,
d__Bacteria;p__Firmicutes_D;c__Bacilli;o__Erysipelotrichales;f__Erysipelotrichaceae;g__Faecalitalea;s__Faecalitalea cylindroides,,,,,,,,,,,,,,,,0.0028473549,,,,,,,,,,,,,,,,,,,0.0029912423,,,,,,,,,,,,,,,,,,,,,,,,,,,,,,,,,,,,,,,,,,,,,,,,,,,,,,,,,,,,,,,,,,,,,,,,0.002937492,0.0028363592,,,,,,,
d__Bacteria;p__Firmicutes_A;c__Clostridia_258483;o__Lachnospirales;f__Lachnospiraceae;g__Lachnospira;s__Lachnospira eligens,,,,,,,,,,,,,,,,,0.0033211783,,,,,,,,,,,,,,,,,,0.003645586,,,,,0.0031298958,0.003136059,,,,,,0.002839474,,,,,,,,,,,,,,,0.003163245,,,,,,,,,,,,,,,,,,,,,,,,0.0033915015,,,,,,,,,,,,,,,,,,,,,,,,,0.004303064,,,,
d__Bacteria;p__Actinobacteriota;c__Actinomycetia;o__Actinomycetales;f__Bifidobacteriaceae;g__Bifidobacterium_388775;s__Bifidobacterium bifidum,,,,,,,,,,,,,,,,,0.0031114027,,,,,,,,,,,0.0014401451,,,,,,,,,,,,,,,,,,,,,,,,,,,,,,,,,,,,,,,,,,,,,,,,,,,,,,,,,,0.0028681085,,,,,,,,,,,,,,,,,,,,,,0.002758009,,,,,,,
d__Bacteria;p__Firmicutes_A;c__Clostridia_258483;o__Lachnospirales;f__Lachnospiraceae;g__Catonella;s__Catonella morbi,,,,,,,,,,,,,,,,,,0.0037351344,0.0032611834,,,,,,,,,,,,,,,,,,,,,,,,,,,,,,,,,,,,,,,,,,,,,,,,,,,,,,,0.002758836,,,,,,,,,,,,,,,,,,,,,,,,,,,,,,,,,,,,,,,,,
d__Bacteria;p__Firmicutes_A;c__Clostridia_258483;o__Lachnospirales;f__Lachnospiraceae;g__Blautia_A_141780;s__Blautia_A_141780 stercoris,,,,,,,,,,,,,,,,,,0.0033747586,,,,,0.0033061851,,,,,,,,,,,,,,,,,,,,,,,,,,,,,,,,,,,,,,0.002851715,,,,,,,,,,,,,,,,,,,,,,,,,,,,,,,,,,,,,,,,,,0.0031776736,,,,,,,,,,,,
d__Bacteria;p__Firmicutes_A;c__Clostridia_258483;o__Oscillospirales;f__Ruminococcaceae;g__CAG-353;s__CAG-353 sp900066885,,,,,,,,,,,,,,,,,,,0.0029456175,,,,,,,,,0.0030397454,,,,,,,,,,,,,,0.0028307731,,,,,,,,,,,,,,,,,,,,,,,,,,,0.0028026341,,,,,,,,,,,,,,,,,,,,,,,,,,,,,,,,,,,,,,,,,,,,,,
d__Bacteria;p__Firmicutes_A;c__Clostridia_258483;o__Lachnospirales;f__Lachnospiraceae;g__Coprococcus_A_187866;s__,,,,,,,,,,,,,,,,,,,,0.0031732987,,,0.0027871006,,,,,,,0.0028456892,,0.0033846805,,,,0.0033061216,,,,,,,,,,,,,,,,,,,,,,,,,,,,,,,,,,,,,,,,,,,,,,,,,,,,,,,,,,,,,,,,,,,,,,,,,,,,,,,
d__Bacteria;p__Actinobacteriota;c__Coriobacteriia;o__Coriobacteriales;f__Eggerthellaceae;g__Adlercreutzia_404257;s__Adlercreutzia equolifaciens,,,,,,,,,,,,,,,,,,,,0.0028235945,,,,,,,,,,0.0028951587,,,,,,0.002846331,,,,,,,,,,,,,,,,,,,,,,,,,,,,,,0.0027837483,,,,,,,,,,,,,,,,,,,,,,,,,,,,,,,,,,,,,,,0.0025319518,,,,,,,,,,
d__Bacteria;p__Firmicutes_A;c__Clostridia_258483;o__Lachnospirales;f__Lachnospiraceae;g__Muricomes_149725;s__Faecalicatena fissicatena,,,,,,,,,,,,,,,,,,,,0.0028194692,,,,,,,,,,,,,,,,,,,,,,,,,,,,,,,,,,,,,,,,,,,,,,,,,,,,,,,,,,,,,,,,,,,,,,,,,,,,,,,,,,,,,,,,,,,,,,,
d__Bacteria;p__Bacteroidota;c__Bacteroidia;o__Bacteroidales;f__Tannerellaceae;g__Parabacteroides_B_862066;s__Parabacteroides_B_862066 distasonis,,,,,,,,,,,,,,,,,,,,,0.0030543504,,,,,,,,,,,,0.002796624,,,,,,,,,,,,,,,,,0.0030145873,,,,,0.0028504427,0.0028853999,0.002837204,,,,0.002931482,,,,,,,,,,,,,,,,,,,0.0013155189,,,,,,,,,,,,,,,,,,,,,,,,,0.0040290556,,,,,,,,,,
d__Bacteria;p__Actinobacteriota;c__Coriobacteriia;o__Coriobacteriales;f__Atopobiaceae;g__Lancefieldella;s__Lancefieldella sp000564995,,,,,,,,,,,,,,,,,,,,,0.0029579133,,,,,,,,,,,,,,,,,,,,,,,,,,,,,,,,,,,,,,,,,,,,,,,,,,,,,,,,,,,,,,,,,,,,,,,,,,,,,,,,,,,,,,,,,,,,,,
d__Bacteria;p__Desulfobacterota_I;c__Desulfovibrionia;o__Desulfovibrionales;f__Desulfovibrionaceae;g__Mailhella;s__Mailhella massiliensis,,,,,,,,,,,,,,,,,,,,,0.0028200147,,,,,,,,,,,,,,,,,,,,,,,,,,,,,,,,,,,,,,,,,,,,,,,,,,,,,,,,,,,,,,,,,,,,,,,,,,,,,,,0.003664135,,,,,,,,,0.0028896567,,,,,,
d__Bacteria;p__Firmicutes_A;c__Clostridia_258483;o__Lachnospirales;f__Lachnospiraceae;g__RUG115;s__RUG115 sp900066395,,,,,,,,,,,,,,,,,,,,,0.0027247001,,,,,0.0028121998,,,,,,,,,,,,,,,,,,,0.0030191052,,,,,,,,,,,,,,,,,,,,,,,,,,,,,,,,,,,,,,,,,,,,,,,,,,,,,,,,,,,,,,,,,,,,,,
d__Bacteria;p__Firmicutes_D;c__Bacilli;o__Lactobacillales;f__Streptococcaceae;g__Streptococcus;s__Streptococcus mutans,,,,,,,,,,,,,,,,,,,,,0.0013276476,,,,,,,,0.002827018,,,,,,,,,,,,,,,,,,,,,,,,,,,,,,,,,,,,,,,,,,,,,,,,,,,,,,,,,,,,,,,,,,,,,,,,,,,,,,,,,,,,,,
d__Bacteria;p__Firmicutes_D;c__Bacilli;o__Erysipelotrichales;f__Erysipelotrichaceae;g__Bulleidia;s__Bulleidia moorei,,,,,,,,,,,,,,,,,,,,,0.0013144424,,,,,,,,,,,,,,,,,,,,,,,,,,,,,,,,0.0028854373,,,,,,,,,,,,,,,,,,,,,,,,,,,,,,,,,,,,,,,,,,,,,,,,,,,,,,,,,,,,,,
d__Bacteria;p__Firmicutes_A;c__Clostridia_258483;o__Christensenellales;f__CAG-74;g__Onthenecus;s__,,,,,,,,,,,,,,,,,,,,,,0.002840838,,,,,,,,,,,,,,,,,,,,,,,,,,,,,,,,,,,,,,,,,,,,,,,,0.0032974265,,,,,,0.002906355,,,,,,,,,,,,,,,,,,,,,,,,,,,,,,,,,,,,,,,
d__Bacteria;p__Firmicutes_A;c__Clostridia_258483;o__Oscillospirales;f__Ruminococcaceae;g__;s__,,,,,,,,,,,,,,,,,,,,,,0.0027211492,,,,,,,,,,,,,,,,,,,,,,,,,,,,,,,,,,,,,,,,,,,,,,,,,,,,,,,,,,,,,,,,,,,,,,,,,,,,,,0.004022709,,,,,,,,,,,,,,,
d__Bacteria;p__Actinobacteriota;c__Coriobacteriia;o__Coriobacteriales;f__Eggerthellaceae;g__Senegalimassilia;s__Senegalimassilia faecalis,,,,,,,,,,,,,,,,,,,,,,,0.0028775746,,,,,,,,,0.0028372104,,,,,,,,,,,,,,,,,,,,,,,,,,,,,,,,,,,,,,,,,,,,,,,,,,,,,0.0033254258,,,,,,,,,,,,,,,,,,,,,,,,,,,,,,
d__Bacteria;p__Bacteroidota;c__Bacteroidia;o__Bacteroidales;f__Bacteroidaceae;g__Bacteroides_H;s__Bacteroides_H nordii,,,,,,,,,,,,,,,,,,,,,,,0.0027820854,,,,,,,,,,,,,,,,,,,,,,,,,,,,,,,,,,,,,,,,,,,,,0.0013227535,,,,,,,,,,0.002904289,,,,,,,,,,,,,,,,,,,,,,,,,,,,,,,,,,,,,
d__Bacteria;p__Actinobacteriota;c__Coriobacteriia;o__Coriobacteriales;f__Eggerthellaceae;g__Eggerthella;s__Eggerthella lenta,,,,,,,,,,,,,,,,,,,,,,,,0.0032172343,,,,,,,,,,,,,0.0027192368,,,,,,,,,,,,,,,,,,,,,,,,,,,,,,,,,,,,,,,,,,,,,,,,,,,,,,,,,,,,,,,,,,0.0032239244,,,,,,0.002913652,,,,,,
d__Bacteria;p__Firmicutes_A;c__Clostridia_258483;o__Oscillospirales;f__Oscillospiraceae_88309;g__Limivicinus;s__Limivicinus sp002320035,,,,,,,,,,,,,,,,,,,,,,,,0.0030570622,,,,,,,,,,,,,,,,,,,,0.0031806128,,,,,,,,,,,,,,,,0.0033812178,,,,,,,,0.0027759855,,,0.002847195,,,0.002975418,,,,,,,,0.0027938168,,,,,,,,,,,,,,,,,,,,,,,,,,,,,,,,,0.0031789052
d__Bacteria;p__Firmicutes_A;c__Clostridia_258483;o__Oscillospirales;f__Acutalibacteraceae;g__CAG-177;s__CAG-177 sp003538135,,,,,,,,,,,,,,,,,,,,,,,,0.002876951,,,,,,,,,,,,,,,,,,,,0.0031872266,,,,,,,,,,,,,,,,,,,,,,0.0026753978,,,,,,,,,,,,,,,,,,,,,,,,0.0032150275,,,,,,,,,,,,,0.0032389783,,,,,,,,,,,,
d__Bacteria;p__Bacteroidota;c__Bacteroidia;o__Bacteroidales;f__Bacteroidaceae;g__Bacteroides_H;s__Bacteroides_H fragilis,,,,,,,,,,,,,,,,,,,,,,,,0.0028643212,,,,,,,,,,,,,,,,,,,,,,,,,,,,,,,,,,,,,,,,,,,,,,,,,,,,,,,,,,,,,,,,,,,,,,,,,,,,,,,,,,,,,,,,,,,
d__Bacteria;p__Firmicutes_A;c__Clostridia_258483;o__Christensenellales;f__CAG-74;g__Limiplasma;s__Limiplasma merdipullorum,,,,,,,,,,,,,,,,,,,,,,,,,0.0031260746,,,,,,,,,,,,,,,,,,,,,,,,,,,,,,,,,,,,,,,,,,,,,,,,,,,,,,,,,,,,,,,,,,,,,,,,,,,,,,,,,,,,,,,,,,
d__Bacteria;p__Firmicutes_A;c__Clostridia_258483;o__Oscillospirales;f__Ruminococcaceae;g__UBA1394;s__UBA1394 sp900066845,,,,,,,,,,,,,,,,,,,,,,,,,0.0030549248,,,,,,,,,,,,,,,,,,0.0032304155,,,,,,,,,,,,,,,,,,,0.0028951233,,,,,,,0.0029956528,,,,,0.0028025298,,,,,,,,,,,,,,,,,,,,,,,,,,,,,,,,,,,,,,,,,
d__Bacteria;p__Firmicutes_A;c__Clostridia_258483;o__Clostridiales;f__Clostridiaceae_222000;g__Clostridium_T;s__,,,,,,,,,,,,,,,,,,,,,,,,,0.0028943075,,,,,,,,,,,,,,,,,,,,,,,,,,,,,,,,,,,,,,,,,,,,,,,,,,,,,,,,,,,,,,,,,,,,,,,,,,,,,,,,,,,,,,,,,,
d__Bacteria;p__Bacteroidota;c__Bacteroidia;o__Bacteroidales;f__Rikenellaceae;g__Alistipes_A_871404;s__Alistipes_A_871404 ihumii,,,,,,,,,,,,,,,,,,,,,,,,,0.0028669857,,,,,,,,,,,,,,,,,,,,,,,,,,,,,,,,,,,,,,,,,,,,,,,,,,,,,,,,,,,,,,,,,,,,,,,,,,,,,,,,,,,,,,,,,,
d__Bacteria;p__Firmicutes_A;c__Clostridia_258483;o__Lachnospirales;f__Lachnospiraceae;g__Hungatella_A_128155;s__Hungatella_A_128155 effluvii,,,,,,,,,,,,,,,,,,,,,,,,,0.0028610588,,,,,,,,,,,,,,,,,,,,,,,,,,,,,,,,,,,,,,,,,,,,,,,,,,,,,,,,,,,,,,,,,,,,,,,,,,,,,,,,,,,,0.0029937825,,,,,,
d__Bacteria;p__Firmicutes_A;c__Clostridia_258483;o__Lachnospirales;f__Lachnospiraceae;g__Eubacterium_I;s__Eubacterium_I ramulus,,,,,,,,,,,,,,,,,,,,,,,,,0.0028212308,,,,,,,,,,,,,,,,,0.003020542,,,,,,,,,,,,,,,,,,,,,,,,,,,,,,,,,,,,,,,,,,,,,,,,,,,,,,,,,,,0.0032466399,,,,,,,,,,,,,,
d__Bacteria;p__Firmicutes_D;c__Bacilli;o__Lactobacillales;f__Streptococcaceae;g__Streptococcus;s__Streptococcus salivarius_346999,,,,,,,,,,,,,,,,,,,,,,,,,,0.003147771,,,,,,,,,,,,,,,,0.0039360076,,,,,,,,,,,,,,,,,,,,,,,,,,,,,,,,,,,,,,,,,,,,,,0.003243161,,,,,,,,,,,,,,,,,,,,,,0.0030185557,,,,,
d__Bacteria;p__Firmicutes_A;c__Clostridia_258483;o__Lachnospirales;f__Lachnospiraceae;g__Ventrisoma;s__Ventrisoma faecale,,,,,,,,,,,,,,,,,,,,,,,,,,0.0027888343,,,,,,,,,,,,,,,,,,,,,,,,,,,,,,,,,,,,,,,,,,,,,,,,,,,,,,,,,,,,,,,,,,,,,,,,,,,,,,,,,,,,,,,,,
d__Bacteria;p__Firmicutes_D;c__Bacilli;o__Staphylococcales;f__Staphylococcaceae;g__Staphylococcus;s__Staphylococcus equorum,,,,,,,,,,,,,,,,,,,,,,,,,,,0.0027115373,0.003075333,,,,,,,,,,,,,,,,,,,,,,,,,,,,,,,,,,,,,,,,,,,,,,,,,,,,,,,,,,,,,,,,,,,,,,,,,,,,,0.0027716667,,,,,,,,,,
d__Bacteria;p__Firmicutes_A;c__Clostridia_258483;o__Oscillospirales;f__Oscillospiraceae_88309;g__CAG-83;s__CAG-83 sp900545585,,,,,,,,,,,,,,,,,,,,,,,,,,,,0.0032261747,,,,,,,,,,,,,,,,,,,,,,,,,,,,,,,,,,,,,,,,,,,,,,,,,,,,,,,,,,,,,,,,,,,,,,,,,,,,,,,,,,,,,,,
d__Bacteria;p__Firmicutes_A;c__Clostridia_258483;o__Oscillospirales;f__Oscillospiraceae_88309;g__ER4;s__ER4 sp900317525,,,,,,,,,,,,,,,,,,,,,,,,,,,,0.00319748,,,,,,,,,,,,,,,,,,,,,,,,,,,,,,,,,,,,,,,,,,,,,,,,,,,,,,,,,,,,,,,,,,,,,,,,,,,,,,,,,,,,,,,
d__Bacteria;p__Firmicutes_A;c__Clostridia_258483;o__Lachnospirales;f__Lachnospiraceae;g__COE1;s__,,,,,,,,,,,,,,,,,,,,,,,,,,,,0.0029367167,,,,,,,0.003602598,,,,,,,,,,,,,,0.0030204752,,,,,,,,,,,,,,,,,,,,,,,,,,,,,,,,,,,,,0.0034860906,,,,,,,,0.0033759957,,,,,,,,,,,,,,,,,,,,,
d__Bacteria;p__Firmicutes_D;c__Bacilli;o__Acholeplasmatales;f__Anaeroplasmataceae;g__CAG-307;s__,,,,,,,,,,,,,,,,,,,,,,,,,,,,0.0028799567,,,,,,,,,,,,,0.0030359323,,,,,,,,,,,,,0.0033299262,,,,,,,,,,,,,,,,,,,,,,,,,,,,,,,,,0.0030625076,,,,,,,,,,,,,0.0032755872,,,,,,,,,,,0.0033475813,,,,
d__Bacteria;p__Firmicutes_A;c__Clostridia_258483;o__Lachnospirales;f__Lachnospiraceae;g__Blautia_A_141781;s__Blautia_A_141781 faecis,,,,,,,,,,,,,,,,,,,,,,,,,,,,,0.003148268,,,,,,,,,,,,,,,,,,,,,,,,,,,,,,,,,,,,,,,,,,,,,,,,,,,,,,,,,,,,,,,,,,,,0.0029399074,,,,0.0031885435,,,0.003028365,,,,,,,,,,,
d__Bacteria;p__Firmicutes_A;c__Clostridia_258483;o__Lachnospirales;f__Lachnospiraceae;g__Agathobacter_164117;s__Agathobacter rectalis,,,,,,,,,,,,,,,,,,,,,,,,,,,,,0.002859375,,,,,,,,,,,,,,0.002861945,,,,,,,,,,,,,,,,,,,,,,,,,,,,,,,,0.0027652946,,,,,,,,,,,,,,,,,,,,,,,,,,,,,,,,,,0.0028835116,,,,,0.0037561804,
d__Bacteria;p__Firmicutes_A;c__Clostridia_258483;o__Lachnospirales;f__Lachnospiraceae;g__Oliverpabstia;s__Oliverpabstia intestinalis,,,,,,,,,,,,,,,,,,,,,,,,,,,,,0.0028048013,,,,,,,,,,,,,,,,,,,,,,,,,,,,,,,,,,,,,,,,,,,,,,,,,,,,,,,,,,,,,,,,,,,,,,,,,,,,,,,,,,,,,,
d__Bacteria;p__Firmicutes_A;c__Clostridia_258483;o__Oscillospirales;f__Oscillospiraceae_88309;g__ER4;s__ER4 sp000765235,,,,,,,,,,,,,,,,,,,,,,,,,,,,,,0.0028868285,,,0.0027259975,,,,,,,,,,,,,,,,,,,,,,,,0.0013294632,,,,,,,,,,,,,,,,,,,,,,,,,,,,,,,,,,,,0.002742576,,,,,,,,,,,,,,,,,,,0.0028927731,0.0028945939,,
d__Bacteria;p__Bacteroidota;c__Bacteroidia;o__Bacteroidales;f__Coprobacteraceae;g__Coprobacter;s__Coprobacter fastidiosus,,,,,,,,,,,,,,,,,,,,,,,,,,,,,,0.0026723063,,,,,,,,,,,,,,,,,,,,,,,,,,,,,,,,,,,,0.0032057704,,,,0.0030238293,,,,,,,,,,,,,,,,,,,,,,,,,,,,,,,,,,,,,,,,,,,,,
d__Bacteria;p__Firmicutes_D;c__Bacilli;o__RF39;f__UBA660;g__Coprosoma;s__Coprosoma sp000432855,,,,,,,,,,,,,,,,,,,,,,,,,,,,,,0.0014419548,,,,,,,,,,,,,,,,,,,,,,,,,,,,,,,,,,,,,,,,,,,,,,,,,,,,,,,,,,,,,,,,,,,,,,,,,,,,,,,,,,,,,
d__Bacteria;p__Firmicutes_A;c__Clostridia_258483;o__Lachnospirales;f__Lachnospiraceae;g__AF33-28;s__AF33-28 sp003477885,,,,,,,,,,,,,,,,,,,,,,,,,,,,,,,0.002807538,,,,,,,,,,,,,,,,,,,,,,,,,,,,,,,,,,,,,,,,,,,,,,,,,,,,,,,,,,,,,,,,,,,,,,,,,0.0029719756,,,,,,,,,,,
d__Bacteria;p__Actinobacteriota;c__Coriobacteriia;o__Coriobacteriales;f__Eggerthellaceae;g__Slackia_A;s__Slackia_A equolifaciens,,,,,,,,,,,,,,,,,,,,,,,,,,,,,,,,0.003253373,,,,,,,,,,,,,,,,,,,,,,,,,,,,,,,,,,,,,,,,,,,,,,,,,,,,,0.0032089734,,,,,,,,,,,,,,,,,,,,,,,,,,,,,,
d__Bacteria;p__Firmicutes_A;c__Clostridia_258483;o__Oscillospirales;f__Oscillospiraceae_88309;g__Evtepia;s__,,,,,,,,,,,,,,,,,,,,,,,,,,,,,,,,0.0030411216,0.0027156137,,,,,,,,,,,,,,,,,0.003385393,,,,,,,,,,,,,,,,,,,,,,,,,,,,,,,,,,,,,,,,,,,,,,,0.0029699039,,,0.00316041,,,,,,,,,,,,,0.002880435,,
d__Bacteria;p__Actinobacteriota;c__Coriobacteriia;o__Coriobacteriales;f__Eggerthellaceae;g__D16-34;s__D16-34 sp009911635,,,,,,,,,,,,,,,,,,,,,,,,,,,,,,,,0.0029927539,,,,,,,,,,,,,,,,,,,,,,,,,,,,,,,,,,,,,,,,,,,,,,,,,,,,,,,,,,,,,,,,,,,,,,,,,,,,,,,,,,,
d__Bacteria;p__Cyanobacteria;c__Vampirovibrionia;o__Gastranaerophilales;f__Gastranaerophilaceae;g__;s__,,,,,,,,,,,,,,,,,,,,,,,,,,,,,,,,0.0029279976,,,,,,,,,,,,,,,,,,,,,,,,,,,,,,,,,,,,,,,,,,,,,,,,,,,,,,,,,,,,,,,,,,,,,,,,,,,,,,,,,,,
d__Bacteria;p__Firmicutes_A;c__Clostridia_258483;o__Oscillospirales;f__Ruminococcaceae;g__QAMM01;s__QAMM01 sp900552945,,,,,,,,,,,,,,,,,,,,,,,,,,,,,,,,0.0028847316,,,,,,0.0028671646,,,,,,,,,0.0029869594,,,,,,,,,,,,,,,,,,,,,,,,,,,,,,,,,,,,,,,,,,,,,,,,,,,,,,,,,,,,,,,,,,,,
d__Bacteria;p__Verrucomicrobiota;c__Lentisphaeria;o__Victivallales;f__Victivallaceae;g__Victivallis;s__Victivallis lenta,,,,,,,,,,,,,,,,,,,,,,,,,,,,,,,,0.0027994355,0.0031223437,,,,,,,,,,,,,,,,,,,,,,,,,,,,,,,,,,,,,,,,,,,,,,,,,,,,,,,,,,,,,,,,,,,,,,,,,,,,,,,,,,
d__Bacteria;p__Firmicutes_A;c__Clostridia_258483;o__Lachnospirales;f__Lachnospiraceae;g__Ventrimonas;s__,,,,,,,,,,,,,,,,,,,,,,,,,,,,,,,,0.0027372115,,,,,,,,,,,,,,,0.002916162,,,,,,0.0029523058,,,,,,,,,,,,,,,,,,,,,,,,,,,,,,,,,,,,,,,,,,,,,,0.0030081626,,,,,,,,,,,,,,,,
d__Bacteria;p__Firmicutes_D;c__Bacilli;o__RF39;f__UBA660;g__CAG-1000;s__CAG-1000 sp902764145,,,,,,,,,,,,,,,,,,,,,,,,,,,,,,,,,0.0030106325,,,,,,,,,,,,,,,,,,,,,,,,,,,,,,,,,,,,,,,0.0027315388,,,,,,,,0.0028203116,0.0031428216,,,,,,,,,,,,,,,,,,,,,,,,,,,,,,,,,,
d__Bacteria;p__Bacteroidota;c__Bacteroidia;o__Bacteroidales;f__Bacteroidaceae;g__Phocaeicola_A_858004;s__Phocaeicola_A_858004 coprophilus,,,,,,,,,,,,,,,,,,,,,,,,,,,,,,,,,0.0027825509,,,,,,,,,,,,,,,,,,,,,,,,,,,,,,,,,,,,,,,,,,,,,,,,,,,,,,,,,,,,,,,,,,,,,,,,,,,,,,,,,,
d__Bacteria;p__Bacteroidota;c__Bacteroidia;o__Chitinophagales;f__Saprospiraceae;g__;s__,,,,,,,,,,,,,,,,,,,,,,,,,,,,,,,,,0.0027322853,,,,,,,,,,,,,,,,,,,,,,,,,,,,,,,,,,,,,,,,,,,,,,,0.0028126603,,,,,,,,,,,,,,,,,,,,,,,,,0.0030813366,,,0.0028293696,,,,,,,
d__Bacteria;p__Firmicutes_D;c__Bacilli;o__Erysipelotrichales;f__Erysipelotrichaceae;g__Holdemanella;s__Holdemanella biformis,,,,,,,,,,,,,,,,,,,,,,,,,,,,,,,,,,0.0030313344,,,,,,,,,,,,,,,,,,,,,,,,,,,,,,,,,,,,,,,,,,,,,,,,,,,,,,,,,,,,,,,,,,,,,0.0029722601,,,,,,,,,,,,
d__Bacteria;p__Firmicutes_A;c__Clostridia_258483;o__Lachnospirales;f__Lachnospiraceae;g__Lachnospira;s__Lachnospira rogosae_A,,,,,,,,,,,,,,,,,,,,,,,,,,,,,,,,,,0.0029738545,,,,,,,,,,,,,,,,,,,,,,,,,,,,,,,,,,,,,,,,,,,,,,,,,,,,,,,,,,,,,,,,,,,,,,,,,,,,,,,,,
d__Bacteria;p__Desulfobacterota_I;c__Desulfovibrionia;o__Desulfovibrionales;f__Desulfovibrionaceae;g__Bilophila;s__Bilophila wadsworthia,,,,,,,,,,,,,,,,,,,,,,,,,,,,,,,,,,0.0028787712,,,,,0.00305002,,,,,,,,,,,,,,,,,,,,,,,,,,,,,,,,,,,,,,,,,,,,,,,,,,,,,,,,,,,,,,,,,,,,,,,,,,,,
d__Bacteria;p__Firmicutes_A;c__Clostridia_258483;o__Oscillospirales;f__Ruminococcaceae;g__Gemmiger_A_73129;s__Gemmiger_A_73129 formicilis_72474,,,,,,,,,,,,,,,,,,,,,,,,,,,,,,,,,,0.002852457,,,,,,,,,,,,,,,,,,,,,,,,,,,,,,,,,,,,,,,,,,,,,,,,,,,,,,,,,,,,,,,,,,,,,,,,,,,,,,,,,
d__Bacteria;p__Firmicutes_A;c__Clostridia_258483;o__Lachnospirales;f__Lachnospiraceae;g__Eubacterium_I;s__,,,,,,,,,,,,,,,,,,,,,,,,,,,,,,,,,,,0.0035300436,,,,,,,,,,,,0.0032884423,,,0.002756794,0.003104994,,,,,,,,,,,,,,,,,,,,,,,,,,,,,,,,,,,,,,,,,,,,,,,,,,,,,,,,,,,,,,,,
d__Bacteria;p__Actinobacteriota;c__Coriobacteriia;o__Coriobacteriales;f__Atopobiaceae;g__Thermophilibacter;s__Thermophilibacter avicola,,,,,,,,,,,,,,,,,,,,,,,,,,,,,,,,,,,0.0030400942,,,,,,,0.0027827849,,,,,,,,,,,,,,,,,,,,,,,,,,,,,,,,,,,,,,,,,,,,,,,,,,,,,,0.0027776808,,,,,,,,,,,,,,,,,,,
d__Bacteria;p__Firmicutes_A;c__Clostridia_258483;o__Oscillospirales;f__Butyricicoccaceae;g__Pseudobutyricicoccus;s__Pseudobutyricicoccus sp003477405,,,,,,,,,,,,,,,,,,,,,,,,,,,,,,,,,,,0.0029884465,,,,,,,,,,,,,,,,,,,,,,,,,,,,,,,,,,,,,,,,,,,,,,,,,,,,,,,,,,,,,,,,,,,,,,,,,,,,,,,,
d__Bacteria;p__Cyanobacteria;c__Vampirovibrionia;o__Gastranaerophilales;f__Gastranaerophilaceae;g__UBA2813;s__UBA2813 sp900319365,,,,,,,,,,,,,,,,,,,,,,,,,,,,,,,,,,,0.0028765555,,,,,,,,,,,,,,,,,,,,,,,,,,,,,,,,,,,,,,,,,,,,,,,,,,,,,,,,,,,,,,,,,,,,,,,,,,0.0031493115,,,,,,
d__Bacteria;p__Firmicutes_A;c__Clostridia_258483;o__Oscillospirales;f__CAG-272;g__Avispirillum;s__Avispirillum sp011957885,,,,,,,,,,,,,,,,,,,,,,,,,,,,,,,,,,,,0.0027428516,,,,,,,,,,,,,,,,,,,,,,,,,,,,,,,,,,,,,,,,,,,,,,,,,,,0.003166791,,,,,,,,,,,,,0.0031348607,,,,,,,0.002771352,,,,,,,,
d__Bacteria;p__Firmicutes_A;c__Clostridia_258483;o__Lachnospirales;f__Lachnospiraceae;g__UBA3282;s__,,,,,,,,,,,,,,,,,,,,,,,,,,,,,,,,,,,,,0.0029784169,,,,,,,,,,,,,,,,,,,,,,,,,,,,,,,,,,,,,,,,,,,,,,,,,,,,,,,,,,,,,,,,,,,,,,,,,,,,,,
d__Bacteria;p__Firmicutes_A;c__Clostridia_258483;o__Lachnospirales;f__Lachnospiraceae;g__Eubacterium_G;s__Eubacterium_G ventriosum,,,,,,,,,,,,,,,,,,,,,,,,,,,,,,,,,,,,,0.0027304925,,,,,,,,,,,,,,,,,,,,,,,,,,,,,,,,,,,,,,,,,,,,,,,,,,,,,,,,,,,,,,,,,,,,,,,,,,,,,,
d__Bacteria;p__Actinobacteriota;c__Coriobacteriia;o__Coriobacteriales;f__Eggerthellaceae;g__Slackia_A;s__Slackia_A piriformis,,,,,,,,,,,,,,,,,,,,,,,,,,,,,,,,,,,,,0.0026910338,,,,,,,,,,,,,,,,,,,,,,,,,,,,,,,,,,,,,,,,,,,,,,,,,,,,,0.002920507,,,,,,,,,,,,,,,,,,,,,,,,,
d__Bacteria;p__Firmicutes_C;c__Negativicutes;o__Veillonellales;f__Veillonellaceae;g__Veillonella_A;s__Veillonella_A dispar,,,,,,,,,,,,,,,,,,,,,,,,,,,,,,,,,,,,,,0.0039098,,,,,,,,,0.002936999,,,,,,,,,,,,,,,,,,,,,,,,,,,,,,,,,,,,,,,,,,,,,,,,,,,,,,,,,,,,,,,,,,,,
d__Bacteria;p__Firmicutes_D;c__Bacilli;o__RF39;f__UBA660;g__CAG-628;s__CAG-628 sp003524085,,,,,,,,,,,,,,,,,,,,,,,,,,,,,,,,,,,,,,0.002883897,,,,,,,,,,,,,,,,,,,0.0027223409,,,,,,,,,,,,,,,,,,,,,,,,,,,,,,,,,,,,,,,,,,,,,,,,,,,,,,,,,,
d__Bacteria;p__Firmicutes_D;c__Bacilli;o__Lactobacillales;f__Streptococcaceae;g__Streptococcus;s__Streptococcus peroris,,,,,,,,,,,,,,,,,,,,,,,,,,,,,,,,,,,,,,0.0028361604,,,,,,,,,,,,,,,,,,,,,,,,,,,,,,,,,,,,,,,,,,,,,,,,,,,,,,,,,,,,,,,,,,,,,,,,,,,,,
d__Bacteria;p__Firmicutes_D;c__Bacilli;o__RF39;f__UBA660;g__CAG-302;s__,,,,,,,,,,,,,,,,,,,,,,,,,,,,,,,,,,,,,,0.0013205468,,,,,,,,,,,,,,,,0.0036748457,,,,,,,,,,,,,,,,,,,,,,,,,,,,,,,,,,,,,,,,,,,,,,,,,,,,,,,,,,,,,
d__Bacteria;p__Firmicutes_A;c__Clostridia_258483;o__Oscillospirales;f__Ruminococcaceae;g__Bittarella;s__Bittarella massiliensis,,,,,,,,,,,,,,,,,,,,,,,,,,,,,,,,,,,,,,,,,,,,,,,,,,,,,,,,,,,,,,,,,,,,,,,,,,,,,,,,,,,,,,,,,,,,,,,,,,,,,,,,,,,,,,,,,,,
d__Bacteria;p__Firmicutes_D;c__Bacilli;o__Lactobacillales;f__Lactobacillaceae;g__Lactobacillus;s__Lactobacillus delbrueckii,,,,,,,,,,,,,,,,,,,,,,,,,,,,,,,,,,,,,,,,,,0.002993049,,,,,,,,,,,,,,,,,,,,,,,,,,,,,,,,,,,,,,,,,,,,,,,,,,,,,,,,,,,,,,,,,,,,0.003162303,,,,,
d__Bacteria;p__Firmicutes_A;c__Clostridia_258483;o__Oscillospirales;f__Oscillospiraceae_88309;g__Evtepia;s__Evtepia gabavorous,,,,,,,,,,,,,,,,,,,,,,,,,,,,,,,,,,,,,,,,,,,,,,,,,,,,,,,,,,,,,0.002852217,,,,,,,,,,,,,,,,,,,,,,,,,,,,,,,,,,,,,,,,,,,,,,,,,,,,,,
d__Bacteria;p__Firmicutes_A;c__Clostridia_258483;o__Oscillospirales;f__Acutalibacteraceae;g__RUG762;s__,,,,,,,,,,,,,,,,,,,,,,,,,,,,,,,,,,,,,,,,,,,,,,,,,,,,,,,,,,,,,,,,,,,,,,,,,,,,,,,,,,,,,,,,,,,,,,,,,,,,,,,,,,,,,,,,,,,
d__Bacteria;p__Firmicutes_A;c__Clostridia_258483;o__Lachnospirales;f__Lachnospiraceae;g__CAG-95;s__CAG-95 sp900066375,,,,,,,,,,,,,,,,,,,,,,,,,,,,,,,,,,,,,,,,,,,,,,,,,,,,,,,,,,,,,,,,,,,,,,,,,,,,,,,,,,,,,,,,,,,,,,,,,,,,,,,,,,,,,,,0.0035537574,,,,
d__Bacteria;p__Firmicutes_D;c__Bacilli;o__Lactobacillales;f__Aerococcaceae;g__Granulicatella;s__Granulicatella adiacens,,,,,,,,,,,,,,,,,,,,,,,,,,,,,,,,,,,,,,,,,,,,,,,,,,,,,,,,,,,,,,,,,,,,,,,,,,,,,,,,,,,,,,,,,,,,,,,,,,,,,,,,,,,,,,,,0.002954896,,,
d__Bacteria;p__Actinobacteriota;c__Coriobacteriia;o__Coriobacteriales;f__Coriobacteriaceae;g__Collinsella;s__,,,,,,,,,,,,,,,,,,,,,,,,,,,,,,,,,,,,,,,,,,,,,,,,,,,,,,,,,,,,,,,,,,,,,,,,,,,,,,,,,,,,,,,,,,,,,,,,,,,,,,,,,,,,,,,,,,,
d__Bacteria;p__Firmicutes_A;c__Clostridia_258483;o__Christensenellales;f__CAG-552;g__;s__,,,,,,,,,,,,,,,,,,,,,,,,,,,,,,,,,,,,,,,,,,,,,,,,,,,,,,,,,,,,,,,,,,,,,,,,,,,,,,,,,,,,,,,,,,,,,,,,,,,,,,0.0029535042,,,,,,,,,,,,,
d__Bacteria;p__Proteobacteria;c__Gammaproteobacteria;o__Burkholderiales_595427;f__Burkholderiaceae_A_595427;g__Sutterella;s__Sutterella wadsworthensis_A_565869,,,,,,,,,,,,,,,,,,,,,,,,,,,,,,,,,,,,,,,,,,,,,,,,,,,,0.00309822,,,,,,,,,,,,,,,,,,,,,,,,,,,,,,,,,,,,,,,,,,,,,,,,,,,,,,,,,,,,0.0035730968,,,
d__Bacteria;p__Firmicutes_A;c__Clostridia_258483;o__Oscillospirales;f__Acutalibacteraceae;g__UBA5905;s__UBA5905 sp002437905,,,,,,,,,,,,,,,,,,,,,,,,,,,,,,,,,,,,,,,,,,,,,,,,,,,,0.0028323727,,,,,,,,,,,,,,,,,,,,,,,,,,,,,,,,,,,,,,,,,,0.0028408263,,,,,,,,,,,,,,,,,,,,,
d__Bacteria;p__Firmicutes_A;c__Clostridia_258483;o__Oscillospirales;f__Oscillospiraceae_88309;g__Faecousia;s__Faecousia sp000434635,,,,,,,,,,,,,,,,,,,,,,,,,,,,,,,,,,,,,,,,,,,,,,,,,,,,,,,,,,,,,,,,,,,,,,0.0026983344,,,,,,,0.0029317227,,,,,,,,,,,,,,,,,,,,,,,,,,,,,,,,,,,,,,
d__Bacteria;p__Firmicutes_A;c__Clostridia_258483;o__Monoglobales;f__Monoglobaceae;g__Monoglobus;s__Monoglobus pectinilyticus,,,,,,,,,,,,,,,,,,,,,,,,,,,,,,,,,,,,,,,,,,,,,,,,,,0.0028160473,,0.0030921344,,,,,,,,,,,,,,,,,,,,,,,,,,,,,,,,,,,,,,,,,,,,,0.0032316553,,,,,,,,,,,0.0028773844,,,,0.0029237107,0.002875086,,
d__Bacteria;p__Firmicutes_D;c__Bacilli;o__RF39;f__UBA660;g__UMGS872;s__UMGS872 sp900546275,,,,,,,,,,,,,,,,,,,,,,,,,,,,,,,,,,,,,,,,,,,,,,,,,,,,,,,,,,,,,,,,,,,,,,,,,,,,,,,,,,,,,,,,,,,,,,,,,,,,,,,,,,,,,,,,,,,
d__Bacteria;p__Firmicutes_A;c__Clostridia_258483;o__Oscillospirales;f__Ruminococcaceae;g__Ruminococcus_C_59129;s__,,,,,,,,,,,,,,,,,,,,,,,,,,,,,,,,,,,,,,,,,,,,,,,,,,,,,,,,,,,,,,,,,,,,,0.0029270598,,,,,,,,,,,,,,,,,,,,,,,,,,,,,,,,,,,,,,,0.002801725,0.002911719,,,,,,
d__Bacteria;p__Actinobacteriota;c__Actinomycetia;o__Actinomycetales;f__Bifidobacteriaceae;g__Bifidobacterium_388775;s__Bifidobacterium animalis,,,,,,,,,,,,,,,,,,,,,,,,,,,,,,,,,,,,,,,,,,,0.002905476,,,,,,,,,,,,,,,,,,,,,,,0.0029020545,,,,,,,,,,,,,,,,,,,,,,,,,0.0027708788,,,,,,,,,,,,,,,,,0.0028293272,,,,,0.0027905856,,
d__Bacteria;p__Firmicutes_D;c__Bacilli;o__ML615J-28;f__CAG-313;g__CAG-313;s__CAG-313 sp000433035,,,,,,,,,,,,,,,,,,,,,,,,,,,,,,,,,,,,,,,,,,,,,,,,0.002736784,,,,,,,,,,,,,,,,,,,,,,,,,,,,,,,,,,,,,,,,,,,,,,,,,,,,,,,,,,,,,,,,,0.0028804499,,
d__Bacteria;p__Firmicutes_A;c__Clostridia_258483;o__Lachnospirales;f__Lachnospiraceae;g__UMGS1375;s__UMGS1375 sp900066615,,,,,,,,,,,,,,,,,,,,,,,,,,,,,,,,,,,,,,,,,,,,,,,,,,,,,,,,,,,,,,,,,,,,,,,,,,,,,,,,,,,,,,,,,,,,,,,,,,,,,,,,,,,,,,,,,,,
d__Bacteria;p__Cyanobacteria;c__Vampirovibrionia;o__Gastranaerophilales;f__Gastranaerophilaceae;g__UBA6984;s__UBA6984 sp003258725,,,,,,,,,,,,,,,,,,,,,,,,,,,,,,,,,,,,,,,,,,,,,,,,,,,,,,,,,,,,,,,,,,,,,,,,,,,,,,,,,,,,,,,,,,,,,,,,,,,,,,,,,,,,,,,,,,,
d__Bacteria;p__Firmicutes_A;c__Clostridia_258483;o__Oscillospirales;f__Ruminococcaceae;g__Anaerotruncus;s__,,,,,,,,,,,,,,,,,,,,,,,,,,,,,,,,,,,,,,,,,0.0029261133,,,,,,,,,,,,,,,,,,,,,,,,,,,,,,,,,,,,,,,,,,,,,,,,,,,,,,,,,,,,,,,,,,,,,,,,,,
d__Bacteria;p__Firmicutes_A;c__Clostridia_258483;o__Oscillospirales;f__Butyricicoccaceae;g__Butyricicoccus_A_77030;s__Butyricicoccus_A_77030 sp900604335,,,,,,,,,,,,,,,,,,,,,,,,,,,,,,,,,,,,,,,0.0031054043,,,,,,,,,,,,,,,,,,,,,,,,,,,,,,,,,,,,,,,,,,,,,,,,,,,,,,,,,,,,,,,,,,,0.0024646618,,,,,,,,,
d__Bacteria;p__Firmicutes_C;c__Negativicutes;o__Veillonellales;f__Dialisteraceae;g__Allisonella;s__Allisonella histaminiformans,,,,,,,,,,,,,,,,,,,,,,,,,,,,,,,,,,,,,,,0.0030997,,,,,,,,,,,,,,,,0.0028544492,0.002861531,,,,,,,,,,,,,,,,,,,,,,,,,,,,,,,,,,,,,,,,,,,,,,,,,,,,,,,,,,,
d__Bacteria;p__Firmicutes_A;c__Clostridia_258483;o__Lachnospirales;f__CAG-274;g__CAG-274;s__CAG-274 sp900545305,,,,,,,,,,,,,,,,,,,,,,,,,,,,,,,,,,,,,,,,0.0030079246,,,,,,,,,,,,,,,,,,,,,,,,,,,,,,,,,,,,,,,,,,,,,,,,,,,,,,,,,,,,,,,,,,,,,,,,,,,
d__Bacteria;p__Firmicutes_A;c__Clostridia_258483;o__UBA1381;f__UBA1381;g__CAG-41;s__,,,,,,,,,,,,,,,,,,,,,,,,,,,,,,,,,,,,,,,,0.0029129488,,,,,,,,,,,,,,,,,,,,,,,,,,,,,,,,,,,,,,,,,,,,,,,,,,,,,,,,,,,,,,,,,,,,,,,,,,,
d__Bacteria;p__Proteobacteria;c__Gammaproteobacteria;o__Enterobacterales_A_737866;f__Pasteurellaceae;g__Haemophilus_D_735815;s__Haemophilus_D_735815 parainfluenzae,,,,,,,,,,,,,,,,,,,,,,,,,,,,,,,,,,,,,,,,0.0027899067,,,,,,,,0.0028098738,,,,,,,,,,,,0.0028675091,,,,,,,,,,,,,,,,,,,,,,,,,,0.0032069597,,,,,,,,,,,,,,,0.0031086016,,,,,,,,,,,,,,
d__Bacteria;p__Firmicutes_D;c__Bacilli;o__Lactobacillales;f__Lactobacillaceae;g__Lacticaseibacillus;s__Lacticaseibacillus paracasei,,,,,,,,,,,,,,,,,,,,,,,,,,,,,,,,,,,,,,,,,,0.0028761022,,,,,,,,,,,,,,,,,,,,,,,,,,,,,,,,,,,,,,,,,,,,,,0.0029430105,,,,,,,,,,,,,,,,,,,,,,,,,,,
d__Bacteria;p__Firmicutes_A;c__Clostridia_258483;o__Peptostreptococcales;f__Anaerovoracaceae;g__Mogibacterium;s__Mogibacterium diversum,,,,,,,,,,,,,,,,,,,,,,,,,,,,,,,,,,,,,,,,,,0.0028666784,,,,,,,,,,,0.0029741218,,,,,,,,,,,,,,,,,,,,,,,,,,,,,,,,,,,,,,,,,,,,,,,,,,,,,,,,,,,,,,
d__Bacteria;p__Proteobacteria;c__Alphaproteobacteria;o__RF32;f__CAG-239;g__CAJLXD01;s__,,,,,,,,,,,,,,,,,,,,,,,,,,,,,,,,,,,,,,,,,,0.0028655767,,,,,,,,,,,,,,,,,,,,,,,,,,,,,,,,,,,,,,,,,,,,,,,,,,0.002762689,,,,,,,,,,,,,,,,,,,,,,,
d__Bacteria;p__Actinobacteriota;c__Coriobacteriia;o__Coriobacteriales;f__Eggerthellaceae;g__CAG-1427;s__CAG-1427 sp000435475,,,,,,,,,,,,,,,,,,,,,,,,,,,,,,,,,,,,,,,,,,0.0028376135,,,,,,,,,,,,,,,,,,,,,,,,,,,,,,,,,,,,,,,,,,,,,,,,,,,,,,,,,,,,0.0031767106,,,0.0026241052,,,,,,,,,,
d__Bacteria;p__Firmicutes_A;c__Clostridia_258483;o__Oscillospirales;f__Oscillospiraceae_88309;g__Intestinimonas;s__,,,,,,,,,,,,,,,,,,,,,,,,,,,,,,,,,,,,,,,,,,,0.003313451,,,,,,,,,,,,,,,,,,,,,,,,,,,,,,,,,,,,,,,,,,,,,,,,,,,,,,,,,,0.0032338705,0.0030463762,,0.0030365991,,,,,,,,,,,
d__Bacteria;p__Firmicutes_A;c__Clostridia_258483;o__Lachnospirales;f__Lachnospiraceae;g__Blautia_A_141781;s__Blautia_A_141781 sp900066505,,,,,,,,,,,,,,,,,,,,,,,,,,,,,,,,,,,,,,,,,,,0.003185416,,,,,,,,,,,,,,,,,,,,,,,,,,,,,,,,,,,,,,,,,,,,,,,,,,,,0.0034262356,,,,,,,,,,,,,,,,,,,,
d__Bacteria;p__Firmicutes_A;c__Clostridia_258483;o__Christensenellales;f__CAG-138;g__CAG-1024;s__,,,,,,,,,,,,,,,,,,,,,,,,,,,,,,,,,,,,,,,,,,,0.0030628052,,,,,,,,,,,,,,,,,,,,,,,,,,,,,,,,,,,,,,,,,,,,,,,,,,,,,,,,,,,,,,,,,,,,,,,,
d__Bacteria;p__Firmicutes_A;c__Clostridia_258483;o__UBA1381;f__UBA1381;g__CAG-41;s__CAG-41 sp001941225,,,,,,,,,,,,,,,,,,,,,,,,,,,,,,,,,,,,,,,,,,,,0.0033783354,,,,,0.003027577,,,0.0029929336,0.0029470942,,,,,,,,,,,,,,,,,,,,,,,,,,,,,,,,,,,,,,,,,,,,,,,,,,,,,,,,,,,,,,0.0037660594
d__Bacteria;p__Firmicutes_A;c__Clostridia_258483;o__Lachnospirales;f__Lachnospiraceae;g__Enterocloster;s__Enterocloster aldenensis,,,,,,,,,,,,,,,,,,,,,,,,,,,,,,,,,,,,,,,,,,,,0.0031232622,,,,,,,,,,,,,,,,,,,,,,,,,,,,,,,,,,,,,,,,,,,,,,0.003292224,,,,,,,,,,,,,,,,,,,,,,,,,
d__Bacteria;p__Firmicutes_A;c__Clostridia_258483;o__Lachnospirales;f__Lachnospiraceae;g__Clostridium_Q_134516;s__Clostridium_Q_134516 symbiosum,,,,,,,,,,,,,,,,,,,,,,,,,,,,,,,,,,,,,,,,,,,,,0.0039046542,,,,,,,,,,,,,,,,,,,,,,,,,,,,0.0027965233,,,,,,,,,,,,,,,,,,,,,,,,,,,,,,,,,,,,,,,,,,
d__Bacteria;p__Firmicutes_A;c__Clostridia_258483;o__Christensenellales;f__CAG-138;g__RUG472;s__,,,,,,,,,,,,,,,,,,,,,,,,,,,,,,,,,,,,,,,,,,,,,0.0036443367,,,,,,,,,,,,,,,,,,,,,,,,,,,,,,,,,,,,,,,,,,,,,,,,,,,,,,,,,,,,,,,,,,,,,,
d__Bacteria;p__Firmicutes_A;c__Clostridia_258483;o__Oscillospirales;f__Acutalibacteraceae;g__Solibaculum;s__Solibaculum mannosilyticum,,,,,,,,,,,,,,,,,,,,,,,,,,,,,,,,,,,,,,,,,,,,,0.003599897,,,,,,,,,,,,,,,,0.0027986718,,,,,,,,,,,,,,,,,,,,,,,,,,,,,,,,,,,,,0.0029251764,,,,,,,,,,,,,,,,,
d__Bacteria;p__Firmicutes_A;c__Clostridia_258483;o__Saccharofermentanales;f__;g__;s__,,,,,,,,,,,,,,,,,,,,,,,,,,,,,,,,,,,,,,,,,,,,,0.0034436546,,,,,,,,,,,,,,,,,,,,,,,,,,,,,,,,,,,,,,,,,,,,,,,,,,,,,,,,,,,,,,,,,,,,,,
d__Bacteria;p__Bacteroidota;c__Bacteroidia;o__Bacteroidales;f__Bacteroidaceae;g__Prevotella;s__Prevotella buccae,,,,,,,,,,,,,,,,,,,,,,,,,,,,,,,,,,,,,,,,,,,,,0.0034237222,,,,,,,,,,,,,,,,,,,,,,,,,,,,,,,,,,,,,,,,,,,,,,,,,,,,,,,,,,,,,,,,,,,,,,
d__Bacteria;p__Firmicutes_A;c__Clostridia_258483;o__Christensenellales;f__Christensenellaceae;g__Christensenella;s__,,,,,,,,,,,,,,,,,,,,,,,,,,,,,,,,,,,,,,,,,,,,,0.003412083,,,,,,,,,,,,,,,,,,,,,,,,,,,,,,,,,,,,,,,,,,,,,,,,,,,,,,,,,,,,,,,,,,,,,,
d__Bacteria;p__Firmicutes_A;c__Clostridia_258483;o__Lachnospirales;f__Lachnospiraceae;g__Enterocloster;s__Enterocloster citroniae,,,,,,,,,,,,,,,,,,,,,,,,,,,,,,,,,,,,,,,,,,,,,0.0033731023,,,,,,,,,,,,,,,,,,,,,,,,,,,,,,,,,,,,,,,,,,,,,,,,,,,,,,,,,,,,,,,,,,,,,,
d__Bacteria;p__Verrucomicrobiota;c__Lentisphaeria;o__Victivallales;f__UBA1829;g__UBA1732;s__,,,,,,,,,,,,,,,,,,,,,,,,,,,,,,,,,,,,,,,,,,,,,0.0033088527,,,,,,,,,,,,,,,,,,,,,,,,,,,,,,,,,,,,,,,,,,,,,,,,,,,,,,,,,,,,,,,,,,,,,,
d__Bacteria;p__Firmicutes_A;c__Clostridia_258483;o__Oscillospirales;f__Ruminococcaceae;g__Ruthenibacterium;s__Ruthenibacterium lactatiformans,,,,,,,,,,,,,,,,,,,,,,,,,,,,,,,,,,,,,,,,,,,,,0.0032503044,,,,,,,,,,,,,,,,,,,,,,,,,,,,,,,,,,,,,,,,,,,,,,,,,,,,,,,,,,,,,,,,,,,,,0.0032310868,
d__Bacteria;p__Firmicutes_A;c__Clostridia_258483;o__Oscillospirales;f__Acutalibacteraceae;g__Eubacterium_R;s__Eubacterium_R faecavium,,,,,,,,,,,,,,,,,,,,,,,,,,,,,,,,,,,,,,,,,,,,,0.0032133416,,,,,,,,,,,,,,,,,,,,,,,,,,,,,,,,,,,,,,,,,,,,,,,,,,,,,,,,,,,,,,,,,,,,,,
d__Bacteria;p__Bacteroidota;c__Bacteroidia;o__Bacteroidales;f__Bacteroidaceae;g__Prevotella;s__Prevotella sp003447235,,,,,,,,,,,,,,,,,,,,,,,,,,,,,,,,,,,,,,,,,,,,,0.003090184,,,,,,,,,,,,,,,,,,,,,,,,,,,,,,,,,,,,,,,,,,,,,,,,,,,,,,,,,0.0014083122,0.0036643336,0.0030643283,,,,,,,,,,,
d__Bacteria;p__Firmicutes_A;c__Clostridia_258483;o__Lachnospirales;f__Lachnospiraceae;g__Catenibacillus;s__Catenibacillus scindens,,,,,,,,,,,,,,,,,,,,,,,,,,,,,,,,,,,,,,,,,,,,,0.0030893506,,,,,,0.0026882496,,,,,,,,,,,,,,,,,,,,,,,,,,,,,,,,,,,,,,,,,,,,,,,,,,,,,,,,,,,,,,,,
d__Bacteria;p__Verrucomicrobiota;c__Verrucomicrobiae;o__Opitutales;f__CAG-312;g__Merdousia;s__Merdousia sp000438015,,,,,,,,,,,,,,,,,,,,,,,,,,,,,,,,,,,,,,,,,,,,,0.003046087,,,,,,,,,,,,,,,,,,,,,,,,,,,,,,,,,,,,,,,,,,,,,,,,,,,,,,,,,,,,,,,,,,,,,,
d__Bacteria;p__Firmicutes_A;c__Clostridia_258483;o__Lachnospirales;f__Lachnospiraceae;g__CAG-127;s__CAG-127 sp900319515,,,,,,,,,,,,,,,,,,,,,,,,,,,,,,,,,,,,,,,,,,,,,,0.0028057222,,,,,,,,,,,,,,,,,,,,,,,,,,,,,,,,,,,,,,,,,,,,,,,,,,,,,,,,,,,,,,,,,,,,,
d__Bacteria;p__Firmicutes_A;c__Clostridia_258483;o__TANB77;f__CAG-508;g__CAG-273;s__CAG-273 sp003507395,,,,,,,,,,,,,,,,,,,,,,,,,,,,,,,,,,,,,,,,,,,,,,0.002750893,,,,,,,,,,,,,,,,,,,,,,0.0029627895,,,,,,,,,,,,,,,,,,0.0029896898,,,,,,0.00294731,,,,,,,,,,,,,,,,,,,,,,,
d__Bacteria;p__Firmicutes_D;c__Bacilli;o__RF39;f__UBA660;g__Onthocola_B;s__Onthocola_B sp000437355,,,,,,,,,,,,,,,,,,,,,,,,,,,,,,,,,,,,,,,,,,,,,,0.0027120197,,,,,,,,,,,,,,,,0.0030456826,,,,,,,,,,,,,,,,,,,,,,,,,,,,,,,,,,,,,,,,,,,,,,,,,,,,,
d__Bacteria;p__Firmicutes_A;c__Clostridia_258483;o__Lachnospirales;f__Lachnospiraceae;g__Lachnospira;s__Lachnospira sp000437735,,,,,,,,,,,,,,,,,,,,,,,,,,,,,,,,,,,,,,,,,,,,,,0.00266718,,,,,,,,,,,,,,,,,,,,,,,,,,,,,,,,,,,,,,,,,,,,,,,,,,,,,,,,,,,,,,,,,,,,,
d__Bacteria;p__Firmicutes_A;c__Clostridia_258483;o__Oscillospirales;f__Ruminococcaceae;g__Anaerofilum_74150;s__,,,,,,,,,,,,,,,,,,,,,,,,,,,,,,,,,,,,,,,,,,,,,,,,0.0034482065,,,,,,,,,,,,,,,,,,,,,,,,,,,,,,,,,,,,,,,,,,,,0.0027360213,,,,,,,,,,,,,,,,,,,,,,,
d__Bacteria;p__Firmicutes_A;c__Clostridia_258483;o__Oscillospirales;f__Ruminococcaceae;g__Ruthenibacterium;s__,,,,,,,,,,,,,,,,,,,,,,,,,,,,,,,,,,,,,,,,,,,,,,,,0.0029849533,,,,,,,,,,,,,,,,,,,,,,,,,,,,,,,,,,,,,,,,,,,,0.0027979445,,,,,0.0028542462,,,,,,,,,,,,,,,,,0.0032456855,
d__Bacteria;p__Firmicutes_A;c__Clostridia_258483;o__Lachnospirales;f__Lachnospiraceae;g__Faecalimonas;s__Faecalimonas phoceensis,,,,,,,,,,,,,,,,,,,,,,,,,,,,,,,,,,,,,,,,,,,,,,,,0.001352246,,,,,,,,,,,,,,,,,,,,,,,,,,,,,,,,,,,,,,,,,,,,,,,,,,,,,,,,,,,,,,,,,,,
d__Bacteria;p__Firmicutes_A;c__Clostridia_258483;o__Lachnospirales;f__Lachnospiraceae;g__Frisingicoccus;s__Frisingicoccus caecimuris,,,,,,,,,,,,,,,,,,,,,,,,,,,,,,,,,,,,,,,,,,,,,,,,,0.0034992779,,,,,,,,,,,,,,,,,,,,,0.0028429923,,,,,,,0.002795472,,,,,,,,,,,,,,,,,,,,0.0028864061,,,,,,,,,,,,,,,,,,
d__Bacteria;p__Cyanobacteria;c__Vampirovibrionia;o__Gastranaerophilales;f__Gastranaerophilaceae;g__Stercorousia;s__Stercorousia sp001765415,,,,,,,,,,,,,,,,,,,,,,,,,,,,,,,,,,,,,,,,,,,,,,,,,0.0029735705,,,,,,,,,,,,,,,,,,,,,,,,,,,,,0.0013425797,,,,,,,,,,,,,,,,,,,,,,,,,,,,,,,,,,,,,
d__Archaea;p__Methanobacteriota_A_1229;c__Methanobacteria;o__Methanobacteriales;f__Methanobacteriaceae;g__Methanobrevibacter_A;s__,,,,,,,,,,,,,,,,,,,,,,,,,,,,,,,,,,,,,,,,,,,,,,,,,,0.0028017634,,,,,,,,,,,,,,,,,,,,,,,,,,,,,,,,,,,,,,,,,,,,,,,,,,,,,,,,,0.0026261243,,,,,,,,
d__Bacteria;p__Actinobacteriota;c__Coriobacteriia;o__Coriobacteriales;f__Eggerthellaceae;g__Raoultibacter;s__,,,,,,,,,,,,,,,,,,,,,,,,,,,,,,,,,,,,,,,,,,,,,,,,,,0.0027939207,,,,,,,,,,,,,,,,,,,,,,,,,,,,,,,,,,,,,,,,,,,,,,,,,,,,,,,,,,,,,,,,,
d__Bacteria;p__Proteobacteria;c__Gammaproteobacteria;o__Burkholderiales_595427;f__Burkholderiaceae_A_595427;g__Duodenibacillus;s__Duodenibacillus intestinigallinarum,,,,,,,,,,,,,,,,,,,,,,,,,,,,,,,,,,,,,,,,,,,,,,,,,,0.0027290904,,,,,,,,,,,,,,,,,,,,,,,,,,,,,,,,,,,,,,,,,,,,,,,,,,,,,,,,,,,,,,,,,
d__Bacteria;p__Firmicutes_A;c__Clostridia_258483;o__Oscillospirales;f__Ruminococcaceae;g__Massiliimalia_59888;s__,,,,,,,,,,,,,,,,,,,,,,,,,,,,,,,,,,,,,,,,,,,,,,,,,,,0.0027035547,,,,,,,,,,,,,,,,,,,,,,,,,,,,,,,,,,,,,,,,,,,,,,,,,,,,,,,,,,,,,,,,
d__Bacteria;p__Synergistota;c__Synergistia;o__Synergistales;f__Synergistaceae;g__Cloacibacillus;s__Cloacibacillus evryensis,,,,,,,,,,,,,,,,,,,,,,,,,,,,,,,,,,,,,,,,,,,,,,,,,,,0.0013038442,,,,,,,,,,,,,,,,,,,,,,,,,,,,,,,,,,,,,,,,,,,,,,,,,,,0.0029543205,0.002997092,,,,0.0028299028,,,,,,,,
d__Bacteria;p__Firmicutes_A;c__Clostridia_258483;o__Christensenellales;f__CAG-314;g__CAG-314;s__CAG-314 sp900551395,,,,,,,,,,,,,,,,,,,,,,,,,,,,,,,,,,,,,,,,,,,,,,,,,,,,0.0031714095,,,,,,,,,,,,,,,,,,,,,,,,,,,,,,,,,,,,,,,,,,,,,,,,,,,,,,,,,,,,,,,
d__Bacteria;p__Firmicutes_A;c__Clostridia_258483;o__Christensenellales;f__Borkfalkiaceae;g__;s__,,,,,,,,,,,,,,,,,,,,,,,,,,,,,,,,,,,,,,,,,,,,,,,,,,,,0.0031131767,,,,,,,,,,,,,,,,,,,,,,,,,,,,,,,,,,,,,,,,,,,,,,,,,,,,,,0.002470537,,,,,,,,,
d__Bacteria;p__Firmicutes_B_370539;c__Peptococcia;o__Peptococcales;f__Peptococcaceae_369362;g__Peptococcus;s__Peptococcus niger,,,,,,,,,,,,,,,,,,,,,,,,,,,,,,,,,,,,,,,,,,,,,,,,,,,,,0.0029958393,,,,,,,,,,,,,,,,,,,,,,,,,,,,,,,,0.0030845827,,,,,,,,,,,,,,,,,,,,,,,,,,,,,,
d__Bacteria;p__Firmicutes_A;c__Clostridia_258483;o__Oscillospirales;f__CAG-272;g__RUG13077;s__RUG13077 sp902785485,,,,,,,,,,,,,,,,,,,,,,,,,,,,,,,,,,,,,,,,,,,,,,,,,,,,,,0.0033008787,0.002797303,,,,,0.0013381403,,,,,,,,,,,,,,,,,,,,,,,,,,,,,,,,,,,,,,,,,,,,,,,,,,,,,,,
d__Bacteria;p__Firmicutes_A;c__Clostridia_258483;o__TANB77;f__CAG-508;g__;s__,,,,,,,,,,,,,,,,,,,,,,,,,,,,,,,,,,,,,,,,,,,,,,,,,,,,,,0.0030317055,,,,,,,,,,,,,,,,,,,,,,,,,,,,,,,,,,,,,,,,,,,,,,,,,,,,,,,,,,,,,
d__Bacteria;p__Firmicutes_A;c__Clostridia_258483;o__Oscillospirales;f__Ruminococcaceae;g__Angelakisella;s__Angelakisella massiliensis,,,,,,,,,,,,,,,,,,,,,,,,,,,,,,,,,,,,,,,,,,,,,,,,,,,,,,0.0029486767,,,,,,,,,,,,,,,,,,,,,,,,,,,,,,,,,0.003709239,,,,,,,,,,,,,,,,,,,,,,,,,,,,
d__Bacteria;p__Firmicutes_A;c__Clostridia_258483;o__Oscillospirales;f__QAKW01;g__QAKW01;s__QAKW01 sp003343605,,,,,,,,,,,,,,,,,,,,,,,,,,,,,,,,,,,,,,,,,,,,,,,,,,,,,,0.002911237,,,,,,,,,,,,,,,,,,,,,,,,,,,,,,,,,,,,,,,,,,,,,,,,,,,,,,,,,,,,,
d__Bacteria;p__Firmicutes_A;c__Clostridia_258483;o__Christensenellales;f__CAG-138;g__PeH17;s__PeH17 sp000435055,,,,,,,,,,,,,,,,,,,,,,,,,,,,,,,,,,,,,,,,,,,,,,,,,,,,,,,0.0027247833,0.003168132,,,,,,,,,,,0.0028614001,,,,,,,0.0028269996,,,,,,,,,,,,,,,,,,,,,,,,,,,,,,,,,,,,,,,,,
d__Bacteria;p__Firmicutes_A;c__Clostridia_258483;o__Oscillospirales;f__Ruminococcaceae;g__Faecalibacterium;s__Faecalibacterium prausnitzii_C_71351,,,,,,,,,,,,,,,,,,,,,,,,,,,,,,,,,,,,,,,,,,,,,,,,,,,,,,,0.0013131395,0.0028010015,,,,,,,,,,,,,,,,,,,,,,,,,,,,,,,,,,,,,,,,,,,,,,,,,,,,,,,,,,,
d__Bacteria;p__Firmicutes_D;c__Bacilli;o__Erysipelotrichales;f__Coprobacillaceae;g__Faecalibacillus;s__Faecalibacillus intestinalis,,,,,,,,,,,,,,,,,,,,,,,,,,,,,,,,,,,,,,,,,,,,,,,,,,,,,,,,0.0026912722,,,0.0028283745,,,,,,,,,,,,,,,,,,,,,,,,,,,,,,,,,,,,,,,,,,,,,,,,,,,,,,,,
d__Bacteria;p__Firmicutes_C;c__Negativicutes;o__Veillonellales;f__Dialisteraceae;g__Dialister;s__Dialister invisus,,,,,,,,,,,,,,,,,,,,,,,,,,,,,,,,,,,,,,,,,,,,,,,,,,,,,,,,,0.0027749124,,,,,,,,,,,,,,,,,,,,,,,,,,,,,,,,,,,,,,,,,,,,,,,,,,,,,,,,,,
d__Bacteria;p__Patescibacteria;c__Saccharimonadia;o__Saccharimonadales;f__Nanosynbacteraceae;g__Nanosynbacter;s__,,,,,,,,,,,,,,,,,,,,,,,,,,,,,,,,,,,,,,,,,,,,,,,,,,,,,,,,,0.0027342024,,,,,0.0032158336,,,,,,,,,,,,,,,,,,,,,,,,,,,,,,,,,,,,0.0028132354,,,,,,,,,,,,,,,,,
d__Bacteria;p__Firmicutes_A;c__Clostridia_258483;o__Lachnospirales;f__Lachnospiraceae;g__Mediterraneibacter_A_155507;s__Mediterraneibacter_A_155507 lactaris,,,,,,,,,,,,,,,,,,,,,,,,,,,,,,,,,,,,,,,,,,,,,,,,,,,,,,,,,,0.0028112226,,,,,,,,,,,,,,,,,,,,,,,,,,,,,,,,,,,,,,,,,,,,,,,,,,,,,,,,,
d__Bacteria;p__Bacteroidota;c__Bacteroidia;o__Bacteroidales;f__Bacteroidaceae;g__Phocaeicola_A_858004;s__Phocaeicola_A_858004 massiliensis,,,,,,,,,,,,,,,,,,,,,,,,,,,,,,,,,,,,,,,,,,,,,,,,,,,,,,,,,,0.0027237013,,,,,,,,,,,,,,,,,,,,,,,,,,,,,,,,,,,,,,,,,,,,,,,,,,,,,,,,,
d__Bacteria;p__Actinobacteriota;c__Coriobacteriia;o__Coriobacteriales;f__Eggerthellaceae;g__Adlercreutzia_404218;s__,,,,,,,,,,,,,,,,,,,,,,,,,,,,,,,,,,,,,,,,,,,,,,,,,,,,,,,,,,0.0027192933,,,,,,,,,,,,,,,,,,,,,,,,,,,,,,,,,,,,,,,,,,,,,,,,,,,,,,,,,
d__Bacteria;p__Verrucomicrobiota;c__Verrucomicrobiae;o__Opitutales;f__CAG-312;g__QALA01;s__QALA01 sp003343565,,,,,,,,,,,,,,,,,,,,,,,,,,,,,,,,,,,,,,,,,,,,,,,,,,,,,,,,,,0.002717572,,,,,,,0.0029091213,,,,,,,,,,,,,,,,0.0026973241,0.0028414847,,,,,,,,,,,,,,,,0.0026975805,,,,,,,0.002417922,,,,,,,,,,
d__Bacteria;p__Bacteroidota;c__Bacteroidia;o__Bacteroidales;f__UBA11471;g__UBA11471;s__,,,,,,,,,,,,,,,,,,,,,,,,,,,,,,,,,,,,,,,,,,,,,,,,,,,,,,,,,,0.0026442725,,,0.002922971,,,,,,,,,,,,,,,,,,,,,,,,,,,,,,,,,,,,,0.0030164192,,,,,,,,,,,,,,,,,
d__Bacteria;p__Firmicutes_A;c__Clostridia_258483;o__Lachnospirales;f__Lachnospiraceae;g__Dorea_A;s__,,,,,,,,,,,,,,,,,,,,,,,,,,,,,,,,,,,,,,,,,,,,,,,,,,,,,,,,,,,0.002841963,,,,,,,,,,,,,,,,,,,,,,,,,0.0027284073,,,,,,0.0032327992,,,,,,,,,,,,,,,,,,,,,,,,,0.0030320967
d__Bacteria;p__Proteobacteria;c__Gammaproteobacteria;o__Burkholderiales_592524;f__Burkholderiaceae_A_574938;g__Oxalobacter_566322;s__Oxalobacter formigenes_B,,,,,,,,,,,,,,,,,,,,,,,,,,,,,,,,,,,,,,,,,,,,,,,,,,,,,,,,,,,,0.0028197807,,,,,,,,,,,,,,,,,,,,,,,,,,0.0030430318,,,,0.0034822214,,,,,,,,,,,,,,,,,,,,,,,,,
d__Bacteria;p__Bacteroidota;c__Bacteroidia;o__Bacteroidales;f__Bacteroidaceae;g__Prevotella;s__Prevotella stercorea,,,,,,,,,,,,,,,,,,,,,,,,,,,,,,,,,,,,,,,,,,,,,,,,,,,,,,,,,,,,0.0027794286,,,,,,,,,,,,,,,,0.0027934336,,,,,,,,,,,,,,,,,,,,,,,,,,,,,,,,,,,,,,,
d__Bacteria;p__Verrucomicrobiota;c__Lentisphaeria;o__Victivallales;f__UBA1829;g__UBA11452;s__,,,,,,,,,,,,,,,,,,,,,,,,,,,,,,,,,,,,,,,,,,,,,,,,,,,,,,,,,,,,0.0027608955,,,,,,,,,,,,,,,,,,,,,,,,,,,,,,,,,,,,,,,,,,,,,,,,,,,,,,,
d__Bacteria;p__Firmicutes_D;c__Bacilli;o__Lactobacillales;f__Lactobacillaceae;g__Lactobacillus;s__Lactobacillus crispatus,,,,,,,,,,,,,,,,,,,,,,,,,,,,,,,,,,,,,,,,,,,,,,,,,,,,,,,,,,,,0.0027404076,,,,,0.0029994375,,,,,,,,,,,,,,,,,,,,,,,,,,,,,,,,,,,,,,,,,,,,,,,,,,
d__Bacteria;p__Firmicutes_D;c__Bacilli;o__RFN20;f__CAG-288;g__Scatoplasma;s__,,,,,,,,,,,,,,,,,,,,,,,,,,,,,,,,,,,,,,,,,,,,,,,,,,,,,,,,,,,,0.0026294899,,,,,,,,,,,,,,,,,,,,,,,,,,,,,,,,,,,,,,,,,,,,,,,,,,,,,,,
d__Bacteria;p__Firmicutes_A;c__Clostridia_258483;o__Oscillospirales;f__Ruminococcaceae;g__Gemmiger_A_73129;s__Gemmiger_A_73129 qucibialis,,,,,,,,,,,,,,,,,,,,,,,,,,,,,,,,,,,,,,,,,,,,,,,,,,,,,,,,,,,,0.0013251983,,,,,,,,,,,,,,,,,,,,,,,,,,,,,,,,,,,0.0029755337,,,,,,,,,,,,,,,,,,,,
d__Bacteria;p__Firmicutes_A;c__Clostridia_258483;o__Oscillospirales;f__Oscillospiraceae_88309;g__WRMH01;s__,,,,,,,,,,,,,,,,,,,,,,,,,,,,,,,,,,,,,,,,,,,,,,,,,,,,,,,,,,,,,0.0029261033,,,,,,,,,,,,,,,,,,,,,,,,,,,,,,,,,,,,,,,,,,,,,,,,,,,,,,
d__Bacteria;p__Actinobacteriota;c__Coriobacteriia;o__Coriobacteriales;f__Coriobacteriaceae;g__Collinsella;s__Collinsella bouchesdurhonensis,,,,,,,,,,,,,,,,,,,,,,,,,,,,,,,,,,,,,,,,,,,,,,,,,,,,,,,,,,,,,0.0028303296,,,,,,,,,,,,,,,,,,,,,,,,,,,,,,,,,,,,,,,,,,,,,,,,,,,,,,
d__Bacteria;p__Verrucomicrobiota;c__Verrucomicrobiae;o__Opitutales;f__CAG-312;g__QALA01;s__,,,,,,,,,,,,,,,,,,,,,,,,,,,,,,,,,,,,,,,,,,,,,,,,,,,,,,,,,,,,,0.002703242,,,,,,,,,,,,,,,,,,,,,,,,,,,,,,,,,,,,,,,,,,,,,,,,,,,,,,
d__Bacteria;p__Firmicutes_A;c__Clostridia_258483;o__Oscillospirales;f__CAG-272;g__RUG13077;s__,,,,,,,,,,,,,,,,,,,,,,,,,,,,,,,,,,,,,,,,,,,,,,,,,,,,,,,,,,,,,,0.003524424,0.0027034134,,,,,,0.0028618602,,,,,,,,,,,,,,,,,,0.0035573253,,,,,,,,,,,,,,,,,,,,,,,,,,,,
d__Bacteria;p__Firmicutes_A;c__Clostridia_258483;o__Lachnospirales;f__Lachnospiraceae;g__Dorea_A;s__Dorea_A formicigenerans,,,,,,,,,,,,,,,,,,,,,,,,,,,,,,,,,,,,,,,,,,,,,,,,,,,,,,,,,,,,,,,0.0029487326,,,,,,,,,,,,,,,,,,,,,,,,,,,,,,,,,,,,,,,,,,,,,,,,,,,,
d__Bacteria;p__Actinobacteriota;c__Actinomycetia;o__Actinomycetales;f__Micrococcaceae;g__Arthrobacter_G_385896;s__Arthrobacter russicus,,,,,,,,,,,,,,,,,,,,,,,,,,,,,,,,,,,,,,,,,,,,,,,,,,,,,,,,,,,,,,,0.0027227658,,,,,,,,,,,,,,,,,,,,0.0030478342,,,,,,,,,,,,,,,,,,,,,,0.0026140702,,,,,,,,,,
d__Bacteria;p__Firmicutes_D;c__Bacilli;o__Erysipelotrichales;f__Erysipelotrichaceae;g__Holdemania;s__Holdemania sp900120005,,,,,,,,,,,,,,,,,,,,,,,,,,,,,,,,,,,,,,,,,,,,,,,,,,,,,,,,,,,,,,,,0.0027601984,,,,,0.002916336,,,,,,,,,,,,,,0.0013165709,,,,,,,,,,,,,,,,,,,,,,,,,,,,,,,,
d__Bacteria;p__Firmicutes_A;c__Clostridia_258483;o__Christensenellales;f__Christensenellaceae;g__;s__,,,,,,,,,,,,,,,,,,,,,,,,,,,,,,,,,,,,,,,,,,,,,,,,,,,,,,,,,,,,,,,,0.002751661,,,,,,,,,,,,,,,,,,,,,,,,,,,,,,,,,,,,,,,,,,,,,,,,,,,
d__Bacteria;p__Firmicutes_A;c__Clostridia_258483;o__Peptostreptococcales;f__Anaerovoracaceae;g__VUNA01;s__VUNA01 sp002299625,,,,,,,,,,,,,,,,,,,,,,,,,,,,,,,,,,,,,,,,,,,,,,,,,,,,,,,,,,,,,,,,0.0027358402,,,,,,,,,,,,,,,,,,,,,,,,,,,,,,,,,,,,,,,,,,,,,,,,,,,
d__Bacteria;p__Firmicutes_A;c__Clostridia_258483;o__Oscillospirales;f__Acutalibacteraceae;g__CAG-177;s__,,,,,,,,,,,,,,,,,,,,,,,,,,,,,,,,,,,,,,,,,,,,,,,,,,,,,,,,,,,,,,,,,,0.003091306,,,,,,,,,,,,,,,,,,,,,,,,,,,,,,,,,,,,,,,,,,,,,,,,,
d__Bacteria;p__Firmicutes_A;c__Clostridia_258483;o__Oscillospirales;f__CAG-382;g__SFLA01;s__SFLA01 sp004553575,,,,,,,,,,,,,,,,,,,,,,,,,,,,,,,,,,,,,,,,,,,,,,,,,,,,,,,,,,,,,,,,,,0.003035131,,,,,0.0027015884,,,,,,,,,,,,,,,,,,,,,,,,,,,,,,,,,,,0.0025362247,,,,,,,,,
d__Bacteria;p__Firmicutes_A;c__Clostridia_258483;o__Oscillospirales;f__Acutalibacteraceae;g__CAG-217;s__CAG-217 sp000436335,,,,,,,,,,,,,,,,,,,,,,,,,,,,,,,,,,,,,,,,,,,,,,,,,,,,,,,,,,,,,,,,,,0.0028375592,,,,,,,,,,,,,,,,,,,,,,,,,,,,,,,,,,,,,,,,,,,,,,,,,
d__Bacteria;p__Firmicutes_A;c__Clostridia_258483;o__Oscillospirales;f__Ruminococcaceae;g__Harryflintia;s__Harryflintia acetispora,,,,,,,,,,,,,,,,,,,,,,,,,,,,,,,,,,,,,,,,,,,,,,,,,,,,,,,,,,,,,,,,,,,0.0027951268,,,,,,,,,,,,,,,,,,,,,,,,,,,,,,,,,,,,,,,,,,,,,,,,
d__Bacteria;p__Firmicutes_A;c__Clostridia_258483;o__Christensenellales;f__CAG-917;g__CAG-349;s__CAG-349 sp003539515,,,,,,,,,,,,,,,,,,,,,,,,,,,,,,,,,,,,,,,,,,,,,,,,,,,,,,,,,,,,,,,,,,,0.0012862933,,,,,,,,,,,,,,,,,,,,,,,,,,,,,,,,,,,,,,,,0.0028629461,,,,,,,,
d__Bacteria;p__Firmicutes_A;c__Clostridia_258483;o__Christensenellales;f__CAG-138;g__PeH17;s__PeH17 sp900542285,,,,,,,,,,,,,,,,,,,,,,,,,,,,,,,,,,,,,,,,,,,,,,,,,,,,,,,,,,,,,,,,,,,,0.0028530562,,,,,,,,,,,,,,,,,,,,,,,,,,,,,,,,,,,,,,,,,,,,,,,
d__Bacteria;p__Firmicutes_D;c__Bacilli;o__RF39;f__UBA660;g__;s__,,,,,,,,,,,,,,,,,,,,,,,,,,,,,,,,,,,,,,,,,,,,,,,,,,,,,,,,,,,,,,,,,,,,0.002842864,,,,,,,,,,,,,,,,,,,,,,,,,,0.0029323176,,,,,,,,,,,,,,,,,,,,,
d__Bacteria;p__Bacteroidota;c__Bacteroidia;o__Bacteroidales;f__Tannerellaceae;g__Parabacteroides_B_862066;s__Parabacteroides_B_862066 goldsteinii,,,,,,,,,,,,,,,,,,,,,,,,,,,,,,,,,,,,,,,,,,,,,,,,,,,,,,,,,,,,,,,,,,,,,0.0029133388,,,,,,,,,,,,,,,,,,,,,,,,,,,,,,,,,,,,,,,,,,,,,,
d__Bacteria;p__Firmicutes_A;c__Clostridia_258483;o__Lachnospirales;f__Lachnospiraceae;g__Coprococcus_A_187866;s__Coprococcus_A_187866 catus,,,,,,,,,,,,,,,,,,,,,,,,,,,,,,,,,,,,,,,,,,,,,,,,,,,,,,,,,,,,,,,,,,,,,,,0.002719444,,,,,,,,,,,,,,,,,,,,,,,,,,,,,,,,,,,,,,,,,,,,
d__Bacteria;p__Proteobacteria;c__Gammaproteobacteria;o__Enterobacterales_A_737866;f__Enterobacteriaceae_A;g__Citrobacter_A_692098;s__Citrobacter_A_692098 gillenii,,,,,,,,,,,,,,,,,,,,,,,,,,,,,,,,,,,,,,,,,,,,,,,,,,,,,,,,,,,,,,,,,,,,,,,,0.0027320613,,,,,,,,,,,,,,,,,,,,,,,,,,,,,,,,,,,,,,,,,,,
d__Bacteria;p__Proteobacteria;c__Alphaproteobacteria;o__RF32;f__CAG-239;g__CAG-267;s__CAG-267 sp001917135,,,,,,,,,,,,,,,,,,,,,,,,,,,,,,,,,,,,,,,,,,,,,,,,,,,,,,,,,,,,,,,,,,,,,,,,,,,0.0027247767,,,,,,,,,,,,,,,,,,,,,,,,,,,,,,,,,,,,,,,,
d__Bacteria;p__Firmicutes_A;c__Clostridia_258483;o__Tissierellales;f__Peptoniphilaceae;g__Fenollaria;s__Fenollaria massiliensis,,,,,,,,,,,,,,,,,,,,,,,,,,,,,,,,,,,,,,,,,,,,,,,,,,,,,,,,,,,,,,,,,,,,,,,,,,,0.002685679,,,,,,,,,,,,,,,,,,,,,,,,,,,,,,,,,,,,,,,,
d__Bacteria;p__Firmicutes_A;c__Clostridia_258483;o__Lachnospirales;f__Lachnospiraceae;g__Ruminococcus_B;s__Mediterraneibacter gnavus,,,,,,,,,,,,,,,,,,,,,,,,,,,,,,,,,,,,,,,,,,,,,,,,,,,,,,,,,,,,,,,,,,,,,,,,,,,0.0026209985,,,,,,,,,,,,,,,,,,,,,,,,,,,,,,,,,,,,,,,,
d__Bacteria;p__Firmicutes_A;c__Clostridia_258483;o__Lachnospirales;f__Lachnospiraceae;g__Lachnoclostridium_B;s__Lachnoclostridium_B sp900066555,,,,,,,,,,,,,,,,,,,,,,,,,,,,,,,,,,,,,,,,,,,,,,,,,,,,,,,,,,,,,,,,,,,,,,,,,,,,0.002764462,,,,,,,,,,,,,,,,,,,,,,,,,,,,,,,,,,,,,,,
d__Bacteria;p__Firmicutes_A;c__Clostridia_258483;o__Christensenellales;f__Christensenellaceae;g__Christensenella;s__Christensenella minuta,,,,,,,,,,,,,,,,,,,,,,,,,,,,,,,,,,,,,,,,,,,,,,,,,,,,,,,,,,,,,,,,,,,,,,,,,,,,0.002759492,,,,,,,,,,,,,,,,,,,,,,,,,,,,,,,,,,,,,,,
d__Bacteria;p__Firmicutes_A;c__Clostridia_258483;o__TANB77;f__CAG-508;g__Merdicola;s__Merdicola sp900552655,,,,,,,,,,,,,,,,,,,,,,,,,,,,,,,,,,,,,,,,,,,,,,,,,,,,,,,,,,,,,,,,,,,,,,,,,,,,0.0027137029,,,,,,,,,,,,,,,,,,,0.0027778335,,,,,,,,,,,,,,,,,,,,
d__Bacteria;p__Firmicutes_A;c__Clostridia_258483;o__Christensenellales;f__CAG-138;g__;s__,,,,,,,,,,,,,,,,,,,,,,,,,,,,,,,,,,,,,,,,,,,,,,,,,,,,,,,,,,,,,,,,,,,,,,,,,,,,,0.0029269126,,,,,,,,,,,,,,,,,,,,,,,,,,,,,,,,,,,,,,
d__Bacteria;p__Firmicutes_D;c__Bacilli;o__Erysipelotrichales;f__Coprobacillaceae;g__Erysipelatoclostridium;s__Clostridium saccharogumia,,,,,,,,,,,,,,,,,,,,,,,,,,,,,,,,,,,,,,,,,,,,,,,,,,,,,,,,,,,,,,,,,,,,,,,,,,,,,0.0027595188,,,,,,,,,,,,,,,,,0.00323103,,,,,,,,,,,,,,,,,0.0038883276,,,,
d__Bacteria;p__Firmicutes_A;c__Clostridia_258483;o__Eubacteriales_258471;f__Eubacteriaceae_258449;g__Eubacterium_O_258270;s__,,,,,,,,,,,,,,,,,,,,,,,,,,,,,,,,,,,,,,,,,,,,,,,,,,,,,,,,,,,,,,,,,,,,,,,,,,,,,,,0.0026651938,,,,,,,,,,,,,,,,,,,,,,,,,,,,,,,,,,,,
d__Bacteria;p__Actinobacteriota;c__Coriobacteriia;o__Coriobacteriales;f__Eggerthellaceae;g__Berryella;s__,,,,,,,,,,,,,,,,,,,,,,,,,,,,,,,,,,,,,,,,,,,,,,,,,,,,,,,,,,,,,,,,,,,,,,,,,,,,,,,,0.0029722257,,,,,,,,,,,,,,,,,,,,,,,,,0.0025106242,,0.0031073196,,,,,,,,
d__Bacteria;p__Firmicutes_D;c__Bacilli;o__Lactobacillales;f__Streptococcaceae;g__Streptococcus;s__Streptococcus oralis_E_350763,,,,,,,,,,,,,,,,,,,,,,,,,,,,,,,,,,,,,,,,,,,,,,,,,,,,,,,,,,,,,,,,,,,,,,,,,,,,,,,,0.0027985275,,,,,,,,,,,,,,,,,,,,,,,,,,,,,,,,,,,
d__Bacteria;p__Firmicutes_A;c__Clostridia_258483;o__Oscillospirales;f__Acutalibacteraceae;g__Fimenecus;s__Fimenecus sp000432435,,,,,,,,,,,,,,,,,,,,,,,,,,,,,,,,,,,,,,,,,,,,,,,,,,,,,,,,,,,,,,,,,,,,,,,,,,,,,,,,0.002678888,,,,,,,,,,,,,,,,,,,,,,,,,,,,,,,,,,,
d__Bacteria;p__Firmicutes_A;c__Clostridia_258483;o__Oscillospirales;f__Oscillospiraceae_88309;g__Pseudoflavonifractor_80958;s__,,,,,,,,,,,,,,,,,,,,,,,,,,,,,,,,,,,,,,,,,,,,,,,,,,,,,,,,,,,,,,,,,,,,,,,,,,,,,,,,,0.0028961555,,,,,,,,,,,,,,0.0029333313,,,,,,,,,,,,,,,,,,,,
d__Bacteria;p__Firmicutes_D;c__Bacilli;o__Erysipelotrichales;f__Erysipelotrichaceae;g__Longicatena;s__Longicatena caecimuris,,,,,,,,,,,,,,,,,,,,,,,,,,,,,,,,,,,,,,,,,,,,,,,,,,,,,,,,,,,,,,,,,,,,,,,,,,,,,,,,,0.00278749,,,,,,,,,,,,,,,,0.0027821832,,,,,,,,,,,,,,,,,,
d__Bacteria;p__Firmicutes_A;c__Clostridia_258483;o__Lachnospirales;f__Lachnospiraceae;g__Fimimorpha;s__,,,,,,,,,,,,,,,,,,,,,,,,,,,,,,,,,,,,,,,,,,,,,,,,,,,,,,,,,,,,,,,,,,,,,,,,,,,,,,,,,,0.0028760182,,,,,,,,,,,,,,,,,,,,,,,,,,,,,,,,,
d__Bacteria;p__Bacteroidota;c__Bacteroidia;o__Bacteroidales;f__Muribaculaceae;g__Duncaniella;s__,,,,,,,,,,,,,,,,,,,,,,,,,,,,,,,,,,,,,,,,,,,,,,,,,,,,,,,,,,,,,,,,,,,,,,,,,,,,,,,,,,0.0028161227,,,,,,,,,,,,,,,,,,,,,,,,,,,,,,,,,
d__Bacteria;p__Firmicutes_A;c__Clostridia_258483;o__Lachnospirales;f__Lachnospiraceae;g__Acetatifactor;s__Acetatifactor muris,,,,,,,,,,,,,,,,,,,,,,,,,,,,,,,,,,,,,,,,,,,,,,,,,,,,,,,,,,,,,,,,,,,,,,,,,,,,,,,,,,0.0027753762,,,,,,,,0.0032159567,,,,,,,,,,,,,,,,,,,,,,,,,0.003079337
d__Bacteria;p__Actinobacteriota;c__Coriobacteriia;o__Coriobacteriales;f__;g__;s__,,,,,,,,,,,,,,,,,,,,,,,,,,,,,,,,,,,,,,,,,,,,,,,,,,,,,,,,,,,,,,,,,,,,,,,,,,,,,,,,,,,0.0027052476,,,,,,,,,,,,,,,,,,,,,,,,,,,,,,,,
d__Bacteria;p__Proteobacteria;c__Alphaproteobacteria;o__RF32;f__CAG-239;g__Scatocola;s__Scatocola faecipullorum,,,,,,,,,,,,,,,,,,,,,,,,,,,,,,,,,,,,,,,,,,,,,,,,,,,,,,,,,,,,,,,,,,,,,,,,,,,,,,,,,,,0.0026980033,,,,,,,,,,,,,,,,,,,,,,,,,,,,,,,,
d__Bacteria;p__Firmicutes_A;c__Clostridia_258483;o__Lachnospirales;f__Lachnospiraceae;g__Mediterraneibacter_A_155507;s__Mediterraneibacter_A_155507 massiliensis,,,,,,,,,,,,,,,,,,,,,,,,,,,,,,,,,,,,,,,,,,,,,,,,,,,,,,,,,,,,,,,,,,,,,,,,,,,,,,,,,,,,0.0029463503,,,,,,,,,,,,,,,,,,,,,,,,,,,,,,,
d__Bacteria;p__Firmicutes_A;c__Clostridia_258483;o__Lachnospirales;f__Lachnospiraceae;g__Copromonas;s__Copromonas sp900066535,,,,,,,,,,,,,,,,,,,,,,,,,,,,,,,,,,,,,,,,,,,,,,,,,,,,,,,,,,,,,,,,,,,,,,,,,,,,,,,,,,,,0.0027194186,,,,,,,,,,,,,,,,,,,,,,,,,,,,,,,
d__Bacteria;p__Firmicutes_A;c__Clostridia_258483;o__Lachnospirales;f__Lachnospiraceae;g__Anaerostipes;s__Anaerostipes hadrus,,,,,,,,,,,,,,,,,,,,,,,,,,,,,,,,,,,,,,,,,,,,,,,,,,,,,,,,,,,,,,,,,,,,,,,,,,,,,,,,,,,,,0.0033467936,,,,,,,,,,,,,,,,,,,,,,,,,,,,,,
d__Bacteria;p__Bacteroidota;c__Bacteroidia;o__Bacteroidales;f__Bacteroidaceae;g__Phocaeicola_A_858004;s__,,,,,,,,,,,,,,,,,,,,,,,,,,,,,,,,,,,,,,,,,,,,,,,,,,,,,,,,,,,,,,,,,,,,,,,,,,,,,,,,,,,,,0.0030465117,,,,,,,,,,,,,,,,,,,,,,,,,,,,,,
d__Bacteria;p__Bacteroidota;c__Bacteroidia;o__Bacteroidales;f__Tannerellaceae;g__Parabacteroides_B_862066;s__Parabacteroides_B_862066 johnsonii,,,,,,,,,,,,,,,,,,,,,,,,,,,,,,,,,,,,,,,,,,,,,,,,,,,,,,,,,,,,,,,,,,,,,,,,,,,,,,,,,,,,,0.0013920721,,,,,,,,,,,,,,,,,,,,,,,,,,,,,,
d__Bacteria;p__Firmicutes_A;c__Clostridia_258483;o__Oscillospirales;f__CAG-272;g__Avispirillum;s__,,,,,,,,,,,,,,,,,,,,,,,,,,,,,,,,,,,,,,,,,,,,,,,,,,,,,,,,,,,,,,,,,,,,,,,,,,,,,,,,,,,,,,,0.0028945494,,,,,,,,,,,,,,,,,,,,,,,,,,,,
d__Bacteria;p__Bacteroidota;c__Bacteroidia;o__Bacteroidales;f__Bacteroidaceae;g__Paraprevotella;s__Paraprevotella clara,,,,,,,,,,,,,,,,,,,,,,,,,,,,,,,,,,,,,,,,,,,,,,,,,,,,,,,,,,,,,,,,,,,,,,,,,,,,,,,,,,,,,,,,0.002757365,,,,,,,,,,,,,,,,,,,,,,,,,,,
d__Bacteria;p__Firmicutes_A;c__Clostridia_258483;o__Lachnospirales;f__Lachnospiraceae;g__Blautia_A_141781;s__Blautia_A_141781 caecimuris,,,,,,,,,,,,,,,,,,,,,,,,,,,,,,,,,,,,,,,,,,,,,,,,,,,,,,,,,,,,,,,,,,,,,,,,,,,,,,,,,,,,,,,,,,0.0030977249,,,,,,,,,,,,,,,,,,,,,,,,,
d__Bacteria;p__Bacteroidota;c__Bacteroidia;o__Bacteroidales;f__Rikenellaceae;g__Alistipes_A_871400;s__Alistipes_A_871400 onderdonkii,,,,,,,,,,,,,,,,,,,,,,,,,,,,,,,,,,,,,,,,,,,,,,,,,,,,,,,,,,,,,,,,,,,,,,,,,,,,,,,,,,,,,,,,,,,0.00264246,,,,,,,,,,,,,,,,,,,,,,,,
d__Bacteria;p__Firmicutes_A;c__Clostridia_258483;o__Lachnospirales;f__Lachnospiraceae;g__Coprococcus_A_121497;s__Coprococcus_A_121497 eutactus,,,,,,,,,,,,,,,,,,,,,,,,,,,,,,,,,,,,,,,,,,,,,,,,,,,,,,,,,,,,,,,,,,,,,,,,,,,,,,,,,,,,,,,,,,,,0.002781333,,,,,,,,,,,,,,,,,,,,,,,
d__Bacteria;p__Firmicutes_A;c__Clostridia_258483;o__Lachnospirales;f__Lachnospiraceae;g__Eisenbergiella;s__Eisenbergiella tayi,,,,,,,,,,,,,,,,,,,,,,,,,,,,,,,,,,,,,,,,,,,,,,,,,,,,,,,,,,,,,,,,,,,,,,,,,,,,,,,,,,,,,,,,,,,,,,0.002889933,,,,,,,,,,,,,,,,,,,,,
d__Bacteria;p__Bacteroidota;c__Bacteroidia;o__Bacteroidales;f__UBA932;g__Cryptobacteroides;s__,,,,,,,,,,,,,,,,,,,,,,,,,,,,,,,,,,,,,,,,,,,,,,,,,,,,,,,,,,,,,,,,,,,,,,,,,,,,,,,,,,,,,,,,,,,,,,,,0.0027936718,,,,,,,,,,0.0026292326,,,,,,,,,
d__Bacteria;p__Firmicutes_A;c__Clostridia_258483;o__Acetivibrionales;f__DSM-8532;g__;s__,,,,,,,,,,,,,,,,,,,,,,,,,,,,,,,,,,,,,,,,,,,,,,,,,,,,,,,,,,,,,,,,,,,,,,,,,,,,,,,,,,,,,,,,,,,,,,,,,0.0027551148,,,,,,,,,,,,,,,,0.0027335712,,
d__Bacteria;p__Firmicutes_D;c__Bacilli;o__RF39;f__UBA660;g__CAG-302;s__CAG-302 sp000431795,,,,,,,,,,,,,,,,,,,,,,,,,,,,,,,,,,,,,,,,,,,,,,,,,,,,,,,,,,,,,,,,,,,,,,,,,,,,,,,,,,,,,,,,,,,,,,,,,0.0013335003,,,,,,,,,,,,,,,,,,
d__Bacteria;p__Firmicutes_A;c__Clostridia_258483;o__Oscillospirales;f__Ruminococcaceae;g__Ruminococcus_D;s__,,,,,,,,,,,,,,,,,,,,,,,,,,,,,,,,,,,,,,,,,,,,,,,,,,,,,,,,,,,,,,,,,,,,,,,,,,,,,,,,,,,,,,,,,,,,,,,,,0.0013086073,,,,,,,,,,,,,,,,,,
d__Bacteria;p__Firmicutes_A;c__Clostridia_258483;o__Lachnospirales;f__Lachnospiraceae;g__Choladousia;s__,,,,,,,,,,,,,,,,,,,,,,,,,,,,,,,,,,,,,,,,,,,,,,,,,,,,,,,,,,,,,,,,,,,,,,,,,,,,,,,,,,,,,,,,,,,,,,,,,,0.0029074713,,,,,,,,,,,,,,,,,
d__Bacteria;p__Proteobacteria;c__Gammaproteobacteria;o__Enterobacterales_A_737866;f__Enterobacteriaceae_A;g__Klebsiella_724518;s__Klebsiella granulomatis,,,,,,,,,,,,,,,,,,,,,,,,,,,,,,,,,,,,,,,,,,,,,,,,,,,,,,,,,,,,,,,,,,,,,,,,,,,,,,,,,,,,,,,,,,,,,,,,,,0.0028399855,,,,,,,,,,,,,,,,,
d__Bacteria;p__Actinobacteriota;c__Actinomycetia;o__Actinomycetales;f__Actinomycetaceae;g__Actinomyces;s__Actinomyces johnsonii,,,,,,,,,,,,,,,,,,,,,,,,,,,,,,,,,,,,,,,,,,,,,,,,,,,,,,,,,,,,,,,,,,,,,,,,,,,,,,,,,,,,,,,,,,,,,,,,,,,0.003004585,,,,,,,,,,,,,,,,
d__Bacteria;p__Actinobacteriota;c__Coriobacteriia;o__Coriobacteriales;f__Atopobiaceae;g__Parolsenella;s__Parolsenella catena,,,,,,,,,,,,,,,,,,,,,,,,,,,,,,,,,,,,,,,,,,,,,,,,,,,,,,,,,,,,,,,,,,,,,,,,,,,,,,,,,,,,,,,,,,,,,,,,,,,0.0027789485,,,,,,,,,,,,,,,,
d__Bacteria;p__Firmicutes_D;c__Bacilli;o__Haloplasmatales_A;f__Turicibacteraceae;g__Turicibacter;s__Turicibacter sp001543345,,,,,,,,,,,,,,,,,,,,,,,,,,,,,,,,,,,,,,,,,,,,,,,,,,,,,,,,,,,,,,,,,,,,,,,,,,,,,,,,,,,,,,,,,,,,,,,,,,,,0.004157116,,,,,,,,,,,,,,,
d__Bacteria;p__Firmicutes_A;c__Clostridia_258483;o__Christensenellales;f__CAG-74;g__;s__,,,,,,,,,,,,,,,,,,,,,,,,,,,,,,,,,,,,,,,,,,,,,,,,,,,,,,,,,,,,,,,,,,,,,,,,,,,,,,,,,,,,,,,,,,,,,,,,,,,,0.0040481426,,,,,,,,,,,,,,,
d__Bacteria;p__Firmicutes_A;c__Clostridia_258483;o__Peptostreptococcales;f__Anaerovoracaceae;g__;s__,,,,,,,,,,,,,,,,,,,,,,,,,,,,,,,,,,,,,,,,,,,,,,,,,,,,,,,,,,,,,,,,,,,,,,,,,,,,,,,,,,,,,,,,,,,,,,,,,,,,0.0036292868,,,,,,,,,,,,,,,
d__Bacteria;p__Firmicutes_A;c__Clostridia_258483;o__Oscillospirales;f__Ruminococcaceae;g__Paludicola;s__Paludicola psychrotolerans,,,,,,,,,,,,,,,,,,,,,,,,,,,,,,,,,,,,,,,,,,,,,,,,,,,,,,,,,,,,,,,,,,,,,,,,,,,,,,,,,,,,,,,,,,,,,,,,,,,,0.0033159656,,,,,,,,,,,,,,,
d__Bacteria;p__Firmicutes_A;c__Clostridia_258483;o__Lachnospirales;f__Lachnospiraceae;g__Sellimonas;s__,,,,,,,,,,,,,,,,,,,,,,,,,,,,,,,,,,,,,,,,,,,,,,,,,,,,,,,,,,,,,,,,,,,,,,,,,,,,,,,,,,,,,,,,,,,,,,,,,,,,0.003310625,,,,,,,,,0.0029158453,,,,,,
d__Bacteria;p__Actinobacteriota;c__Coriobacteriia;o__Coriobacteriales;f__Eggerthellaceae;g__Slackia_A;s__Slackia_A isoflavoniconvertens,,,,,,,,,,,,,,,,,,,,,,,,,,,,,,,,,,,,,,,,,,,,,,,,,,,,,,,,,,,,,,,,,,,,,,,,,,,,,,,,,,,,,,,,,,,,,,,,,,,,0.0031936527,,,,,,,,,,,,,,,
d__Bacteria;p__Firmicutes_C;c__Negativicutes;o__Acidaminococcales;f__Acidaminococcaceae;g__Phascolarctobacterium_A;s__Phascolarctobacterium_A succinatutens,,,,,,,,,,,,,,,,,,,,,,,,,,,,,,,,,,,,,,,,,,,,,,,,,,,,,,,,,,,,,,,,,,,,,,,,,,,,,,,,,,,,,,,,,,,,,,,,,,,,0.0031358562,,,,,,,,,,,,,,,
d__Bacteria;p__Firmicutes_A;c__Clostridia_258483;o__Lachnospirales;f__Lachnospiraceae;g__Butyrivibrio_A_180067;s__Butyrivibrio_A_180067 crossotus,,,,,,,,,,,,,,,,,,,,,,,,,,,,,,,,,,,,,,,,,,,,,,,,,,,,,,,,,,,,,,,,,,,,,,,,,,,,,,,,,,,,,,,,,,,,,,,,,,,,0.0014748157,,,,,,,,,,,,,,,
d__Bacteria;p__Firmicutes_D;c__Bacilli;o__Lactobacillales;f__Streptococcaceae;g__Streptococcus;s__Streptococcus anginosus,,,,,,,,,,,,,,,,,,,,,,,,,,,,,,,,,,,,,,,,,,,,,,,,,,,,,,,,,,,,,,,,,,,,,,,,,,,,,,,,,,,,,,,,,,,,,,,,,,,,,,,0.003047956,,,,,,,,,,,,
d__Bacteria;p__Firmicutes_A;c__Clostridia_258483;o__Oscillospirales;f__Oscillospiraceae_88309;g__Lawsonibacter;s__Lawsonibacter sp014287875,,,,,,,,,,,,,,,,,,,,,,,,,,,,,,,,,,,,,,,,,,,,,,,,,,,,,,,,,,,,,,,,,,,,,,,,,,,,,,,,,,,,,,,,,,,,,,,,,,,,,,,0.0028386442,,,,,,,,,,,,
d__Bacteria;p__Bacteroidota;c__Bacteroidia;o__Bacteroidales;f__Bacteroidaceae;g__Phocaeicola_A_858004;s__Phocaeicola_A_858004 vulgatus,,,,,,,,,,,,,,,,,,,,,,,,,,,,,,,,,,,,,,,,,,,,,,,,,,,,,,,,,,,,,,,,,,,,,,,,,,,,,,,,,,,,,,,,,,,,,,,,,,,,,,,0.0027058315,,,,,,,,,,,,
d__Bacteria;p__Cyanobacteria;c__Vampirovibrionia;o__Gastranaerophilales;f__Gastranaerophilaceae;g__Limenecus;s__,,,,,,,,,,,,,,,,,,,,,,,,,,,,,,,,,,,,,,,,,,,,,,,,,,,,,,,,,,,,,,,,,,,,,,,,,,,,,,,,,,,,,,,,,,,,,,,,,,,,,,,,,0.0030442006,,,,,,,,,,
d__Bacteria;p__Actinobacteriota;c__Actinomycetia;o__Mycobacteriales;f__Mycobacteriaceae;g__Corynebacterium;s__,,,,,,,,,,,,,,,,,,,,,,,,,,,,,,,,,,,,,,,,,,,,,,,,,,,,,,,,,,,,,,,,,,,,,,,,,,,,,,,,,,,,,,,,,,,,,,,,,,,,,,,,,0.003036004,,,,,,,,,,
d__Bacteria;p__Firmicutes_A;c__Clostridia_258483;o__Oscillospirales;f__Acutalibacteraceae;g__Caproiciproducens;s__,,,,,,,,,,,,,,,,,,,,,,,,,,,,,,,,,,,,,,,,,,,,,,,,,,,,,,,,,,,,,,,,,,,,,,,,,,,,,,,,,,,,,,,,,,,,,,,,,,,,,,,,,0.0028493814,,,,,,,,,,
d__Bacteria;p__Bacteroidota;c__Bacteroidia;o__Bacteroidales;f__Coprobacteraceae;g__Coprobacter;s__Coprobacter secundus,,,,,,,,,,,,,,,,,,,,,,,,,,,,,,,,,,,,,,,,,,,,,,,,,,,,,,,,,,,,,,,,,,,,,,,,,,,,,,,,,,,,,,,,,,,,,,,,,,,,,,,,,0.0027609267,,,,,,,,,,
d__Bacteria;p__Actinobacteriota;c__Coriobacteriia;o__Coriobacteriales;f__Coriobacteriaceae;g__Collinsella;s__Collinsella ihuae,,,,,,,,,,,,,,,,,,,,,,,,,,,,,,,,,,,,,,,,,,,,,,,,,,,,,,,,,,,,,,,,,,,,,,,,,,,,,,,,,,,,,,,,,,,,,,,,,,,,,,,,,0.0026224323,,,,,,,,,,
d__Bacteria;p__Firmicutes_A;c__Clostridia_258483;o__Oscillospirales;f__Acutalibacteraceae;g__UMGS1071;s__,,,,,,,,,,,,,,,,,,,,,,,,,,,,,,,,,,,,,,,,,,,,,,,,,,,,,,,,,,,,,,,,,,,,,,,,,,,,,,,,,,,,,,,,,,,,,,,,,,,,,,,,,0.002584063,,,,,,,,,,
d__Bacteria;p__Bacteroidota;c__Bacteroidia;o__Bacteroidales;f__Tannerellaceae;g__Parabacteroides_B_862066;s__Parabacteroides_B_862066 sp002159645,,,,,,,,,,,,,,,,,,,,,,,,,,,,,,,,,,,,,,,,,,,,,,,,,,,,,,,,,,,,,,,,,,,,,,,,,,,,,,,,,,,,,,,,,,,,,,,,,,,,,,,,,0.0025775,,,,,,,,,,
d__Bacteria;p__Firmicutes_A;c__Clostridia_258483;o__Oscillospirales;f__Oscillospiraceae_88309;g__Enterenecus;s__Enterenecus sp004560375,,,,,,,,,,,,,,,,,,,,,,,,,,,,,,,,,,,,,,,,,,,,,,,,,,,,,,,,,,,,,,,,,,,,,,,,,,,,,,,,,,,,,,,,,,,,,,,,,,,,,,,,,0.0025645783,,,,,,,,,,
d__Bacteria;p__Firmicutes_A;c__Clostridia_258483;o__Peptostreptococcales;f__Anaerovoracaceae;g__Eubacterium_N;s__,,,,,,,,,,,,,,,,,,,,,,,,,,,,,,,,,,,,,,,,,,,,,,,,,,,,,,,,,,,,,,,,,,,,,,,,,,,,,,,,,,,,,,,,,,,,,,,,,,,,,,,,,0.0025628363,,,,,,,,,,
d__Bacteria;p__Bacteroidota;c__Bacteroidia;o__Bacteroidales;f__Bacteroidaceae;g__Prevotella;s__Prevotella rara,,,,,,,,,,,,,,,,,,,,,,,,,,,,,,,,,,,,,,,,,,,,,,,,,,,,,,,,,,,,,,,,,,,,,,,,,,,,,,,,,,,,,,,,,,,,,,,,,,,,,,,,,0.002555729,,,,,,,,,,
d__Bacteria;p__Proteobacteria;c__Gammaproteobacteria;o__Enterobacterales_A_737866;f__Enterobacteriaceae_A;g__Serratia_A;s__Serratia_A fonticola,,,,,,,,,,,,,,,,,,,,,,,,,,,,,,,,,,,,,,,,,,,,,,,,,,,,,,,,,,,,,,,,,,,,,,,,,,,,,,,,,,,,,,,,,,,,,,,,,,,,,,,,,0.0012429846,,0.0035300362,,,,,,,,
d__Bacteria;p__Firmicutes_D;c__Bacilli;o__RFN20;f__CAG-288;g__CAG-288;s__CAG-288 sp000437395,,,,,,,,,,,,,,,,,,,,,,,,,,,,,,,,,,,,,,,,,,,,,,,,,,,,,,,,,,,,,,,,,,,,,,,,,,,,,,,,,,,,,,,,,,,,,,,,,,,,,,,,,,0.0028340141,,,,,,,,,
d__Bacteria;p__Firmicutes_C;c__Negativicutes;o__Selenomonadales;f__Selenomonadaceae_42771;g__Megamonas;s__Megamonas funiformis,,,,,,,,,,,,,,,,,,,,,,,,,,,,,,,,,,,,,,,,,,,,,,,,,,,,,,,,,,,,,,,,,,,,,,,,,,,,,,,,,,,,,,,,,,,,,,,,,,,,,,,,,,0.0026808674,,,,,,,,,
d__Bacteria;p__Firmicutes_A;c__Clostridia_258483;o__Clostridiales;f__Clostridiaceae_222000;g__Clostridium_P;s__Clostridium_P perfringens,,,,,,,,,,,,,,,,,,,,,,,,,,,,,,,,,,,,,,,,,,,,,,,,,,,,,,,,,,,,,,,,,,,,,,,,,,,,,,,,,,,,,,,,,,,,,,,,,,,,,,,,,,0.0026634068,,,,,,,,,
d__Bacteria;p__Firmicutes_A;c__Clostridia_258483;o__Lachnospirales;f__Lachnospiraceae;g__Lactonifactor;s__Lactonifactor longoviformis,,,,,,,,,,,,,,,,,,,,,,,,,,,,,,,,,,,,,,,,,,,,,,,,,,,,,,,,,,,,,,,,,,,,,,,,,,,,,,,,,,,,,,,,,,,,,,,,,,,,,,,,,,0.0026612931,,,,,,,,,
d__Bacteria;p__Bacteroidota;c__Bacteroidia;o__Bacteroidales;f__Marinifilaceae;g__Butyricimonas;s__,,,,,,,,,,,,,,,,,,,,,,,,,,,,,,,,,,,,,,,,,,,,,,,,,,,,,,,,,,,,,,,,,,,,,,,,,,,,,,,,,,,,,,,,,,,,,,,,,,,,,,,,,,0.0026354138,,,,,,,,,
d__Bacteria;p__Firmicutes_C;c__Negativicutes;o__Acidaminococcales;f__Acidaminococcaceae;g__Acidaminococcus;s__Acidaminococcus intestini,,,,,,,,,,,,,,,,,,,,,,,,,,,,,,,,,,,,,,,,,,,,,,,,,,,,,,,,,,,,,,,,,,,,,,,,,,,,,,,,,,,,,,,,,,,,,,,,,,,,,,,,,,0.0025936312,,,,,,,,,
d__Bacteria;p__Firmicutes_D;c__Bacilli;o__Erysipelotrichales;f__Erysipelotrichaceae;g__Faecalicoccus;s__Faecalicoccus pleomorphus,,,,,,,,,,,,,,,,,,,,,,,,,,,,,,,,,,,,,,,,,,,,,,,,,,,,,,,,,,,,,,,,,,,,,,,,,,,,,,,,,,,,,,,,,,,,,,,,,,,,,,,,,,0.002577514,,,,,,,,,
d__Bacteria;p__Actinobacteriota;c__Coriobacteriia;o__Coriobacteriales;f__Coriobacteriaceae;g__Enorma;s__Enorma sp000333815,,,,,,,,,,,,,,,,,,,,,,,,,,,,,,,,,,,,,,,,,,,,,,,,,,,,,,,,,,,,,,,,,,,,,,,,,,,,,,,,,,,,,,,,,,,,,,,,,,,,,,,,,,0.0025004677,,,,,,,,,
d__Bacteria;p__Verrucomicrobiota;c__Verrucomicrobiae;o__Verrucomicrobiales;f__Akkermansiaceae;g__Akkermansia;s__Akkermansia muciniphila_D_776786,,,,,,,,,,,,,,,,,,,,,,,,,,,,,,,,,,,,,,,,,,,,,,,,,,,,,,,,,,,,,,,,,,,,,,,,,,,,,,,,,,,,,,,,,,,,,,,,,,,,,,,,,,0.0024173078,,,,,,,,,
d__Bacteria;p__Proteobacteria;c__Gammaproteobacteria;o__Enterobacterales_A_737866;f__Enterobacteriaceae_A;g__Hafnia;s__Hafnia proteus,,,,,,,,,,,,,,,,,,,,,,,,,,,,,,,,,,,,,,,,,,,,,,,,,,,,,,,,,,,,,,,,,,,,,,,,,,,,,,,,,,,,,,,,,,,,,,,,,,,,,,,,,,,0.0030312627,,,,,,,,
d__Bacteria;p__Bacteroidota;c__Bacteroidia;o__Bacteroidales;f__Bacteroidaceae;g__Alloprevotella;s__,,,,,,,,,,,,,,,,,,,,,,,,,,,,,,,,,,,,,,,,,,,,,,,,,,,,,,,,,,,,,,,,,,,,,,,,,,,,,,,,,,,,,,,,,,,,,,,,,,,,,,,,,,,0.0028975056,,,,,,,,
d__Bacteria;p__Firmicutes_A;c__Clostridia_258483;o__Oscillospirales;f__Acutalibacteraceae;g__CAG-488;s__CAG-488 sp002449395,,,,,,,,,,,,,,,,,,,,,,,,,,,,,,,,,,,,,,,,,,,,,,,,,,,,,,,,,,,,,,,,,,,,,,,,,,,,,,,,,,,,,,,,,,,,,,,,,,,,,,,,,,,0.0027995827,,,,,,,,
d__Bacteria;p__Proteobacteria;c__Gammaproteobacteria;o__Burkholderiales_595427;f__Burkholderiaceae_A_595427;g__Mesosutterella;s__,,,,,,,,,,,,,,,,,,,,,,,,,,,,,,,,,,,,,,,,,,,,,,,,,,,,,,,,,,,,,,,,,,,,,,,,,,,,,,,,,,,,,,,,,,,,,,,,,,,,,,,,,,,0.0026994222,,,,,,,,
d__Bacteria;p__Actinobacteriota;c__Coriobacteriia;o__Coriobacteriales;f__Atopobiaceae;g__NM07-P-09;s__NM07-P-09 sp004793665,,,,,,,,,,,,,,,,,,,,,,,,,,,,,,,,,,,,,,,,,,,,,,,,,,,,,,,,,,,,,,,,,,,,,,,,,,,,,,,,,,,,,,,,,,,,,,,,,,,,,,,,,,,0.002610377,,,,,,,,
d__Bacteria;p__Desulfobacterota_I;c__Desulfovibrionia;o__Desulfovibrionales;f__Desulfovibrionaceae;g__Desulfovibrio_R_446353;s__Desulfovibrio_R_446353 fairfieldensis,,,,,,,,,,,,,,,,,,,,,,,,,,,,,,,,,,,,,,,,,,,,,,,,,,,,,,,,,,,,,,,,,,,,,,,,,,,,,,,,,,,,,,,,,,,,,,,,,,,,,,,,,,,0.0025499102,,,,,,,,
d__Bacteria;p__Firmicutes_C;c__Negativicutes;o__Veillonellales;f__Megasphaeraceae;g__Megasphaera_A_38685;s__Megasphaera_A_38685 elsdenii,,,,,,,,,,,,,,,,,,,,,,,,,,,,,,,,,,,,,,,,,,,,,,,,,,,,,,,,,,,,,,,,,,,,,,,,,,,,,,,,,,,,,,,,,,,,,,,,,,,,,,,,,,,0.0013041877,,,,,,,,
d__Bacteria;p__Firmicutes_A;c__Clostridia_258483;o__Lachnospirales;f__Lachnospiraceae;g__Limivivens;s__Limivivens sp900066135,,,,,,,,,,,,,,,,,,,,,,,,,,,,,,,,,,,,,,,,,,,,,,,,,,,,,,,,,,,,,,,,,,,,,,,,,,,,,,,,,,,,,,,,,,,,,,,,,,,,,,,,,,,,0.0029994156,,,,,0.0027164975,,
d__Bacteria;p__Firmicutes_A;c__Clostridia_258483;o__Lachnospirales;f__Lachnospiraceae;g__Howardella;s__Howardella ureilytica,,,,,,,,,,,,,,,,,,,,,,,,,,,,,,,,,,,,,,,,,,,,,,,,,,,,,,,,,,,,,,,,,,,,,,,,,,,,,,,,,,,,,,,,,,,,,,,,,,,,,,,,,,,,0.0027145417,,,,,,,
d__Bacteria;p__Bacteroidota;c__Bacteroidia;o__Bacteroidales;f__Rikenellaceae;g__Tidjanibacter;s__Tidjanibacter inops_A,,,,,,,,,,,,,,,,,,,,,,,,,,,,,,,,,,,,,,,,,,,,,,,,,,,,,,,,,,,,,,,,,,,,,,,,,,,,,,,,,,,,,,,,,,,,,,,,,,,,,,,,,,,,,0.003015832,,,,,0.003081468,
