,daily_HEI,HEI,aMED,DASH,mean_dds,mean_shannon_diversity_kcal,mean_berger_parker_kcal,mean_simpson_diversity_kcal,mean_gini_simpson_diversity_kcal,mean_quantidd_kcal,mean_mfad_jaccard_kcal,protein_eaten,fat_eaten,carb_eaten,fiber_eaten,alcohol_eaten,beta_carotene_eaten,folate_eaten,iron_eaten,magnesium_eaten,niacin_eaten,pantothenic_acid_eaten,cholesterol_eaten,fatty_acids_monounsaturated_eaten,fatty_acids_polyunsaturated_eaten,fatty_acids_saturated_eaten,calcium_eaten,phosphorus_eaten,potassium_eaten,sodium_eaten,zinc_eaten,vitamin_b1_eaten,vitamin_b12_eaten,vitamin_b2_eaten,vitamin_b6_eaten,vitamin_c_eaten,vitamin_d_eaten,salt_eaten,sugar_eaten,dairy_products_meat_fish_eggs_tofu,vegetables_fruits,sweets_salty_snacks_alcohol,non_alcoholic_beverages,grains_potatoes_pulses,oils_fats_nuts,meat_fg_eaten,fruits_fg_eaten,vegetables_fg_eaten,dairy_fg_eaten,bread_fg_eaten,oils_nuts_fg_eaten,coffee_fg_eaten,others_fg_eaten,sugary_fg_eaten,grains_cereals_fg_eaten,fast_food_fg_eaten,water_fg_eaten,tea_fg_eaten,alcohol_fg_eaten,vegan_fg_eaten,age,bmi,bmr,height,weight,language,urbanity,swiss_citizen,eaten_quantity_in_gram,energy_kcal_eaten,CV_energy_kcal_eaten,CV_energy_kj_eaten,CV_carb_eaten,CV_fat_eaten,CV_protein_eaten,CV_fiber_eaten,CV_alcohol_eaten,CV_beta_carotene_eaten,CV_calcium_eaten,CV_cholesterol_eaten,CV_fatty_acids_monounsaturated_eaten,CV_fatty_acids_polyunsaturated_eaten,CV_fatty_acids_saturated_eaten,CV_folate_eaten,CV_iron_eaten,CV_magnesium_eaten,CV_niacin_eaten,CV_pantothenic_acid_eaten,CV_phosphorus_eaten,CV_potassium_eaten,CV_salt_eaten,CV_sodium_eaten,CV_sugar_eaten,CV_vitamin_b1_eaten,CV_vitamin_b12_eaten,CV_vitamin_b2_eaten,CV_vitamin_b6_eaten,CV_vitamin_c_eaten,CV_vitamin_d_eaten,CV_zinc_eaten,CV_meat_fg_eaten,CV_fruits_fg_eaten,CV_vegetables_fg_eaten,CV_dairy_fg_eaten,CV_sugary_fg_eaten,CV_oils_nuts_fg_eaten,CV_coffee_fg_eaten,CV_grains_cereals_fg_eaten,CV_others_fg_eaten,CV_fast_food_fg_eaten,CV_bread_fg_eaten,CV_vegan_fg_eaten,CV_water_fg_eaten,CV_alcohol_fg_eaten,CV_tea_fg_eaten
d__Bacteria;p__Firmicutes_A;c__Clostridia_258483;o__Lachnospirales;f__Lachnospiraceae;g__Eubacterium_J;s__Eubacterium_J plexicaudatum,0.0055591282,0.0057102386,0.003069879,,0.004636949,0.0035933978,0.004178332,0.0043081194,0.0043081194,0.0037761503,,,,0.0033391626,0.003156276,,,0.0029328056,,,,,,,0.0036896584,,,,,0.0041254717,,,,,,,,,,,0.0036425667,,,,0.0063112676,,,,,,0.007322526,,,,,0.0059452094,,,,,,,,,,,,,,,,,,0.0029222579,,,,,,,0.002995366,,,,,,,,0.0027668267,0.0029482679,,,0.002747695,,,,,,,,,0.003236579,,,,0.006941719,,,,0.0036124107,,,,,
d__Bacteria;p__Firmicutes_A;c__Clostridia_258483;o__Lachnospirales;f__Lachnospiraceae;g__Marvinbryantia;s__Marvinbryantia sp900066075,0.005321215,,0.0032749916,0.0030086632,,,,,,0.0034829774,,,,,0.0035785418,,0.0014238919,0.0048274156,0.0039304774,0.005168248,,,,,0.0029979334,,,0.0029814937,0.0045548016,,,,,,,,,,,,0.004817046,,,,0.0033330964,,,0.004077987,,,0.0035483192,,,,,0.0013848771,,,,,0.0031798882,,,,,,,,,,,,,,,,,,,,,0.002932071,,,,,,,,,,0.002829067,,,,,,,,,,,,,,0.003762369,,,,0.0035448046,,,,,
d__Bacteria;p__Firmicutes_A;c__Clostridia_258483;o__Lachnospirales;f__Lachnospiraceae;g__CAG-194;s__CAG-194 sp000432915,0.004994118,0.0037925388,0.0031863968,,,0.00336773,0.004131579,0.0035173958,0.0035173958,0.0029868137,,,,,0.0037079968,,,0.0046372386,,0.0029386263,,,,,,,,,0.0029292516,,,,,,,0.004634443,,,,,0.0063710604,,,,,,0.00313614,,,,0.0033157212,,,,,0.0031067464,,,,,,,,,,,,,,,,,,,,,,,,,,,,,,,,,,,,,,,,,,,,,,0.0044502877,,,,0.0038373563,,,,0.0034690243,,,,,
d__Bacteria;p__Firmicutes_A;c__Clostridia_258483;o__TANB77;f__CAG-508;g__CAG-269;s__CAG-269 sp000431335,0.004914835,0.0039099706,0.002902506,,0.0031302352,0.003066052,,0.0033644554,0.0033644554,,0.0028622397,,,,0.003923622,,,0.0032826213,,0.0033682673,,,,,,,,,,,,,,,,0.0030342187,,,,,0.0050010905,,,,,,0.0033929534,,,,0.0031784738,,,,,,,,,,,,,,,,,,,,,,,,,,,,,,0.0027913977,,,,,,0.0035137327,,0.002706288,,,,,,,,,0.002989107,,,,0.0028357883,,,,,,,,,,,,,
d__Bacteria;p__Firmicutes_A;c__Clostridia_258483;o__Lachnospirales;f__Lachnospiraceae;g__Lachnospira;s__,0.0039272443,0.0032094608,,,,,,,,,,,,,0.0039733415,,,0.003385811,,,,,,,,,,,0.0028901761,,,,,,,,,,,,0.0036109593,,,,,,,0.003610701,,,,,,,,,,,,,,,,,,,,,,,,,,,,,,0.0028639822,,,,,,,,,,,,,,,,,,,,,,,,,0.0032500946,,,0.0033527305,,,,,,,,,
d__Bacteria;p__Firmicutes_A;c__Clostridia_258483;o__Lachnospirales;f__Lachnospiraceae;g__Bariatricus;s__Coprococcus comes,0.0039196666,0.0041263714,,0.004050823,,,,,,,,0.0041305404,,,,,,0.0031718146,,,,,,0.0029545915,,0.0034318017,,,,,0.0037164644,,,,,,,0.0035679403,,0.00441143,0.0034411023,0.0029342938,,,,0.004208112,,,,,,,,,,,,0.0028220373,,,,0.0035017314,0.0049180426,,0.0044405637,,,,,,,,,,,,,,,0.0029087637,,,,,,,,,,,,,,,0.0030027288,,,,,,0.0032376507,0.0029281029,0.002974602,,,,,,,,,0.0028217344,,,
d__Bacteria;p__Firmicutes_A;c__Clostridia_258483;o__Lachnospirales;f__Lachnospiraceae;g__Butyribacter;s__Butyribacter sp001916135,0.0037583082,0.004127456,0.0036880998,,,0.0036372584,0.0033593602,0.0033382815,0.0033382815,0.0034523774,0.0027977326,,,,0.0039341664,,,,0.00295933,0.0029189044,,,,,,,,,0.0029915504,,,,,,,0.0032892502,,,,,0.0040506003,,,,0.0032429723,,,0.0036189095,,,0.003158814,,,,,0.003409167,,,,,0.001477916,,,,,,,,,,,,,,,,,,,,,,,,,,,,,,,,,,,,,0.0029349239,,,,0.0035751532,,,,,,,,,,,,,
d__Bacteria;p__Firmicutes_A;c__Clostridia_258483;o__Christensenellales;f__CAG-74;g__SFMI01;s__,0.003739648,0.0029985385,,,,,,,,,,,,,,,0.0033592074,,,,,,,,,,,,,,,,,,,,,,,0.0029972303,0.0032724557,,,,,,,,,,,,,,,,,,,,,,,,,,,,,,,,,,,,,,,,,,,,,,,,,,,,0.0031839532,,,,,0.0036374433,,,,0.0031321805,0.0013994883,,,,,,,,,,,,
d__Bacteria;p__Firmicutes_A;c__Clostridia_258483;o__Lachnospirales;f__Lachnospiraceae;g__Ventrimonas;s__Ventrimonas sp003481825,0.0036156573,0.0030754774,,0.0033362657,,,,,,,,,,,0.0042881304,,,0.003734099,0.0030689063,0.003746549,,,,,0.0029341227,,,,,,,,,,,0.0032336318,,,,,0.003859385,,,,0.0031007188,,,0.0031606122,,,,,,,,,,,,,,,,,,,,,,,,,,,,,,,,,,,,,,,,,,,,,,,,,,,,0.0028600958,,,,,,,,,,,,0.0028905915,,,
d__Bacteria;p__Firmicutes_A;c__Clostridia_258483;o__Oscillospirales;f__Acutalibacteraceae;g__UBA737;s__UBA737 sp900547445,0.0034762106,,,,,,,0.002801495,0.002801495,,0.0029349774,,,,,,,,,,,,,,,,,,,,,,,,,,,,,,,,,,,,,,,,,,,,,,,,,,,,,,,,,,,,,,,,,,,,,,,,,,,0.0030286321,,,0.0027106525,0.0028737881,,,,,,,,0.0028137492,,,,,,,,,,,,,,,,,
d__Bacteria;p__Firmicutes_A;c__Clostridia_258483;o__Lachnospirales;f__Lachnospiraceae;g__Mediterraneibacter_A_155507;s__Mediterraneibacter_A_155507 faecis,0.0034718926,0.0038477266,,,,,,,,,,,,,0.0035653827,,0.0029120068,0.0030993829,,,,,,,,,,,,,,,,,,0.0030131699,,,,0.002986739,0.003444063,,,,,,0.0032160091,,,,,,,,,,,,,0.0013973244,,,,,,,,,,,,,0.0029109635,,,,,,0.002895283,,,,,,,,,,,,,,0.002949372,,,,,,,0.0026486574,,,,,,,,,,,,,,,
d__Bacteria;p__Firmicutes_A;c__Clostridia_258483;o__Lachnospirales;f__Lachnospiraceae;g__;s__,0.003418237,0.0034197713,,,,,,,,,,,,,,,,0.0015033786,,,,,,,,,,,,,,,,,,,,,,,0.0033881655,,,,,,,0.002999926,,,,,,,,,,,,,,,,,,,,,,,,,,,,,,,,,,,,,,,,,,,,,,,,,,,,,,,,,,,,,,,,,,,
d__Bacteria;p__Firmicutes_A;c__Clostridia_258483;o__Lachnospirales;f__Lachnospiraceae;g__Dorea_A;s__Dorea_A longicatena,0.003401551,,,,,,,,,,,,,,,,,,,,,,,,,,,,,,,,,,,,,,,0.0035900213,,,,,,,,,0.0030495927,,,,,,,,,,,,,0.0037105167,0.0029819175,,0.0032412577,,,,,,,,,,,,,,,,,,,,,,,,,,,,,,,,,,,,,,,,,0.003396234,,,,,,,,,
d__Bacteria;p__Firmicutes_A;c__Clostridia_258483;o__Clostridiales;f__Clostridiaceae_222000;g__Clostridium_T;s__Clostridium_T chartatabidum,0.0033864947,0.003717785,,,,,,,,,,,,,,,,0.0033720532,,,0.0029543862,,,,,,,,0.0031398097,,,,,,,,,,,,0.003294981,,,,,,,,,,,,,,,,,,,,,,,,,,,,,,,,,,,,,,,,,,,,,,,,,0.0028447974,,,,,,,,,,,,,,,,,,,,,,,,,
d__Bacteria;p__Firmicutes_A;c__Clostridia_258483;o__Lachnospirales;f__Lachnospiraceae;g__Lachnoclostridium_B;s__Lachnoclostridium_B sp000765215,0.0033700373,,,,,,,,,,,,,,,,,,,,,,,,0.0029497957,,0.0028364488,0.0027774968,,,,,,,,,,,,,,,,,,,,,,,0.0030990485,,,,,,,,,,,,,,,,,,,0.0028609475,,,,,,,,,,,,,,,,,,,,,,,,,,,,,,,,,,,,,,,,,,,,,
d__Bacteria;p__Firmicutes_A;c__Clostridia_258483;o__Oscillospirales;f__Butyricicoccaceae;g__Agathobaculum;s__Agathobaculum butyriciproducens,0.0032632295,,0.0030190297,0.0032355918,,,,,,,,,,,0.0032935718,,,0.0031854464,0.0030054427,0.0029838434,,,,,0.003072389,,,,,,,,,,,,,,,,,,,,0.0035353317,,,0.0031177774,,,,,,,,0.0031698428,,,,0.0035681375,,,,,,,,,,,,,,,,,,,,,,,,,,,,,,,,,,,,,,,,,,,0.003173653,,,,,,,,,,,,
d__Bacteria;p__Firmicutes_A;c__Clostridia_258483;o__Christensenellales;f__Borkfalkiaceae;g__UBA1259;s__UBA1259 sp900320065,0.0032303138,,,,,,,,,,,,,,,,,,,,,,,,,,,,,,,,,,,,,,,,,,,,,,,,,,,,,,,,,,,,,,,,,,,,,,,,,,,,,,,,,,,,,,,,,,,,,,,,,,,,,,,,,,,,,,,,,,
d__Bacteria;p__Firmicutes_A;c__Clostridia_258483;o__Oscillospirales;f__Ruminococcaceae;g__Pygmaiobacter;s__,0.0031913547,,,,,,,0.002828795,0.002828795,,,,,,,,,,,,,,,,,,0.0029902481,,,,,,,,,,,,,,,,,,,,,,,,,,,,,,,,,,,,,,,,,,,,,,,,,,,,,,,,,,,,,,,,,,,,,0.0026857026,,,,,,,,,,,,,,,,,,,
d__Bacteria;p__Firmicutes_A;c__Clostridia_258483;o__Oscillospirales;f__Oscillospiraceae_88309;g__Dysosmobacter;s__Dysosmobacter sp000403435,0.0031698616,,0.0039572106,,,,,,,,,,,,,,,,,0.0029870472,,,,,0.0030157212,,,,,,,,,,,,,,,,,,,,,,,,,,,,,,,,,,,,,,,,,,,,,,,,,,,,,,,,,,,,,,,,,,,,,,,,,,,,,,,,,,,,,,,,,,
d__Bacteria;p__Firmicutes_A;c__Clostridia_258483;o__Lachnospirales;f__Lachnospiraceae;g__Lachnospira;s__Lachnospira eligens,,0.0038351864,,,,,,,,,,,,,,,,0.0032389313,,,,,,,,,,,,,,,,,,0.0035108516,,,,,0.0040216325,,,,,,0.0030683032,0.0029438706,,0.0029690613,,,,0.0029012044,,,,,,,,,,,,,,,,,,,,,,,,0.0031277179,,,,,,,,,,,,,,,,,,,,,,,,0.0034530617,,,,,,,,,,,,,
d__Bacteria;p__Cyanobacteria;c__Cyanobacteriia;o__Cyanobacteriales;f__Coleofasciculaceae_23353;g__SIO2C1;s__SIO2C1 sp010672925,,0.0035990651,0.0029087043,,,,,,,,,,,,,,,,,,,,,,,,,,,,,,,,,,,,,,,,,,0.002927175,,,,,,,,,,,,,,,,,,,,,,,,,,,,,,,,,,,,,,0.0026266808,,,,,,,,,,,,,,,0.0031654013,,,,,,,,,,,,,,,,,
d__Bacteria;p__Bacteroidota;c__Bacteroidia;o__Bacteroidales;f__Rikenellaceae;g__Alistipes_A_871400;s__Alistipes_A_871400 finegoldii,,0.0030941064,,,,,,,,,,,,,,,,,,,,,,,,,,,,,,,,,,,,,,,,,,,,,,,,,,,,,,,,,,,,,,,,,,,,,,,,,,,,,,,,,,,,,,,,,,,,,,,,,,,,,,,,,,,,,,,,,
d__Bacteria;p__Firmicutes_A;c__Clostridia_258483;o__Lachnospirales;f__Lachnospiraceae;g__Butyribacter;s__Butyribacter intestini,,0.0030453464,0.002903632,,,0.0029311636,,0.0028218622,0.0028218622,,,,,,0.0033981486,,0.0030633681,,,,,,,,,,,,,,,,,,,0.0014024813,,,,,,,,,,,,0.0030831215,,,,,,,,,,,,,,,,,,,,,,,,,,,,,,,,,,,,,,,,,,,,,,,,,,,,,,,,,,,,,,,,,,,
d__Bacteria;p__Bacteroidota;c__Bacteroidia;o__Bacteroidales;f__Marinifilaceae;g__Butyricimonas;s__,,0.003024817,,,,,,,,,,,,,,,,,,,,,,,,,,,,,,,,,,,,,,,,,,,,,,,,,,,,,,,,,,,,,,,,,0.0024205726,,,,,,,,,,,,,,,,,,,,,,,,,,,,,,,,,,,,,,,,,,,,,,,,
d__Bacteria;p__Firmicutes_A;c__Clostridia_258483;o__Lachnospirales;f__Lachnospiraceae;g__AM51-8;s__AM51-8 sp003478275,,,0.0036460422,0.0030776858,,0.0033649206,,,,,,,,,,,,0.004200021,,0.0037710234,,,,,0.0031151902,,,,0.0033954042,,,,,,,,,,,,,,,,0.0032864776,,,0.003172072,,,0.004165333,,,0.0038613302,,0.0031180345,,,,,,,,,,,,,,,,,,,,,,,,,,,,,,,,,,,,,,,,,,,,,,,,,0.0027961396,,,,,,,,,,
d__Bacteria;p__Firmicutes_A;c__Clostridia_258483;o__Lachnospirales;f__Lachnospiraceae;g__G11;s__,,,0.003478189,,,0.0031639668,0.0013806073,,,,,,,,,,,0.003648066,0.0035507446,0.0032387697,,,,,,,,,0.0035184384,,,,,,0.0027852096,,,,,,,,,,0.0037912473,,,0.0014381376,,,,,,0.0032396433,,0.0033417153,,0.0028740084,,,,,,,,,,,,,,,,,,,,0.0032724408,,,,,,,,,,,,,,,,,,,0.0026297523,,,,,0.0028619438,0.0030371803,,,0.0031122132,,,,0.0028654155,,,,,
d__Bacteria;p__Firmicutes_D;c__Bacilli;o__ML615J-28;f__CAG-313;g__CAG-313;s__CAG-313 sp003539625,,,0.0030872454,,,,,,,,,,,,,,,,,,,,,,,,,,,,,,,,,,,,,,,,,,,,,,,,,,,,,,,,,,,,,,,,,,,,0.0027462663,,,,,,,,,,,,,,,,,,,,,,,,,,,,,,,,,,,,,,,,,,,,
d__Bacteria;p__Firmicutes_A;c__Clostridia_258483;o__Oscillospirales;f__Oscillospiraceae_88309;g__Dysosmobacter;s__Dysosmobacter welbionis,,,0.0030756132,,,,,,,,,,0.0032544807,0.0029114261,0.0031901684,,,,,,,,,,0.0030789715,,,,,,,,,,,,,,,,,,,0.0035263575,0.002985103,,,,,0.0030568673,0.003815967,,,,,,,,,,,,,,,,,,,,,,,,,,,,,,,,,,,,,,,,,,,,,,,,,,,,,,,,,,,,,,,,
d__Bacteria;p__Firmicutes_A;c__Clostridia_258483;o__Oscillospirales;f__Oscillospiraceae_88309;g__Lawsonibacter;s__Lawsonibacter sp000177015,,,0.003058611,,,,,,,,,,,0.003104322,0.004172353,,,,,,,,,,,,,,,,,,,,,,,,,,,,,0.0041544023,,,,,,,,,,,,,,,,0.0030520991,,,,,,,,,,,,,,,,,,,,,,,,,,,,,,,,,,,,,,,,,,,,,,,,0.0031994104,,,,,,,
d__Bacteria;p__Firmicutes_A;c__Clostridia_258483;o__Peptostreptococcales;f__Anaerovoracaceae;g__Copromorpha;s__,,,0.0030586002,,,,,,,,,,,,,,,,,,,,,,,,,,,,,,,,,,,,,,,,,,,,,,,,,,,,,0.003163439,,,,,,,,,,,,,,,,,,,,,,,,,,,,,,,,,,,,,,,,,,,,,,,,,,,,,,0.0027305393,,,,,
d__Bacteria;p__Firmicutes_D;c__Bacilli;o__Erysipelotrichales;f__Coprobacillaceae;g__;s__,,,0.003049939,,,,,,,,,,,,,,,,0.0035610208,0.0034177743,,,,0.0034707407,0.0029456227,,,0.0028531956,0.0029307273,,,,,,,,0.0028062616,,,,,,,,,,,,,,,,,,,,,,,,,,,,,,,,,,,,,,,,,,,,,,,,,,,,,,,,,,,,,,,,,,,,,,,,,,,,,,
d__Bacteria;p__Firmicutes_D;c__Bacilli;o__Erysipelotrichales;f__Coprobacillaceae;g__Erysipelatoclostridium;s__Clostridium spiroforme,,,0.0029931972,,,,,,,,,,,,0.0034425315,0.0040706103,,,,,,,,,,,,,,,,,,,,,,,0.0033115433,,0.003506302,0.003933627,,,,0.003381255,0.003311751,,,,,,,,,,,,0.0043840082,0.002910615,,,,,,,,,,,,,,,,,,,,,,,,,,,,,,,,,0.0029502,,,,,,,,,0.0029448187,,,,,,,,,,0.0026550516,,0.002986528,
d__Bacteria;p__Firmicutes_A;c__Clostridia_258483;o__Oscillospirales;f__Acutalibacteraceae;g__Acutalibacter;s__,,,0.002981828,,,,,,,,,,,,0.00404396,,,,0.0032102007,0.00336423,,,,0.003250752,0.0029191442,,,0.0029387893,0.0028322497,,,,,,,,,,,,,,,,,,,,,,0.0033603609,,,,,,,,,0.003056013,,,,,,,,,,,,,,,,,,,,,,,,,,,,,,,,,,,,,,,,,,,,,,,,,,,,,,,
d__Bacteria;p__Firmicutes_A;c__Clostridia_258483;o__Lachnospirales;f__Lachnospiraceae;g__CAG-45;s__CAG-45 sp000438375,,,0.0013820186,0.0041294373,,,,,,,,,,,0.004370994,,,0.0031240424,0.0032791975,,,,,,,,,,,,,,,,,,,,,,,,,,0.0030366762,,,,,,0.0042128954,,,,,,,,,0.0039303843,,,,,,,,,,,,,,,,,,,,0.0029849284,,,,,,,,,,,,,,,0.0027272897,,,,,,,,,,,,,,,,,,,,
d__Bacteria;p__Firmicutes_A;c__Clostridia_258483;o__Oscillospirales;f__Ruminococcaceae;g__Bittarella;s__Bittarella massiliensis,,,,0.0029369136,,,,,,,,,,,,,,,,,,,,,,,,,,,,,,,,,,,,,,,,,,,,,,,,,,,,,,,,,,,,,,,,,,,,,,,,,,,,,,,,,,,,,,,,,,,,,,,,,,,,,,,,,,,,,,,
d__Bacteria;p__Firmicutes_D;c__Bacilli;o__Lactobacillales;f__Lactobacillaceae;g__Latilactobacillus;s__Latilactobacillus curvatus,,,,0.002910587,,,,,,,,,,,,,0.0031162514,,,,,,,,,,,,,,,,,,,,,,,0.0029454804,,,,,,0.0031413012,,,,,,,,,0.0027691443,,,,,0.0031422111,,,,,,,,,,,,,,,,,,,0.0032116186,,,,,,,,,,,,,,,,,,,,,,,,,,,,,,,,,,,,
d__Bacteria;p__Actinobacteriota;c__Coriobacteriia;o__Coriobacteriales;f__Coriobacteriaceae;g__Collinsella;s__Collinsella aerofaciens_F,,,,0.002854482,,,,,,,,,,,,,,0.0030954941,,,,,,,,,,,,,,,,,,0.0032199328,,,,,0.0034092288,0.003249699,,,0.0030136837,,,,,,,,,,,,,,,0.0031781085,,0.0028520543,,,,,,,,,,,,,,,,,,,,,,,,,,,,,,,,,,,,,,,,,,,,0.003059533,,,,,,,,,
d__Bacteria;p__Firmicutes_A;c__Clostridia_258483;o__Clostridiales;f__Clostridiaceae_222000;g__Clostridium_T;s__Clostridium_T paraputrificum_207370,,,,0.0028438962,,,,,,,,,0.0030067032,,,,,,,,,,,0.0029863205,,0.0027940744,,,,,,,,,,,,,,,,,,,,,,,,,,0.004200169,,,,,,,,,,,,,,,,,,,,,,,,,,,,,,,,,,,,,,,,,,,,,,,,,,,,,,,,,,,,,,,
d__Bacteria;p__Firmicutes_A;c__Clostridia_258483;o__Oscillospirales;f__Ruminococcaceae;g__Negativibacillus;s__Negativibacillus massiliensis,,,,0.002833834,,,,,,,,,,0.0029730827,0.0037371102,,0.0034561646,,,,0.0029311874,,,,,,,,,,,,0.002964427,,,,0.003167591,,,0.0030979612,0.0033606242,0.0029378044,,0.0037676715,,0.0046602646,,0.0032750675,,,,,,,,,,,,0.003237374,,,,,,,,,,,,,,,,,0.0029647036,,,,,,,,,,,,,,,,,,,,,,,,0.0047232574,,,,,,,,,,,,,0.003048412,
d__Bacteria;p__Firmicutes_A;c__Clostridia_258483;o__Oscillospirales;f__Oscillospiraceae_88309;g__Lawsonibacter;s__Lawsonibacter asaccharolyticus,,,,,0.0041915406,,,,,,,,,0.002918777,,0.0036543875,,,,,,,,,,,,,,,,,,,,,,,,,,,,,,,,,,,,0.006984327,,,,,,,0.003999427,,,,,,,,,0.0024956488,,,,,,,,,,,,,,,,,,,,,,,,,,,,,,,,,,,,,,,,,,,,,,,
d__Bacteria;p__Firmicutes_A;c__Clostridia_258483;o__Lachnospirales;f__Lachnospiraceae;g__Eubacterium_F;s__Eubacterium_F sp000687695,,,,,0.0033182083,,,,,,,,,,,,,,,,,,,,,,,,,,,,,,,,,,,,,,,,,,,,,,,,,,,,,,,,,,,,,,,,,,,,,,,,,0.002759826,,,,,,,,,,,,,,,,,,,,,,,,,,,,,,,,,,,,,
d__Bacteria;p__Actinobacteriota;c__Coriobacteriia;o__Coriobacteriales;f__Eggerthellaceae;g__CAG-1427;s__,,,,,0.0032843053,,,,,,,,,,,,,,,,,,,,,,,,,,,,,,,,,,,,,,,,,,,,,,,0.004127118,,,,,,,,,,,,0.0030671326,,,,,,,,,,,,,,,,,,,,,,,,,,,,,,,,,,,,,,,,,,,,,,,,,,,
d__Bacteria;p__Firmicutes_D;c__Bacilli;o__Staphylococcales;f__Gemellaceae;g__Gemella;s__Gemella morbillorum,,,,,0.003194285,,,,,,,,,,,,,,,,,,,,,,,,,,,,,,,,,,,,,,,,,0.0031544268,,,,,,,,,,,,,,,,,,,,,,,,,,,,,,,,,,0.0028299901,,,,,,,,,,,,,,,,,,,,,,,,,,,,,,,,,,,
d__Bacteria;p__Firmicutes_D;c__Bacilli;o__Erysipelotrichales;f__Coprobacillaceae;g__Erysipelatoclostridium;s__Clostridium ramosum,,,,,0.0029241033,,,,,,,,,,,,,,,,,,,,,,,,,,,,,,,,,,,,,,,,,,,,,,,,,,,0.0034149026,,,,,,,,,,,,,,,,,,,,,,,,,,,,,,,,,,,,,,,,,,,,,,,,,,,,,,,,,,,
d__Bacteria;p__Firmicutes_D;c__Bacilli;o__Erysipelotrichales;f__Erysipelotrichaceae;g__Clostridium_AQ;s__Clostridium_AQ innocuum,,,,,0.0029152804,,,,,,,,,,,0.002911379,,,,,,,,,,,,,,,,,,,,,,,,,,,,,,,,,,,,,,,,,,,,,,,,,,,,,,,,,,,,,,,,,,,,,,,,,,,,,,,,,,,,,,,,,,,,,,,,,,,
d__Bacteria;p__Firmicutes_A;c__Clostridia_258483;o__Oscillospirales;f__Acutalibacteraceae;g__Eubacterium_R;s__Eubacterium_R faecavium,,,,,0.0029058736,,,,,,,,,,,,,,,,,,,,,,,,,,,,,,,,,,,,,,,,,,,,,,,,,,,,,,,,,,,,,,,,,,,,,,,,,,,,,,,,,,,,,,,,,,,,,,,,,,,,0.0027443506,,,,,,,,,,
d__Bacteria;p__Firmicutes_A;c__Clostridia_258483;o__Lachnospirales;f__Lachnospiraceae;g__Enterocloster;s__Enterocloster aldenensis,,,,,0.002873459,,,,,,,,,,,,,,,,,,,,,,,,,,,,,,,,,,,,,,,,,,,,,,0.0031710486,,,,,,,,,,,,,,,,,,,,,,,,,,,,,,,,,,,,,,,,,,,,,,,,,,,,,,,0.0032604379,,,,,,,,,
d__Bacteria;p__Firmicutes_A;c__Clostridia_258483;o__Oscillospirales;f__Ruminococcaceae;g__Ruminiclostridium_E;s__Ruminiclostridium_E siraeum,,,,,0.002863451,,,,,0.002954762,,,,,,,,,,,,,,,,,,,,,,,,,,,,,,,,,,,,,,,,,,,,,,,,,,,,,,,,,,,,,,,,,,,,,,,,,,,,,,,,,,,,,,,,,,,,,,,,,,,,,,,,,
d__Bacteria;p__Actinobacteriota;c__Coriobacteriia;o__Coriobacteriales;f__Eggerthellaceae;g__Ellagibacter;s__Ellagibacter isourolithinifaciens,,,,,0.0028406363,,,,,,,,,,,,,,,,,,,,,,,,,,,,,,,,,,,,,,,,,,,,,,,0.00384812,,,,,,,,,,,,,,,,,,,,,,,,,,,,,,,,,,,,,,,,,,,,,,,0.0029106345,,,,,,,,,,,,,,,,
d__Bacteria;p__Firmicutes_D;c__Bacilli;o__Lactobacillales;f__Streptococcaceae;g__Lactococcus_A_346120;s__Lactococcus_A_346120 lactis_346025,,,,,,0.0029572325,0.0029027434,,,0.0029324442,,,,,,,,,,,,,,,,,0.003384031,0.0030447938,,,0.0028324472,,,,0.0028241845,,,,,0.0028978935,,,,,,,,,0.0036417993,,,,,,0.0028420547,,,,,,,,,,,,,,,,,,,,,,,,,,,,,,,,,,,,,,,,,,,,,,,,,0.0035941217,,,,,,,,,,,
d__Bacteria;p__Firmicutes_D;c__Bacilli;o__Acholeplasmatales;f__Anaeroplasmataceae;g__CAG-307;s__,,,,,,0.0028629773,,,,,,,,,,,,,,,,,,,,,,,0.0029609823,,,,,,,,,,,,0.0034557525,,,,,,,0.003039902,,,,,,,,,,,,,0.0033461624,,,,,,,,,,,,,,,,,,,,,,,,,,,,,,,,,,,,,,,,,,0.0029276516,,,,,,,,,,,,
d__Bacteria;p__Firmicutes_A;c__Clostridia_258483;o__Lachnospirales;f__Lachnospiraceae;g__Butyrivibrio_A_180067;s__Butyrivibrio_A_180067 crossotus,,,,,,0.0027418928,,,,,,,,,,,,,,,,,,,,,,,,,,,,,,,,,,,,,,,,,,,,,,,,,,,,,,,0.003047674,,,,,,,,,,,,,,,,,,,,,,,,,,,,,,,,,,,,,,,,,,,,,,,,,,,,,,
d__Bacteria;p__Firmicutes_A;c__Clostridia_258483;o__Lachnospirales;f__Lachnospiraceae;g__Roseburia;s__Roseburia hominis,,,,,,,0.0035208086,0.002880075,0.002880075,,,,,,,,,,,,,,,,,,,,,0.0028707336,,,,,,,,,,,0.0037026266,,,,,,,,,,,,,,,0.0036015152,,,,,,,,,,,,,,,,,,,,,,0.0029377607,,,,,,,,,,,,0.0034303654,,,,,,,,,,,,,,,,,,,,0.0036070212,,,,,
d__Bacteria;p__Firmicutes_A;c__Clostridia_258483;o__Lachnospirales;f__Lachnospiraceae;g__TWA4;s__TWA4 sp000875945,,,,,,,0.003206547,,,,,,,,,,,,,,,,,,,,,,,,,,,,,,,,,,,,,,0.003992499,,,,,,,,,,,,,,,,,,,,,,,,,,,,,,,,,,,,,,,,,,,,,,,,,,,,,,,,,,,,,,,,,,,,,,
d__Bacteria;p__Firmicutes_A;c__Clostridia_258483;o__Lachnospirales;f__Lachnospiraceae;g__CAG-603;s__CAG-603 sp900066105,,,,,,,0.0031826135,,,,,,,,,,,,,,,,,,,,,0.0027361624,,,,,,,,,,,,,,,,,,,,,,,,,,,,,,,,,,,,,,,,,,,,,,,,,,,,0.0030210814,,,,,,,,,,,,,,,,,,,,,,,,,,,,,,,,,,,
d__Bacteria;p__Firmicutes_A;c__Clostridia_258483;o__Lachnospirales;f__Anaerotignaceae;g__Anaerotignum_189125;s__Anaerotignum lactatifermentans,,,,,,,0.0029480634,,,0.0029713046,,,,,,,,,,,,,,,,,,,,,,,,,,,,,,,,,,,,,,,,,,,,,,,,,,,,,,,,,,,,,,,,,,,,,,,,,,,,,,,,,,,,,,,,,,,,,,,,,,,,,,,,,
d__Bacteria;p__Firmicutes_A;c__Clostridia_258483;o__Lachnospirales;f__Lachnospiraceae;g__Blautia_A_141781;s__Blautia_A_141781 hydrogenotrophica,,,,,,,0.0029121246,,,,,,,,,,,,,,,,,,,,,,,,,,,,,,,,,,,,,,,,,,,,,,,,,0.0029981076,,,,,,,,,,,,,,,,,,,,,,,,,,,,,,,,,,,,0.0013408312,,,,,,,,,,,,,,,,,,,,,,,
d__Bacteria;p__Firmicutes_C;c__Negativicutes;o__Veillonellales;f__Veillonellaceae;g__Veillonella_A;s__Veillonella_A atypica,,,,,,,0.0028857447,,,,,,,,,,,,,,,,,,,,,,,,,,,,,,,,,,,,,,,,,,,,,,,,,,,,,,,,,,,,,,,,,,,,,,,,,,,,,,,,,,,,,,,,,,,,,,,,,,,,,,,,,,,,
d__Bacteria;p__Firmicutes_A;c__Clostridia_258483;o__Eubacteriales_45227;f__Oscillospiraceae_45227;g__Ructibacterium;s__Ructibacterium gallinarum,,,,,,,,0.0029169421,0.0029169421,,,,,,,,,,,,,,,,,,,,,,,,,,,,,,,,,,,,,,,,,,,,,,,,,,,,,,,,,,,,,,,,,,,,,,,,,,,,,,,,,,,,,,,,,,,,,,,,,,,,,,,,,,
d__Bacteria;p__Firmicutes_B_370539;c__Peptococcia;o__Peptococcales;f__BICA1-8;g__BICA1-8;s__,,,,,,,,0.0028903275,0.0028903275,,,,,,,,,,,,,,,,,,,,,,,,,,,,,,,,,,,,,,,,,,0.0032995604,,,,,,,,,,,,,,,,,,,,,,,,,,,,,,,,,,,,,,,,,,,,,,,,,,,,,,,,,,,,,,,,
d__Bacteria;p__Firmicutes_A;c__Clostridia_258483;o__Oscillospirales;f__Oscillospiraceae_88309;g__Vescimonas;s__Vescimonas fastidiosa,,,,,,,,0.0028072179,0.0028072179,,,,,,,,,,,,,,,,,,,,,,,,,,,,,,,,,,,,,,,,,,,,,,,,,,,,,,,,,,,,,,,,,,,,,,,,,,,,,,,,,,,,,,,,,,,,,,,,,,,,,,,,,,
d__Bacteria;p__Firmicutes_C;c__Negativicutes;o__Veillonellales;f__Veillonellaceae;g__Veillonella_A;s__Veillonella_A tobetsuensis,,,,,,,,,,0.002766187,,,,,,,,,,,,,,,,,,,,,,,,,,,,,,,,,,,,,,,,,,,,,,,,,,,,,,,,,,,,,,,,,,,,,,,,,,,,,,,,,,,,,,,,,,,,,,,,,,,,,,,,,
d__Bacteria;p__Firmicutes_A;c__Clostridia_258483;o__Lachnospirales;f__Lachnospiraceae;g__Dorea_A;s__,,,,,,,,,,0.0013329182,,,,,,,,,,,,,,,,,,,,,,,,,,,,,,,,,,,,,,,,,,,,,,,,,,,,,,,,,,,,,,,,,0.0028637662,,,,,,,,,,,,,,,,,,,,,,,,,0.0028096624,,0.0028552706,,0.0027192007,,0.0032388524,,,,,,,,,
d__Bacteria;p__Firmicutes_A;c__Clostridia_258483;o__Oscillospirales;f__Oscillospiraceae_88309;g__Lawsonibacter;s__,,,,,,,,,,,0.0032221465,,,0.0030414714,,,,,,,,,,,,,,,,,,,,,,,,,,,,,,,,,,,,,,,,,0.0030664424,,,,,,,,,,,,,,,,,,,,,,,0.0028866858,,,,,,,,,,,,,,,,,,,,,,,,,,,,,,0.0029808204,,,,,,,
d__Bacteria;p__Firmicutes_A;c__Clostridia_258483;o__Lachnospirales;f__Lachnospiraceae;g__Clostridium_Q_135822;s__Clostridium_Q_135822 fessum,,,,,,,,,,,,0.0030086755,,,,,,,,,,,,,,,,,,,,,,,,,,,,,,,,,,,,,,,,,,,,,,,,,,,,,0.002960586,,,,,,,,,,,,,,,,,,,,,,,,,,,,,,,,,,,,,,,,,,,,,,,,,,
d__Bacteria;p__Firmicutes_A;c__Clostridia_258483;o__Lachnospirales;f__Lachnospiraceae;g__Copromonas;s__Copromonas sp000435795,,,,,,,,,,,,0.0030041053,,0.0029186415,0.0033582319,,,,,,0.0032930057,,0.0031351713,,,,,,,,,,0.0038840368,,,,0.0027734186,,,0.0035725157,,,,0.0040063784,,0.003453759,,,,0.0028157048,,,,,,,,,,,,,,,,,,,,,,,,,,,,,,0.0028445537,,,,,,,,,,,,,,,,,,,,,0.0028362335,,,,,,,,,,,,,,
d__Bacteria;p__Cyanobacteria;c__Vampirovibrionia;o__Gastranaerophilales;f__Gastranaerophilaceae;g__Stercorousia;s__,,,,,,,,,,,,0.0029458986,,,,,,,,,,,,,,0.0030987633,0.0028714524,,,,,,,,,,,0.0031388788,,,,,,,,,,,,0.0028525367,,,,,,,,,,,,,0.0033491566,,0.0029419921,,,,,0.0028171737,,,,,,,,,,,,,,,,,,,,,,,,,,,,,,,,,,,,,,,,,,,,,
d__Bacteria;p__Firmicutes_A;c__Clostridia_258483;o__Eubacteriales_258471;f__Eubacteriaceae_258449;g__Eubacterium_O_258270;s__,,,,,,,,,,,,0.0029144944,,,,,,,,,,,,,,,,,,,,,,,,,,,,,,,,,,,,,,,,,,,,,,,,,,,,,,,,,,,,,,,,,,,,,,,,,,,,,,,,,,,,,,,,,,,,,,,,,,,,,,,
d__Bacteria;p__Firmicutes_A;c__Clostridia_258483;o__Oscillospirales;f__Acutalibacteraceae;g__Anaeromassilibacillus;s__Anaeromassilibacillus sp001305115,,,,,,,,,,,,0.0027915286,,,,,,,,,,0.00274783,,,,0.0028077096,,,,,,,,,,,,,,,,,,,,,,,,,,,,,,,,,,,,,,,,,,,,,,,,,,,,,,,,,,,,,,,,,,,,,,,,,,,,,,,,,,,,,,,,,
d__Bacteria;p__Firmicutes_A;c__Clostridia_258483;o__Lachnospirales;f__Lachnospiraceae;g__Coprococcus_A_187866;s__,,,,,,,,,,,,0.002719108,,,,,,,,,0.0030895732,,,0.0027501318,,,,,,,0.002931199,,0.0033235427,,,,0.0031785718,,,,,,,,,,,,,,,,,,,,,,,,,,,,,,,,,,,,,,,,,,,,,,,,,,,,,,,,,,,,,,,,,,,,,,,,,,,,,,
d__Bacteria;p__Firmicutes_A;c__Clostridia_258483;o__Oscillospirales;f__Acutalibacteraceae;g__Clostridium_A;s__Clostridium_A leptum,,,,,,,,,,,,,0.0028416174,,,,,,,,,,,,,,,,,,,,,,,,,,,,,,,,,,,,,,,,,,,,,,,,,,,,,,,,,,,,,,,,,,,,,,,,,,,,,,,,,,,,,,,,,,,,,,,,,,,,,,
d__Bacteria;p__Actinobacteriota;c__Actinomycetia;o__Actinomycetales;f__Bifidobacteriaceae;g__Bifidobacterium_388775;s__Bifidobacterium breve,,,,,,,,,,,,,,0.0037653889,,,,,,,,,,,,,,,,0.0035848992,,,,,,,,,,,,,,0.0034029586,,,,,,0.005115811,0.003056777,,,0.0029455102,,,,,,,,,,,,,,,,,,,,,,,,,,,,,,,,,,,,,,0.0035046553,,,,,0.0027732877,,,,,,,,,,,,,,0.003918532,,,,
d__Bacteria;p__Firmicutes_A;c__Clostridia_258483;o__Oscillospirales;f__Acutalibacteraceae;g__Hydrogeniiclostridium;s__,,,,,,,,,,,,,,0.0033602174,0.0035234275,,,,,,,,,,0.0030671782,,,,,,,,,,,,,,0.0029559592,,,,,0.0036253862,,0.0014467118,,,,,,,,,,,,,,0.00378277,,,,,,,,,,,,,,,,,,,,,,,,,,,,,,,,,,,,,,,,,0.0030581215,,,,,,,,,,,,,,
d__Bacteria;p__Firmicutes_A;c__Clostridia_258483;o__Oscillospirales;f__Oscillospiraceae_88309;g__Intestinimonas;s__Intestinimonas butyriciproducens,,,,,,,,,,,,,,0.003319701,,,,,,,,,,,,,,,,,,0.0030220477,,,,,,,,,,,,,,,,,,,,,,,,,,,,,,,,,,,,,,,,,,,,,,,,,,,,,,,,,,,,,,0.0027147853,,,,,,,,,,,,,,,,,,,,,
d__Bacteria;p__Firmicutes_A;c__Clostridia_258483;o__Lachnospirales;f__Lachnospiraceae;g__Mediterraneibacter_A_155507;s__Mediterraneibacter_A_155507 cottocaccae,,,,,,,,,,,,,,0.003298902,,,,,,,,,,,,,,,,,,,,,,,,,,,,,,,,,,,,,,,,,,,,,,,,,0.0028429609,0.0028208348,,,,,,,,,,,,,,,,,,,,,,,,,,,,,,,,,,,,,,,,,,,,,,,,,,,
d__Bacteria;p__Firmicutes_A;c__Clostridia_258483;o__Oscillospirales;f__Ruminococcaceae;g__Anaerotruncus;s__Anaerotruncus colihominis,,,,,,,,,,,,,,0.0031686393,,,,,,,,,,,,,,,,,,,,,,,,,,,,,,,,,,,,,,,,,,,,,,,,,,,,,,,,,,,,,,,,,,,,,0.0027721298,,,,,,,,,,,,,,,,,,,,,,,,,,,,,,,,
d__Bacteria;p__Bacteroidota;c__Bacteroidia;o__Bacteroidales;f__Rikenellaceae;g__Tidjanibacter;s__Tidjanibacter inops_A,,,,,,,,,,,,,,0.0030046036,,,,,,,,,,,,,,,,,,,,,,,,,,,,,,0.003227735,,,,,,,,,,,,,,,,,,,,,,,,,,0.0030331537,,,,,,,,,,,,,,,,,,,,,,,,,,,,,,,,,,,,,,,,,,,,,
d__Bacteria;p__Firmicutes_D;c__Bacilli;o__RFN20;f__CAG-288;g__Scatoplasma;s__,,,,,,,,,,,,,,0.0029574363,,,,,,,,,,,,,,,,,,,,,,,,,,,,,,,,,,,,,,,,,,,,,,,,,,,,,,,,,,,,,,0.0027948064,,,,,,,,,,,,,,,,,,,,,,,,,,,,,,,,,,,,,,,
d__Bacteria;p__Firmicutes_A;c__Clostridia_258483;o__Lachnospirales;f__Lachnospiraceae;g__Blautia_A_141781;s__Blautia_A_141781 sp900066505,,,,,,,,,,,,,,0.0014215327,,,,,,,,,,,,,,,,,,,,,,,,,,,,,,,,,,,,0.003115506,,,,,,,,,,,,,,,,,,,,,,,,,,,,,,,,,,,,,,,,,,,,,,,,,,,,,,,,,,,,,0.0032668733,,,,
d__Bacteria;p__Firmicutes_A;c__Clostridia_258483;o__Lachnospirales;f__Lachnospiraceae;g__Mediterraneibacter_A_155507;s__Mediterraneibacter_A_155507 torques,,,,,,,,,,,,,,,0.0047780373,,,,,,,,0.0032977597,,,,,,,,,,,,,,,,,0.0031950802,0.0033988932,,,,,0.003719063,,0.0038683093,,,,,,,,,,,,,,0.003242572,,,0.0030485522,,,,,,,,,,,,,,,,,,,,,,,,,,,,0.0027681985,0.0032551952,,,,,,,,0.003270831,,,,,,,,,,,,,
d__Bacteria;p__Firmicutes_D;c__Bacilli;o__Erysipelotrichales;f__Erysipelotrichaceae;g__Merdibacter;s__Merdibacter massiliensis,,,,,,,,,,,,,,,0.0035114773,,,,0.003017665,,,,,,,,,,,,,,,,,,,,,,,,,0.0031789336,,,,0.002916742,,,,,,,,,,,,0.004030399,,,,,,,,,,,,,,,,,,,,,,,,,,,,,,,,,,,,,,,,,,,,,,,,,,,,,,,
d__Bacteria;p__Firmicutes_A;c__Clostridia_258483;o__Oscillospirales;f__Ruminococcaceae;g__Phocea;s__,,,,,,,,,,,,,,,0.0033259497,,0.0030733217,,,,,,,,,,,,,,,,,,,,,,,,,,,,0.0032291533,0.0036784017,,0.0029689507,,,0.0035536257,,,,,,,,,,,,,,,,,,,,,,,,,,,,,,,,,,,,,,,,,,0.0030637034,,,,,,,,,,,,,,,,,,,,,,
d__Bacteria;p__Firmicutes_D;c__Bacilli;o__RF39;f__UBA660;g__UMGS1449;s__UMGS1449 sp902797995,,,,,,,,,,,,,,,0.0032984093,,,,,,,,,,,,,,,,,,,,,,,,,,,,,,,,,,,,,,,,,,,,,,,,,,,,,,,,,,,,,,,,,,,,,,,,,,,,,,,,,,,,,,,,,,,,,,,,,,,,
d__Bacteria;p__Actinobacteriota;c__Actinomycetia;o__Actinomycetales;f__Actinomycetaceae;g__Pauljensenia;s__Schaalia odontolytica,,,,,,,,,,,,,,,0.0032573268,,,,,,,,,,,,,,,,,,,,,,,,,,,,,,,,,,,,,,,,,,,,,,,,,,,,,,,,,,,,,,,,,,,,,,,,,,,,,,,,,,,,,,,,,,,,,,,,,0.002808678,,,
d__Bacteria;p__Bacteroidota;c__Bacteroidia;o__Bacteroidales;f__Marinifilaceae;g__Butyricimonas;s__Butyricimonas faecihominis,,,,,,,,,,,,,,,0.003193468,,,,,,,,,,,,,,,,,,,,,,,,0.0027660823,,,,,,,,,,,,,,,,,,,,,0.0028471765,,,,,,,,,,0.0028576087,,,,,,,,,,,,,,,,,,,,,,,,,,,,,,,,,,,,,,,,,,,,,
d__Bacteria;p__Firmicutes_A;c__Clostridia_258483;o__Oscillospirales;f__Ruminococcaceae;g__Massilioclostridium;s__Massilioclostridium coli,,,,,,,,,,,,,,,,0.0035193171,,,,,,,,,,,,,,,,,,,,,,,,,,,,,,,,,,,,0.0053496594,,,,,,,0.0035545223,,,,,,,,,,,,,,,,,,,,,,,,,,,,,,,,,,,,,,,,,,,,,,,,,,,,,,,,
d__Bacteria;p__Firmicutes_A;c__Clostridia_258483;o__Oscillospirales;f__Oscillospiraceae_88309;g__;s__,,,,,,,,,,,,,,,,0.0032026796,,,,,,,,,,,,,,,,,,,,,,,,,,,,,,,,,,,,,,,,,,,,,0.0031605898,,,,,,,,,,,,,,,,0.0032462797,,,,,,,,,,,,,,,,,,,,,,,,,,,,,,,,,,,,,,
d__Bacteria;p__Firmicutes_A;c__Clostridia_258483;o__Oscillospirales;f__Ruminococcaceae;g__Fimivivens;s__Fimivivens sp900113995,,,,,,,,,,,,,,,,0.002818224,,,,,,,,,,,,,,,,,,,,,,,,,,,,,,,,,,,,,,,,,,,,,,,,,,,,,,,,,,,,,,,,,,,,,,,,,,,,,,,,,,,,,,,,,,,,,,,,,,,
d__Bacteria;p__Bacteroidota;c__Bacteroidia;o__Bacteroidales;f__Tannerellaceae;g__Parabacteroides_B_862066;s__Parabacteroides_B_862066 distasonis,,,,,,,,,,,,,,,,0.0013744698,,,,,,0.0031039077,,,,,,,,,,,,0.002750635,,,,,,,,,,,,,,,,,,,,,,,0.0029731314,,,,,,,,,0.00403312,,,,,0.0028759968,0.0029032314,0.0027761278,,,,0.002856727,,,,,,,,,,,,,,,,,,,0.0027588443,,,,,,,,,,,,,,,,,,,
d__Bacteria;p__Firmicutes_A;c__Clostridia_258483;o__Lachnospirales;f__Lachnospiraceae;g__Eubacterium_F;s__Eubacterium_F sp003491505,,,,,,,,,,,,,,,,,0.0029917983,,,,,,,,,,,,,,,,,,,,,,,,,,,,,,,,,,,,,,,,,,,,,,,,,,,,,,,,,,,,,,,,,,,,,,,,,,,,,,,,,,,,,,,,,,,,,,,,,,
d__Bacteria;p__Firmicutes_D;c__Bacilli;o__Erysipelotrichales;f__Erysipelotrichaceae;g__Faecalitalea;s__Faecalitalea cylindroides,,,,,,,,,,,,,,,,,0.0029537948,,,,,,,,0.0028218753,,,,,,,,,,,,,,,,,,,,,,,,,,,,,,,,,,,,,,,,,,,0.0028045385,0.0029126122,,,,,,,,,,,,,,,,,,,,,,,,,,,,,,,,,,,,,,,,,,,,,,
d__Bacteria;p__Actinobacteriota;c__Actinomycetia;o__Actinomycetales;f__Bifidobacteriaceae;g__Bifidobacterium_388775;s__Bifidobacterium bifidum,,,,,,,,,,,,,,,,,,0.0031016914,,,,,,,,,,,,,,,,,,,,,,,,,,,,,,,,,,,,,,,,,,,,,,,,,,,0.0027792277,,,,,,,,,,,,,,,,,,,,,,,,,,,,,,,,,0.0029333343,,,,,,,,,,,,,
d__Bacteria;p__Firmicutes_A;c__Clostridia_258483;o__Lachnospirales;f__Lachnospiraceae;g__Catonella;s__Catonella morbi,,,,,,,,,,,,,,,,,,,0.0036644517,0.0031534547,,,,,,,,,,,,,,,,,,,,,,,,,,,,,,,,,,,,,,,,,,,,,,,,,,,,,,,,,,,,,,,,,,,,,,,,,,,,,,,,,,,,,,,,,,,,,,,
d__Bacteria;p__Firmicutes_A;c__Clostridia_258483;o__Lachnospirales;f__Lachnospiraceae;g__Blautia_A_141780;s__Blautia_A_141780 stercoris,,,,,,,,,,,,,,,,,,,0.0033209682,,,,,0.0032900982,,,,,,,,,,,,,,,,,,,,,,,,,,,,,,,,,,,,,,,,0.0030980199,,,,,,,,,,,,,0.0029389278,,,,,,,,,,,,,,,,,,,,,,,,,,,,,,,,,,,,,,
d__Bacteria;p__Firmicutes_A;c__Clostridia_258483;o__Oscillospirales;f__Ruminococcaceae;g__CAG-353;s__CAG-353 sp900066885,,,,,,,,,,,,,,,,,,,,0.0028910192,,,,,,,,,0.0030399417,,,,,,,,,,,,,,,,,,,,0.0029024053,,,,,,,,,,,,,,,,,,,,,,,,,,,,,,,,,,,,0.002829717,,,,,,,,,,,,,,,,,,,,,,,,,,0.0026755107,,,,
d__Bacteria;p__Firmicutes_A;c__Clostridia_258483;o__Lachnospirales;f__Lachnospiraceae;g__Muricomes_149725;s__Faecalicatena fissicatena,,,,,,,,,,,,,,,,,,,,,0.0029693507,,,,,,,,,,,,,,,,,,,,,,,,,,,,,,,,,,,,,,,,,,,,,,,,,,,,,,,,,,,,,,,,,,,,,,,,,,,,,,,,,,,,,,,,,,,,,,
d__Bacteria;p__Actinobacteriota;c__Coriobacteriia;o__Coriobacteriales;f__Eggerthellaceae;g__Adlercreutzia_404257;s__Adlercreutzia equolifaciens,,,,,,,,,,,,,,,,,,,,,0.0029303832,,,,,,,,,,0.002986475,,,,,,0.0028426615,,,,,,,,,,,,,,,,,,,,,,,,,,,,,0.002557299,,,,,,,,,,,,,,,,0.0013135563,,,,,,,,,,,,,,,,,,,,,,,,,,,,,,,,,
d__Bacteria;p__Firmicutes_A;c__Clostridia_258483;o__Peptostreptococcales;f__Peptostreptococcaceae_256921;g__Romboutsia_B;s__Romboutsia_B ilealis,,,,,,,,,,,,,,,,,,,,,0.0028935312,,0.0032466021,,,,,,,0.0028521915,,,,,,,0.003157484,,,,,,,,,,,,,,,,,,,,,,,,,,,,,0.002551681,,,,,,,,,,,,,,,,,,,,,,,,,,,,,,,,,,,,,,,,,,,,,,,,,
d__Bacteria;p__Actinobacteriota;c__Coriobacteriia;o__Coriobacteriales;f__Atopobiaceae;g__Lancefieldella;s__Lancefieldella sp000564995,,,,,,,,,,,,,,,,,,,,,,0.002921518,,,,,,,,,,,,,,,,,,,,,,,,,,,,,,,,,,,,,,,,,,,,,,,,,,,,,,,,,,,,,,,,,,,,,,,,,,,,,,,,,,,,,,,,,,,,,
d__Bacteria;p__Firmicutes_D;c__Bacilli;o__Lactobacillales;f__Streptococcaceae;g__Streptococcus;s__Streptococcus mutans,,,,,,,,,,,,,,,,,,,,,,0.0029202842,,,,,,0.002701574,,0.0029126694,,,,,,,,,,,,,,,,,,,,,,,,,,,,,,,,,,,,,,,,,,,,,,,,,,,,,,,,,,,,,,,,,,,,,,,,,,,,,,,,,,,,,
d__Bacteria;p__Desulfobacterota_I;c__Desulfovibrionia;o__Desulfovibrionales;f__Desulfovibrionaceae;g__Mailhella;s__Mailhella massiliensis,,,,,,,,,,,,,,,,,,,,,,0.0013828522,,,,,,,,,,,,,,,,,,,,,,,,,,,,,,,,,,,,,,,0.0035720598,,,,,,,,,,,,,,,,,,,,,,,,,,,,,,,,,,,,,,,,,,,,,,,,,,,,,,
d__Bacteria;p__Bacteroidota;c__Bacteroidia;o__Bacteroidales;f__Bacteroidaceae;g__Phocaeicola_A_858004;s__Phocaeicola_A_858004 massiliensis,,,,,,,,,,,,,,,,,,,,,,,0.0028858106,,,,,,,,,,,,,,,,,,,,,,,,,,,,,,,,,,,,,,,,,,,,,,,,,,,,,,,,,,,,,,,,,,,,,,,,,,,,,,,,,,,,,,,,,,,,
d__Bacteria;p__Firmicutes_A;c__Clostridia_258483;o__Christensenellales;f__CAG-74;g__Onthenecus;s__,,,,,,,,,,,,,,,,,,,,,,,0.0027982877,,,,,,,,,,,,,,,,,,,,,,,,,,,,,,,,,,,,,,,,,,,,,,,,,,,,,,,,,,,,,,,0.0032350558,,,,,,0.0028582485,,,,,,,,,,,,,,,,,,,,,,,
d__Bacteria;p__Actinobacteriota;c__Coriobacteriia;o__Coriobacteriales;f__Eggerthellaceae;g__Senegalimassilia;s__Senegalimassilia faecalis,,,,,,,,,,,,,,,,,,,,,,,,0.0028109937,,,,,,,,,0.0028750352,,,,,,,,,,,,,0.0029993588,,,,,,,,,,,,,,,,,,,,,,,,,,,,,,,,,,,,,,,,,,,,,,,,,,,,,,,0.0033054822,,,,,,,,,,,,,,
d__Bacteria;p__Actinobacteriota;c__Coriobacteriia;o__Coriobacteriales;f__Eggerthellaceae;g__Eggerthella;s__Eggerthella lenta,,,,,,,,,,,,,,,,,,,,,,,,,0.0031676493,,,,,,,,,,,,,0.0028993278,,,,,,,,,,,,,,,,,,,,,,,,,,0.0032053026,,,,,,,,,,,,,,,,,,,,,,,,,,,,,,,,,,,,,,,,,,,,,,,,,,,
d__Bacteria;p__Firmicutes_A;c__Clostridia_258483;o__Oscillospirales;f__Oscillospiraceae_88309;g__Limivicinus;s__Limivicinus sp002320035,,,,,,,,,,,,,,,,,,,,,,,,,0.0031221467,,,,,,,,,,,,,,,,,,,,0.0031359955,,,,,,0.003130471,,,,,,,,,,,,,,,,,,,,,,,,,0.0034107827,,,,,,,,0.0026987647,,,0.001330157,,,0.0030072117,,,,,,,,0.0028222483,,,,,,,,,,,,,,,,,
d__Bacteria;p__Firmicutes_A;c__Clostridia_258483;o__Oscillospirales;f__Acutalibacteraceae;g__CAG-177;s__CAG-177 sp003538135,,,,,,,,,,,,,,,,,,,,,,,,,0.0028251417,,,,,,,,,,,,,,,,,,,,,,,,,,0.003230949,,,,,,,,,,,,,0.0032384102,,,,,,,,,,,,,,,,,,,,,,,,,,,,,,,,,,,,,,,,,,0.0031872855,,,,,,,,,
d__Bacteria;p__Bacteroidota;c__Bacteroidia;o__Bacteroidales;f__Bacteroidaceae;g__Bacteroides_H;s__Bacteroides_H fragilis,,,,,,,,,,,,,,,,,,,,,,,,,0.0027739024,,,,,,,,,,,,,,,,,,,,,,,,,,,,,,,,,,,,,,,,,,,,,,,,,,,,,,,,,,,,,,,,,,,,,,,,,,,,,,,,,,,,,,,,,,
d__Bacteria;p__Firmicutes_A;c__Clostridia_258483;o__Lachnospirales;f__Lachnospiraceae;g__Hungatella_A_128155;s__Hungatella_A_128155 effluvii,,,,,,,,,,,,,,,,,,,,,,,,,,0.0030466588,,,,,,,,,,,,,,,,,,,,,,,,,,,,,,,,,,,,,,,,,,,,0.0029398766,,,,,,,,,,,,,,,,,,,,,,,,,,,,,,,,,,,,,,,,,,,,,
d__Bacteria;p__Firmicutes_A;c__Clostridia_258483;o__Lachnospirales;f__Lachnospiraceae;g__Eubacterium_I;s__Eubacterium_I ramulus,,,,,,,,,,,,,,,,,,,,,,,,,,0.0029823356,,,,,,,,,,,,,,,,,,,,,,,0.003005553,,,,0.0027067256,,,,,,,,,0.00332557,,,,,,,,,,,,,,,,,,,,,,,,,,,,,,,,,,,,,,,,,,,,,,,,,,,,,
d__Bacteria;p__Bacteroidota;c__Bacteroidia;o__Bacteroidales;f__Rikenellaceae;g__Alistipes_A_871404;s__Alistipes_A_871404 ihumii,,,,,,,,,,,,,,,,,,,,,,,,,,0.0029739318,,,,0.0028689143,,,,,,,,0.0026734888,,,,,,,,,,,,,,,,,,,,,,,,,,,,,,,,,,,,,,,,,,,,,,,,,,,,,,,,,,,,,,,,,,,,,,,,,,,,,
d__Bacteria;p__Firmicutes_A;c__Clostridia_258483;o__Oscillospirales;f__Ruminococcaceae;g__UBA1394;s__UBA1394 sp900066845,,,,,,,,,,,,,,,,,,,,,,,,,,0.0029642954,,,,,,,,,,,,,,,,,,,,,,,,0.003172916,,,,,,,,,,,,,,,,,,,,,,,,,,,,,,,,,,,0.0029259631,,,,,0.002863336,,,,,,,,,,,,,,,,,,,,,,,,,
d__Bacteria;p__Firmicutes_A;c__Clostridia_258483;o__Clostridiales;f__Clostridiaceae_222000;g__Clostridium_T;s__,,,,,,,,,,,,,,,,,,,,,,,,,,0.0029432252,0.0027721361,,,,,,,0.002716905,,,,,,,,,,,,,,,,,,,,,,,,,,,,,,,,,,,,,,,,,,,,,,,,,,,,,,,,,,,,,,,,,,,,,,,,,,,,,,,,,
d__Bacteria;p__Firmicutes_A;c__Clostridia_258483;o__Christensenellales;f__CAG-74;g__Limiplasma;s__Limiplasma merdipullorum,,,,,,,,,,,,,,,,,,,,,,,,,,0.002884649,,,,,,,,,,,,,,,,,,,,,,,,,,,,,,,,,,,,,,,,,,,,,,,,,,,,,,,,,,,,,,,,,,,,,,,,,,,,,,,,,,,,,,,,,
d__Bacteria;p__Firmicutes_A;c__Clostridia_258483;o__Lachnospirales;f__Lachnospiraceae;g__Massilistercora;s__Massilistercora timonensis,,,,,,,,,,,,,,,,,,,,,,,,,,0.0027337181,,,,,,,,,,,,0.002984054,,,,,,,,,,,,,,,,,0.002985357,,,,,,,,,,,,,,,,,,,,,,,,,,,,,,,,,,,,,,,,,,,,,,,,,,,,,,,,,,,,
d__Bacteria;p__Firmicutes_D;c__Bacilli;o__Lactobacillales;f__Streptococcaceae;g__Streptococcus;s__Streptococcus salivarius_346999,,,,,,,,,,,,,,,,,,,,,,,,,,,0.0031577684,,,,,,,,,,,,,0.0028768736,,,,,,,,,0.003907416,,,,,,,,,,,,,,,,,,,,,,,,,,,,,,,,,,,,,,,,,,,,,,,,,,,,,,,0.0032907664,,,,,,,,,,,
d__Bacteria;p__Firmicutes_A;c__Clostridia_258483;o__Lachnospirales;f__Lachnospiraceae;g__Ventrisoma;s__Ventrisoma faecale,,,,,,,,,,,,,,,,,,,,,,,,,,,0.0029037134,,,,,,,,,,,,,,,,,,,,,,,,,,,,,,,,,,,,,,,,,,,,,,,,,,,,,,,,,,,,,,,,,,,,,,,,,,,,,,,,,,,,,,,,
d__Bacteria;p__Firmicutes_A;c__Clostridia_258483;o__Lachnospirales;f__Lachnospiraceae;g__RUG115;s__RUG115 sp900066395,,,,,,,,,,,,,,,,,,,,,,,,,,,0.002895817,,,,,,,,,,,,,,,,,,,,,,,,,,,,,,,,,,,,,,,,,,,,,,,,,,,,,,,,,,,,,,,,,,,,,,,,,,,,,,,,,,,,,,,,
d__Bacteria;p__Firmicutes_D;c__Bacilli;o__Staphylococcales;f__Staphylococcaceae;g__Staphylococcus;s__Staphylococcus equorum,,,,,,,,,,,,,,,,,,,,,,,,,,,,0.0027922597,0.0031968572,,,,,,,,,,,,,,,,,,,,,,,,,,,,,,,,,,,,,0.0027672402,,,,,,,,,,,,,,,,,,,,,,,,,,,,,,,,,,,,,,,,,,,,,,,,,
d__Bacteria;p__Firmicutes_A;c__Clostridia_258483;o__Oscillospirales;f__Oscillospiraceae_88309;g__ER4;s__ER4 sp900317525,,,,,,,,,,,,,,,,,,,,,,,,,,,,,0.0033966084,,,,,,,,,,,,,,,,,,,,,,,,,,,,,,,,,,,,,,,,,,,,,,,,,,,,,,,,,,,,,,,,,,,,0.002664451,,,,,,,,,,,,,,,,,,
d__Bacteria;p__Firmicutes_A;c__Clostridia_258483;o__Oscillospirales;f__Oscillospiraceae_88309;g__CAG-83;s__CAG-83 sp900545585,,,,,,,,,,,,,,,,,,,,,,,,,,,,,0.0030022548,,,,,,,,,,,,,,,,,,,,,,,,,,,,,,,,,,,,,,,,,,,,,,,,,,,,,,,,,,,,,,,,,,,,,,,,,,,,,,,,,,,,,,
d__Bacteria;p__Firmicutes_A;c__Clostridia_258483;o__Lachnospirales;f__Lachnospiraceae;g__COE1;s__,,,,,,,,,,,,,,,,,,,,,,,,,,,,,0.0029598712,,,,,,,0.0036709863,,,,,,,,,,,,,,,,,,,,0.0029143037,,,,,,,,,,,,,,,,,,,,,,,,,,,,,,,,,,,,,,,,,,,,,,0.0033344626,,,,,,,,0.0033917935,,,,,
d__Bacteria;p__Firmicutes_A;c__Clostridia_258483;o__Lachnospirales;f__Lachnospiraceae;g__Blautia_A_141781;s__Blautia_A_141781 faecis,,,,,,,,,,,,,,,,,,,,,,,,,,,,,,0.0033069747,,,,,,,,,,,,,,,,,,,,,,,,,,,,,,,,0.0032110251,,,0.0030694278,,,,,,,,,,,,,,,,,,,,,,,,,,,,,,,,,,,,,,,,,,,,,,,,0.0027893404,,
d__Bacteria;p__Firmicutes_A;c__Clostridia_258483;o__Lachnospirales;f__Lachnospiraceae;g__Oliverpabstia;s__Oliverpabstia intestinalis,,,,,,,,,,,,,,,,,,,,,,,,,,,,,,0.0028899228,,,,,,,,,,,,,,,,,,,,,,,,,,,,,,,,,,,,,,,,,,,,,,,,,,,,,,,,,,,,,,,,,,,,,,,,,,,,,,,,,,,,,
d__Bacteria;p__Firmicutes_A;c__Clostridia_258483;o__Lachnospirales;f__Lachnospiraceae;g__Agathobacter_164117;s__Agathobacter rectalis,,,,,,,,,,,,,,,,,,,,,,,,,,,,,,0.0028822892,,,,,,,,,,,,,,0.0036239978,,,,,,,,,,,,,,,,,,,,,,,,,,0.0013818896,,,,,,,,,,,,,,,,,,,,,0.0027735922,,,,,,,,,,,,,,,,,,,,,,,,
d__Bacteria;p__Firmicutes_A;c__Clostridia_258483;o__Oscillospirales;f__Ruminococcaceae;g__Acetanaerobacterium;s__Acetanaerobacterium elongatum,,,,,,,,,,,,,,,,,,,,,,,,,,,,,,0.0028057625,,,,,,,,,,,,,,,,,,,,,,,,,,,,,,,,,,,,,,,,,,,,,,,,,,,,,,,,,,,,,,,,,,,,,,,,,,,,,,,,,,,,,
d__Bacteria;p__Firmicutes_D;c__Bacilli;o__ML615J-28;f__CAG-313;g__CAG-313;s__CAG-313 sp000433035,,,,,,,,,,,,,,,,,,,,,,,,,,,,,,0.0027322038,,,,,,,,,,,,,,,,,,,,,,,,,0.0027403329,,,,,,,,,,,,,,,,,,,,,,,,,,,,,,,,,,,,,,,,,,,,,,,,,,,,,,,,,,0.002697437,,
d__Bacteria;p__Firmicutes_A;c__Clostridia_258483;o__Oscillospirales;f__Oscillospiraceae_88309;g__ER4;s__ER4 sp000765235,,,,,,,,,,,,,,,,,,,,,,,,,,,,,,,0.0028587843,,,0.002860792,,,,,,,,0.0027700518,0.0027728435,,,,,,,,,,,,,,,,,,,,,,,,,,,,,,,,,,,,,,,,,,,,,,,,,,,,,,,,,,,,,,,,,,0.002776405,,,,,,
d__Bacteria;p__Verrucomicrobiota;c__Lentisphaeria;o__Victivallales;f__Victivallaceae;g__Victivallis;s__Victivallis lenta,,,,,,,,,,,,,,,,,,,,,,,,,,,,,,,0.0028428095,,0.0027374509,0.0032539181,,,,,,,,,,,,,,,,,,,,,,,,,,,,,,,,,,,,,,,,,,,,,,,,,,,,,,,,,,,,,,,,,,,,,,,,,,,,,,,,,
d__Bacteria;p__Firmicutes_A;c__Clostridia_258483;o__Lachnospirales;f__Lachnospiraceae;g__Mediterraneibacter_A_155507;s__Mediterraneibacter_A_155507 massiliensis,,,,,,,,,,,,,,,,,,,,,,,,,,,,,,,,0.0026220432,,,,,,,,,,,,,,,,,,,,,,,,,,,,,,,,,,,,,,0.0028015338,,,,,,,,,,,,,,,,,,,,,,,,,,,,,,0.0029726545,,,,,,,,,,,,,,,
d__Bacteria;p__Actinobacteriota;c__Coriobacteriia;o__Coriobacteriales;f__Eggerthellaceae;g__Slackia_A;s__Slackia_A equolifaciens,,,,,,,,,,,,,,,,,,,,,,,,,,,,,,,,,0.0032346465,,,,,,,,,,,,,,,,,,,,,,,,,,,,,,,,,,,0.0024547912,,,,,,,,,,,,,,,,,,,,,,,,,,,,,,,,,0.003030713,,,,,,,,,,,,,,
d__Bacteria;p__Firmicutes_A;c__Clostridia_258483;o__Oscillospirales;f__Oscillospiraceae_88309;g__Evtepia;s__,,,,,,,,,,,,,,,,,,,,,,,,,,,,,,,,,0.0028481681,0.0028663417,,,,,,,,,0.0027966227,,,,,,,,,,,0.002745247,,,0.0031989068,,,,0.0030070792,,,,,,,0.0024913151,,,,,,,,,,,,,,,,,,,,,,,,,,,,,,,,,,,,,,,,,,,,,0.0028897263,,
d__Bacteria;p__Firmicutes_A;c__Clostridia_258483;o__Lachnospirales;f__Lachnospiraceae;g__Ventrimonas;s__,,,,,,,,,,,,,,,,,,,,,,,,,,,,,,,,,0.002811303,,,,,,,,,,,,,,,,,,,,,,,,,,,0.0030593441,,,,,,,,,,,,,,,,,,,,,,,,,,,,,,,,,,,,,,,,,,,,,,,,,,,0.0028106896,,,,0.0029673432
d__Bacteria;p__Cyanobacteria;c__Vampirovibrionia;o__Gastranaerophilales;f__Gastranaerophilaceae;g__;s__,,,,,,,,,,,,,,,,,,,,,,,,,,,,,,,,,0.0027948197,,,,,,,,,,,,,,,,,,,,,,,,,,,,,,,,,,,,,,,,,,,,,,,,,,,,,,,,,,,,,,,,,,,,0.0028516604,,,,,,,,,,,,,,
d__Bacteria;p__Actinobacteriota;c__Coriobacteriia;o__Coriobacteriales;f__Eggerthellaceae;g__D16-34;s__D16-34 sp009911635,,,,,,,,,,,,,,,,,,,,,,,,,,,,,,,,,0.0027803113,,,,,,,,,,,,,,,,,,,,,,,,,,,,,,,,,,,,,,,,,,,,,,,,,,,,,,,,,,,,,,,,,,,,,,,,,,,,,,,,,,
d__Bacteria;p__Bacteroidota;c__Bacteroidia;o__Bacteroidales;f__Bacteroidaceae;g__Phocaeicola_A_858004;s__Phocaeicola_A_858004 coprophilus,,,,,,,,,,,,,,,,,,,,,,,,,,,,,,,,,,0.0028810166,,,,,,,,,,,,,,,,,,,,,,,,,,,,,,,,,,,,,,,,,,,,,,,,,,,,,,,,,,,,,,,,,,,,,,,,,,,,,,,,,
d__Bacteria;p__Bacteroidota;c__Bacteroidia;o__Chitinophagales;f__Saprospiraceae;g__;s__,,,,,,,,,,,,,,,,,,,,,,,,,,,,,,,,,,0.0028203516,,,,,,,,,,,,,,,,,,,,,,,,,,,,,,0.0028320164,,0.0029982969,,,,,,,,,,,,,,,,,,,,,,,,,,,,,,0.0028091364,,,,,,,,,,,,,,,,,,,
d__Bacteria;p__Firmicutes_A;c__Clostridia_258483;o__Oscillospirales;f__Acutalibacteraceae;g__UBA5905;s__,,,,,,,,,,,,,,,,,,,,,,,,,,,,,,,,,,0.0026914433,,,,,,,,,,,,,,,,,,,,,,,,,,,,,,,,,,,,,,,,,,,,,,,,,,,,,,,,,,,,,,,,,,,,,,,,,,,,,,,,,
d__Bacteria;p__Firmicutes_D;c__Bacilli;o__RF39;f__UBA660;g__CAG-1000;s__CAG-1000 sp902764145,,,,,,,,,,,,,,,,,,,,,,,,,,,,,,,,,,0.0013373785,,,,,,,,,,,,,,,,,,,,,,,,,,,,,,,,,,,,,,,,,,,,,,,,,,,,,,0.0027662003,,,,,,,,0.0028048167,0.003192198,,,,,,,,,,,,,,,,,,
d__Bacteria;p__Firmicutes_A;c__Clostridia_258483;o__Oscillospirales;f__Ruminococcaceae;g__Gemmiger_A_73129;s__Gemmiger_A_73129 formicilis_72474,,,,,,,,,,,,,,,,,,,,,,,,,,,,,,,,,,,0.0030474514,,,,,,,,,,,,,,,,,,,,,,,,,,,,,,,,,,,,,,,,,,,,,,,,,,,,,,,,,,,,,,,,,,,,,,,,,,,,,,,,
d__Bacteria;p__Firmicutes_D;c__Bacilli;o__Erysipelotrichales;f__Erysipelotrichaceae;g__Holdemanella;s__Holdemanella biformis,,,,,,,,,,,,,,,,,,,,,,,,,,,,,,,,,,,0.0029875063,,,,,,,,,,,,,,,,,,,,,,,,,,,,,0.0029968035,,,,,,,,,,,,,,,,,,,,,,,,,,,,,,,,,,,,,,,,,,,,,,,,,,,
d__Bacteria;p__Firmicutes_A;c__Clostridia_258483;o__Lachnospirales;f__Lachnospiraceae;g__Lachnospira;s__Lachnospira rogosae_A,,,,,,,,,,,,,,,,,,,,,,,,,,,,,,,,,,,0.002969232,,,,,,,,,,,,,,,,,,,,,,,,,,,,,,,,,,,,,,,,,,,,,,,,,,,,,,,,,,,,,,,,,,,,,,,,,,,,,,,,
d__Bacteria;p__Desulfobacterota_I;c__Desulfovibrionia;o__Desulfovibrionales;f__Desulfovibrionaceae;g__Bilophila;s__Bilophila wadsworthia,,,,,,,,,,,,,,,,,,,,,,,,,,,,,,,,,,,0.0028125737,,,,,,,,,,,0.002948253,,,,,,0.002960227,,,,,,,,,,,,,,,,,,,,,,,,,,,,,,,,,,,,,,,,,,,,,,,,,,,,,,,,,,,,,,,
d__Bacteria;p__Firmicutes_A;c__Clostridia_258483;o__Lachnospirales;f__Lachnospiraceae;g__Eubacterium_I;s__,,,,,,,,,,,,,,,,,,,,,,,,,,,,,,,,,,,,0.003585144,,,,,,,,,,,,,,,,,,0.003177341,,,0.002769802,0.0031293528,,,,,,,,,,,,,,,,,,,,,,,,,,,,,,,,,,,,,,,,,,,,,,,,,,,,,,,,,
d__Bacteria;p__Actinobacteriota;c__Coriobacteriia;o__Coriobacteriales;f__Atopobiaceae;g__Thermophilibacter;s__Thermophilibacter avicola,,,,,,,,,,,,,,,,,,,,,,,,,,,,,,,,,,,,0.0030031065,,,,,,,,,,,,,,,,,,,,,,,,,,,,,,,,,,,,,,,,,,,,,,,,,,,,,,,,,,,,,,,,,,,,,,,,,,,,0.0028232732,,,
d__Bacteria;p__Firmicutes_A;c__Clostridia_258483;o__UBA1381;f__UBA1381;g__CAG-41;s__CAG-41 sp001941225,,,,,,,,,,,,,,,,,,,,,,,,,,,,,,,,,,,,0.0029495182,,,,,,,,,0.0037859064,,,,,,0.0032673804,,,,,0.0029145735,,,0.0030139429,,,,,,,,,,,,,,,,,,,,,,,,,,,,,,,,,,,,,,,,,,,,,,,,,,,,,,,,
d__Bacteria;p__Firmicutes_A;c__Clostridia_258483;o__Oscillospirales;f__Butyricicoccaceae;g__Pseudobutyricicoccus;s__Pseudobutyricicoccus sp003477405,,,,,,,,,,,,,,,,,,,,,,,,,,,,,,,,,,,,0.002903549,,,,,,,,,,,,,,,,,,,,,,,,,,,,,,,,,,,,,,,,,,,,,,,,,,,,,,,,,,,,,,,,,,,,,,,,,,,,,,,
d__Bacteria;p__Firmicutes_B_370539;c__Peptococcia;o__Peptococcales;f__Peptococcaceae_369362;g__Peptococcus;s__Peptococcus niger,,,,,,,,,,,,,,,,,,,,,,,,,,,,,,,,,,,,,0.002783392,,,,,,,,,,,,,,,,,,,,,,,0.0029133598,,,,,,,,,,,,,,,,,,,,,,,,,,,,,,,,,,,,,,,,,0.0029951432,,,,,,,,,,,,,,
d__Bacteria;p__Firmicutes_A;c__Clostridia_258483;o__Oscillospirales;f__CAG-272;g__Avispirillum;s__Avispirillum sp011957885,,,,,,,,,,,,,,,,,,,,,,,,,,,,,,,,,,,,,0.0027662325,,,,,,,,,,,,,,,,,,,,,,,,0.0033636764,,,,,,,0.0028121006,,,,,,,,,,,,,,,,,,,,,,0.002754833,,,,,,,,,,,,,0.003171017,,,,,,,,,,,,
d__Bacteria;p__Firmicutes_A;c__Clostridia_258483;o__Lachnospirales;f__Lachnospiraceae;g__UBA3282;s__,,,,,,,,,,,,,,,,,,,,,,,,,,,,,,,,,,,,,,0.0028308402,,,,,,,,,,,,,,,,,,,,,,,,,,,,,,,,,,,,,,,,,,,,,,,,,,,,,,,,,,,,,,,,,,,,,,,,,,,,,
d__Bacteria;p__Actinobacteriota;c__Coriobacteriia;o__Coriobacteriales;f__Eggerthellaceae;g__;s__,,,,,,,,,,,,,,,,,,,,,,,,,,,,,,,,,,,,,,0.0027351924,,,,,,,,,,,,,,,0.0027800545,,,,,,,,,,,,,,,,,,,,,,,,,,,,,,,,,,,,,,,,,,,,,,,,,,,,,,,,,,,,,,
d__Bacteria;p__Actinobacteriota;c__Coriobacteriia;o__Coriobacteriales;f__Eggerthellaceae;g__Slackia_A;s__Slackia_A piriformis,,,,,,,,,,,,,,,,,,,,,,,,,,,,,,,,,,,,,,0.0027187276,,,,,,,,,,,,,,,,,,,,,,,,,,,,,,,,,,,,,,,,,,,,,,,,,,,,,,,,,,,,,,,,,,,,,,,,,,,,,
d__Bacteria;p__Firmicutes_A;c__Clostridia_258483;o__Oscillospirales;f__Oscillospiraceae_88309;g__Faecousia;s__Faecousia sp000434635,,,,,,,,,,,,,,,,,,,,,,,,,,,,,,,,,,,,,,0.0026741587,,,,,,,,,,,,,,,,,,,,,,,,,,,,,,,,,,,,,,,,,,,,,,,,0.0013063747,,,,,,,0.0027620066,,,,,,,,,,,,,,,,,,,,,,
d__Bacteria;p__Firmicutes_C;c__Negativicutes;o__Veillonellales;f__Veillonellaceae;g__Veillonella_A;s__Veillonella_A dispar,,,,,,,,,,,,,,,,,,,,,,,,,,,,,,,,,,,,,,,0.0037575131,,,,,,,,,,,,,,,0.0027494058,,,,,,,,,,,,,,,,,,,,,,,,,,,,,,,,,,,,,,,,,,,,,,,,,,,,,,,,,,,,,
d__Bacteria;p__Firmicutes_D;c__Bacilli;o__RF39;f__UBA660;g__CAG-628;s__CAG-628 sp003524085,,,,,,,,,,,,,,,,,,,,,,,,,,,,,,,,,,,,,,,0.0028370095,,,,,,,,,,,,,,,,,,,,,,,,,,,,,,,,,,0.002771473,,,,0.0026247925,,,,,,,,,,,,,,,,,,,,,,,,,,,,,,,,,,,,,,
d__Bacteria;p__Firmicutes_A;c__Clostridia_258483;o__Oscillospirales;f__Ruminococcaceae;g__QAMM01;s__QAMM01 sp900552945,,,,,,,,,,,,,,,,,,,,,,,,,,,,,,,,,,,,,,,0.0027792766,,,,,,,,,,,,,,,0.0030522775,,,,,,,,,,,,,,,,,,,,,,,,,,,,,,,,,,,,,,,,,,,,,,,,,,,,,,,,,,,,,
d__Bacteria;p__Firmicutes_D;c__Bacilli;o__RF39;f__UBA660;g__CAG-302;s__,,,,,,,,,,,,,,,,,,,,,,,,,,,,,,,,,,,,,,,0.0027510216,,,,,,,,,,,,,,,,,,,,,,,,,,,,,,,,,,,,,,,,,,,,,,,,,,,,,,,,,,,,,,,,,,,,,,,,,,,,
d__Bacteria;p__Firmicutes_D;c__Bacilli;o__Lactobacillales;f__Streptococcaceae;g__Streptococcus;s__Streptococcus peroris,,,,,,,,,,,,,,,,,,,,,,,,,,,,,,,,,,,,,,,0.0027034439,,,,,,,,,,,,,,,,,,,,,,,,,,,,,,,,,,,,,,,,,,,,,,,,,,,,,,,,,,,,,,,,,,,,,,,,,,,,
d__Bacteria;p__Firmicutes_A;c__Clostridia_258483;o__Oscillospirales;f__UBA644;g__UBA644;s__UBA644 sp002299265,,,,,,,,,,,,,,,,,,,,,,,,,,,,,,,,,,,,,,,,0.003339176,,,,,,,,,,,,,,,,,,,,,,,,,,,,,,,,,,,,,,,,,,,,,,,,,,,,,,,,,,,,,,,,,,,,,,,,,,,
d__Bacteria;p__Firmicutes_D;c__Bacilli;o__Lactobacillales;f__Lactobacillaceae;g__Lactobacillus;s__Lactobacillus delbrueckii,,,,,,,,,,,,,,,,,,,,,,,,,,,,,,,,,,,,,,,,0.0032734745,,,,,,,,,0.0029699414,,,,,,,,,,,,,,,,,,,,,,,,,,,,,,,,,,,,,,,,,,,,,,,,,,,,,,,,,,,,,,,,,,
d__Bacteria;p__Firmicutes_D;c__Bacilli;o__Erysipelotrichales;f__Coprobacillaceae;g__Erysipelatoclostridium;s__Clostridium saccharogumia,,,,,,,,,,,,,,,,,,,,,,,,,,,,,,,,,,,,,,,,,0.0038157948,,,,,,,,,,,,,,,,,,,,,,,,,,,,,,,,,,,,,,,,,,,,,,,,,,,,,,,,,,,,,,,,,,,,,0.003324043,,,,,
d__Bacteria;p__Firmicutes_A;c__Clostridia_258483;o__Lachnospirales;f__Lachnospiraceae;g__CAG-95;s__CAG-95 sp900066375,,,,,,,,,,,,,,,,,,,,,,,,,,,,,,,,,,,,,,,,,0.0033412236,,,,,,,,,,,,,,,,,,,,,,,,,,,,,,,,,,,,,,,,,,,,,,,,,,,,,,,,,,,,,,,,,,,,,,,,,,
d__Bacteria;p__Proteobacteria;c__Gammaproteobacteria;o__Burkholderiales_595427;f__Burkholderiaceae_A_595427;g__Sutterella;s__Sutterella wadsworthensis_A_565869,,,,,,,,,,,,,,,,,,,,,,,,,,,,,,,,,,,,,,,,,,0.0033675248,,,,,,,,,,,,,,,,,0.0030990962,,,,0.0029285601,,,,,,,,,,,,,,,,,,,,,,,,,,,,,,,,,,,,,,,,,,,,,,,,,,,,
d__Bacteria;p__Firmicutes_D;c__Bacilli;o__Lactobacillales;f__Aerococcaceae;g__Granulicatella;s__Granulicatella adiacens,,,,,,,,,,,,,,,,,,,,,,,,,,,,,,,,,,,,,,,,,,0.0029560998,,,,,,,,,,,,,,,,,,,,,,,,,,,,,,,,,,,,,,,,,,,,,,,,,,,,,,,,,,,,,,,,,,,,,,,,,
d__Bacteria;p__Firmicutes_A;c__Clostridia_258483;o__Monoglobales;f__Monoglobaceae;g__Monoglobus;s__Monoglobus pectinilyticus,,,,,,,,,,,,,,,,,,,,,,,,,,,,,,,,,,,,,,,,,,0.002898575,0.002847881,,,,,,,,,,,,,,0.0027556904,,0.0031407685,,,,,,,,,,0.0027847423,,,,,,,,,,,,,,,,,,,,,,,,,,,,,,,,,,,,,,,,,,,,0.0032733416,,
d__Bacteria;p__Firmicutes_A;c__Clostridia_258483;o__TANB77;f__CAG-508;g__CAG-793;s__CAG-793 sp000433915,,,,,,,,,,,,,,,,,,,,,,,,,,,,,,,,,,,,,,,,,,0.0028084838,,,,,,,,,,,,,,,,,,,,,,,,,,,,,,,,,,,,,,,,,,,,,,,,,,,,,,,,,,,,,,,,,,,,,,,,,
d__Bacteria;p__Actinobacteriota;c__Actinomycetia;o__Actinomycetales;f__Bifidobacteriaceae;g__Bifidobacterium_388775;s__Bifidobacterium animalis,,,,,,,,,,,,,,,,,,,,,,,,,,,,,,,,,,,,,,,,,,,0.002793714,,,,,,,,,,,,,,,,,,,,,,,,,,0.0027215916,,,,,,,,,,,,,0.0028808133,,,,,,,,,,,,,,,,,,,,,,,,,0.0027134598,,,,,,,,
d__Bacteria;p__Firmicutes_A;c__Clostridia_258483;o__Lachnospirales;f__Lachnospiraceae;g__Limivivens;s__Limivivens sp900066135,,,,,,,,,,,,,,,,,,,,,,,,,,,,,,,,,,,,,,,,,,,0.0027645226,,,,,,,,,,,,,,,,,,,,,,,,,,0.003082952,,,,,,,,,,,,,,,,,,,,,,,,,,,,,,,,,,,,,,,,,,,,,,
d__Bacteria;p__Firmicutes_A;c__Clostridia_258483;o__Oscillospirales;f__Ruminococcaceae;g__Ruthenibacterium;s__,,,,,,,,,,,,,,,,,,,,,,,,,,,,,,,,,,,,,,,,,,,,0.0033791885,,,,,,,,,,,0.0031717473,,,,,,,,,,,,,,,,,,,,,,,,,,,,,,,,,,,,,,,,,,,,,,,,,,,,,0.0029281972,,,,,0.00284113,,
d__Bacteria;p__Firmicutes_A;c__Clostridia_258483;o__Oscillospirales;f__Ruminococcaceae;g__Massiliimalia_59910;s__Massiliimalia massiliensis,,,,,,,,,,,,,,,,,,,,,,,,,,,,,,,,,,,,,,,,,,,,0.0030061093,,,,,,,,,,,,,,,,,,,,,,,,,,,,,,,,,,,,,,,,,,,,,,,,,,,,,,,,,,,,,,,,,,,,,,,
d__Bacteria;p__Firmicutes_A;c__Clostridia_258483;o__Oscillospirales;f__Ruminococcaceae;g__Ruthenibacterium;s__Ruthenibacterium lactatiformans,,,,,,,,,,,,,,,,,,,,,,,,,,,,,,,,,,,,,,,,,,,,0.0014915373,0.0014593333,,,,,,,0.0033501314,,,,,,,,,,,,,,,,,,,,,,,,,,,,,,,,,,,,,,,,,,,,,,,,,,,,,,,,,,,,,,,
d__Bacteria;p__Firmicutes_A;c__Clostridia_258483;o__Lachnospirales;f__Lachnospiraceae;g__Bacteroides_F;s__Bacteroides_F pectinophilus,,,,,,,,,,,,,,,,,,,,,,,,,,,,,,,,,,,,,,,,,,,,,0.0034963652,,,,,0.0029306212,,,,,,,,,,,,,,,,,,,,,,,,,,,,,,,,,,,,,,,,,,,,,,,,,,,,,,,,,,,,,,,,,
d__Bacteria;p__Firmicutes_A;c__Clostridia_258483;o__Lachnospirales;f__Lachnospiraceae;g__Acetatifactor;s__Acetatifactor muris,,,,,,,,,,,,,,,,,,,,,,,,,,,,,,,,,,,,,,,,,,,,,0.0032357262,,,,,,,,,,,,,,,,,,,,,,,,,,,,,,,,,,,,,,,,,,,,,,,,,,,,,,,,,,,,,0.003101354,,,,,,,,,
d__Bacteria;p__Firmicutes_A;c__Clostridia_258483;o__Oscillospirales;f__Butyricicoccaceae;g__Butyricicoccus_A_77030;s__Butyricicoccus_A_77030 sp900604335,,,,,,,,,,,,,,,,,,,,,,,,,,,,,,,,,,,,,,,,,,,,,,0.0031021454,,,,,,,,,,,,,,,,,,,,,0.0025143179,,,,,,,,,,,,,,,,,,,,,,,,,,,,,,,,,,,,,,,,,,,,,,,,
d__Bacteria;p__Proteobacteria;c__Gammaproteobacteria;o__Enterobacterales_A_737866;f__Pasteurellaceae;g__Haemophilus_D_735815;s__Haemophilus_D_735815 parainfluenzae,,,,,,,,,,,,,,,,,,,,,,,,,,,,,,,,,,,,,,,,,,,,,,0.0030785138,,,,,,,,,0.0027950886,,,,,,,0.0031490787,,,,,,,,,,,,,,0.002858112,,,,,,,,,,,,,,,,,,,,,,,,,,0.0033306389,,,,,,0.0027884352,,,,,,,
d__Bacteria;p__Firmicutes_C;c__Negativicutes;o__Veillonellales;f__Dialisteraceae;g__Allisonella;s__Allisonella histaminiformans,,,,,,,,,,,,,,,,,,,,,,,,,,,,,,,,,,,,,,,,,,,,,,0.0030364683,,,,,,,,,,,,,,,,,,,,,,,,,0.0028972942,0.002957846,,,,,,,,,,,,,,,,,,,,,,,,,,,,,,,,,,,,,,,,,,,
d__Bacteria;p__Firmicutes_A;c__Clostridia_258483;o__Lachnospirales;f__CAG-274;g__CAG-274;s__CAG-274 sp900545305,,,,,,,,,,,,,,,,,,,,,,,,,,,,,,,,,,,,,,,,,,,,,,,0.0029318267,,,,,,,,,,,,,,,,,,,,,,,,,,,,,,,,,,,,,,,,,,,,,,,,,,,,,,,,,,,,,,,,,,,,
d__Bacteria;p__Firmicutes_A;c__Clostridia_258483;o__UBA1381;f__UBA1381;g__CAG-41;s__,,,,,,,,,,,,,,,,,,,,,,,,,,,,,,,,,,,,,,,,,,,,,,,0.0028581554,,,,,,,,,,,,,,,,,,,,,,,,,,,,,,,,,,,,,,,,,,,,,,,,,,,,,,,,,,,,,,,,,,,,
d__Bacteria;p__Actinobacteriota;c__Coriobacteriia;o__Coriobacteriales;f__Eggerthellaceae;g__CAG-1427;s__CAG-1427 sp000435475,,,,,,,,,,,,,,,,,,,,,,,,,,,,,,,,,,,,,,,,,,,,,,,,,0.0029059176,,,,,,,,,,,,,,0.0031252885,,,0.0026568663,,,,,,,,,,,,,,,,,,,,,,,,,,,,,,,,,,,,,,,,,,,,,,,,,
d__Bacteria;p__Firmicutes_D;c__Bacilli;o__Lactobacillales;f__Lactobacillaceae;g__Lacticaseibacillus;s__Lacticaseibacillus paracasei,,,,,,,,,,,,,,,,,,,,,,,,,,,,,,,,,,,,,,,,,,,,,,,,,0.0028864963,,,,,,,,,,,,,,,,,,,,,,,,,,,,,,,,,,,,,,,,,,,,,,,,,,,,,,,0.0028979469,,,,,,,,,,,
d__Bacteria;p__Proteobacteria;c__Alphaproteobacteria;o__RF32;f__CAG-239;g__CAJLXD01;s__,,,,,,,,,,,,,,,,,,,,,,,,,,,,,,,,,,,,,,,,,,,,,,,,,0.0028373012,,,,,,,,,,,,,,,,,,,,,,,,,,,,,,,,,,,,,,,,,,,,,,,,,,,,,,,,,,,0.0028290148,,,,,,,
d__Bacteria;p__Firmicutes_A;c__Clostridia_258483;o__Oscillospirales;f__Oscillospiraceae_88309;g__Intestinimonas;s__,,,,,,,,,,,,,,,,,,,,,,,,,,,,,,,,,,,,,,,,,,,,,,,,,,0.0033938987,,,,,,,,,,,,0.0033271369,0.0031756538,,0.0030754237,,,,,,,,,,,,,,,,,,,,,,,,,,,,,,,,,,,,,,,,,,,,,,,,,,
d__Bacteria;p__Firmicutes_A;c__Clostridia_258483;o__Christensenellales;f__CAG-138;g__CAG-1024;s__,,,,,,,,,,,,,,,,,,,,,,,,,,,,,,,,,,,,,,,,,,,,,,,,,,0.0030082208,,,,,,,,,,,,,,,,,,,,,,,,,,,,,,,,,,,,,,,,,,,,,,,,,,,,,,,,,,,,,,,,,
d__Bacteria;p__Firmicutes_D;c__Bacilli;o__RF39;f__UBA660;g__UBA6985;s__UBA6985 sp900314465,,,,,,,,,,,,,,,,,,,,,,,,,,,,,,,,,,,,,,,,,,,,,,,,,,0.0014273702,,,,,,,,,,,,,,,,,,,,,,,,,,,,,,,,,,,,,,,,,,,,,,,,,,,,,,,,,,,,,,,,,
d__Bacteria;p__Firmicutes_A;c__Clostridia_258483;o__Lachnospirales;f__Lachnospiraceae;g__Clostridium_Q_134516;s__Clostridium_Q_134516 symbiosum,,,,,,,,,,,,,,,,,,,,,,,,,,,,,,,,,,,,,,,,,,,,,,,,,,,,0.0037344836,,,,0.0032126945,,,,,,,,,,,,,,,,,,,,,,,,,,,,,,,,,0.0027438959,,,,,,,,,,,,,,,,,,,,,,,,,,
d__Bacteria;p__Firmicutes_A;c__Clostridia_258483;o__Christensenellales;f__CAG-138;g__RUG472;s__,,,,,,,,,,,,,,,,,,,,,,,,,,,,,,,,,,,,,,,,,,,,,,,,,,,,0.0036838953,,,,,,,,,,,,,,,,,,,,,,,,,,,,,,,,,,,,,,,,,,,,,,,,,,,,,,,,,,,,,,,
d__Bacteria;p__Firmicutes_A;c__Clostridia_258483;o__Lachnospirales;f__Lachnospiraceae;g__Enterocloster;s__Enterocloster citroniae,,,,,,,,,,,,,,,,,,,,,,,,,,,,,,,,,,,,,,,,,,,,,,,,,,,,0.003658935,,,,,,,,,,,,,,,,,,,,,,,,,,,,,,,,,,,,,,,,,,,,,,,,,,,,,,,,,,,,,,,
d__Bacteria;p__Firmicutes_A;c__Clostridia_258483;o__Christensenellales;f__Christensenellaceae;g__Christensenella;s__,,,,,,,,,,,,,,,,,,,,,,,,,,,,,,,,,,,,,,,,,,,,,,,,,,,,0.0035562925,,,,,,,,,,,,,,,,,,,,,,,,,,,,,,,,,,,,,,,,,,,,,,,,,,,,,,,,,,,,,,,
d__Bacteria;p__Firmicutes_A;c__Clostridia_258483;o__Oscillospirales;f__Acutalibacteraceae;g__Solibaculum;s__Solibaculum mannosilyticum,,,,,,,,,,,,,,,,,,,,,,,,,,,,,,,,,,,,,,,,,,,,,,,,,,,,0.0033759582,,,,,,,,,,,,,,,,,,,,,,,,,,,,,,,,,,,,,,,,,,,,,,,,,,,,,,,,,,,,,,0.0031245914,
d__Bacteria;p__Bacteroidota;c__Bacteroidia;o__Bacteroidales;f__Bacteroidaceae;g__Prevotella;s__Prevotella buccae,,,,,,,,,,,,,,,,,,,,,,,,,,,,,,,,,,,,,,,,,,,,,,,,,,,,0.0032357536,,,,,,,,,,,,,,,,,,,,,,,,,,,,,,,,,,,,,,,,,,,,,,,,,0.0014349392,,,,,,,,,,,,,,
d__Bacteria;p__Verrucomicrobiota;c__Lentisphaeria;o__Victivallales;f__UBA1829;g__UBA1732;s__,,,,,,,,,,,,,,,,,,,,,,,,,,,,,,,,,,,,,,,,,,,,,,,,,,,,0.0032143807,,,,,,,,,,,,,0.0014058474,,,,,,,,,,,,,,,,,,,,,,,,,,,,,,,,,,,,,,,,,,,,,,,,,,
d__Bacteria;p__Firmicutes_A;c__Clostridia_258483;o__Saccharofermentanales;f__;g__;s__,,,,,,,,,,,,,,,,,,,,,,,,,,,,,,,,,,,,,,,,,,,,,,,,,,,,0.0031565968,,,,,,,,,,,,,,,,,,,,,,,,,,,,,,,,,,,,,,,,,,,,,,0.0029088021,,,,,,,,,,,,,,,,,
d__Bacteria;p__Firmicutes_A;c__Clostridia_258483;o__Lachnospirales;f__Lachnospiraceae;g__Catenibacillus;s__Catenibacillus scindens,,,,,,,,,,,,,,,,,,,,,,,,,,,,,,,,,,,,,,,,,,,,,,,,,,,,0.0030633104,,,,,,,,,,,,,,,,,,,,,,,,,,,,,,,,,,,,,,,,,,,,,,,,,,,,,,,,,,,,,,,
d__Bacteria;p__Actinobacteriota;c__Coriobacteriia;o__Coriobacteriales;f__Eggerthellaceae;g__UBA9715;s__,,,,,,,,,,,,,,,,,,,,,,,,,,,,,,,,,,,,,,,,,,,,,,,,,,,,0.0030182651,,,,,,,,,,,,,,,,,,,,,,,,,,,,,,,,,,,,,,,,,,,,,,,,,,,,,,,,,,,,,,,
d__Bacteria;p__Verrucomicrobiota;c__Verrucomicrobiae;o__Opitutales;f__CAG-312;g__Merdousia;s__Merdousia sp000438015,,,,,,,,,,,,,,,,,,,,,,,,,,,,,,,,,,,,,,,,,,,,,,,,,,,,0.0029578758,,,,,,,,,,,,,,,,,,,,,,,,,,,,,,,,,,,,,,,,,,,,,,,,,,,,,,,,,,,,,,,
d__Bacteria;p__Firmicutes_A;c__Clostridia_258483;o__Lachnospirales;f__Lachnospiraceae;g__Lachnospira;s__Lachnospira sp000437735,,,,,,,,,,,,,,,,,,,,,,,,,,,,,,,,,,,,,,,,,,,,,,,,,,,,,0.0028486014,,,,,,,,,,,,,,,,,,,,,,,,,,,,,,,,,,,,,,,,,,,,,,,,,,,,,,,,,,,,,,
d__Bacteria;p__Firmicutes_A;c__Clostridia_258483;o__Lachnospirales;f__Lachnospiraceae;g__CAG-127;s__CAG-127 sp900319515,,,,,,,,,,,,,,,,,,,,,,,,,,,,,,,,,,,,,,,,,,,,,,,,,,,,,0.002832815,,,,,,,,,,,,,,,,,,,,,,,,,,,,,,,,,,,,,,0.0027751871,,,,,,,,,,,,,,,,,,,,,,,,
d__Bacteria;p__Firmicutes_D;c__Bacilli;o__RF39;f__UBA660;g__Onthocola_B;s__Onthocola_B sp000437355,,,,,,,,,,,,,,,,,,,,,,,,,,,,,,,,,,,,,,,,,,,,,,,,,,,,,0.0027906317,,,,,,,,,,,,,,,,,,,,,,,,,0.0031179532,,,,,,,,,,,,,,,,,,,,,,,,,,,,,,,,,,,,,
d__Bacteria;p__Firmicutes_A;c__Clostridia_258483;o__TANB77;f__CAG-508;g__CAG-273;s__CAG-273 sp003507395,,,,,,,,,,,,,,,,,,,,,,,,,,,,,,,,,,,,,,,,,,,,,,,,,,,,,0.002711751,,0.0026995318,,,,,,,,,,,,,,,,,,,,,,,,,,,,,0.0029867576,0.0013496334,,,,,,,,,,,,,,,,,0.0031126132,,,,,,0.0027762796,,0.0013830753,,,,,
d__Bacteria;p__Actinobacteriota;c__Coriobacteriia;o__Coriobacteriales;f__Atopobiaceae;g__Parolsenella;s__Parolsenella catena,,,,,,,,,,,,,,,,,,,,,,,,,,,,,,,,,,,,,,,,,,,,,,,,,,,,,,0.0013700807,,,,,,,,,,,,,,,,,,,,,,,,,,,,,,,,,,,,,,,,,,,,,,,,,,,,,,,,,,,,,0.0027342509
d__Bacteria;p__Firmicutes_A;c__Clostridia_258483;o__Oscillospirales;f__Ruminococcaceae;g__Anaerofilum_74150;s__,,,,,,,,,,,,,,,,,,,,,,,,,,,,,,,,,,,,,,,,,,,,,,,,,,,,,,,0.003396497,,,,,,,,,,,,,,,,,,,,,,,,,,,,,,,,,,,,,,,,,,,,,,,,,,,,,0.0028625587,,,,,,,
d__Bacteria;p__Firmicutes_A;c__Clostridia_258483;o__Christensenellales;f__Christensenellaceae;g__;s__,,,,,,,,,,,,,,,,,,,,,,,,,,,,,,,,,,,,,,,,,,,,,,,,,,,,,,,0.0028338172,,,,,,,,,,,,,,,,,,,,,,,,,0.0028511798,,,,,,,,,,,,,,,,,,,,,,,,,,,,,,,,,,,
d__Bacteria;p__Firmicutes_A;c__Clostridia_258483;o__Lachnospirales;f__Lachnospiraceae;g__Frisingicoccus;s__Frisingicoccus caecimuris,,,,,,,,,,,,,,,,,,,,,,,,,,,,,,,,,,,,,,,,,,,,,,,,,,,,,,,,0.003305904,,,,,,,,,,,,,,,,,,,,,,,,,,,,,,0.0028277228,,,,,,,0.0027261716,,,,,,,,,,,,,,,,,,,,0.002862601,,
d__Bacteria;p__Firmicutes_A;c__Clostridia_258483;o__Oscillospirales;f__Oscillospiraceae_88309;g__Intestinimonas;s__Intestinimonas massiliensis,,,,,,,,,,,,,,,,,,,,,,,,,,,,,,,,,,,,,,,,,,,,,,,,,,,,,,,,0.0029285625,,,,,,,,,,,,,,,,,,,,,,,,,,,,,,,,,,,,,,,,,,,,,,,,,,,,,,,,,,,
d__Bacteria;p__Actinobacteriota;c__Coriobacteriia;o__Coriobacteriales;f__Eggerthellaceae;g__Raoultibacter;s__,,,,,,,,,,,,,,,,,,,,,,,,,,,,,,,,,,,,,,,,,,,,,,,,,,,,,,,,,0.0027776456,,,,,,,,,,,,,,,,,,,,,,,,,,,,,,,,,,,,,,0.0012747446,,,,,,,,,,,,,,,,,,,,
d__Archaea;p__Methanobacteriota_A_1229;c__Methanobacteria;o__Methanobacteriales;f__Methanobacteriaceae;g__Methanobrevibacter_A;s__,,,,,,,,,,,,,,,,,,,,,,,,,,,,,,,,,,,,,,,,,,,,,,,,,,,,,,,,,0.0027718362,,,,,,,,,,,0.0026062964,,,,,,,,,,,,,,,,,,,,,,,,,,,,,,,,,,,,,,,,,,,,,,,
d__Bacteria;p__Firmicutes_A;c__Clostridia_258483;o__Oscillospirales;f__Ruminococcaceae;g__Massiliimalia_59888;s__,,,,,,,,,,,,,,,,,,,,,,,,,,,,,,,,,,,,,,,,,,,,,,,,,,,,,,,,,,0.0026389854,,,,,,,,,,,,,,,,,,,,,,,,,,,,,,,,,,,,,,,,,,,,,,,,,,,,,,,,,
d__Bacteria;p__Firmicutes_A;c__Clostridia_258483;o__Christensenellales;f__CAG-74;g__SFMI01;s__SFMI01 sp004556155,,,,,,,,,,,,,,,,,,,,,,,,,,,,,,,,,,,,,,,,,,,,,,,,,,,,,,,,,,0.0013154201,0.0031839919,,,,,,,,,,,,,,,,,,,,,,,,,,,,,,,,,,,,,,0.0028073643,,,,,,,,,,,,,,,,,,
d__Bacteria;p__Firmicutes_A;c__Clostridia_258483;o__Christensenellales;f__CAG-314;g__CAG-314;s__CAG-314 sp900551395,,,,,,,,,,,,,,,,,,,,,,,,,,,,,,,,,,,,,,,,,,,,,,,,,,,,,,,,,,,0.003258186,,,,,,,,,,,,,,,,,,,,,,,,,,,,,,,,,,,,,,,,,,,,,,,,,,,,,,,,
d__Bacteria;p__Firmicutes_A;c__Clostridia_258483;o__Christensenellales;f__Borkfalkiaceae;g__;s__,,,,,,,,,,,,,,,,,,,,,,,,,,,,,,,,,,,,,,,,,,,,,,,,,,,,,,,,,,,0.0030451282,,,,,,,,0.0024596422,,,,,,,,,,,,,,,,,,,,,,,,,,,,,,,,,,,,,,,,,,,,,,,,
d__Bacteria;p__Bacteroidota;c__Bacteroidia;o__Bacteroidales;f__Marinifilaceae;g__Gabonibacter;s__Gabonibacter massiliensis,,,,,,,,,,,,,,,,,,,,,,,,,,,,,,,,,,,,,,,,,,,,,,,,,,,,,,,,,,,0.0029191568,,,,,,,,,,,,,,,,0.0013065299,,,,,,,,,,,,,,,,,,,,,,,,,,,,,,,,,,,,,,,0.0027068686,
d__Bacteria;p__Firmicutes_A;c__Clostridia_258483;o__Oscillospirales;f__Acutalibacteraceae;g__UBA5905;s__UBA5905 sp002437905,,,,,,,,,,,,,,,,,,,,,,,,,,,,,,,,,,,,,,,,,,,,,,,,,,,,,,,,,,,0.0028796592,,,,,,,,,,,,,,,,,,,,,,,,,,,,,,,,,,,,,,,,,,,,,,,,,,,0.002820615,,,,,
d__Bacteria;p__Firmicutes_D;c__Bacilli;o__Erysipelotrichales;f__Erysipelotrichaceae;g__Bulleidia;s__Bulleidia moorei,,,,,,,,,,,,,,,,,,,,,,,,,,,,,,,,,,,,,,,,,,,,,,,,,,,,,,,,,,,,0.0032264534,,,,,,,,,,,,,,,,,,,,,,,,,,,,,,,,,,,,,,,,,,,,,,,,,,,,,,,
d__Bacteria;p__Firmicutes_A;c__Clostridia_258483;o__Peptostreptococcales;f__Anaerovoracaceae;g__Mogibacterium;s__Mogibacterium diversum,,,,,,,,,,,,,,,,,,,,,,,,,,,,,,,,,,,,,,,,,,,,,,,,,,,,,,,,,,,,0.001374058,,,,,,,,,,,,,,,,,,,,,,,,,,,,,,,,,,,,,,,,,,,,,,,,,,,,,,,
d__Bacteria;p__Firmicutes_A;c__Clostridia_258483;o__Oscillospirales;f__Ruminococcaceae;g__;s__,,,,,,,,,,,,,,,,,,,,,,,,,,,,,,,,,,,,,,,,,,,,,,,,,,,,,,,,,,,,,0.0040926905,,,,,,,,,,,,,,,,,,,,,,,,,,,,,,,,,,,,,,,,,,,,,,,,,,,,,,
d__Bacteria;p__Firmicutes_D;c__Bacilli;o__Haloplasmatales_A;f__Turicibacteraceae;g__Turicibacter;s__Turicibacter sp001543345,,,,,,,,,,,,,,,,,,,,,,,,,,,,,,,,,,,,,,,,,,,,,,,,,,,,,,,,,,,,,0.004025542,,,,,,,,,,,,,,,,,,,,,,,,,,,,,,,,,,,,,,,,,,,,,,,,,,,,,,
d__Bacteria;p__Firmicutes_A;c__Clostridia_258483;o__Christensenellales;f__CAG-74;g__;s__,,,,,,,,,,,,,,,,,,,,,,,,,,,,,,,,,,,,,,,,,,,,,,,,,,,,,,,,,,,,,0.0039844266,,,,,,,,,,,,,,,,,,,,,,,,,,,,,,,,,,,,,,,,,,,,,,,,,,,,,,
d__Bacteria;p__Firmicutes_A;c__Clostridia_258483;o__Peptostreptococcales;f__Anaerovoracaceae;g__;s__,,,,,,,,,,,,,,,,,,,,,,,,,,,,,,,,,,,,,,,,,,,,,,,,,,,,,,,,,,,,,0.0036678738,,,,,,,,,,,,,,,,,,,,,,,,,,,0.0025883052,,,,,,,,,,,,,,,,,,,,,,,,,,,
d__Bacteria;p__Firmicutes_A;c__Clostridia_258483;o__Lachnospirales;f__Lachnospiraceae;g__Sellimonas;s__,,,,,,,,,,,,,,,,,,,,,,,,,,,,,,,,,,,,,,,,,,,,,,,,,,,,,,,,,,,,,0.0034209322,,,,,,,,,,,,,,,,,,,,,,,,,,,,,,,,,,,,,,,,,,,,,,,,,,,,,,
d__Bacteria;p__Firmicutes_A;c__Clostridia_258483;o__Oscillospirales;f__Ruminococcaceae;g__Paludicola;s__Paludicola psychrotolerans,,,,,,,,,,,,,,,,,,,,,,,,,,,,,,,,,,,,,,,,,,,,,,,,,,,,,,,,,,,,,0.0032884935,,,,,,,,,,,,,,,,,,,,,,,,,,,,,,,,,,,,,,,,,,,,,,,,,,,,,,
d__Bacteria;p__Firmicutes_C;c__Negativicutes;o__Acidaminococcales;f__Acidaminococcaceae;g__Phascolarctobacterium_A;s__Phascolarctobacterium_A succinatutens,,,,,,,,,,,,,,,,,,,,,,,,,,,,,,,,,,,,,,,,,,,,,,,,,,,,,,,,,,,,,0.0032642782,,,,,,,,,,,,,,,,,,,,,,,,,,,,,,,,,,,,,,,,,,,,,,,,,,,,,,
d__Bacteria;p__Actinobacteriota;c__Coriobacteriia;o__Coriobacteriales;f__Eggerthellaceae;g__Slackia_A;s__Slackia_A isoflavoniconvertens,,,,,,,,,,,,,,,,,,,,,,,,,,,,,,,,,,,,,,,,,,,,,,,,,,,,,,,,,,,,,0.0031358795,,,,,,,,,,,,,,,,,,,,,,,,,,,,,,,,,,,,,,,,,,,,,,,,,,,,,,
d__Bacteria;p__Firmicutes_A;c__Clostridia_258483;o__Christensenellales;f__CAG-138;g__PeH17;s__PeH17 sp900542285,,,,,,,,,,,,,,,,,,,,,,,,,,,,,,,,,,,,,,,,,,,,,,,,,,,,,,,,,,,,,0.0029518213,,,,,,,,,,,,,,,,,,,,,,,0.002930486,,,,,,,,,,,,,,,,,,,0.001419467,,,,,,,,,,,,
d__Bacteria;p__Firmicutes_A;c__Clostridia_258483;o__Oscillospirales;f__CAG-272;g__RUG13077;s__RUG13077 sp902785485,,,,,,,,,,,,,,,,,,,,,,,,,,,,,,,,,,,,,,,,,,,,,,,,,,,,,,,,,,,,,,0.0029878276,,,,,,,,,,,,,,,,,,,,,,,,,,,0.0027632988,,,,,,,,,,,,,,,,,,,,,,,,,,
d__Bacteria;p__Bacteroidota;c__Bacteroidia;o__Bacteroidales;f__Bacteroidaceae;g__Prevotella;s__Prevotella sp003447235,,,,,,,,,,,,,,,,,,,,,,,,,,,,,,,,,,,,,,,,,,,,,,,,,,,,,,,,,,,,,,0.002879261,0.0029726727,0.003578118,0.002972682,,,,,,,,,,,,,,,,,,,,,,,,,,,,,,,,,,,,,,,,,,,,,,,,,,
d__Bacteria;p__Synergistota;c__Synergistia;o__Synergistales;f__Synergistaceae;g__Cloacibacillus;s__Cloacibacillus evryensis,,,,,,,,,,,,,,,,,,,,,,,,,,,,,,,,,,,,,,,,,,,,,,,,,,,,,,,,,,,,,,,0.0030463892,0.003058868,,,,0.0027632427,,,,,,,,,,,,,,,,,,,,,,,,,,,,,,,,,,,,,,,,,,,,,,,
d__Bacteria;p__Firmicutes_A;c__Clostridia_258483;o__Christensenellales;f__CAG-552;g__;s__,,,,,,,,,,,,,,,,,,,,,,,,,,,,,,,,,,,,,,,,,,,,,,,,,,,,,,,,,,,,,,,0.0029369784,,,,,,,,,,,,,,,,,,,,,,,,,,,,,,,,,,,,,,,,,,,,,,,,,,,,
d__Bacteria;p__Firmicutes_D;c__Bacilli;o__Lactobacillales;f__Streptococcaceae;g__Streptococcus;s__Streptococcus anginosus,,,,,,,,,,,,,,,,,,,,,,,,,,,,,,,,,,,,,,,,,,,,,,,,,,,,,,,,,,,,,,,,0.0031367517,,,,,,,,,,,,,,,,,,,,,,,,,,,,,,,,,,,,,,,,,,,,,,,,,,,
d__Bacteria;p__Firmicutes_A;c__Clostridia_258483;o__Oscillospirales;f__Oscillospiraceae_88309;g__Lawsonibacter;s__Lawsonibacter sp014287875,,,,,,,,,,,,,,,,,,,,,,,,,,,,,,,,,,,,,,,,,,,,,,,,,,,,,,,,,,,,,,,,0.0028503248,,,,,,,,,,,,,,,,,,,,,,,,,,,,,,,,,,,,,,,,,,,,,,,,,,,
d__Bacteria;p__Firmicutes_G;c__SHA-98;o__DTU014;f__DTU014;g__DTU014;s__,,,,,,,,,,,,,,,,,,,,,,,,,,,,,,,,,,,,,,,,,,,,,,,,,,,,,,,,,,,,,,,,,0.001426654,,,,,,,,,,,,,,,,,,,,,,,,,,,,,,,,,,,,,,,,,,,,,,,,,,
d__Bacteria;p__Cyanobacteria;c__Vampirovibrionia;o__Gastranaerophilales;f__Gastranaerophilaceae;g__Limenecus;s__,,,,,,,,,,,,,,,,,,,,,,,,,,,,,,,,,,,,,,,,,,,,,,,,,,,,,,,,,,,,,,,,,,0.003026479,,,,,,,,,,,,,,,,,,,,,,,,,,,,,,,,,,,,,,,,,,,,,,,,,
d__Bacteria;p__Actinobacteriota;c__Actinomycetia;o__Mycobacteriales;f__Mycobacteriaceae;g__Corynebacterium;s__,,,,,,,,,,,,,,,,,,,,,,,,,,,,,,,,,,,,,,,,,,,,,,,,,,,,,,,,,,,,,,,,,,0.0029683209,,,,,,,,,,,,,,,,,,,,,,,,,,,,,,,,,,,,,,,,,,,,,,,,,
d__Bacteria;p__Firmicutes_A;c__Clostridia_258483;o__Oscillospirales;f__Acutalibacteraceae;g__Caproiciproducens;s__,,,,,,,,,,,,,,,,,,,,,,,,,,,,,,,,,,,,,,,,,,,,,,,,,,,,,,,,,,,,,,,,,,0.002850297,,,,,,,,,,,,,,,,,,,,,,,,,,,,,,,,,,,,,,,,,,,,,,,,,
d__Bacteria;p__Bacteroidota;c__Bacteroidia;o__Bacteroidales;f__Coprobacteraceae;g__Coprobacter;s__Coprobacter secundus,,,,,,,,,,,,,,,,,,,,,,,,,,,,,,,,,,,,,,,,,,,,,,,,,,,,,,,,,,,,,,,,,,0.0027074863,,,,,,,,,,,,,,,,,,,,,,,,,,,,,,,,,,,,,,,,,,,,,,,,,
d__Bacteria;p__Actinobacteriota;c__Actinomycetia;o__Actinomycetales;f__Micrococcaceae;g__Arthrobacter_G_385896;s__Arthrobacter russicus,,,,,,,,,,,,,,,,,,,,,,,,,,,,,,,,,,,,,,,,,,,,,,,,,,,,,,,,,,,,,,,,,,0.0026419354,,,,,,,,,,,,,,,,,,,,,,,,,,,,,,,,,0.0030656485,,,,,,,,,,,,,,,,
d__Bacteria;p__Actinobacteriota;c__Coriobacteriia;o__Coriobacteriales;f__Coriobacteriaceae;g__Collinsella;s__Collinsella ihuae,,,,,,,,,,,,,,,,,,,,,,,,,,,,,,,,,,,,,,,,,,,,,,,,,,,,,,,,,,,,,,,,,,0.0026152171,,,,,,,,,,,,,,,,,,,,,,,,,,,,,,,,,,,,,,,,,,,,,,,,,
d__Bacteria;p__Actinobacteriota;c__Coriobacteriia;o__Coriobacteriales;f__Eggerthellaceae;g__Berryella;s__,,,,,,,,,,,,,,,,,,,,,,,,,,,,,,,,,,,,,,,,,,,,,,,,,,,,,,,,,,,,,,,,,,0.002532045,,0.0031533828,,,,,,,,,,,,,,,,,,,,,,,,,,,,0.003081867,,,,,,,,,,,,,,,,,,,
d__Bacteria;p__Actinobacteriota;c__Actinomycetia;o__Mycobacteriales;f__Mycobacteriaceae;g__Corynebacterium;s__Corynebacterium stationis,,,,,,,,,,,,,,,,,,,,,,,,,,,,,,,,,,,,,,,,,,,,,,,,,,,,,,,,,,,,,,,,,,0.002530071,,,,,,,,,,,,,,,,,,,,,,,,,,,,,,,,,,,,,,,,,,,,,,,,,
d__Bacteria;p__Bacteroidota;c__Bacteroidia;o__Bacteroidales;f__Tannerellaceae;g__Parabacteroides_B_862066;s__Parabacteroides_B_862066 sp002159645,,,,,,,,,,,,,,,,,,,,,,,,,,,,,,,,,,,,,,,,,,,,,,,,,,,,,,,,,,,,,,,,,,0.002515239,,,,,,,,,,,,,,,,,,,,,,,,,,,,,,,,,,,,,,,,,,,,,,,,,
d__Bacteria;p__Bacteroidota;c__Bacteroidia;o__Bacteroidales;f__Bacteroidaceae;g__Prevotella;s__Prevotella rara,,,,,,,,,,,,,,,,,,,,,,,,,,,,,,,,,,,,,,,,,,,,,,,,,,,,,,,,,,,,,,,,,,0.0025130105,,,,,,,,,,,,,,,,,,,,,,,,,,,,,,,,,,,,,,,,,,,,,,,,,
d__Bacteria;p__Firmicutes_A;c__Clostridia_258483;o__Peptostreptococcales;f__Anaerovoracaceae;g__Eubacterium_N;s__,,,,,,,,,,,,,,,,,,,,,,,,,,,,,,,,,,,,,,,,,,,,,,,,,,,,,,,,,,,,,,,,,,0.0024966085,,,,,,,,,,,,,,,,,,,,,,,,,,,,,,,,,,,,,,,,,,,,,,,,,
d__Bacteria;p__Firmicutes_A;c__Clostridia_258483;o__Oscillospirales;f__Oscillospiraceae_88309;g__Enterenecus;s__Enterenecus sp004560375,,,,,,,,,,,,,,,,,,,,,,,,,,,,,,,,,,,,,,,,,,,,,,,,,,,,,,,,,,,,,,,,,,0.002479602,,,,,,,,,,,,,,,,,,,,,,,,,,,,,,,,,,,,,,,,,,,,,,,,,
d__Bacteria;p__Proteobacteria;c__Gammaproteobacteria;o__Enterobacterales_A_737866;f__Enterobacteriaceae_A;g__Serratia_A;s__Serratia_A fonticola,,,,,,,,,,,,,,,,,,,,,,,,,,,,,,,,,,,,,,,,,,,,,,,,,,,,,,,,,,,,,,,,,,0.0012196127,,0.003531923,,,,,,,,,,,,,,,,,,,,,,,,,,,,,,,,,,,,,,,,,,,,,,,
d__Bacteria;p__Firmicutes_D;c__Bacilli;o__RFN20;f__CAG-288;g__CAG-288;s__CAG-288 sp000437395,,,,,,,,,,,,,,,,,,,,,,,,,,,,,,,,,,,,,,,,,,,,,,,,,,,,,,,,,,,,,,,,,,,0.0028232893,,,,,,,,,,,,,,,,,,,,,,,,,,,,,,,,,,,,,,,,,,,,,,,,
d__Bacteria;p__Firmicutes_C;c__Negativicutes;o__Selenomonadales;f__Selenomonadaceae_42771;g__Megamonas;s__Megamonas funiformis,,,,,,,,,,,,,,,,,,,,,,,,,,,,,,,,,,,,,,,,,,,,,,,,,,,,,,,,,,,,,,,,,,,0.0026826002,,,,,,,,,,,,,,,,,,,,,,,,,,,,,,,,,,,,,,,,,,,,,,,,
d__Bacteria;p__Firmicutes_A;c__Clostridia_258483;o__Lachnospirales;f__Lachnospiraceae;g__Lactonifactor;s__Lactonifactor longoviformis,,,,,,,,,,,,,,,,,,,,,,,,,,,,,,,,,,,,,,,,,,,,,,,,,,,,,,,,,,,,,,,,,,,0.0026012794,,,,,,,,,,,,,,,,,,,,,,,,,,,,,,,,,,,,,,,,,,,,,,,,
d__Bacteria;p__Actinobacteriota;c__Coriobacteriia;o__Coriobacteriales;f__Coriobacteriaceae;g__Enorma;s__Enorma sp000333815,,,,,,,,,,,,,,,,,,,,,,,,,,,,,,,,,,,,,,,,,,,,,,,,,,,,,,,,,,,,,,,,,,,0.002600032,,,,,,,,,,,,,,,,,,,,,,,,,,,,,,,,,,,,,,,,,,,,,,,,
d__Bacteria;p__Firmicutes_A;c__Clostridia_258483;o__Clostridiales;f__Clostridiaceae_222000;g__Clostridium_P;s__Clostridium_P perfringens,,,,,,,,,,,,,,,,,,,,,,,,,,,,,,,,,,,,,,,,,,,,,,,,,,,,,,,,,,,,,,,,,,,0.0025584637,,,,,,,,,,,,,,,,,,,,,,,,,,,,,,,,,,,,,,,,,,,,,,,,
d__Bacteria;p__Bacteroidota;c__Bacteroidia;o__Bacteroidales;f__UBA932;g__Cryptobacteroides;s__,,,,,,,,,,,,,,,,,,,,,,,,,,,,,,,,,,,,,,,,,,,,,,,,,,,,,,,,,,,,,,,,,,,0.002539,,,,,,,,,,,,,,,,,,,,,,,,,,,,,,,,,,,,,,,,,,,,,0.002781406,,,
d__Bacteria;p__Firmicutes_C;c__Negativicutes;o__Acidaminococcales;f__Acidaminococcaceae;g__Acidaminococcus;s__Acidaminococcus intestini,,,,,,,,,,,,,,,,,,,,,,,,,,,,,,,,,,,,,,,,,,,,,,,,,,,,,,,,,,,,,,,,,,,0.002531053,,,,,,,,,,,,,,,,,,,,,,,,,,,0.0026789028,,,,,,,,,,,,,,,,,,,,,
d__Bacteria;p__Firmicutes_A;c__Clostridia_258483;o__Oscillospirales;f__CAG-382;g__SFLA01;s__SFLA01 sp004553575,,,,,,,,,,,,,,,,,,,,,,,,,,,,,,,,,,,,,,,,,,,,,,,,,,,,,,,,,,,,,,,,,,,0.0024026502,,,,,,,,,,,,,,,0.003135488,,,,,,,,,,,,,,,,,,,,,,0.0027017076,,,,,,,,,,,
d__Bacteria;p__Proteobacteria;c__Gammaproteobacteria;o__Enterobacterales_A_737866;f__Enterobacteriaceae_A;g__Hafnia;s__Hafnia proteus,,,,,,,,,,,,,,,,,,,,,,,,,,,,,,,,,,,,,,,,,,,,,,,,,,,,,,,,,,,,,,,,,,,,0.0029669919,,,,,,,,,,,,,,,,,,,,,,,,,,,,,,,,,,,,,,,,,,,,,,,
d__Bacteria;p__Bacteroidota;c__Bacteroidia;o__Bacteroidales;f__Bacteroidaceae;g__Alloprevotella;s__,,,,,,,,,,,,,,,,,,,,,,,,,,,,,,,,,,,,,,,,,,,,,,,,,,,,,,,,,,,,,,,,,,,,0.0029056543,,,,,,,,,,,,,,,,,,,,,,,,,,,,,,,,,,,,,,,,,,,,,,,
d__Bacteria;p__Firmicutes_C;c__Negativicutes;o__Veillonellales;f__Megasphaeraceae;g__Megasphaera_A_38685;s__Megasphaera_A_38685 elsdenii,,,,,,,,,,,,,,,,,,,,,,,,,,,,,,,,,,,,,,,,,,,,,,,,,,,,,,,,,,,,,,,,,,,,0.002847053,,,,,,,,,,,,,,,,,,,,,,,,,,,,,,,,,,,,,,,,,,,,,,,
d__Bacteria;p__Firmicutes_A;c__Clostridia_258483;o__Christensenellales;f__CAG-917;g__CAG-349;s__CAG-349 sp003539515,,,,,,,,,,,,,,,,,,,,,,,,,,,,,,,,,,,,,,,,,,,,,,,,,,,,,,,,,,,,,,,,,,,,0.0028376696,,,,,,,,,,,,,,,,,,,,,,,,,,,,,,,,,,,,,,,,,,,,,,,
d__Bacteria;p__Actinobacteriota;c__Coriobacteriia;o__Coriobacteriales;f__Atopobiaceae;g__NM07-P-09;s__NM07-P-09 sp004793665,,,,,,,,,,,,,,,,,,,,,,,,,,,,,,,,,,,,,,,,,,,,,,,,,,,,,,,,,,,,,,,,,,,,0.0026803182,,,,,,,,,,,,,,,,,,,,,,,,,,,,,,,,,,,,,,,,,,,,,,,
d__Bacteria;p__Firmicutes_A;c__Clostridia_258483;o__Oscillospirales;f__Acutalibacteraceae;g__CAG-488;s__CAG-488 sp002449395,,,,,,,,,,,,,,,,,,,,,,,,,,,,,,,,,,,,,,,,,,,,,,,,,,,,,,,,,,,,,,,,,,,,0.0026430883,,,,,,,,,,,,,,,,,,,,,,,,,,,,,,,,,,,,,,,,,,,,,,,
d__Bacteria;p__Desulfobacterota_I;c__Desulfovibrionia;o__Desulfovibrionales;f__Desulfovibrionaceae;g__Desulfovibrio_R_446353;s__Desulfovibrio_R_446353 fairfieldensis,,,,,,,,,,,,,,,,,,,,,,,,,,,,,,,,,,,,,,,,,,,,,,,,,,,,,,,,,,,,,,,,,,,,0.0025056417,,,,,,,,,,,,,,,,,,,,,,,,,,,,,,,,,,,,,,,,,,,,,,,
d__Bacteria;p__Firmicutes_A;c__Clostridia_258483;o__Oscillospirales;f__Ruminococcaceae;g__Ruminococcus_C_59129;s__,,,,,,,,,,,,,,,,,,,,,,,,,,,,,,,,,,,,,,,,,,,,,,,,,,,,,,,,,,,,,,,,,,,,,0.0028533093,0.001380597,,,,,,,,,,,,,,,0.002844459,,,,,,,,,,,,,,,,,,,,,,,,,,,,,,
d__Bacteria;p__Cyanobacteria;c__Vampirovibrionia;o__Gastranaerophilales;f__Gastranaerophilaceae;g__UBA2813;s__UBA2813 sp900319365,,,,,,,,,,,,,,,,,,,,,,,,,,,,,,,,,,,,,,,,,,,,,,,,,,,,,,,,,,,,,,,,,,,,,,0.003088647,,,,,,,,,,,,,,,,,,,,,,,,,,,,,,,,,,,,,,,,,,,,,
d__Bacteria;p__Firmicutes_A;c__Clostridia_258483;o__Christensenellales;f__CAG-138;g__PeH17;s__PeH17 sp000435055,,,,,,,,,,,,,,,,,,,,,,,,,,,,,,,,,,,,,,,,,,,,,,,,,,,,,,,,,,,,,,,,,,,,,,,0.002764612,0.0030463906,,,,,,,,,,,0.0028454897,,,,0.0026572496,,,0.002820063,,,,,,,,,,,,,,,,,,,,,,,,,
d__Bacteria;p__Firmicutes_A;c__Clostridia_258483;o__Oscillospirales;f__Ruminococcaceae;g__Faecalibacterium;s__Faecalibacterium prausnitzii_C_71351,,,,,,,,,,,,,,,,,,,,,,,,,,,,,,,,,,,,,,,,,,,,,,,,,,,,,,,,,,,,,,,,,,,,,,,0.001300876,0.0027978662,,0.0027292012,,,,,,,,,,,,,,,,,,,,,,,,,,,,,,,,,,,,,,,,,
d__Bacteria;p__Firmicutes_D;c__Bacilli;o__Erysipelotrichales;f__Coprobacillaceae;g__Faecalibacillus;s__Faecalibacillus intestinalis,,,,,,,,,,,,,,,,,,,,,,,,,,,,,,,,,,,,,,,,,,,,,,,,,,,,,,,,,,,,,,,,,,,,,,,,0.0027123673,,,0.0027291593,,,,,,,,,,,,,,,,,,,,,,,,,,,,,,,,,,,,,,,,
d__Bacteria;p__Firmicutes_A;c__Clostridia_258483;o__Christensenellales;f__CAG-917;g__CAG-475;s__CAG-475 sp900548005,,,,,,,,,,,,,,,,,,,,,,,,,,,,,,,,,,,,,,,,,,,,,,,,,,,,,,,,,,,,,,,,,,,,,,,,,0.0028130503,,,,,,,,,,,,,,,,,,,,,,,,,,,,,,,,,,,,,,,,,,
d__Bacteria;p__Firmicutes_C;c__Negativicutes;o__Veillonellales;f__Dialisteraceae;g__Dialister;s__Dialister invisus,,,,,,,,,,,,,,,,,,,,,,,,,,,,,,,,,,,,,,,,,,,,,,,,,,,,,,,,,,,,,,,,,,,,,,,,,0.0027574804,,,,,,,,,,,,,,,,,,,,,,,,,,,,,,,,,,,,,,,,,,
d__Bacteria;p__Patescibacteria;c__Saccharimonadia;o__Saccharimonadales;f__Nanosynbacteraceae;g__Nanosynbacter;s__,,,,,,,,,,,,,,,,,,,,,,,,,,,,,,,,,,,,,,,,,,,,,,,,,,,,,,,,,,,,,,,,,,,,,,,,,0.0026817038,,,,0.0013457371,0.003151949,,,,,,,,,,,,,,,,,,,,,,,,,,,,,,,,,,,,,
d__Bacteria;p__Verrucomicrobiota;c__Verrucomicrobiae;o__Opitutales;f__CAG-312;g__QALA01;s__QALA01 sp003343565,,,,,,,,,,,,,,,,,,,,,,,,,,,,,,,,,,,,,,,,,,,,,,,,,,,,,,,,,,,,,,,,,,,,,,,,,,0.0027670637,,,,,,,0.0028522764,,,,,,,,0.002682201,,,,,,,,,0.002820912,,,,,0.0029687865,,,,,,,,,,,,
d__Bacteria;p__Firmicutes_A;c__Clostridia_258483;o__Lachnospirales;f__Lachnospiraceae;g__Mediterraneibacter_A_155507;s__Mediterraneibacter_A_155507 lactaris,,,,,,,,,,,,,,,,,,,,,,,,,,,,,,,,,,,,,,,,,,,,,,,,,,,,,,,,,,,,,,,,,,,,,,,,,,0.0027410295,,,,,,,,,,,,,,,,,,,,,,,,,,,,,,,,,,,,,,,,,
d__Bacteria;p__Bacteroidota;c__Bacteroidia;o__Bacteroidales;f__UBA11471;g__UBA11471;s__,,,,,,,,,,,,,,,,,,,,,,,,,,,,,,,,,,,,,,,,,,,,,,,,,,,,,,,,,,,,,,,,,,,,,,,,,,0.0026573655,,,0.003009914,,,,,,,,,,,,,,,,,,,,,,,,,,,,,,,,,,,,,0.002855008,
d__Bacteria;p__Firmicutes_D;c__Bacilli;o__Lactobacillales;f__Lactobacillaceae;g__Lactobacillus;s__Lactobacillus crispatus,,,,,,,,,,,,,,,,,,,,,,,,,,,,,,,,,,,,,,,,,,,,,,,,,,,,,,,,,,,,,,,,,,,,,,,,,,,0.0013107012,0.0026855976,,,,,0.003076425,,,,,,,,,,,,,,,,,,,,,,,,,,,,,,,,,,
d__Bacteria;p__Proteobacteria;c__Gammaproteobacteria;o__Burkholderiales_592524;f__Burkholderiaceae_A_574938;g__Oxalobacter_566322;s__Oxalobacter formigenes_B,,,,,,,,,,,,,,,,,,,,,,,,,,,,,,,,,,,,,,,,,,,,,,,,,,,,,,,,,,,,,,,,,,,,,,,,,,,,0.0028622719,,,,,,,,,,,,,,,,,,,,,,,,,,0.003119947,,,,0.003329091,,,,,,,,,
d__Bacteria;p__Verrucomicrobiota;c__Lentisphaeria;o__Victivallales;f__UBA1829;g__UBA11452;s__,,,,,,,,,,,,,,,,,,,,,,,,,,,,,,,,,,,,,,,,,,,,,,,,,,,,,,,,,,,,,,,,,,,,,,,,,,,,0.0028411476,,,,,,,,,,,,,,,,,,,,,,,,,,,,,,,,,,,,,,,
d__Bacteria;p__Bacteroidota;c__Bacteroidia;o__Bacteroidales;f__Bacteroidaceae;g__Prevotella;s__Prevotella stercorea,,,,,,,,,,,,,,,,,,,,,,,,,,,,,,,,,,,,,,,,,,,,,,,,,,,,,,,,,,,,,,,,,,,,,,,,,,,,0.0027339198,,,,,,,,,,,,,,,,0.0028904865,,,,,,,,,,,,,,,,,,,,,,,
d__Bacteria;p__Firmicutes_D;c__Bacilli;o__Erysipelotrichales;f__Erysipelotrichaceae;g__Holdemania;s__Holdemania massiliensis,,,,,,,,,,,,,,,,,,,,,,,,,,,,,,,,,,,,,,,,,,,,,,,,,,,,,,,,,,,,,,,,,,,,,,,,,,,,,0.0029986943,,,,,,,,,,,,,,0.0029550358,,,,,,,,,,,,,,,,,,,,,,,0.0033136664,
d__Bacteria;p__Firmicutes_A;c__Clostridia_258483;o__Oscillospirales;f__Oscillospiraceae_88309;g__Evtepia;s__Evtepia gabavorous,,,,,,,,,,,,,,,,,,,,,,,,,,,,,,,,,,,,,,,,,,,,,,,,,,,,,,,,,,,,,,,,,,,,,,,,,,,,,0.0028520843,,,,,,,,,,,,,,,,,,,,,,,,,,,,,,,,,,,,,,
d__Bacteria;p__Actinobacteriota;c__Coriobacteriia;o__Coriobacteriales;f__Coriobacteriaceae;g__Collinsella;s__Collinsella bouchesdurhonensis,,,,,,,,,,,,,,,,,,,,,,,,,,,,,,,,,,,,,,,,,,,,,,,,,,,,,,,,,,,,,,,,,,,,,,,,,,,,,0.0028471146,,,,,,,,,,,,,,,,,,,,,,,,,,,,,,,,,,,,,,
d__Bacteria;p__Firmicutes_A;c__Clostridia_258483;o__Oscillospirales;f__Oscillospiraceae_88309;g__WRMH01;s__,,,,,,,,,,,,,,,,,,,,,,,,,,,,,,,,,,,,,,,,,,,,,,,,,,,,,,,,,,,,,,,,,,,,,,,,,,,,,0.0027832473,,,,,,,,,,,,,,,,,,,,,,,,,,,,,,,,,,,,,,
d__Bacteria;p__Verrucomicrobiota;c__Verrucomicrobiae;o__Opitutales;f__CAG-312;g__QALA01;s__,,,,,,,,,,,,,,,,,,,,,,,,,,,,,,,,,,,,,,,,,,,,,,,,,,,,,,,,,,,,,,,,,,,,,,,,,,,,,0.0027307626,,,,,,,,,,,,,,,,,,,,,,,,,,,,,,,,,,,,,,
d__Bacteria;p__Firmicutes_A;c__Clostridia_258483;o__Oscillospirales;f__CAG-272;g__RUG13077;s__,,,,,,,,,,,,,,,,,,,,,,,,,,,,,,,,,,,,,,,,,,,,,,,,,,,,,,,,,,,,,,,,,,,,,,,,,,,,,,0.0034899102,0.0013226983,,,,,,0.0028431192,,,,,,,,,,,,,,,,,,0.0038052364,,,,,,,,,,,,
d__Bacteria;p__Firmicutes_A;c__Clostridia_258483;o__Lachnospirales;f__Lachnospiraceae;g__Dorea_A;s__Dorea_A formicigenerans,,,,,,,,,,,,,,,,,,,,,,,,,,,,,,,,,,,,,,,,,,,,,,,,,,,,,,,,,,,,,,,,,,,,,,,,,,,,,,,0.002903596,,,,,,,,,,,,,,,,,,,,,,,,,,,,,,,,,,,,
d__Bacteria;p__Actinobacteriota;c__Coriobacteriia;o__Coriobacteriales;f__Atopobiaceae;g__UBA1367;s__,,,,,,,,,,,,,,,,,,,,,,,,,,,,,,,,,,,,,,,,,,,,,,,,,,,,,,,,,,,,,,,,,,,,,,,,,,,,,,,,0.0029365118,,,,,,,,,,,,,,,,,,,,,,,,,,,,,,,,,,,
d__Bacteria;p__Bacteroidota;c__Bacteroidia;o__Bacteroidales;f__Coprobacteraceae;g__Coprobacter;s__Coprobacter fastidiosus,,,,,,,,,,,,,,,,,,,,,,,,,,,,,,,,,,,,,,,,,,,,,,,,,,,,,,,,,,,,,,,,,,,,,,,,,,,,,,,,,,0.003192685,,,,0.0031005207,,,,,,,,,,,,,,,,,,,,,,,,,,,,,
d__Bacteria;p__Firmicutes_A;c__Clostridia_258483;o__Oscillospirales;f__Acutalibacteraceae;g__CAG-217;s__CAG-217 sp000436335,,,,,,,,,,,,,,,,,,,,,,,,,,,,,,,,,,,,,,,,,,,,,,,,,,,,,,,,,,,,,,,,,,,,,,,,,,,,,,,,,,0.0029120953,,,,,,,,,,,,,,,,,,,,,,,,,,,,,,,,,
d__Bacteria;p__Firmicutes_A;c__Clostridia_258483;o__Oscillospirales;f__Ruminococcaceae;g__Harryflintia;s__Harryflintia acetispora,,,,,,,,,,,,,,,,,,,,,,,,,,,,,,,,,,,,,,,,,,,,,,,,,,,,,,,,,,,,,,,,,,,,,,,,,,,,,,,,,,,0.0026920543,,,,,,,,,,,,,,,,,,,,,,,,,,,,,,,,
d__Bacteria;p__Firmicutes_D;c__Bacilli;o__RF39;f__UBA660;g__;s__,,,,,,,,,,,,,,,,,,,,,,,,,,,,,,,,,,,,,,,,,,,,,,,,,,,,,,,,,,,,,,,,,,,,,,,,,,,,,,,,,,,,0.0027222666,,,,,,,,,,,,,,,,,,,,,,,,,,,,,,,
d__Bacteria;p__Bacteroidota;c__Bacteroidia;o__Bacteroidales;f__Bacteroidaceae;g__Bacteroides_H;s__Bacteroides_H nordii,,,,,,,,,,,,,,,,,,,,,,,,,,,,,,,,,,,,,,,,,,,,,,,,,,,,,,,,,,,,,,,,,,,,,,,,,,,,,,,,,,,,0.0026815366,,,,,,,,,,0.002752516,,,,,,,,,,,,,,,,,,,,,
d__Bacteria;p__Firmicutes_D;c__Bacilli;o__Erysipelotrichales;f__Erysipelotrichaceae;g__Holdemania;s__Holdemania sp900120005,,,,,,,,,,,,,,,,,,,,,,,,,,,,,,,,,,,,,,,,,,,,,,,,,,,,,,,,,,,,,,,,,,,,,,,,,,,,,,,,,,,,,0.0029360834,,,,,,,,,,,,,,0.0027945514,,,,,,,,,,,,,,,,
d__Bacteria;p__Bacteroidota;c__Bacteroidia;o__Bacteroidales;f__Tannerellaceae;g__Parabacteroides_B_862066;s__Parabacteroides_B_862066 goldsteinii,,,,,,,,,,,,,,,,,,,,,,,,,,,,,,,,,,,,,,,,,,,,,,,,,,,,,,,,,,,,,,,,,,,,,,,,,,,,,,,,,,,,,0.0027662423,,,,,,,,,,,,,,,,,,,,,,,,,,,,,,
d__Bacteria;p__Firmicutes_A;c__Clostridia_258483;o__Lachnospirales;f__Lachnospiraceae;g__Coprococcus_A_187866;s__Coprococcus_A_187866 catus,,,,,,,,,,,,,,,,,,,,,,,,,,,,,,,,,,,,,,,,,,,,,,,,,,,,,,,,,,,,,,,,,,,,,,,,,,,,,,,,,,,,,,,0.0026842947,,,,,,,,,,,,,,,,,,,,,,,,,,,,
d__Bacteria;p__Proteobacteria;c__Gammaproteobacteria;o__Enterobacterales_A_737866;f__Enterobacteriaceae_A;g__Citrobacter_A_692098;s__Citrobacter_A_692098 gillenii,,,,,,,,,,,,,,,,,,,,,,,,,,,,,,,,,,,,,,,,,,,,,,,,,,,,,,,,,,,,,,,,,,,,,,,,,,,,,,,,,,,,,,,,0.002702509,,,,,,,,0.0027025496,,,,,,,,,,,,,,,,,,,
d__Bacteria;p__Firmicutes_A;c__Clostridia_258483;o__Oscillospirales;f__Ruminococcaceae;g__Ruminococcus_D;s__,,,,,,,,,,,,,,,,,,,,,,,,,,,,,,,,,,,,,,,,,,,,,,,,,,,,,,,,,,,,,,,,,,,,,,,,,,,,,,,,,,,,,,,,0.0026906384,,,,,,,,,,,,,,,,,,,,,,,,,,,
d__Bacteria;p__Actinobacteriota;c__Coriobacteriia;o__Coriobacteriales;f__Atopobiaceae;g__Paratractidigestivibacter;s__Paratractidigestivibacter faecalis,,,,,,,,,,,,,,,,,,,,,,,,,,,,,,,,,,,,,,,,,,,,,,,,,,,,,,,,,,,,,,,,,,,,,,,,,,,,,,,,,,,,,,,,0.0026364317,,,,,,,,,,,,,,,,,,,,,,,,,,,
d__Bacteria;p__Firmicutes_C;c__Negativicutes;o__Veillonellales;f__Dialisteraceae;g__Dialister;s__Dialister sp900543165,,,,,,,,,,,,,,,,,,,,,,,,,,,,,,,,,,,,,,,,,,,,,,,,,,,,,,,,,,,,,,,,,,,,,,,,,,,,,,,,,,,,,,,,,0.0027041985,,,,,,,,,,,,,,,,,,,,,,,,,,
d__Bacteria;p__Firmicutes_A;c__Clostridia_258483;o__Oscillospirales;f__Oscillospiraceae_88309;g__Enterenecus;s__,,,,,,,,,,,,,,,,,,,,,,,,,,,,,,,,,,,,,,,,,,,,,,,,,,,,,,,,,,,,,,,,,,,,,,,,,,,,,,,,,,,,,,,,,0.0013270638,,,,,,,,,,,,,,,,,,,,,,,,,,
d__Bacteria;p__Firmicutes_A;c__Clostridia_258483;o__Oscillospirales;f__Ruminococcaceae;g__Gemmiger_A_73129;s__,,,,,,,,,,,,,,,,,,,,,,,,,,,,,,,,,,,,,,,,,,,,,,,,,,,,,,,,,,,,,,,,,,,,,,,,,,,,,,,,,,,,,,,,,,0.002944835,,,,,,,,,,,,,0.002979211,,,,,,,,,,,,
d__Bacteria;p__Proteobacteria;c__Alphaproteobacteria;o__RF32;f__CAG-239;g__CAG-267;s__CAG-267 sp001917135,,,,,,,,,,,,,,,,,,,,,,,,,,,,,,,,,,,,,,,,,,,,,,,,,,,,,,,,,,,,,,,,,,,,,,,,,,,,,,,,,,,,,,,,,,,0.0027389256,,,,,,,,,,,,,,,,,,,,,,,,
d__Bacteria;p__Firmicutes_A;c__Clostridia_258483;o__Tissierellales;f__Peptoniphilaceae;g__Fenollaria;s__Fenollaria massiliensis,,,,,,,,,,,,,,,,,,,,,,,,,,,,,,,,,,,,,,,,,,,,,,,,,,,,,,,,,,,,,,,,,,,,,,,,,,,,,,,,,,,,,,,,,,,0.0027222326,,,,,,,,,,,,,,,,,,,,,,,,
d__Bacteria;p__Firmicutes_A;c__Clostridia_258483;o__Christensenellales;f__Christensenellaceae;g__Christensenella;s__Christensenella minuta,,,,,,,,,,,,,,,,,,,,,,,,,,,,,,,,,,,,,,,,,,,,,,,,,,,,,,,,,,,,,,,,,,,,,,,,,,,,,,,,,,,,,,,,,,,,0.002810295,,,,,,,,,,,,,,,,,,,,,,,
d__Bacteria;p__Firmicutes_A;c__Clostridia_258483;o__Lachnospirales;f__Lachnospiraceae;g__Lachnoclostridium_B;s__Lachnoclostridium_B sp900066555,,,,,,,,,,,,,,,,,,,,,,,,,,,,,,,,,,,,,,,,,,,,,,,,,,,,,,,,,,,,,,,,,,,,,,,,,,,,,,,,,,,,,,,,,,,,0.00277005,,,,,,,,,,,,,,,,,,,,,,,
d__Bacteria;p__Firmicutes_A;c__Clostridia_258483;o__Christensenellales;f__CAG-138;g__;s__,,,,,,,,,,,,,,,,,,,,,,,,,,,,,,,,,,,,,,,,,,,,,,,,,,,,,,,,,,,,,,,,,,,,,,,,,,,,,,,,,,,,,,,,,,,,,0.002945936,,,,,,,,,,,,,,,,,,,,,,
d__Bacteria;p__Firmicutes_D;c__Bacilli;o__Lactobacillales;f__Streptococcaceae;g__Streptococcus;s__Streptococcus oralis_E_350763,,,,,,,,,,,,,,,,,,,,,,,,,,,,,,,,,,,,,,,,,,,,,,,,,,,,,,,,,,,,,,,,,,,,,,,,,,,,,,,,,,,,,,,,,,,,,,,,0.0028729085,,,,,,,,,,,,,,,,,,,
d__Bacteria;p__Firmicutes_A;c__Clostridia_258483;o__Oscillospirales;f__Oscillospiraceae_88309;g__Pseudoflavonifractor_80958;s__,,,,,,,,,,,,,,,,,,,,,,,,,,,,,,,,,,,,,,,,,,,,,,,,,,,,,,,,,,,,,,,,,,,,,,,,,,,,,,,,,,,,,,,,,,,,,,,,,0.0028661473,,,,,,,,,,,,,,0.0027254429,,,,
d__Bacteria;p__Firmicutes_D;c__Bacilli;o__Erysipelotrichales;f__Erysipelotrichaceae;g__Longicatena;s__Longicatena caecimuris,,,,,,,,,,,,,,,,,,,,,,,,,,,,,,,,,,,,,,,,,,,,,,,,,,,,,,,,,,,,,,,,,,,,,,,,,,,,,,,,,,,,,,,,,,,,,,,,,0.0027738432,,,,,,,,,,,,,,,,0.002708062,,
d__Bacteria;p__Bacteroidota;c__Bacteroidia;o__Bacteroidales;f__Muribaculaceae;g__Duncaniella;s__,,,,,,,,,,,,,,,,,,,,,,,,,,,,,,,,,,,,,,,,,,,,,,,,,,,,,,,,,,,,,,,,,,,,,,,,,,,,,,,,,,,,,,,,,,,,,,,,,,0.002909773,,,,,,,,,,,,,,,,,
d__Bacteria;p__Firmicutes_A;c__Clostridia_258483;o__Lachnospirales;f__Lachnospiraceae;g__Fimimorpha;s__,,,,,,,,,,,,,,,,,,,,,,,,,,,,,,,,,,,,,,,,,,,,,,,,,,,,,,,,,,,,,,,,,,,,,,,,,,,,,,,,,,,,,,,,,,,,,,,,,,0.0028405462,,,,,,,,,,,,,,,,,
d__Bacteria;p__Actinobacteriota;c__Coriobacteriia;o__Coriobacteriales;f__;g__;s__,,,,,,,,,,,,,,,,,,,,,,,,,,,,,,,,,,,,,,,,,,,,,,,,,,,,,,,,,,,,,,,,,,,,,,,,,,,,,,,,,,,,,,,,,,,,,,,,,,,0.0027220934,,,,,,,,,,,,,,,,
d__Bacteria;p__Firmicutes_A;c__Clostridia_258483;o__Lachnospirales;f__Lachnospiraceae;g__Copromonas;s__Copromonas sp900066535,,,,,,,,,,,,,,,,,,,,,,,,,,,,,,,,,,,,,,,,,,,,,,,,,,,,,,,,,,,,,,,,,,,,,,,,,,,,,,,,,,,,,,,,,,,,,,,,,,,,0.002693307,,,,,,,,,,,,,,,
d__Bacteria;p__Firmicutes_A;c__Clostridia_258483;o__Lachnospirales;f__Lachnospiraceae;g__Anaerostipes;s__Anaerostipes hadrus,,,,,,,,,,,,,,,,,,,,,,,,,,,,,,,,,,,,,,,,,,,,,,,,,,,,,,,,,,,,,,,,,,,,,,,,,,,,,,,,,,,,,,,,,,,,,,,,,,,,,0.0031218133,,,,,,,,,,,,,,
d__Bacteria;p__Bacteroidota;c__Bacteroidia;o__Bacteroidales;f__Bacteroidaceae;g__Phocaeicola_A_858004;s__,,,,,,,,,,,,,,,,,,,,,,,,,,,,,,,,,,,,,,,,,,,,,,,,,,,,,,,,,,,,,,,,,,,,,,,,,,,,,,,,,,,,,,,,,,,,,,,,,,,,,0.0029214765,,,,,,,,,,,,,,
d__Bacteria;p__Bacteroidota;c__Bacteroidia;o__Bacteroidales;f__Tannerellaceae;g__Parabacteroides_B_862066;s__Parabacteroides_B_862066 johnsonii,,,,,,,,,,,,,,,,,,,,,,,,,,,,,,,,,,,,,,,,,,,,,,,,,,,,,,,,,,,,,,,,,,,,,,,,,,,,,,,,,,,,,,,,,,,,,,,,,,,,,0.0013520948,,,,,,,,,,,,,,
d__Bacteria;p__Firmicutes_A;c__Clostridia_258483;o__Oscillospirales;f__Ruminococcaceae;g__Angelakisella;s__Angelakisella massiliensis,,,,,,,,,,,,,,,,,,,,,,,,,,,,,,,,,,,,,,,,,,,,,,,,,,,,,,,,,,,,,,,,,,,,,,,,,,,,,,,,,,,,,,,,,,,,,,,,,,,,,,,0.0037760343,,,,,,,,,,,,
d__Bacteria;p__Firmicutes_A;c__Clostridia_258483;o__Oscillospirales;f__CAG-272;g__Avispirillum;s__,,,,,,,,,,,,,,,,,,,,,,,,,,,,,,,,,,,,,,,,,,,,,,,,,,,,,,,,,,,,,,,,,,,,,,,,,,,,,,,,,,,,,,,,,,,,,,,,,,,,,,,0.0028653522,,,,,,,,,,,,
d__Bacteria;p__Bacteroidota;c__Bacteroidia;o__Bacteroidales;f__Rikenellaceae;g__Alistipes_A_871400;s__Alistipes_A_871400 onderdonkii,,,,,,,,,,,,,,,,,,,,,,,,,,,,,,,,,,,,,,,,,,,,,,,,,,,,,,,,,,,,,,,,,,,,,,,,,,,,,,,,,,,,,,,,,,,,,,,,,,,,,,,,,,,0.0026889448,,,,,,,,
d__Bacteria;p__Firmicutes_A;c__Clostridia_258483;o__Lachnospirales;f__Lachnospiraceae;g__Coprococcus_A_121497;s__Coprococcus_A_121497 eutactus,,,,,,,,,,,,,,,,,,,,,,,,,,,,,,,,,,,,,,,,,,,,,,,,,,,,,,,,,,,,,,,,,,,,,,,,,,,,,,,,,,,,,,,,,,,,,,,,,,,,,,,,,,,,0.0027795956,,,,,,,
d__Bacteria;p__Firmicutes_A;c__Clostridia_258483;o__Lachnospirales;f__Lachnospiraceae;g__Eisenbergiella;s__Eisenbergiella tayi,,,,,,,,,,,,,,,,,,,,,,,,,,,,,,,,,,,,,,,,,,,,,,,,,,,,,,,,,,,,,,,,,,,,,,,,,,,,,,,,,,,,,,,,,,,,,,,,,,,,,,,,,,,,,,0.0028670414,,,,,
d__Bacteria;p__Firmicutes_A;c__Clostridia_258483;o__Oscillospirales;f__Ruminococcaceae;g__Gemmiger_A_73129;s__Gemmiger_A_73129 qucibialis,,,,,,,,,,,,,,,,,,,,,,,,,,,,,,,,,,,,,,,,,,,,,,,,,,,,,,,,,,,,,,,,,,,,,,,,,,,,,,,,,,,,,,,,,,,,,,,,,,,,,,,,,,,,,,,0.0030551497,,,,
d__Bacteria;p__Firmicutes_A;c__Clostridia_258483;o__TANB77;f__CAG-508;g__Merdicola;s__Merdicola sp900552655,,,,,,,,,,,,,,,,,,,,,,,,,,,,,,,,,,,,,,,,,,,,,,,,,,,,,,,,,,,,,,,,,,,,,,,,,,,,,,,,,,,,,,,,,,,,,,,,,,,,,,,,,,,,,,,0.0028072712,,,,
d__Bacteria;p__Firmicutes_A;c__Clostridia_258483;o__Lachnospirales;f__Lachnospiraceae;g__Choladousia;s__,,,,,,,,,,,,,,,,,,,,,,,,,,,,,,,,,,,,,,,,,,,,,,,,,,,,,,,,,,,,,,,,,,,,,,,,,,,,,,,,,,,,,,,,,,,,,,,,,,,,,,,,,,,,,,,,,,0.0030320953,
d__Bacteria;p__Proteobacteria;c__Gammaproteobacteria;o__Enterobacterales_A_737866;f__Enterobacteriaceae_A;g__Klebsiella_724518;s__Klebsiella granulomatis,,,,,,,,,,,,,,,,,,,,,,,,,,,,,,,,,,,,,,,,,,,,,,,,,,,,,,,,,,,,,,,,,,,,,,,,,,,,,,,,,,,,,,,,,,,,,,,,,,,,,,,,,,,,,,,,,,0.0027623293,
d__Bacteria;p__Actinobacteriota;c__Actinomycetia;o__Actinomycetales;f__Actinomycetaceae;g__Actinomyces;s__Actinomyces johnsonii,,,,,,,,,,,,,,,,,,,,,,,,,,,,,,,,,,,,,,,,,,,,,,,,,,,,,,,,,,,,,,,,,,,,,,,,,,,,,,,,,,,,,,,,,,,,,,,,,,,,,,,,,,,,,,,,,,,0.0027457643
