Feature	Intercept_mean	fiber_eaten_mean	Intercept_std	fiber_eaten_std	Intercept_hdi	fiber_eaten_hdi
7e9ed2c841e64976eace4b578ff56a26	-5.562090624999992	0.02358471743835001	0.4061594553862552	0.015704658633268018	(-6.32888, -4.80424)	(-0.00372234, 0.0551375)
a6099802840e60febef8e896967b7747	-6.870043509999995	-0.0025377016354099996	0.1160347095815726	0.004468794165860131	(-7.09865, -6.65703)	(-0.0108013, 0.00632144)
904ad13c7b8512200836d5cd9fb09e1b	-8.810160500000002	-0.004625004327255006	0.28088466410459284	0.010593718317869602	(-9.3588, -8.29214)	(-0.0241265, 0.0162857)
1aab913302590e21a7be28b1494a3320	-8.715862329999982	-0.015830316179899998	0.16126137981789399	0.006187737558397381	(-9.01094, -8.42795)	(-0.0273593, -0.00491564)
e644522cf6d7222c9da7f9ecf614cd89	-8.464860329999985	-0.011788376263500034	0.2397008717061562	0.009057541865923195	(-8.88267, -8.0214)	(-0.0280261, 0.00522632)
bad4f7c5ada34a1f813946abcfe5c556	-5.218059160000015	0.020482597734999972	0.11905811120328749	0.004640687594364377	(-5.44098, -4.99813)	(0.0121354, 0.0297766)
399bcf0feb12a20ca0731d8d65268dae	-5.7293067799999875	-0.02288617805050002	0.22536236526410433	0.008593039501992913	(-6.16408, -5.30598)	(-0.038276, -0.00614599)
32f7e6bfc42fe19c17f9459bd9be4b67	-7.243239070000007	0.0026419638986200015	0.2456358603452173	0.009380585522288494	(-7.71007, -6.80045)	(-0.0159056, 0.0199772)
c942f59feffce9c3ab527135de234101	-4.688663985000011	-0.021983545084999997	0.15837077390595067	0.006038934101968268	(-4.98716, -4.41442)	(-0.0333145, -0.0109282)
29bb5fa7f45e47bbabab8cc1b1b3d18e	-8.66386446500001	-0.0055260954512790054	0.2820559260097435	0.010523815166165993	(-9.20057, -8.15943)	(-0.0248005, 0.0138391)
7b2ff5940de11da4dc3bb208805dff11	-8.102793499999992	-0.011781336647000012	0.12953342222588732	0.004811546751993881	(-8.36633, -7.88933)	(-0.0206479, -0.00277755)
6c7fa77831ae630967a6fbfc8ee47901	-3.393763470000006	-0.0027240803048090003	0.08792708089638313	0.003375867293307364	(-3.552, -3.22379)	(-0.00891245, 0.00392184)
6c83fec6e8d03fad51eabc871853c991	-9.449083825000018	0.04063125720000007	0.3050321258381149	0.011675475729858215	(-9.98621, -8.82888)	(0.0181719, 0.061013)
23597fea41001255f06321d42aefd3bd	-8.699843219999995	0.01184985447271	0.20691906367304966	0.007885336904093654	(-9.08283, -8.30779)	(-0.00122808, 0.0282247)
ee02d6d3506da57909d5e603709a295f	-6.866129340000007	0.0041769813671299946	0.1320918219575475	0.005030521831275421	(-7.09959, -6.60943)	(-0.00525462, 0.0135455)
e6a34eb113dba66df0b8bbec907a8f5d	-5.207871079999986	-0.011832132646249972	0.13770705641045997	0.005182853796552057	(-5.45609, -4.93438)	(-0.022216, -0.0024766)
6c4de756c45fa6e7e5adfe196f9f0039	-5.746181635000002	0.011529696758749992	0.3328513054548185	0.012613296160937888	(-6.33395, -5.12281)	(-0.0134704, 0.0325553)
60c57911662a9159dfdd0fc05d975a55	-4.149592095000009	-0.004400789249658996	0.13206431653918096	0.005079002173291523	(-4.38634, -3.89545)	(-0.013301, 0.00580379)
1986030e3c5cd5df6d869054bc96e536	-9.257134019999993	0.05564066044999999	0.27752619824214725	0.010553654301283553	(-9.78416, -8.74416)	(0.0359202, 0.0752525)
ea3433f2c148c6fae4cc2e9ae197f5b8	-5.5021190399999815	0.011072746014499988	0.1781645660221986	0.006673008371582551	(-5.87096, -5.20334)	(-0.000576888, 0.0246016)
059c8f8bb468064b134ea6d3661761ea	-5.0451059800000015	0.005370495757114988	0.17575396021296258	0.006688833328620232	(-5.40162, -4.73468)	(-0.00738081, 0.0178996)
8a9f7499cdb85b8efa497bb56256cb43	-7.024575090000008	0.023686197274999946	0.11678241527726646	0.004463467937684643	(-7.24332, -6.80464)	(0.0154008, 0.032101)
8dccd839cf4868a3343e411c063932a6	-8.875997669999999	-0.011604854659950016	0.22469115056510594	0.00849349044701491	(-9.2827, -8.45978)	(-0.0273997, 0.00399351)
f402919ff0fe53fec5b6ef190f9e42b7	-6.944190580000018	-0.0004976004105400006	0.1390410371683972	0.0052328001786300146	(-7.20593, -6.70291)	(-0.0094927, 0.00969034)
f9382b37fc2cfd3cf606824a235802de	-9.766824589999995	0.00018928862183499988	0.2508102135147847	0.009570444802216407	(-10.2661, -9.34263)	(-0.0175209, 0.0174811)
1664c7d0b9dec6e07df8542c0c4049c7	-8.69817315500001	0.008468980833945016	0.1836076378776111	0.006946794026567725	(-9.07454, -8.37455)	(-0.00627991, 0.0204919)
3e5f388f7ad4f160c2a1cdd1441d00c0	-6.492495724999997	-0.0020872110606999983	0.1283307927053144	0.004923129856244994	(-6.74082, -6.26667)	(-0.0107558, 0.0074274)
f5706d9ec821f971e4c08ee992995b40	-7.7350403899999955	-0.006699733196729981	0.24124949240992782	0.009244060644755837	(-8.22427, -7.29454)	(-0.0236035, 0.0116178)
138eb7703e1255cf29760a4440de2a47	-9.063746950000013	0.01793957624241998	0.24882086839933157	0.00949517526350295	(-9.5335, -8.59829)	(0.000412752, 0.0364011)
56c3d1a8e4dc5c2aa7afbc1563559448	-6.971774365000001	-0.020777196672350003	0.4287933338007912	0.016493364900641766	(-7.76338, -6.2038)	(-0.0496772, 0.010238)
de61860db8d93da85692dffb5cf32ab9	-5.0697506450000045	-0.0009448088608499987	0.3042460518602239	0.01164919149605017	(-5.65018, -4.51994)	(-0.0223709, 0.0216056)
5c02713fbed5c1964b4410d9f8166555	-6.247477844999998	0.006169122785890005	0.13065737330210642	0.004937589178860673	(-6.49714, -6.00633)	(-0.00232793, 0.0158249)
12bb0c9249480c4cec2cc9f692018806	-8.771609479999997	0.015253131428799974	0.17448652126748823	0.006604956150366399	(-9.13743, -8.47955)	(0.00380166, 0.0286497)
b10627ff6db16c65eed2f21380dd700f	-7.063207375000012	0.03643310614700008	0.41550668226210175	0.015810435450330076	(-7.8345, -6.294)	(0.00524685, 0.0641023)
3f5f0d10bd5495e2c89d229c508dcdec	-7.511829344999992	0.017916090688300003	0.29057228130659835	0.011098591384593298	(-8.09127, -7.01527)	(-0.00107014, 0.0406172)
de6891b6f7a1f35bd9ccbc058b9e1a77	-6.610387565000008	0.0014503387023839978	0.08628045938056189	0.0033044133008112843	(-6.7684, -6.4429)	(-0.00488456, 0.00737924)
828c563319c7cee475b9b8ab6a0a048b	-8.113298185000014	0.02659138437	0.15037210985836358	0.00577343344664561	(-8.35283, -7.78232)	(0.0152291, 0.0368876)
6a129e8ae637c96e7bb56223913911f7	-6.168720125000001	0.006318340426399999	0.20912338287225163	0.00806036677983174	(-6.53558, -5.72284)	(-0.00997663, 0.0208884)
1527fd8b14037f53b8edb26b111e1f72	-5.670662890000005	-0.005515704682910009	0.1352358197703105	0.00509198513969271	(-5.92999, -5.4226)	(-0.0154128, 0.00359431)
b3d06445a910a9a444919e41f5da39c3	-9.570252649999997	-0.01594615845364999	0.2426464968967765	0.009347375923228431	(-10.0505, -9.13924)	(-0.0340012, 0.0010684)
992072d045462445dc239b35300af2cc	-4.509561304999997	0.027235658906000017	0.4489566625474526	0.01735235731690455	(-5.38996, -3.65096)	(-0.00537885, 0.0609853)
2403a466dd6d1e4f551d80394c2aa994	-7.450516255000009	0.018794191586270027	0.46648169037361464	0.018108389518243576	(-8.27357, -6.54349)	(-0.0148713, 0.0525286)
cae14798faeabb8e1b8840e712839921	-7.329903909999991	0.0049615225863299936	0.2870106170006815	0.011226995966395882	(-7.85379, -6.79959)	(-0.0154386, 0.0258416)
4311a44a7d56ce4086afad3e75bedd6e	-7.672205889999999	-0.018787763550350008	0.17495300238666348	0.006592087727807395	(-7.99642, -7.34515)	(-0.0319293, -0.00716561)
ab153c3e19553cead3d76fb9e00684c2	-7.50780848999999	0.023510707512499958	0.32013149986828837	0.01223569296831483	(-8.12314, -6.94651)	(0.00159543, 0.0455128)
fc1856f132cd513b1251fa39ad4ccd01	-7.98137399499999	-0.003809255205899993	0.12002976153475424	0.004590623440003713	(-8.21134, -7.77085)	(-0.0121306, 0.00480713)
8ef31508d9a2fc6f83935de5607a686c	-6.913184385000006	-0.015661030136999984	0.43283798563344883	0.016615661281514274	(-7.68236, -6.0728)	(-0.047286, 0.0141914)
21ce8465657612a85e2f89e74d285ce1	-9.750781384999991	-0.01603294382244995	0.2596306406317093	0.01004822017500362	(-10.2584, -9.26652)	(-0.0354135, 0.00264452)
69d052e452e79d571cba042af265d50c	-5.927648544999997	0.031641793085605	0.34100986380225556	0.012933848847189424	(-6.56327, -5.29173)	(0.00658967, 0.0546086)
79d5bee84cddbb27acb4dd7df378c789	-7.994374269999991	0.027082026357000046	0.2729248510721717	0.010432729174131105	(-8.47684, -7.45945)	(0.00951929, 0.0487084)
0f0a1f8c92368be6e8d3145bd4e94cd1	-5.007467979999996	-0.00781906441924999	0.20455700225858695	0.007759488439335705	(-5.38621, -4.63787)	(-0.0220284, 0.00673804)
64d05989cb6f8053633b2127793200b3	-7.106730779999988	-0.013516567189999981	0.13582955501764546	0.004907323886493596	(-7.38417, -6.87628)	(-0.0227817, -0.00457774)
bac3d8ea4685e825ef8d12b2a6979577	-7.508209795000003	0.0020289315326499978	0.3487729207530423	0.013250577341394785	(-8.14132, -6.84897)	(-0.0234048, 0.0249769)
a8d23fd98a311df2db65e5842634aba3	-7.536088479999983	0.011393530891100033	0.13840553159606578	0.005261338393521099	(-7.78297, -7.27285)	(0.00222025, 0.0216433)
41239266f2952a56a313fc4798f28a1c	-6.517552724999987	-0.01257628542424651	0.16832171811719468	0.006407179263577609	(-6.83241, -6.21755)	(-0.0235949, 0.000244938)
2b982979f2401a8bc447d7141879e9b2	-3.6088112799999963	-0.01056354615550001	0.08398830090710012	0.003211227686611202	(-3.75357, -3.4374)	(-0.0168586, -0.00464648)
251429848560a80abcb96640ceb102db	-5.269820639999999	-0.003990309470704996	0.17001469599975874	0.0064547314220563656	(-5.58871, -4.97175)	(-0.0154681, 0.00797458)
7b34b797cadb639f63827c6d332dd4e9	-8.089577740000001	-0.004218233418714997	0.14757087950470582	0.005581732882481057	(-8.35784, -7.80492)	(-0.0133923, 0.00743077)
2a99ec1157a90661db7ff643b82f1914	-5.418220734999998	-0.04166624104500007	0.3656590749777855	0.013650895497331915	(-6.06116, -4.69402)	(-0.0678388, -0.0173646)
2a7f11895ae7fe9fdffa52016207c561	-5.629540535000005	-0.01484303980665001	0.20140067044566617	0.007647770336127742	(-5.97631, -5.22279)	(-0.0288217, 0.000285826)
0cfd41d10227f0de9092d5cda028c12d	-8.611399640000018	0.0007370455837500018	0.1921799960614277	0.007343777524162599	(-8.96398, -8.25013)	(-0.0132593, 0.0142392)
a9387e76477da8688775569cf540191b	-6.323109414999999	0.010399934843800016	0.247551934384096	0.009333451957256449	(-6.79142, -5.84363)	(-0.00773553, 0.0276441)
bb769f42c78f86faa2801cb2c2abb8dc	-8.964879430000002	0.013895066595049979	0.25777970384414517	0.009847019792379829	(-9.43731, -8.48899)	(-0.00475083, 0.0314997)
68ee181a51a55ca3814763c9214cfd8a	-9.784419850000031	0.04223240163	0.24724667373936007	0.009461009173980184	(-10.2618, -9.34929)	(0.0260822, 0.0612254)
88956ab21ebb7e44b2dd317dd412818a	-8.56402606	0.0029811125453084934	0.24299161221773974	0.00912132850499088	(-9.00981, -8.08458)	(-0.0132214, 0.0217512)
ca9dec36ad0aa5a1473144ddcb74951d	-5.159111780000007	-0.00021438434861999987	0.14141949660188874	0.005338798747823966	(-5.44183, -4.90116)	(-0.0101959, 0.0102657)
ae171d16e3cb68ad19636a58839a1ef1	-9.137164209999973	0.00741027931633001	0.3039177011968471	0.011430085010761868	(-9.72318, -8.585)	(-0.0142692, 0.029137)
77f4d90aa6eb8080927f59ee8bbac375	-9.981469515000004	0.03117353990000004	0.1644501257181484	0.006202879937448245	(-10.3135, -9.69646)	(0.020015, 0.0429834)
a7b427a226422d10e62536b8d41e02fe	-8.475782320000004	0.012731753054389994	0.36090474071189177	0.013591054505376383	(-9.14422, -7.82099)	(-0.0103838, 0.0391394)
2480f3aa1e7784b461d9b5b83a6bfc81	-6.973210669999979	-0.039280891384999995	0.2616388830509545	0.010002972187367544	(-7.45701, -6.47541)	(-0.0583595, -0.0208317)
9000b563231e32a7003bf2ef20bf9a60	-7.67544897999998	0.009711321901450017	0.1958684318701193	0.0075341346131295155	(-8.03651, -7.30504)	(-0.00393783, 0.0235224)
a186bb74dfce512f83043f7b366c60c4	-5.276242125000009	-0.04446947922399999	0.4525141176242291	0.01726408053194147	(-6.11866, -4.40684)	(-0.0782504, -0.0126965)
aad2c8fbb5e1201340fe4357731fc9ee	-8.056064515000005	0.0027363907703000013	0.3068106502065479	0.011556362141167084	(-8.59776, -7.44759)	(-0.0203713, 0.022812)
490d2aec117bd7289577684ba3cc1b64	-7.095638464999999	0.010201150477966497	0.31442134111744646	0.01208032207471353	(-7.73177, -6.54017)	(-0.0138272, 0.0321172)
457d3865cf0a4bc602a07d8d5324388f	-8.132882020000013	-0.02132413299165002	0.20362843824800017	0.007428670508954907	(-8.51359, -7.75565)	(-0.0351256, -0.00672065)
552e00cb506f739acaf08aa5641f9d84	-6.748117940000001	0.004058694957704995	0.2523628281614715	0.009681824854637385	(-7.21535, -6.25097)	(-0.0152704, 0.0219596)
9dc78fd8f2f7cb10e190e77af61c7ecd	-8.535565694999997	0.01515493323319999	0.15841500415906615	0.006066763052694904	(-8.85359, -8.25144)	(0.00434781, 0.0270064)
a3607a88a8ed64e24a374847b23e404f	-6.2168232199999975	-0.009014695253059993	0.20339136539226924	0.007736167399394603	(-6.59463, -5.82397)	(-0.0223408, 0.00700568)
5bb151262388870fd53a84ea6f1ffdf2	-9.245543094999986	-0.007261923949205009	0.26603885318402454	0.010081287606691296	(-9.74358, -8.7576)	(-0.025768, 0.0118008)
f7962a90f4519ec1d1a9c7b8ef7bf396	-9.569999829999981	0.02002619618550004	0.2242085443538471	0.00846005956214875	(-9.98339, -9.14912)	(0.00516992, 0.0364896)
77ad88eed91eef009bf64f101c96baa6	-5.141779565	-0.0021127023250049988	0.3166527895573649	0.012083942153866895	(-5.74481, -4.57113)	(-0.0256125, 0.0195529)
08be83d0a527ddd1da0861135192e593	-8.559775569999998	0.001835431081929998	0.38565686637265384	0.014847554814629056	(-9.27441, -7.85884)	(-0.0253297, 0.029583)
b61862b15d33865612e76c1db7b995a1	-9.523027540000014	0.021009361118500002	0.19516612904689282	0.007352933793618372	(-9.8623, -9.12587)	(0.00659935, 0.034072)
14f11556b1fc9132c5ab27b67a2479bf	-9.151162939999992	-0.0017669289624250037	0.22547011033783743	0.008706541598226612	(-9.63772, -8.75424)	(-0.0183667, 0.0152427)
514b34f09e4acd2397d38273c630d338	-7.2926300949999865	-0.052424254600000005	0.3080348605434796	0.012034434417530325	(-7.87939, -6.733)	(-0.07482, -0.0303262)
ba88d4e4e6a24ecc2a5aab6bdfbb77f5	-8.02535723	0.008930000238899996	0.1505661582668133	0.005660485517649288	(-8.30739, -7.74532)	(-0.000512248, 0.0205939)
1c94105978b1aa2095e3c0096774f240	-7.907005070000009	-0.012407640939842505	0.20820855696151158	0.00797961607660343	(-8.3083, -7.51985)	(-0.0275844, 0.00242196)
27b636c66fa117272ed27920bad78969	-8.653361295	0.01022135432767501	0.23507269843959552	0.008781982074380593	(-9.09023, -8.21557)	(-0.00685105, 0.0262567)
7201d53bd647437ec3de879774eba498	-6.585584679999988	-0.00553342851177999	0.3031364899981484	0.011260876362932722	(-7.16429, -6.04368)	(-0.0261365, 0.0148218)
f8529e2e737999b4a7d06420482d4af3	-9.118611374999986	0.024837910721950004	0.38023977864047714	0.014476968350266777	(-9.81157, -8.39671)	(-0.0013336, 0.051843)
959d48a11e3b26c9268f0bd1dae6ec40	-4.55468820500001	0.013113994247999989	0.11712570787930367	0.004446858839141997	(-4.7582, -4.30684)	(0.005099, 0.0220386)
bd0f4e14387ee1ac7e5fe586cadbbed4	-8.437802515000008	-0.018103208562500007	0.14884002172004934	0.0057762598966945595	(-8.74174, -8.18177)	(-0.0302184, -0.0084447)
66047b69a772cae3e37186eb74254da7	-8.826168355000002	-0.0005774941793579996	0.25082318203536136	0.009275589856502956	(-9.3429, -8.39932)	(-0.0184267, 0.0162208)
4207ad1746e5fbce9c5ed5efe1e357d9	-7.4028960850000125	0.0005376634047899993	0.1327999376529326	0.0049999187955162335	(-7.64103, -7.13986)	(-0.00816764, 0.010315)
30207d209491dfb7de83344e77fd6fbd	-6.365469384999992	0.002041769236239998	0.13904143288484855	0.005357228277823397	(-6.61191, -6.10682)	(-0.00800051, 0.0119382)
3e93fd55a231bb99b67a666bad8446a8	-8.08569755999999	-0.007210945344735004	0.16363935363122906	0.006211410027524827	(-8.38645, -7.78547)	(-0.0177091, 0.00502117)
d39f37b814ebd81091a949f8bd9d1710	-6.004555714999989	-0.00950419659748498	0.2175187075437161	0.008388084082935487	(-6.40946, -5.6104)	(-0.0241894, 0.00703491)
706b0d627a9ba61b18e6b7b39622ac1f	-8.709542799999996	-0.011674492150449986	0.24532455177266707	0.009321749774383456	(-9.16801, -8.25022)	(-0.0279933, 0.00642571)
32382a0f5831da5faee464d011b5616c	-6.107356729999995	0.007957118251549997	0.46424374758353737	0.01782892422770268	(-7.0307, -5.2866)	(-0.0236821, 0.0432534)
fcd575ef43a2ae77d9b7c10639e80fd8	-10.297663359999992	0.01843899131249003	0.29647618423696426	0.011274201561229394	(-10.856, -9.7676)	(-0.00257514, 0.0393597)
fdb1c35a8dab336d65ed22d796e71e4b	-6.288456405000009	-0.01780172568815	0.424929177298201	0.016156538056445985	(-7.06217, -5.4593)	(-0.0501625, 0.0117559)
25def15fb42bed6855ede4893d27a21d	-5.331746675000004	0.0021313671209150006	0.31087707486930316	0.011875673883400703	(-5.90508, -4.74418)	(-0.0200259, 0.0237822)
2a13ecb6c618ddf8154298c69336dd8e	-6.447132170000007	-0.08861597020000002	0.4081075532713048	0.015749516921580543	(-7.18997, -5.69567)	(-0.117664, -0.0598044)
9ad89cc951aa3031c19c59c95e401614	-9.20147778499998	-0.018436000505700025	0.22521016971474392	0.008549924235196025	(-9.59935, -8.76129)	(-0.0346103, -0.00271953)
55d4d3011e1f3bb8e4e5089b801b61a4	-10.460384320000001	0.039532191584999966	0.2929445512554171	0.011077934228018789	(-10.9788, -9.86309)	(0.0201398, 0.0612487)
4ed55370307d6700d110b6d3f1196136	-8.552681714999999	0.03444207128000001	0.48161929807567794	0.018411427805653933	(-9.45691, -7.69323)	(0.00139726, 0.0697522)
154c25181234441402124e02c204074c	-9.089474694999994	-0.01617250492984999	0.24257043686464944	0.00926732899855641	(-9.56689, -8.64713)	(-0.0335397, 0.00161782)
370829fece3190f1a8efccf50b7d0921	-6.843825509999996	-0.03425951724999996	0.1555849388521907	0.005829765275078185	(-7.12603, -6.54684)	(-0.0461205, -0.0241961)
b1a153ff5a21342991138e7f7dd2658e	-6.910236704999977	0.009436579636674994	0.38223905803697383	0.01467960315709997	(-7.60795, -6.18925)	(-0.0168595, 0.0380125)
e39b1ae9776ee98190c8cb02bc9de792	-9.511927380000014	0.012760529431334978	0.2480038174408526	0.009329714946903753	(-9.96567, -9.03779)	(-0.0055195, 0.0297543)
e71461ffe18aa4dc3b1f7ba4a1011cff	-7.639341884999998	0.007024590903565003	0.22521850478701042	0.008614531681385684	(-8.03231, -7.19385)	(-0.00912423, 0.022724)
90c2b51afe404951ec89bd52c7ae1f58	-8.128137354999994	-0.03464534261500001	0.3975274146975954	0.015518993541805793	(-8.86405, -7.37839)	(-0.0661005, -0.00788987)
c5af8314e36eaed98fc88f181f539e8f	-7.466871335000005	0.006707809568344993	0.18587807865229258	0.007090939940181215	(-7.79947, -7.11154)	(-0.00745704, 0.0189688)
10cd502b01abafc87e2ecbad86389286	-5.98652774999999	-0.004070128717425005	0.11413980350577757	0.004350116484293035	(-6.2079, -5.79603)	(-0.011843, 0.00383353)
433cf7e272a09b91cc85082a1338b8e1	-8.224517110000017	0.01946340573999996	0.1287776071188151	0.004842003225128024	(-8.44006, -7.98167)	(0.0102487, 0.0284475)
877f27b47c85f6b2d3cf8a6aa86def40	-5.764556825000006	0.016336771395999993	0.19057690487168027	0.007236716025576802	(-6.09866, -5.3843)	(0.00309901, 0.0302232)
9ed241a051fe72047261df3b7e08b675	-7.000931400000004	-0.0009862113497800004	0.15653042404478437	0.005990924801230803	(-7.30302, -6.72974)	(-0.0122699, 0.00969556)
04c8be5a3a6ba2d70446812e99318905	-5.578991680000005	-0.01634257044349999	0.15587735230487346	0.0058862282500558	(-5.8687, -5.29556)	(-0.027494, -0.00554959)
e0b7bd623a1b4cd1640883066e8d96bd	-9.819130764999999	0.011167814887700021	0.21820901202187984	0.008359141045981608	(-10.203, -9.4086)	(-0.00552317, 0.0257325)
6a17479edbe461431433bddb084f731e	-6.180824049999999	-0.011233332759650005	0.19874175686955559	0.007597832638200568	(-6.55629, -5.8093)	(-0.02655, 0.00242975)
35513c8de34a49ef37dde85737e6aef9	-7.706611964999996	-0.001682759572368003	0.21294655812595034	0.007962815884343041	(-8.10895, -7.32457)	(-0.0158125, 0.0132748)
69536042153447ceb692aa53159ce0c2	-7.118205119999994	-0.008102489859049999	0.1275026305367289	0.004851934084660673	(-7.35047, -6.86213)	(-0.0172833, 0.0013847)
0f92fcc184a951ff8b0914467ad2f8f9	-6.599817004999992	-0.015513328281000003	0.1601120769038988	0.0061185999240086116	(-6.88032, -6.28238)	(-0.0269634, -0.00424816)
e9d9bafcf863ec0908ce4e20e6386ff9	-10.442318975000004	0.03711508574499997	0.225312836776557	0.008410017447700716	(-10.8368, -9.99865)	(0.0213725, 0.052847)
979578981da3916b394bf24c32bace21	-7.045079720000004	0.010002715543350004	0.2915458968737543	0.011200133029544061	(-7.51467, -6.43202)	(-0.0111562, 0.0300737)
5860dac317300b1fe6094e958240cc7f	-8.27094500499999	0.024737305040000022	0.14603924419210046	0.005638890685008796	(-8.52585, -7.99418)	(0.0146178, 0.0357486)
3a1461e8439091ad6b93af0ddb3849eb	-7.670231604999988	0.023420074423550007	0.3681960590576357	0.013953903626685218	(-8.36328, -6.99894)	(-0.00116874, 0.0506456)
d32627161d829a1488c2a047669cb29f	-5.997680774999999	-0.008839236004349986	0.4667196682101036	0.017969070311619522	(-6.84429, -5.09965)	(-0.0403643, 0.0278576)
e2c3ff4f647112723741aa72087f1bfa	-2.882925945000001	-0.01693450638605	0.16201678698797528	0.00616282573121249	(-3.1889, -2.57299)	(-0.0291897, -0.00599006)
426bd7119a31b73ef734771a071a216c	-6.204597550000001	0.01483057442949999	0.2243101910032121	0.008633873668790868	(-6.5873, -5.75148)	(-0.00191204, 0.0301878)
aed0d8840bb7da5eacd80c6f9a1f91ed	-9.432034245000013	-0.011146914315960016	0.2159476437033522	0.00823122171612748	(-9.82803, -9.042)	(-0.0266697, 0.00392664)
0b05a2e48cdc5f9e766bb0f4c209d4b4	-8.286445859999983	-0.01956598601899998	0.14757375279046198	0.00566193512250764	(-8.5597, -8.01672)	(-0.0301337, -0.00898896)
31c0a0bcf172474d82c69979df243e78	-6.197312309999993	0.0028392589144249983	0.14427093362858612	0.005479972039658855	(-6.47534, -5.93413)	(-0.00701837, 0.0133896)
f9b9b7db378357774e672fe5ba242b12	-10.129491815000003	0.008404423928795595	0.22625751231805727	0.008679790011814651	(-10.5594, -9.70669)	(-0.00767927, 0.0247579)
95f975f50235610bca818dcc9d97f7d6	-8.939967189999987	0.004708451477079992	0.3455185389366304	0.013253600822933065	(-9.60434, -8.29364)	(-0.0197713, 0.0293473)
ecaa9f4e15a28f212d9bd60f749191ab	-7.600481344999997	0.009956677146444989	0.21415358734968923	0.008168259084312748	(-7.96856, -7.18576)	(-0.00452678, 0.0253886)
a6fa2de5f4576d1d77b1616786e3dd52	-8.627397859999995	-0.00538271120098501	0.1340649518025513	0.005063480509381647	(-8.87882, -8.37884)	(-0.0147624, 0.00424541)
1fa555f9a74d47a6ca7a65a347bc885f	-6.358825954999997	0.016654288754999996	0.17693580272824372	0.006704187006820195	(-6.7041, -6.0475)	(0.00476823, 0.0297922)
149e7d5e484d157f2ac6140a2111618e	-4.075850940000004	-0.005662584731029987	0.15567961457595011	0.005925317376480099	(-4.34574, -3.77294)	(-0.0171137, 0.00473348)
605c54065160b61d47c4d5f87ffbe6bb	-8.817966855	-0.0050064960751100025	0.24423818068508216	0.009389435676519717	(-9.27479, -8.37053)	(-0.0223944, 0.0127282)
5034598009be77942a505e7c9978b06b	-8.384954520000003	0.011822870072690015	0.21231340605545757	0.008026680408352044	(-8.75214, -7.95369)	(-0.00358229, 0.0263402)
8526f1f5fd2dcff7e7a73db743c829d2	-6.469891524999993	0.0012323420707125003	0.1780912188697813	0.00678814191724156	(-6.79858, -6.14709)	(-0.0112229, 0.0134788)
24ef07664cfa04a819d7797a89e653b6	-9.072990584999996	-0.0188908200163	0.2571554428733868	0.00983547879573347	(-9.53553, -8.60363)	(-0.0360496, -0.000130562)
03fdbec0c9b63a05ae79f92c6d3a4cfc	-7.372448414999999	0.01036532266310999	0.3636205456834609	0.01371135933894122	(-8.07624, -6.71147)	(-0.0154912, 0.0352634)
aa3e2d76e864d7909b51110e211ef36c	-9.41978549499998	0.024374682074245042	0.3224160366598644	0.012187885287522647	(-10.0007, -8.82564)	(0.00398744, 0.0484596)
7efeb75fc542932a033b37b887994dc8	-7.623125400000001	-0.027778731270999984	0.21268001497188233	0.007749352816628165	(-8.04828, -7.2366)	(-0.0431322, -0.0140764)
2371e52106292ac4c33aec6f57cace35	-7.562329750000018	-0.004892424286480995	0.1624692848225089	0.006055519506015966	(-7.8554, -7.26338)	(-0.01516, 0.00658805)
913d55d109820d0f3fad120be103c64f	-9.21991976500001	0.032597307706999985	0.28067739579184986	0.010730796172964595	(-9.78046, -8.72548)	(0.0128636, 0.052456)
c82032c40c98975f71892e4be561c87a	-6.491799785000009	-0.022581108155000033	0.10147692387190192	0.0037866641591676113	(-6.67847, -6.30982)	(-0.029267, -0.0156495)
ac9166cff57e7ff3581eaf798edc726c	-7.437624365	0.009916078340969985	0.3844710455655886	0.014612891736503035	(-8.1284, -6.69757)	(-0.0181802, 0.0368534)
949af2c28ba6c0345ae58b9aed00a2c0	-5.786867640000005	-0.07304224169999997	0.40133048631337553	0.015380804252803597	(-6.54247, -5.03868)	(-0.101067, -0.0431706)
8a261f382a739bbc5f9494b2c64c2744	-5.236232059999996	-0.00018646704056399975	0.11431896063233081	0.004357859806690694	(-5.47037, -5.03248)	(-0.00870345, 0.0076054)
e91f1c5b67ffecb5ca3ca3b393a50f00	-5.310898230000004	0.026390954518499994	0.2590021412389617	0.009890046960007136	(-5.77474, -4.81562)	(0.00775351, 0.0440244)
99b02f389bd0b7abad0d4d8affb09e22	-9.633307229999991	-0.004715388808749991	0.22284167538529923	0.008485092346179697	(-10.0427, -9.20931)	(-0.0210267, 0.010029)
d3d99580d90cca486a23372a474e9571	-9.55281088000002	0.023765481675000002	0.22542287411379877	0.008592853245107161	(-9.96283, -9.11153)	(0.0074741, 0.0398318)
7076b69bea6fb40b94f8b32fd85fdb46	-9.787565964999981	-0.0011412791356500008	0.2573143168398694	0.009740926585682446	(-10.2666, -9.32224)	(-0.0199465, 0.0158365)
e82ab12c51a893c6d7938a16632199a8	-8.283227580000013	0.0288153800471	0.4171551045443929	0.016164050696784508	(-9.05829, -7.49877)	(0.00130102, 0.0600252)
2ae945b550c248752a5b463c9aca1a6a	-9.452775805000021	-0.0009832703653500008	0.30482143302128856	0.011623334301499172	(-10.0257, -8.90115)	(-0.0223628, 0.0218213)
b423592b0ae631882095792b27729b9c	-10.149565594999997	0.052522271505	0.3685986877063535	0.014090146579686418	(-10.8083, -9.42525)	(0.0258644, 0.0783068)
3f1ed51e954b35a8108c12dd882b696b	-6.818448660000016	-0.009895684044450025	0.19343092887256771	0.007210314175627325	(-7.18941, -6.48012)	(-0.0236165, 0.0030622)
1fb601d8edb6994ffb112ad1a34828d5	-9.382790505000001	0.009020598293940012	0.23125043397796044	0.008777508842060276	(-9.81638, -8.95251)	(-0.00862247, 0.0245321)
9f74473636e6874853d88dfcbcecff49	-7.013943279999999	0.015540770118749974	0.22553745629881855	0.008399129396714134	(-7.442, -6.61354)	(0.000305132, 0.0315193)
4c731267e801c2afe253b5cbb58bdd24	-4.315203445000003	-0.01420737594950001	0.11541272789030667	0.004365377749329837	(-4.55058, -4.11154)	(-0.0222743, -0.00573286)
14387daaf0161dd3c971efd0f8806ffd	-8.072079950000004	0.003094724746425003	0.18897051838976742	0.007187033234361938	(-8.41515, -7.72389)	(-0.0102747, 0.0164645)
c97220e6c4063a029dec2f8160977f83	-6.988589529999997	-0.00013136200708904996	0.22408660750339188	0.008462555604691927	(-7.40314, -6.5731)	(-0.0151682, 0.0165924)
8a20667bca2eaf2a0687995af876a84c	-7.466014039999994	0.03201600454545002	0.3882263949136873	0.014902764096281341	(-8.21311, -6.75602)	(0.00415615, 0.0593585)
131d3b899e72f19fcae1b0f9f8f3a009	-5.508768365	0.0011882144080499987	0.4676162783831176	0.017842563117806586	(-6.42049, -4.70308)	(-0.0307479, 0.0357113)
c0c365b5a32a28b8d2602de07c5d0b06	-8.218528860000013	0.022924527624399994	0.3399861764839864	0.013063192137317369	(-8.92854, -7.67153)	(0.000780076, 0.0488876)
a650f349bbdffb95b3624519d1ba72b8	-4.697320095000002	-0.011243364620500015	0.11286932631783078	0.004175160259162172	(-4.8999, -4.48491)	(-0.0187538, -0.00347827)
0f6da5f59be656db2dadef7bf2d1a2e6	-8.826317120000006	0.01160124065745	0.2004061326968452	0.00755047385320121	(-9.19993, -8.46143)	(-0.00247993, 0.0255704)
e84bea8ae61342674744560dd7de4721	-6.7968508950000075	0.00033680584585000004	0.3649821376949137	0.013993061778639222	(-7.46146, -6.10536)	(-0.025525, 0.0263773)
010f0ac2691bc0be12d0633d4b5d2cc4	-4.670405939999991	0.0035417681182650014	0.1759478014372909	0.006703499855186515	(-4.99333, -4.32766)	(-0.00970001, 0.0154759)
c8fce068920feb387167d44c01689295	-7.478785419999998	0.04297582834999993	0.31458955086926144	0.012034658068045021	(-8.01121, -6.85659)	(0.0193291, 0.0644407)
86deb5cf8d6f29d383136e0d09863b69	-9.095018629999968	-0.037169352180000004	0.26258079798592115	0.010429781585769111	(-9.59303, -8.6009)	(-0.054849, -0.0154012)
79db4c4f494c95856ce31b42f267c4c4	-7.919730649999996	-0.001971306504349999	0.4275886675165491	0.016188091350178128	(-8.66961, -7.10664)	(-0.0332291, 0.0268697)
dde2f514908a4fcaa80827346c7b7a19	-8.14450377499999	0.0076081874416500045	0.15775922771013864	0.006006450479954435	(-8.41733, -7.84288)	(-0.00356718, 0.0189615)
7dfa96abfa7484bb6c9cfa90dc9b606f	-6.369345129999996	0.02354104956450001	0.19839837897922236	0.007573642441669283	(-6.75075, -5.99348)	(0.00833882, 0.0371979)
25f9cac7332bfbe3973f03bae0ee15cc	-10.225757065000003	0.028507348120000043	0.23183203313419798	0.008626354412518094	(-10.6513, -9.77342)	(0.011743, 0.0438978)
447b9d6a5c17543a456c597e65b37139	-4.438503005000003	0.0024401603114599956	0.09847167823399773	0.003728773985006314	(-4.63654, -4.27421)	(-0.00412384, 0.00939715)
ccce7fe8aa849bed027f6898300e0c45	-9.33046389999999	0.028891267468000005	0.2733400588700636	0.010427662420663408	(-9.83301, -8.80832)	(0.00833815, 0.048133)
363c1c39d58bce4fc3218659d0944258	-6.163665095	-0.004390993347044996	0.18115956344419396	0.006963534381665053	(-6.52449, -5.84816)	(-0.016481, 0.00928672)
7be9bac1b13acbd8acf0de464d7c20e6	-7.727843720000005	-0.006782497423839995	0.14320316541529918	0.0052961218787948286	(-7.9858, -7.46416)	(-0.0164546, 0.00310625)
2ab8310e1e510f8045c7f4d191fa36be	-8.168529930000016	-0.036645909016999954	0.35738433590253404	0.01382421757807248	(-8.80986, -7.51973)	(-0.0626781, -0.0125028)
a66dd8d31584930c2b0f811f572dddcf	-6.2092407450000024	-0.025332950481499965	0.22021938131689256	0.008345587700962546	(-6.64173, -5.80004)	(-0.0416138, -0.0104362)
10155b2834300619ce0102110a37b057	-6.961491435000001	0.0004532432716099994	0.11175194899370115	0.004255083354746415	(-7.16427, -6.74782)	(-0.00752889, 0.00841696)
fca904abacabcc0591dd00b0427f9180	-10.026422450000005	-0.002099150585794499	0.22675194431095297	0.008581535698524463	(-10.4523, -9.61652)	(-0.0174391, 0.0142135)
ef6752ce31dcb9e16b1155bbaa1a268d	-8.259669074999987	-0.021325936280450056	0.29854330971769294	0.011492328723497069	(-8.78211, -7.65337)	(-0.0434922, -0.000514449)
a24dae6b87885a55d81df1ea6d1abaf5	-5.987505144999996	0.008715655689849996	0.20852261384434764	0.00800031682788653	(-6.35098, -5.59057)	(-0.00612365, 0.0238596)
79280cea51a6fe8a3432b2f266dd34db	-3.5247189600000017	-0.0052189493343449975	0.09316570180714796	0.003505003377087108	(-3.7017, -3.35456)	(-0.0119028, 0.00126408)
cba33b3578113908d449fc66ccb245d4	-6.34644306999999	0.0064204961288999935	0.1327259340244967	0.004995367572492704	(-6.58294, -6.08411)	(-0.00315604, 0.0156377)
ef1616938612ecae94c31842853cb904	-9.196898040000004	0.013412420745400012	0.15671157436755712	0.005944035451300082	(-9.47129, -8.90388)	(0.00243877, 0.0245047)
a378e30f9be477f7777e409c8faea14c	-9.088041605000017	0.013116906618550023	0.22847490650391805	0.008736542145098914	(-9.50998, -8.66038)	(-0.00281551, 0.0291755)
322498f1025a569812be6e3fe4f63ff7	-7.399968560000013	-0.021397326600350017	0.30277084928775155	0.011638089790270782	(-7.936, -6.82818)	(-0.0443829, -0.00189135)
d75b7080930e7a77ef3de8c6154895b9	-4.603899440000001	-0.005470537467989993	0.3548127303457225	0.013395011872077556	(-5.32017, -3.95734)	(-0.0299598, 0.0203484)
9bf0d2dbffe7925240ea811d2a4cd625	-8.721693325000002	-0.011476718497	0.17984286134454808	0.006773071457100536	(-9.0556, -8.38745)	(-0.0245664, 0.000693447)
a167e4d4418792dcaba877443ed0e66d	-7.471394669999996	-0.04680341620999998	0.31794899034717955	0.012084017561975942	(-8.01184, -6.84277)	(-0.0686393, -0.0238964)
ac0202d177961ffb380b6859272bde53	-8.091864239999989	0.003189380866630003	0.28878192732773694	0.010971183029016849	(-8.60273, -7.53956)	(-0.0170059, 0.0235998)
e3ab3e4772986724760dbd52b7af55f7	-8.188577719999994	0.0005885979720049988	0.20149831146885994	0.007648641972989823	(-8.54713, -7.7936)	(-0.013595, 0.0151082)
481e48328fe7a9837c7233de8f60fc23	-8.557002060000007	-0.02502320531750002	0.2476577487343297	0.009518206290558204	(-9.03894, -8.10406)	(-0.0423527, -0.00643076)
be17b29b03ed02bed133932284568d16	-7.054228315000004	0.021766728330999983	0.16852373347695213	0.006338419334973675	(-7.34715, -6.74037)	(0.0103666, 0.033668)
5f9d6c173705f19cd3a1e5145c52789a	-9.229276769999993	0.01311765396015002	0.3054097472895503	0.011651464963345314	(-9.77113, -8.6194)	(-0.0107683, 0.0332062)
1ef782a559e3e0a4ab42516e0a2c828f	-7.8626900699999975	-0.030402892795	0.221248146142505	0.00828426322482298	(-8.26094, -7.42912)	(-0.0466362, -0.0156605)
97f56e68f535e44ceb53d05f269e82d6	-6.962969054999981	0.006247565046710013	0.13121513656875483	0.00502093816646415	(-7.17242, -6.69346)	(-0.00345029, 0.0152752)
3f38509af22157cdcb4006457529d25e	-8.227622409999983	-0.026835388746499975	0.2119648681609574	0.008005584917344538	(-8.61499, -7.83623)	(-0.0423795, -0.0126584)
ccee9fc92f4182805278384a02a4d7d3	-9.092971265000005	-0.025944183669999975	0.22290580769004148	0.008626704308714124	(-9.54254, -8.6997)	(-0.0421794, -0.00954977)
b3bf877149e7a31ad9a7397a3ca8b011	-9.436383304999996	0.0042497465706249965	0.27291997442149046	0.010329141622449434	(-9.95935, -8.95907)	(-0.0139825, 0.0249532)
33852dc244bb69590e8e756a83bb2f4c	-9.20900659	-0.012740586314850026	0.19987633912114736	0.0075505385898461804	(-9.58492, -8.84057)	(-0.0267293, 0.0016271)
8f5959f21dc9ce9a281656f8d699ec07	-7.696442124999999	0.032556997080000004	0.23860439392294183	0.00913894951774252	(-8.15963, -7.27008)	(0.0149232, 0.0490191)
2086666afdd5de098b04a94247040c11	-7.820886045000028	-0.003009020391684999	0.27228898926087314	0.010467409862019585	(-8.40052, -7.3721)	(-0.0228674, 0.0161817)
96169c3701e79f42346c41eb7b5bf2af	-10.26660835	0.03127104646350003	0.26983516651277595	0.010239893582364226	(-10.785, -9.76455)	(0.0109647, 0.0493215)
d05c86b5bfc092d8677507fb1eae8d66	-5.597614854999996	-0.0026979452854999962	0.2977581379173018	0.011520922767073142	(-6.15699, -5.04568)	(-0.0242479, 0.0185735)
25dd2ae928b2e5e1ac2e28dbe2112991	-6.57861266	0.009362770778349983	0.13359909412202023	0.005110591164147567	(-6.82224, -6.32675)	(-0.000137946, 0.019096)
cebcb0fe524fb1cf0bfb5463ae228bed	-10.15938407000002	0.05073378945000004	0.287329906571932	0.010927125262616586	(-10.7242, -9.65225)	(0.0314879, 0.071779)
90104f2fbcc925a6619e805c7a625c57	-9.209386750000007	0.025544747452690017	0.3147054263032929	0.012097207690099466	(-9.77527, -8.59975)	(0.00424599, 0.049626)
4c2189b6b5ced3cb80093414e9449de9	-6.29011572	0.013462604934	0.1217054185267919	0.0045961648063564415	(-6.51734, -6.06322)	(0.00444456, 0.0214503)
c4e57b91cc2be5a2232b3612abdf4c0c	-6.4430749550000055	-0.06973853784999996	0.38829050012368055	0.01483434454253887	(-7.17281, -5.73035)	(-0.0990991, -0.0436139)
1600415004247da005dd77bd44c633d9	-8.593393350000015	0.022662000875000005	0.1476026738192012	0.00559900615051447	(-8.86039, -8.30695)	(0.0126229, 0.0336359)
3b092a59cd0e2d57483420cc994ec49c	-5.787008979999993	0.004099771739474997	0.18863670403121358	0.0070759505490148415	(-6.13131, -5.42501)	(-0.00866417, 0.0181592)
2c5c5d710e1b9229efa72f98ca7b4e71	-8.42360771500001	-0.01659280869679999	0.335862173300193	0.012878365880261951	(-9.0404, -7.81364)	(-0.0391811, 0.00806417)
db093685d2f3295cfa4da0a44d3d9ad0	-8.490191375000016	0.016942699776599988	0.19200100222748687	0.007176169211241101	(-8.82938, -8.13663)	(0.0038075, 0.0299881)
63a2de21003c952fd04b694d8444e66f	-6.820654905000002	-0.011810334358550013	0.20017411097240068	0.007549445275644734	(-7.17449, -6.44897)	(-0.0248533, 0.00322215)
59196a586276f0be745d0e334fc071c6	-3.3156077199999965	-0.0029732379176899927	0.08960060155156105	0.0034159334156788103	(-3.46663, -3.13889)	(-0.00955683, 0.00312954)
8507091bac6b1be88f3d360d6d535d0e	-8.691259109999995	0.02432824101999998	0.1463584262965679	0.00554907052608548	(-8.95467, -8.42558)	(0.013974, 0.0341507)
8f649d1053a0ead08b37f8e06fbb2818	-8.125255365000003	-0.010605887483305008	0.17321886510385295	0.006606303692464724	(-8.44509, -7.80336)	(-0.023128, 0.00159507)
8a70333f85e6869971ef357eceadf3ef	-8.20668992499999	0.007297571011835005	0.21734551222016146	0.008222199479221388	(-8.62747, -7.82345)	(-0.00749631, 0.0232046)
8e0da29b36fbc3879561566e87f11ea7	-8.867830764999995	0.005086857353608242	0.2559620383858995	0.009824764275560127	(-9.35507, -8.40359)	(-0.0125351, 0.0240837)
5093cebf67405c910fb68525ffa6dc3d	-10.049601265000012	-0.004146269072000003	0.24557895678915534	0.009398161479230439	(-10.5198, -9.59422)	(-0.0213946, 0.0144068)
bde648dc2bd51d522327b0bb99e98340	-9.362200110000005	-0.014450124943449985	0.21534418931605262	0.008203789300879729	(-9.75156, -8.9594)	(-0.029589, 0.000704728)
8720f9ecd2331ce68e2896df1bf2d977	-3.179170739999996	-0.02009441531999999	0.13866340527713997	0.005176933740113237	(-3.43229, -2.92536)	(-0.0298166, -0.0110472)
3af2ddaf4af4b5ae4100439a9c3d4099	-8.439976474999998	-0.02108603790900001	0.17407178598648415	0.00668282159618839	(-8.77511, -8.12771)	(-0.0328711, -0.00762763)
de24ab68045830f7ea823f771a1f7dd3	-5.978014135000001	-0.015677516716799993	0.17052627518787764	0.006454849323703291	(-6.28295, -5.65188)	(-0.0276453, -0.00385658)
aec9d6920c8746590e4dff84ba121b90	-7.802840955000007	-0.004540288844249999	0.1981869527563253	0.007573262420937365	(-8.19359, -7.43919)	(-0.0188366, 0.0100064)
192522c9b7c41f7a761f8a2ba792268a	-6.4354930099999965	-0.015522423136500004	0.16747532651987848	0.006324822520914135	(-6.75911, -6.13929)	(-0.0274422, -0.00388545)
458157e555a80f9ba01d9da37ef787eb	-5.132795869999999	0.005571524454080812	0.2747245060271163	0.01050860595960703	(-5.59657, -4.58317)	(-0.013552, 0.0256865)
3017f87a3b0f5200ed54eca17eef3cbb	-8.667741479999993	-0.0010167001166200014	0.17847673157952448	0.0063927597820318096	(-8.99037, -8.32815)	(-0.0124412, 0.0110844)
c5e3c5422835403541b0af331a2cc649	-7.726499070000009	-0.03609177714499995	0.2075122960540776	0.007686241088811401	(-8.09472, -7.33006)	(-0.0499805, -0.0210958)
be7fc30c58dc772f88007fdefcf21a96	-7.969788440000007	0.002091277718554998	0.1553564048945727	0.005899915583454068	(-8.24768, -7.67833)	(-0.00820475, 0.0135892)
3d766867c97f511431bf97e059d6498f	-5.476073034999995	-0.010458573903140018	0.15011384538655573	0.00570820910210399	(-5.73604, -5.16675)	(-0.0211265, 0.000780865)
9099a7f671b923c7b07c12508f17270a	-7.3319615900000095	-0.031382716580000046	0.19762463438592842	0.007628424033971885	(-7.68304, -6.93009)	(-0.0460967, -0.0169154)
4973330392dab23937c67af9843e5359	-8.78518151500001	0.02916013609999999	0.21918848823502302	0.008327237580556953	(-9.22131, -8.41424)	(0.0150723, 0.0459436)
2cf53730a41137e7ad95ed3680541d80	-9.521948230000003	0.01375009690409999	0.3246413030658099	0.01238583173289768	(-10.1402, -8.9351)	(-0.0105219, 0.0355742)
2a0968119cb66a61a416f8d924c224ac	-6.873199985000007	0.025237017866350034	0.45752142643525423	0.017523995335555098	(-7.69086, -5.97175)	(-0.00637737, 0.0589728)
a4e2a4e1321a599651edf92f6999e78e	-8.134389935000005	0.02335080741167502	0.425738096747808	0.016514654390816695	(-9.00656, -7.36618)	(-0.00804801, 0.0549052)
782772ed674928794b78f5a59ee3d08c	-9.798513660000012	0.015135243988200018	0.23491799526112164	0.008861483199474733	(-10.2556, -9.37492)	(-0.000914769, 0.0322741)
ab5c396eaf731e031c9764a05b798753	-9.057855019999987	0.019681148163799983	0.24724097187865046	0.009328280771565004	(-9.53073, -8.61866)	(0.00294174, 0.0379381)
04195686f2b70585790ec75320de0d6f	-4.831082444999999	-0.04290873172999995	0.29644952168332467	0.011424687743369995	(-5.35791, -4.2698)	(-0.0637104, -0.021856)
9f4d14b114e7499772a797790d81c1db	-5.196458179999997	0.008915622227900002	0.10461234245579064	0.003997620938740839	(-5.4042, -5.01698)	(0.00181925, 0.0166954)
b1f2146bef78066448576fceeb6b644b	-4.221586335000001	-0.017159957289999972	0.11905358879100542	0.004319557602507246	(-4.44502, -4.00853)	(-0.0249244, -0.00915753)
3bff9ab82e7f2a76cc22e687ac7b72fd	-8.161317165	0.05420049540000005	0.38218257469933536	0.014498849009717938	(-8.82395, -7.42756)	(0.02721, 0.0810105)
c1365ec008032ee718dcafaf5ac17adb	-6.993227699999995	0.000954170066005001	0.1700404269790276	0.00644047381172904	(-7.32934, -6.68947)	(-0.0103907, 0.0137157)
cc968157f7691aab95df444e8cd103e2	-5.840669969999991	0.019471183729999994	0.11384052728839186	0.004329874988393847	(-6.07072, -5.64272)	(0.0112759, 0.0278202)
09ee2c2d76be17c9ede2d4c57412adeb	-9.125457110000003	0.004985797080329995	0.36719311167783053	0.014040772095482797	(-9.81031, -8.42513)	(-0.0222164, 0.0304087)
d9b76ee51ff2b6961430bf352cc578f2	-8.855194579999992	-0.026039285063050057	0.23647574882601283	0.009188549680398598	(-9.28838, -8.40129)	(-0.0427684, -0.00844853)
d2cccbadb958c9c6547274fa10531f74	-7.018153305000007	-0.0021660441970000025	0.17103068461047263	0.006440232356590761	(-7.33558, -6.70957)	(-0.0135949, 0.0101045)
2268b83b6cb307bfd1cd008dae1ce4b3	-7.161876150000009	-0.006627191424650001	0.3065446724266749	0.011545206378133355	(-7.75029, -6.59641)	(-0.0277837, 0.0160514)
e9ad916c93ff127ade2a8283db7603a1	-6.767835490000004	0.02292192116607003	0.4568832311058925	0.01755502517477252	(-7.61993, -5.90948)	(-0.0100768, 0.0559316)
624d0040eafc828499b5009791d96b85	-9.142017574999993	0.00658997629495	0.1953153344391304	0.007358454378237723	(-9.47968, -8.75199)	(-0.0065616, 0.0209308)
bc5146d3526a9ef5179457a2077b1b46	-8.83081012500001	-0.012123811894889971	0.15659960619884847	0.006022485391497893	(-9.14138, -8.55939)	(-0.0226562, 0.000244974)
7bbb537e486b770d58232a6c683a3a9f	-7.175454784999991	-0.0014398365897574986	0.17154686641718	0.006586244954196551	(-7.50881, -6.85996)	(-0.014603, 0.0102307)
30c16856bd5bae4cd2f1182341b30ffc	-10.2299527	0.04409610675000008	0.29861350802217584	0.011291856522857937	(-10.7662, -9.68218)	(0.0237991, 0.0646276)
ac5402de1ddf427ab8d2b0a8a0a44f19	-3.4677926049999996	-0.006504539348059986	0.1587531682498462	0.006030089766965372	(-3.74812, -3.1752)	(-0.0182346, 0.00379872)
d0037fe3397f56b52e971759e3f2f7a8	-8.225586974999995	-0.02463352207275001	0.3723890537903863	0.014418853160917844	(-8.93669, -7.54248)	(-0.0516576, 0.00114597)
3d7f3a3956e66e4728521a97abd9f07b	-8.086872274999989	0.022625153428700057	0.3731225539699717	0.014278630419201643	(-8.79884, -7.34574)	(-0.00477884, 0.0496715)
3e15d94435169ddada1e508dd8b83a55	-8.694814814999994	0.024294621654349986	0.23022050801213548	0.008624206767433445	(-9.14613, -8.28983)	(0.00865251, 0.0412206)
ed1528f4822674c9e1da64b84c778e9f	-6.254317405000004	0.011926894784909985	0.22489286951083187	0.008555796356957253	(-6.69722, -5.85056)	(-0.00405173, 0.0278021)
477734397215c70bdacce28d5685cc6e	-6.2425071149999924	0.0007960414154050029	0.3577270885078826	0.013798728419265396	(-6.98162, -5.61834)	(-0.0232381, 0.0292574)
1243750138937650754b619370565800	-7.372203455	0.047551065149999995	0.28063667940348236	0.01076285233279963	(-7.92927, -6.86541)	(0.0289011, 0.0703523)
997c1b9bc29e50b9096303c708bb54e8	-9.522456280000007	0.0006509027403500011	0.24557068641729543	0.009255319101410123	(-9.98873, -9.058)	(-0.0163765, 0.0186013)
8aff935557eab67b0baa4553b8518105	-8.957957184999998	0.0068429161062549815	0.2671498811082009	0.010118875643695624	(-9.46746, -8.46615)	(-0.011025, 0.0270206)
39bb3fb5b2257fd2eacca408dc42c5d1	-5.231521619999991	-0.005875991913389999	0.20579842425799966	0.0078048419211615054	(-5.6089, -4.85093)	(-0.0210746, 0.00807114)
b9024a1f377b62508864cfea59b16a31	-7.9861394650000035	0.014000248832700006	0.15825168643987267	0.005980003471334952	(-8.27829, -7.68621)	(0.00305493, 0.0254641)
7ab1bc6052053650189083370055ae66	-6.301005360000011	0.007301083414660009	0.28253067266205006	0.010712385549607585	(-6.80661, -5.75725)	(-0.0121615, 0.0273445)
8183f1e3f9806994e125b1d5c6932498	-6.578459919999992	0.006442311653806501	0.23010382932557577	0.008737493531536899	(-6.97334, -6.0957)	(-0.0103141, 0.0218771)
92f000f936d3f349c5e7719a5edc5078	-7.2610725649999885	-0.0016846804038550005	0.12568860359623207	0.004824704738251783	(-7.50424, -7.04449)	(-0.0107819, 0.00717965)
6509bd0f539df985ac2f40c335cdb999	-9.126684029999996	0.02384501166500004	0.26223406780633823	0.009907563294850538	(-9.60558, -8.6345)	(0.00492478, 0.0416208)
c4f9ef34bd2919511069f409c25de6f1	-4.4604901599999955	-0.009410938132254984	0.30725900063557865	0.01162666817502397	(-5.06038, -3.92538)	(-0.0295606, 0.0131573)
74923f4bbde849e27fc4eda25d757e2a	-5.762677124999998	-0.11751253939999971	0.36640059319450385	0.014628067331485313	(-6.44416, -5.06365)	(-0.146012, -0.0915405)
3edf7e19ca2ce44d4d3daa243e8725f7	-9.753408	0.007430048985550002	0.19977202277170855	0.007624251709908373	(-10.1714, -9.40549)	(-0.00752874, 0.0217146)
ebab7cfc7858bfb00c486bba21d6ca6d	-6.319294100000007	0.026284256246000032	0.2406304687367955	0.009257179276165501	(-6.77373, -5.87334)	(0.00787329, 0.0420054)
8937656c16c20701c107e715bad86732	-3.443178680000006	0.008594494183129986	0.17739230069469647	0.006779931061331038	(-3.76057, -3.09405)	(-0.00460416, 0.0206021)
6a6880faba39965be0e4b7d88966d1c9	-6.6830003300000005	0.013143551838005032	0.23449626996647746	0.008937012591586888	(-7.14922, -6.24059)	(-0.00341801, 0.0307777)
85c05d873041801d03eed489230b23f6	-8.365805590000011	0.010586773192960006	0.1470319134125374	0.005559717672117176	(-8.62663, -8.08726)	(-0.000262551, 0.0204927)
6d8fe4ac153ead767024e041ff1f0ec6	-9.313527005000008	0.03783208276250004	0.423731289081866	0.016431134025449667	(-10.0792, -8.49913)	(0.00705483, 0.0672084)
ed5952d1e022067b212146b9b3bc6812	-5.080526029999994	0.01345485049606999	0.36223016609448655	0.01391382601811862	(-5.80389, -4.47474)	(-0.0102896, 0.0409502)
7029eddc845e01d613a3bbc113ebeaba	-6.7597101850000065	0.010142229318275024	0.22329093055723456	0.008479979172836312	(-7.16714, -6.3237)	(-0.00632215, 0.0259298)
41d23d8bc82f57b26b6896d5e2e947e8	-9.855096845000007	0.008138470129099995	0.24387785861245392	0.009265429379466434	(-10.3037, -9.39653)	(-0.00762353, 0.0269404)
0021d135d4ac12982cc8abdf2b38e23f	-6.398357639999989	-0.01296526453480001	0.3121077549786778	0.011488291950596679	(-7.03453, -5.87918)	(-0.0324242, 0.010513)
e4c0082e2ab8c9772768fc29bb86caa3	-6.77425017500001	0.004897832346149999	0.16634356670583744	0.006303754578537499	(-7.08003, -6.45897)	(-0.00736144, 0.0159108)
46d8ab5615f60d7b522f3590976668be	-9.349150435000022	0.014646537287554997	0.15725286568727703	0.005921211611746163	(-9.62308, -9.05673)	(0.00345474, 0.0252778)
28bb502265419a0e86626d75a1183ce7	-8.862599450000008	0.022322689831950016	0.3990568216478667	0.015343611853418553	(-9.60937, -8.09619)	(-0.00694029, 0.0511104)
ea3af29626a95b6c7b89d631bf1a739c	-6.016533240000003	0.024960656825	0.18895874294565587	0.0072550566952531296	(-6.37989, -5.65894)	(0.0122463, 0.0393715)
94b000e59b7ac160b0416c9ab45ff0bf	-7.315947685000013	-0.005669132262014492	0.36314692793742703	0.013563758512710954	(-7.98211, -6.61621)	(-0.0321555, 0.0194344)
75878b49cacdd2ffdcea1186a43be92d	-7.703228080000009	-0.013487962210949984	0.19284284217650802	0.007340912459719845	(-8.05915, -7.34049)	(-0.026031, 0.00122462)
aea50462b44fe88301c739b72353e16f	-8.239652675000018	-0.00870135799570001	0.1867784347787357	0.007123411757144767	(-8.58146, -7.90546)	(-0.021483, 0.00428005)
2d575dfaf20c70d49b09be32a1492254	-8.96443486499998	0.005566272685249996	0.14563334994870442	0.005498122242001087	(-9.23081, -8.69828)	(-0.00377197, 0.0165535)
b955f67a541a149dd3b179dc62d37a72	-7.755782114999998	-0.0038139905845900016	0.21711579434250472	0.008300439189465542	(-8.162, -7.34833)	(-0.0190564, 0.0120494)
ad7bc2bb6e1ec90a9bc3c8949bce80d6	-5.971580735000008	-0.012160012621729999	0.31594253617851076	0.011381742258528364	(-6.53662, -5.35935)	(-0.0323363, 0.0110792)
8f1c11c7b732265cbfc1bb7dbd0241e7	-5.294563325000015	-0.015549020304499965	0.16716276870611574	0.006325040745297738	(-5.61115, -4.98673)	(-0.0271105, -0.00368365)
1fd31ccf4d6163405f70131e32d5065a	-7.0124771100000025	0.002428608224265003	0.38090527037696364	0.014732035240592915	(-7.74971, -6.31322)	(-0.0253454, 0.0299526)
5093ad88995f6fe457c7fe96bb0ed33b	-6.390259129999996	0.014843465266034968	0.1992125542927533	0.007651075741368197	(-6.72285, -5.97906)	(0.000997561, 0.0291554)
f9b52205cb2d03153fd394a290212a10	-4.781772015000008	-0.018460838043550004	0.27646909560164185	0.010407048692228719	(-5.28823, -4.23841)	(-0.0383983, 0.00171812)
9d4e16844252e2dfbaf80a4a6fc4d55d	-7.879839750000012	-0.0695926415499999	0.2741936341933152	0.011030899224712764	(-8.40015, -7.36083)	(-0.0904755, -0.0484222)
148c7eb0139bbc1b8c87dd31464742e4	-5.752821485000014	0.0034953661119449947	0.17582554286037272	0.006697684802472399	(-6.10507, -5.44603)	(-0.00902635, 0.016002)
eea6b86c0c75e740670ccc50613b1b23	-3.34104571	-0.0004921349999149997	0.07676414722769932	0.0028930833442326175	(-3.48135, -3.20598)	(-0.0056722, 0.00465307)
3fe55dd5e59267f275e972017302459f	-6.644647774999997	0.015827117489127487	0.4251922159004081	0.016401191787941746	(-7.39627, -5.88913)	(-0.0116312, 0.0472443)
f11bd4248a2f95e53507c5bbf8dda43a	-6.563525790000009	-0.009040489498399995	0.14455000360178455	0.005255614193712142	(-6.8397, -6.31606)	(-0.0181801, 0.00157938)
09a55cd0bdf9fa4929eab3f0ed841bf5	-9.459858780000014	0.01940169691254999	0.24367835017992806	0.009385167097170372	(-9.97895, -9.0506)	(0.00160642, 0.0364508)
bfb7bb16ab570748b3a5d099e9426af1	-7.715271970000013	-0.027335275269999973	0.15125635482854624	0.005826760357885091	(-7.98022, -7.41623)	(-0.0384326, -0.0162264)
ad52a0f6646c574417ce0b13b84acfa9	-3.6385412400000035	0.0010334000498820016	0.2316862717365067	0.008803505699653807	(-4.05353, -3.20488)	(-0.0151857, 0.0173189)
180b74e94caf35fac5e1f0f4b7ad9d9f	-6.072218834999992	-0.012811914742499991	0.1079154853252894	0.004096360254106441	(-6.27282, -5.86097)	(-0.0209763, -0.00562282)
810926a593979f3574e3bbe7defd3559	-10.192510609999994	0.029802780469000024	0.3253160733763825	0.012430825943532637	(-10.8096, -9.61046)	(0.00872233, 0.0540037)
5d62137a2d05df0be8d6b7e163a3ef08	-5.000750455000001	-0.006647898412349999	0.417522418642931	0.01606999967533586	(-5.81899, -4.2672)	(-0.0376803, 0.022128)
f9765bd9332162f70268554ab318197e	-7.2406212749999925	0.012272933541965016	0.27285919830679045	0.010437994039360928	(-7.78363, -6.75134)	(-0.00836307, 0.0310764)
bc5b6cc17572b4fd6ebd80081410427e	-10.060640384999985	0.009205869903700021	0.20306581761513157	0.0077124658377804595	(-10.4083, -9.64129)	(-0.00454104, 0.0247728)
a29679284280410db95e5cb8c0b2d73d	-8.62791590000001	-0.00943794817051202	0.27208231539534145	0.010370855708163193	(-9.17498, -8.15329)	(-0.0279406, 0.0106185)
1c86153e1b13ab5322c96f2602b73513	-5.049505150000003	-0.016648847376294972	0.4149601293424191	0.01595300752253507	(-5.81611, -4.23898)	(-0.0466176, 0.0135098)
fec0355651c9ad579f01f3e332311725	-7.047997185000005	-0.0013945787387699994	0.1846055514076589	0.007072016567515547	(-7.37869, -6.6945)	(-0.0139885, 0.0116338)
f10155af1849a17996f302d71b32398c	-8.754054685	0.02299961882550004	0.41409007748327	0.015946265985426197	(-9.55065, -8.0053)	(-0.00522013, 0.0538713)
0cc26190e976fc496119a5eb4cd0fee7	-9.916349954999987	-0.0044146701708949925	0.20457642707396156	0.007653975266689728	(-10.2926, -9.53889)	(-0.0193824, 0.00862622)
9c25197937d1f54e2634026fbca6b55f	-8.11936091500001	0.040957002528349974	0.44490754184123793	0.01705816052448892	(-8.93346, -7.2781)	(0.00972001, 0.0726799)
40ced57decad1424c32de76ae039c050	-9.830689364999984	0.013570984708300001	0.18929188943070652	0.007037240938802236	(-10.1883, -9.47415)	(0.000648279, 0.0270109)
2ad31c7624bd7744a56a5ccac67ed01a	-8.451422934999979	-0.007892085136930006	0.1899631257182187	0.007250850319927821	(-8.79326, -8.08397)	(-0.0216839, 0.00493738)
41df3b4c55182503ecd97c6dbe47966a	-7.604036325000005	0.03450402559999996	0.1711699451178401	0.006577598772051595	(-7.90078, -7.2527)	(0.0225882, 0.0472829)
fea3411c847e6627afb5e78b88e2e9af	-3.981936044999998	-0.0713097194000002	0.2294796663027204	0.00863701071361461	(-4.43459, -3.58992)	(-0.0876485, -0.05526)
8bb5ff097e0707dca3fe5860af20f4a6	-7.01461684	0.011493257306449992	0.1708032528367491	0.006520567468451931	(-7.32412, -6.68603)	(-0.000818323, 0.0233788)
bda6b6e7da7508c68057140e7bd6cd8d	-6.623563614999994	0.015601464512699982	0.21971415938573857	0.00845685318471828	(-7.02901, -6.22986)	(0.000740789, 0.0315651)
1a5526b9f7147b6893f1a034a107cc65	-8.938482049999992	-0.037889649250000004	0.2650000058098066	0.010436464538975301	(-9.41836, -8.44)	(-0.058373, -0.0191724)
97f26830027d30dfbd60b54895af0660	-9.79281039000001	0.027547175348500028	0.2576610394055491	0.00981890107047959	(-10.2751, -9.33134)	(0.0104016, 0.0467109)
d061a99148d649c4eca4836c5f4b5b68	-4.607631284999993	-0.0032298225544705	0.1057233535331658	0.003991513581487475	(-4.81276, -4.4175)	(-0.0103136, 0.00428026)
f9f5f08e8da4cc9740518223846563db	-9.170655055000008	0.02730692721800003	0.29716178350319045	0.011389089026238015	(-9.72518, -8.60007)	(0.00595354, 0.048678)
40c85a458df8d5a935122ba778d4f334	-4.9916489650000075	-0.0180238245078	0.3046820130829498	0.011363876325877126	(-5.59188, -4.45326)	(-0.038469, 0.00377264)
7ebc04cb539befd9f2e7faa131628c66	-8.495547720000008	0.007169523070123999	0.24605931195730354	0.009472329069952283	(-8.91716, -8.02345)	(-0.0108398, 0.0234467)
f7ef98bb6d0061b9368a72b1ff40aad0	-7.249400920000015	-0.07005501629999991	0.3180451226580179	0.01231664027749915	(-7.84533, -6.64355)	(-0.093411, -0.0467795)
362b97b08074732371b6e76cd1a894e1	-7.613864595000005	0.020845419126099943	0.45981443119560306	0.017367267923282033	(-8.44267, -6.69482)	(-0.0119798, 0.0531605)
2fad39e365933a7f925040cb3c2a5ef8	-6.055409984999994	-0.001688269240615001	0.23863162856869935	0.008810945550073874	(-6.48224, -5.62195)	(-0.018611, 0.0138458)
4c855814a58f4f324e8f0cfaab222e1f	-7.2815853200000005	-0.06414830549999995	0.40517934679237727	0.015660498291339576	(-7.9817, -6.44983)	(-0.0961108, -0.0369548)
2f61368750bbc7603f01c928568e7ad3	-7.479702060000011	0.019825920945000037	0.15394431745295548	0.005833468790244257	(-7.80297, -7.22071)	(0.0094247, 0.0310106)
599ba6458e91e2527f358f547ea39261	-4.094163299999997	-0.005436380915900009	0.1023383499466842	0.003850270188580615	(-4.28423, -3.90925)	(-0.0123737, 0.00185058)
4b548f1f6fc22f32237396b7d4ffee6e	-6.977416625000006	-0.02675976260000006	0.1336023139614706	0.005109406250430793	(-7.22075, -6.72175)	(-0.0360262, -0.0169845)
eb3543a838a705addef1d704eda7cad3	-7.724730884999995	-0.01234332149715001	0.39962512619412077	0.015319658963180209	(-8.52126, -6.9885)	(-0.0396576, 0.0181175)
2281740c4ae82360612b5bc7e9538337	-6.5912819250000085	0.004895686668929996	0.26671273175730537	0.01006149574317201	(-7.08776, -6.10171)	(-0.0132614, 0.0244375)
96936173022b85940115c9ea103505bd	-9.010796170000004	0.033599747874999926	0.2166859746784067	0.008288555577925795	(-9.43222, -8.6265)	(0.018835, 0.0495741)
f45b62ab6ec22fb20364a7e05088158f	-8.425958034999992	0.044578146260000034	0.30076962441474836	0.011409770327886513	(-8.96221, -7.84599)	(0.0249703, 0.0673131)
c16907f7272c334959e9f980842194cf	-7.740602069999986	-0.013936635108150004	0.32591639035589315	0.012360592356371266	(-8.33507, -7.13013)	(-0.0355444, 0.0108069)
266c2a374ca451985731e1e1b5961bd2	-9.191693915	0.03132392916499993	0.24915638172465673	0.009356116287575742	(-9.66359, -8.73244)	(0.0136174, 0.0484944)
2ad8a4ebf774763b765f4ab5b516ff21	-9.280561989999978	-0.004156740626849998	0.22793337860817992	0.008713417022942762	(-9.70698, -8.88013)	(-0.0200121, 0.0121969)
f12011ad5219b22b6ca790103333a755	-8.924600340000005	-0.009472380929904978	0.1683907885885817	0.006492855007089404	(-9.23276, -8.60638)	(-0.0215482, 0.00264465)
b9fefd4224e459a6a0d21db63b1c0d03	-8.997699484999996	0.002758902101260006	0.34914250735263497	0.01329801939063338	(-9.63886, -8.30361)	(-0.0221821, 0.028397)
0cc2420a6a4698f8bf664d50b17d26b4	-5.879079595000009	-0.012539179177685005	0.1943677314092698	0.007397345240558449	(-6.2057, -5.50127)	(-0.0261819, 0.00106126)
33f9226b33e1f59f71edc044bb947764	-4.592110689999986	0.010956014822740015	0.33013448317424204	0.012650217873254956	(-5.18087, -3.94784)	(-0.0121366, 0.0356331)
b4ef8e75d847b17325effd2f3873cc9c	-7.255532560000004	-0.006543351914099996	0.29378909823995575	0.011204727626651336	(-7.78748, -6.73712)	(-0.0268025, 0.0140522)
8ffd2b3caa54b2922e98a0d5aab5adde	-7.656982544999994	0.025729699224100018	0.28985824090884993	0.011153372425029454	(-8.21686, -7.14697)	(0.00467054, 0.0458547)
42608e863ede290f764f14c074e8e4fb	-9.125607494999988	0.005039742390699998	0.2390462855490019	0.009104055638833887	(-9.57051, -8.67803)	(-0.0105421, 0.0227964)
2a8a90cd5770804a5f23f425004de7e5	-6.198463019999998	-0.004051310634620005	0.4808127065393339	0.01828670432149675	(-7.04983, -5.23071)	(-0.0410731, 0.0275646)
f19fa34c0c987ab3bd8aa42d8a4d21ec	-9.387566080000006	0.017866025183699986	0.24873788732465674	0.0094907313585399	(-9.85227, -8.95529)	(0.000945272, 0.0351406)
340a5698fe78713b785c3bcce89df73b	-8.436121589999999	-0.0032097147375899967	0.21214011332129487	0.008085147780374252	(-8.83029, -8.03892)	(-0.0185163, 0.0111171)
376917760e5aa918592416e980809536	-5.6381447000000104	-0.01261301393025003	0.36223280811283515	0.013814074912431548	(-6.30934, -4.93783)	(-0.0388313, 0.0126263)
589c1370b3324a2d6cff6d1ff85341d1	-7.967070455000006	0.009214976491022996	0.30489281366382315	0.011287475013718	(-8.54758, -7.43269)	(-0.0119298, 0.0300696)
e5a43b018c81cedd19e9a5354d32d469	-6.688174815000008	0.010748929549070007	0.3101465365571022	0.011629747023063922	(-7.2846, -6.10634)	(-0.010615, 0.0336667)
f4dfb45b33372cdc0dc2fd20c0d0b448	-8.396881205000007	0.007546369827730023	0.44160791257313114	0.017137626126509445	(-9.18867, -7.51392)	(-0.025592, 0.0392763)
e1b3393309a8b247e0c358c26176d13c	-6.6677305800000015	-0.0017851352615394992	0.12462085379768355	0.004677382532588682	(-6.86982, -6.39842)	(-0.0105171, 0.006819)
b47757a69204f053308f7f5f0022edab	-7.98535822499998	0.011226677805264021	0.2823154241105139	0.01079765421880601	(-8.49643, -7.43905)	(-0.0084895, 0.0308268)
03569e3fd843f501355f7853b0ec9361	-6.382663935000009	0.004092751167770002	0.22938292874071006	0.00864233321764713	(-6.81846, -5.96061)	(-0.0128835, 0.0195516)
25e04b2be57def00437d44ab461e8773	-8.777382655	0.03547119294530002	0.34056696786843677	0.012950477713486844	(-9.41783, -8.16344)	(0.0130418, 0.0610915)
4d04d759f5a6615dac43060726239891	-5.901062159999999	0.022677006328999993	0.1957095727488422	0.007440192830430499	(-6.25793, -5.54276)	(0.00896421, 0.0365559)
237135dc8b20f922cabee934f7d410a1	-6.62091210499999	0.0010458305527299967	0.24504646293105106	0.009377547524853945	(-7.08139, -6.15419)	(-0.0150834, 0.0197154)
9dd9cefe38347b087dd318d82962cc03	-5.9445036450000135	0.006818153900946013	0.21233071754874286	0.008137890223884397	(-6.36691, -5.57159)	(-0.008958, 0.0212813)
c764eda12e92f19526c7e5a78a38c615	-9.99994433499999	0.0048164934520000076	0.25938869081796484	0.00991637289747859	(-10.4267, -9.4821)	(-0.0140199, 0.0223321)
6fc765c81c8b663cedcd799094894748	-9.074983900000007	0.014145834913400006	0.30737632625234834	0.011757692260283096	(-9.63225, -8.4879)	(-0.00816874, 0.0358458)
1a389bf765c8ff0f92600f684fbe7ad7	-6.8254100650000025	0.03616926377	0.23500387046013885	0.008953455802964033	(-7.29461, -6.42119)	(0.0208073, 0.0541947)
b0645cbec7653c887cb868a248d95874	-3.8231164349999993	0.0013618629242150007	0.14011294516368134	0.005387929954754819	(-4.07594, -3.557)	(-0.00852667, 0.0115884)
d6c46ad81c01997055a3b713c0d5ee1b	-6.257362534999992	-0.005624653580190013	0.33060121195576975	0.01259705599957893	(-6.9257, -5.67928)	(-0.0280175, 0.0188969)
fe2a1f2b6f247658881254d63fd68b74	-5.225100135000001	-0.03263887877190002	0.3510466027733812	0.013478286016561357	(-5.86089, -4.52401)	(-0.0573447, -0.00651083)
89aabf43d24dd5bd0fd0f5aca189d341	-4.9873306999999985	-0.011574849515000015	0.07670087887508201	0.00291372831510929	(-5.12023, -4.84493)	(-0.0166114, -0.00577006)
2ae8a432208b85a14e86eb821c86ce2b	-4.181757724999998	-0.004853191903460007	0.13634836701909692	0.005177112417392008	(-4.42568, -3.92955)	(-0.0145609, 0.00464547)
f596fa835cdfdb22d6494b012f61fff2	-5.727125204999991	0.002191778802459997	0.15998501433339923	0.006141619782295359	(-6.00524, -5.4253)	(-0.00875767, 0.0135071)
f7895578be91c3e9c71c7b89e3e798db	-8.471982835000002	-0.01668749797844003	0.3087841408157368	0.011617419802911371	(-9.08395, -7.91979)	(-0.0384144, 0.00585086)
8b40296c81e6ffbc10306d4a2ccab530	-9.578323455000016	0.006445794449350001	0.15055137451552203	0.005712930499077337	(-9.85146, -9.27632)	(-0.00445499, 0.0170242)
40a6b537d995aeb12b0100e2cb6ad879	-7.29314209999999	0.0072601937932700025	0.22480950542690595	0.0086527848774896	(-7.70415, -6.85891)	(-0.00907559, 0.0228218)
9ac5fec396208e598ab2e2d26985d0df	-7.42641919500001	-0.028902050624999925	0.12646092994597966	0.004887893145031236	(-7.65718, -7.19905)	(-0.0380487, -0.0202989)
19cb3add28813b2bf3e1f40a000d33c2	-4.324890650000001	-0.003648939287659995	0.22054578075940925	0.008439385170811789	(-4.72707, -3.89548)	(-0.0186413, 0.0132949)
686d42b9552375c3b61301ae5605e3a2	-7.630788354999995	0.04329980516500005	0.3493955285541643	0.013268193236429821	(-8.27734, -6.97068)	(0.0147215, 0.065407)
51625f89e7332f46ab0641e10cede6ea	-9.72630249500001	0.08468893585000002	0.4083420894353469	0.01573350689696101	(-10.4387, -8.91396)	(0.0571427, 0.116024)
ddd87ec4b9d332c2d8c02f5d1b08dbb4	-7.363615974999993	-0.003504130721862002	0.13554901708772882	0.005150741939101248	(-7.60556, -7.11473)	(-0.0134006, 0.00530258)
588a23811b3e98af68f4f0fb24a0daa8	-5.777571024999996	0.01201997867186501	0.19030545191139253	0.007069933175389661	(-6.15309, -5.44047)	(-0.000230705, 0.0256489)
7c82a2ef7685c5c6dc3080f56033cee9	-9.050737824999985	0.005501116869179995	0.3005493003430875	0.011430077721421706	(-9.60052, -8.46418)	(-0.0169699, 0.026524)
b835514e2678e3c7ba13bfe0a0d79bb4	-8.947597274999977	0.015793593467054987	0.2825204392755052	0.010603405572095706	(-9.46151, -8.42731)	(-0.00299335, 0.0364016)
c162a4f3943238810eba8a25f0563cca	-5.100791160000001	-0.006951602037175012	0.14964756361984108	0.005645047952224342	(-5.40142, -4.82053)	(-0.0182871, 0.00341488)
5b00db3216a94bcd5c4842499bf6bf6e	-8.088415595000004	0.0052170879339949955	0.17495971580608494	0.0065889320843549384	(-8.42539, -7.77688)	(-0.00711314, 0.0175001)
beef5a54aaee13f217ecede427cb3071	-7.733318824999997	0.0048694509134	0.36742012030653615	0.01388208237990291	(-8.41459, -7.03916)	(-0.0202622, 0.0312442)
f7686a74ca2d3729eb66305e8a26309b	-3.7955364950000035	0.0025132608070999973	0.08637811929166427	0.0032618271341697375	(-3.95324, -3.63478)	(-0.00429464, 0.00806291)
5ca5ea401c8d3569e69626d2f81d5578	-5.89761601	-0.003172607182634999	0.41095543156488346	0.015724805974229206	(-6.70033, -5.1592)	(-0.033437, 0.0250825)
b6d740387526e21887b761f90fbc914a	-6.889889685000004	-0.06706942660000013	0.26971313285442894	0.010379779248212491	(-7.41486, -6.38415)	(-0.0875267, -0.0479748)
5e69d50b5a886d1b222f36de84a9dc98	-8.524430729999997	-0.028563921306500005	0.27092353587140994	0.010306805278488467	(-9.04581, -8.00731)	(-0.0486779, -0.00993257)
208c8722c4dd18b60b2b2684272ff26c	-8.56531007499998	0.007156146867975005	0.3754911565872681	0.014456780908437205	(-9.28932, -7.90685)	(-0.020714, 0.0330748)
95fb1be2ae50b6d347649ea76c2a1874	-9.290299539999989	0.010888945295147	0.23695252713188825	0.0089392683320918	(-9.74453, -8.86126)	(-0.00661928, 0.0271037)
ea2b0e4a93c24c6c3661cbe347f93b74	-4.251592990000001	-0.0049202180618099995	0.12920084050639868	0.004925693409398435	(-4.48733, -4.00763)	(-0.0139242, 0.0045851)
04b5dd98584b9ead93ed64c586994296	-8.089781770000002	0.013402916297749989	0.20326275562671867	0.0076669643068375025	(-8.52615, -7.74699)	(0.000343182, 0.0296339)
ec6c9ea52e88226c339487585ea02f42	-6.024018930000014	0.020684930663000027	0.23303417397724116	0.00893765667444674	(-6.45088, -5.56989)	(0.00309367, 0.0373966)
4ce0afbaae4138f34580aa9f62b7a0fd	-9.059631140000016	0.02435847212091502	0.3071704247052445	0.011806298582045124	(-9.61203, -8.50456)	(0.00366187, 0.0471135)
f655279fdb3e9fe733677c83df662486	-9.236601329999994	0.02409043940000004	0.1932637756149121	0.007302757265477107	(-9.58839, -8.86111)	(0.0106029, 0.0378792)
