Feature	Intercept_mean	CV_meat_fg_eaten_mean	Intercept_std	CV_meat_fg_eaten_std	Intercept_hdi	CV_meat_fg_eaten_hdi
7e9ed2c841e64976eace4b578ff56a26	-4.95533011500001	-4.3615653402500015e-05	0.19440873696219715	0.0015441029370416943	(-5.32452, -4.60628)	(-0.00280042, 0.00288931)
a6099802840e60febef8e896967b7747	-6.999028275	0.0006108368911619495	0.06716475306196229	0.000532274371780916	(-7.11679, -6.86605)	(-0.000387173, 0.00160287)
904ad13c7b8512200836d5cd9fb09e1b	-8.794430795000007	-0.001317731905544501	0.1564323724707195	0.0012784023756395736	(-9.09812, -8.52992)	(-0.00381167, 0.000924523)
1aab913302590e21a7be28b1494a3320	-8.881372624999996	-0.002288630028470004	0.09258961448434358	0.0007780879060729018	(-9.07931, -8.72556)	(-0.00379939, -0.000905235)
e644522cf6d7222c9da7f9ecf614cd89	-8.535840264999997	-0.002210373066483499	0.1376067306172913	0.0010569126102016962	(-8.79046, -8.27239)	(-0.00409048, -0.000118352)
bad4f7c5ada34a1f813946abcfe5c556	-4.759761335000009	0.0005946959417749991	0.0616800598935164	0.0004967105688439493	(-4.86673, -4.63932)	(-0.00037432, 0.00148558)
399bcf0feb12a20ca0731d8d65268dae	-6.357854620000006	0.0006669331502784997	0.13269672872213395	0.0010803355537539329	(-6.60204, -6.1021)	(-0.00146685, 0.00252796)
32f7e6bfc42fe19c17f9459bd9be4b67	-7.270192975000001	0.0009190294041585007	0.13691807859519273	0.0011119397301672228	(-7.53957, -7.03289)	(-0.000909917, 0.00332451)
c942f59feffce9c3ab527135de234101	-5.191953634999992	-0.000325631784759	0.08375994902479819	0.000659832716577513	(-5.34269, -5.03521)	(-0.0016521, 0.000803336)
29bb5fa7f45e47bbabab8cc1b1b3d18e	-8.695423105000007	-0.000884519753804501	0.20712160075547206	0.001773192765344589	(-9.09186, -8.34039)	(-0.00435771, 0.00225047)
7b2ff5940de11da4dc3bb208805dff11	-8.238451144999992	-0.0015502475271499986	0.08769532846303146	0.0007268319298260524	(-8.40729, -8.08051)	(-0.00284401, -0.000155156)
6c7fa77831ae630967a6fbfc8ee47901	-3.4403716650000047	-0.000161602712726	0.05043897279463345	0.00040877335671560413	(-3.53212, -3.35127)	(-0.000984238, 0.000561415)
6c83fec6e8d03fad51eabc871853c991	-8.306497245	-0.0005861885144700013	0.1725260372939689	0.0014329793571441723	(-8.64661, -8.00597)	(-0.00335263, 0.00205073)
23597fea41001255f06321d42aefd3bd	-8.434366050000005	0.0003051098854945	0.11184770625764975	0.0009310353059285711	(-8.64754, -8.22801)	(-0.00134898, 0.00211114)
ee02d6d3506da57909d5e603709a295f	-6.7979694299999975	0.0003140191040594987	0.06723080633961703	0.000531977814826464	(-6.91949, -6.66649)	(-0.000674497, 0.00126542)
e6a34eb113dba66df0b8bbec907a8f5d	-5.466655860000013	-0.00033787954433900076	0.08655566649307479	0.0006814389801114302	(-5.62932, -5.2988)	(-0.0015413, 0.00099086)
6c4de756c45fa6e7e5adfe196f9f0039	-5.328440514999999	-0.001062562244415002	0.18908754644022643	0.0014931060726945259	(-5.68486, -4.9834)	(-0.00382133, 0.00173401)
60c57911662a9159dfdd0fc05d975a55	-4.134349679999993	-0.0012425655616	0.07498748916251029	0.0006337548678080372	(-4.27588, -3.99552)	(-0.00236648, 8.9369e-06)
1986030e3c5cd5df6d869054bc96e536	-7.877306300000003	0.0010151594123299999	0.1278882343912449	0.001027928125947397	(-8.12977, -7.6538)	(-0.000910259, 0.00285447)
ea3433f2c148c6fae4cc2e9ae197f5b8	-5.054006495000001	-0.001667025127882502	0.10235381110376394	0.0008456225118002558	(-5.239, -4.85314)	(-0.00314159, 0.000109246)
059c8f8bb468064b134ea6d3661761ea	-4.844397215000003	-0.0005764917547155	0.0970773168510223	0.000772590490493523	(-5.0241, -4.6538)	(-0.00197973, 0.000943999)
8a9f7499cdb85b8efa497bb56256cb43	-6.469090749999984	0.0005293066464055005	0.06474916317866583	0.0005180920812055498	(-6.60489, -6.36115)	(-0.000413952, 0.00150242)
8dccd839cf4868a3343e411c063932a6	-8.648327294999987	-0.0053219167199999775	0.15828097067188135	0.001368892353262499	(-8.95687, -8.35469)	(-0.00782611, -0.00266552)
f402919ff0fe53fec5b6ef190f9e42b7	-6.92176363	-0.0003347989958129994	0.0821039491913945	0.0006582275282188305	(-7.08508, -6.77939)	(-0.00150406, 0.00092884)
f9382b37fc2cfd3cf606824a235802de	-9.678572320000011	-0.0008304433844659993	0.14226984903561812	0.0011819404227751042	(-9.9682, -9.44472)	(-0.00289731, 0.00143838)
1664c7d0b9dec6e07df8542c0c4049c7	-8.366626870000003	-0.001143119115525498	0.10391088243684148	0.0008571706447758642	(-8.55218, -8.16375)	(-0.00267126, 0.000512645)
3e5f388f7ad4f160c2a1cdd1441d00c0	-6.559924729999999	0.00017229144319599995	0.07685157565611204	0.0006266396999710516	(-6.71624, -6.42698)	(-0.000901349, 0.00145568)
f5706d9ec821f971e4c08ee992995b40	-7.943387540000003	0.0003726835966925001	0.16305013825430628	0.0013451445926854094	(-8.24536, -7.62282)	(-0.00224314, 0.00283323)
138eb7703e1255cf29760a4440de2a47	-8.247008399999993	-0.0036757727330000004	0.12727611384521453	0.0010732145178511394	(-8.47401, -8.00339)	(-0.00561032, -0.00160307)
56c3d1a8e4dc5c2aa7afbc1563559448	-7.336396894999995	-0.0014600560176900004	0.24409600641286414	0.002038590161707732	(-7.79331, -6.86447)	(-0.00510945, 0.00225037)
de61860db8d93da85692dffb5cf32ab9	-5.128111534999997	0.00037376062891899945	0.17641813935843959	0.0014233786328553739	(-5.44711, -4.7858)	(-0.0021675, 0.00305593)
5c02713fbed5c1964b4410d9f8166555	-6.166340020000002	0.0006950989977634989	0.07661201933182284	0.0006195924724984043	(-6.31393, -6.0277)	(-0.000397248, 0.00189879)
12bb0c9249480c4cec2cc9f692018806	-8.524953210000014	0.0012961170723534339	0.09026624847469783	0.0007413945613318081	(-8.6917, -8.34966)	(-9.03448e-05, 0.00266939)
b10627ff6db16c65eed2f21380dd700f	-5.9865863149999985	-0.0012698798672071486	0.21022621648612425	0.001724231172552517	(-6.37352, -5.58525)	(-0.00438145, 0.00212512)
3f5f0d10bd5495e2c89d229c508dcdec	-7.211973374999999	0.0014819669942450005	0.14749290143379573	0.0012075765195923003	(-7.49317, -6.95243)	(-0.000768413, 0.00368842)
de6891b6f7a1f35bd9ccbc058b9e1a77	-6.605590154999994	0.00029414694933349963	0.05360155788898282	0.0004296214282068965	(-6.70774, -6.51064)	(-0.000540167, 0.0010761)
828c563319c7cee475b9b8ab6a0a048b	-7.455405235000003	0.0002510565413450002	0.0748814970713378	0.0006131688148516945	(-7.59809, -7.3156)	(-0.000856854, 0.00147774)
6a129e8ae637c96e7bb56223913911f7	-6.018015629999992	0.00016096916763999995	0.11187149288716548	0.0009164365211350546	(-6.24297, -5.81416)	(-0.0016107, 0.00177689)
1527fd8b14037f53b8edb26b111e1f72	-5.756480694999998	-0.0005126535067400005	0.08265559791306912	0.0006912271760707641	(-5.91072, -5.59788)	(-0.00175131, 0.000846435)
b3d06445a910a9a444919e41f5da39c3	-9.850376490000007	-0.0010606969458022487	0.14919817301790225	0.0012325037302572401	(-10.1321, -9.58094)	(-0.00352316, 0.00107416)
992072d045462445dc239b35300af2cc	-3.951609539999997	0.0013398425049549975	0.24518651028184332	0.0020200064567681888	(-4.44709, -3.5415)	(-0.00228096, 0.00518616)
2403a466dd6d1e4f551d80394c2aa994	-7.089781770000012	0.0010843086873799988	0.24281228843464034	0.0019635608989029404	(-7.55162, -6.65603)	(-0.00238211, 0.00477094)
cae14798faeabb8e1b8840e712839921	-7.19416046999999	-0.00010237433615899995	0.16025141716652327	0.0013138074560438565	(-7.48432, -6.90854)	(-0.00250116, 0.00229823)
4311a44a7d56ce4086afad3e75bedd6e	-7.6944895949999985	-0.004529357274999996	0.10983344269249685	0.000895913216170252	(-7.91779, -7.50829)	(-0.006187, -0.00286876)
ab153c3e19553cead3d76fb9e00684c2	-7.241196085	0.003042256146449999	0.1767614860076222	0.0014014564508107459	(-7.55619, -6.91607)	(0.000710877, 0.00598107)
fc1856f132cd513b1251fa39ad4ccd01	-8.01855571	-0.0005794313924250011	0.06465113915002499	0.0005371980797415956	(-8.14229, -7.90098)	(-0.00150747, 0.000478444)
8ef31508d9a2fc6f83935de5607a686c	-6.8620057999999995	-0.004478192192750008	0.2483935170596445	0.002006537857755647	(-7.34668, -6.43558)	(-0.00805204, -0.000644445)
21ce8465657612a85e2f89e74d285ce1	-10.191399475000024	0.0004177292708979	0.13062343967173112	0.0010504857753371496	(-10.4448, -9.95808)	(-0.00152375, 0.00240622)
69d052e452e79d571cba042af265d50c	-5.1925182549999915	0.0008467911072249987	0.18908057758613117	0.0015595128146631404	(-5.5371, -4.83865)	(-0.00231761, 0.0035058)
79d5bee84cddbb27acb4dd7df378c789	-7.260475694999998	-0.00034544568891	0.14143711049019986	0.0011413592895256127	(-7.53848, -7.00565)	(-0.00246592, 0.00182864)
0f0a1f8c92368be6e8d3145bd4e94cd1	-5.1985846449999995	1.6240308020000016e-05	0.12583061494912112	0.0010241665572554132	(-5.43247, -4.97196)	(-0.00190806, 0.00194689)
64d05989cb6f8053633b2127793200b3	-7.207229354999988	-0.0022865900209499967	0.09355570757647003	0.0007390195555045246	(-7.37165, -7.03026)	(-0.0036487, -0.000875703)
bac3d8ea4685e825ef8d12b2a6979577	-7.685735650000003	0.002082880598240003	0.20664425089771446	0.0016185625646925807	(-8.06567, -7.29497)	(-0.000981172, 0.00497425)
a8d23fd98a311df2db65e5842634aba3	-7.216365905000008	-0.0002834536835925002	0.07366055906576444	0.0005728909462330711	(-7.36893, -7.089)	(-0.00137522, 0.000751907)
41239266f2952a56a313fc4798f28a1c	-6.663629000000018	-0.001638560740620004	0.09454453415137225	0.0007648130118949913	(-6.82974, -6.47922)	(-0.00295303, -0.000125105)
2b982979f2401a8bc447d7141879e9b2	-3.7550165349999967	-0.0011331980914999992	0.0499183085815593	0.0004021031149000226	(-3.84769, -3.65484)	(-0.00188064, -0.000343924)
251429848560a80abcb96640ceb102db	-5.36554650500001	-5.4590593458000045e-05	0.08535582209336968	0.0006896653546792904	(-5.5095, -5.19477)	(-0.00131903, 0.00120528)
7b34b797cadb639f63827c6d332dd4e9	-8.115048549999996	-0.0007631240407580013	0.0958794598639224	0.000790654285286352	(-8.29072, -7.93851)	(-0.00224812, 0.000724809)
2a99ec1157a90661db7ff643b82f1914	-5.988257349999998	-0.0044378548389	0.2013640456155902	0.0016009641831526034	(-6.36838, -5.61283)	(-0.00741101, -0.00153444)
2a7f11895ae7fe9fdffa52016207c561	-6.070088569999989	0.0007121562588540005	0.11606811828213252	0.0009725623788578205	(-6.28409, -5.86442)	(-0.00117134, 0.00238485)
0cfd41d10227f0de9092d5cda028c12d	-8.503987690000006	-0.0009085368405915004	0.11035774135675255	0.0009495896044980502	(-8.72401, -8.31526)	(-0.00280114, 0.000779486)
a9387e76477da8688775569cf540191b	-5.816485134999999	-0.0024131076827000036	0.1362679426449295	0.0010791653575399018	(-6.06615, -5.55049)	(-0.00450701, -0.000484139)
bb769f42c78f86faa2801cb2c2abb8dc	-8.313043715000015	-0.003008755460505004	0.1504755450784238	0.001254080841667964	(-8.60443, -8.03766)	(-0.00570663, -0.000933423)
68ee181a51a55ca3814763c9214cfd8a	-8.863074799999996	0.0017766004537099998	0.10746982003083466	0.0008234415241863413	(-9.04733, -8.66)	(0.000255913, 0.00335012)
88956ab21ebb7e44b2dd317dd412818a	-8.276731534999994	-0.0021100030952244976	0.1355043624437744	0.001097668211965768	(-8.53076, -8.04363)	(-0.00406335, 3.437e-05)
ca9dec36ad0aa5a1473144ddcb74951d	-5.1057757750000015	-0.0006043545634415006	0.07612773943444905	0.000610518279661663	(-5.2355, -4.96601)	(-0.00169582, 0.000580641)
ae171d16e3cb68ad19636a58839a1ef1	-8.561889964999999	-0.004002235082205005	0.16146150856364738	0.0013832786107313188	(-8.86422, -8.26938)	(-0.00648033, -0.00133991)
77f4d90aa6eb8080927f59ee8bbac375	-9.141824855000015	-0.0002820608392949999	0.10092414264227847	0.000822626098457565	(-9.31949, -8.94795)	(-0.0017458, 0.00131242)
a7b427a226422d10e62536b8d41e02fe	-7.9847729250000015	-0.0015842121354449972	0.1949854708235832	0.001566943374483325	(-8.31476, -7.60028)	(-0.00477058, 0.00116932)
2480f3aa1e7784b461d9b5b83a6bfc81	-7.842662154999991	-0.0008413971682700003	0.15335560437983994	0.0012734815079975478	(-8.13955, -7.57731)	(-0.00300998, 0.00163842)
9000b563231e32a7003bf2ef20bf9a60	-7.405912485000005	-0.00016871930050999981	0.10778017879496578	0.0008976929967020908	(-7.59555, -7.19369)	(-0.00188864, 0.00145891)
a186bb74dfce512f83043f7b366c60c4	-6.366333099999985	0.00027977828700500006	0.26491203467979724	0.002188609691518155	(-6.84756, -5.87641)	(-0.00358306, 0.00454648)
aad2c8fbb5e1201340fe4357731fc9ee	-7.959681795000022	-0.00030013511526000004	0.15789154396777555	0.001227537875015277	(-8.24813, -7.65436)	(-0.00264622, 0.00194319)
490d2aec117bd7289577684ba3cc1b64	-6.598841100000011	-0.0024724705430149967	0.17088458236918283	0.001441502349233215	(-6.8759, -6.24475)	(-0.00511816, 0.000163484)
457d3865cf0a4bc602a07d8d5324388f	-8.171346119999988	-0.004846331985850002	0.18076707485945998	0.001508698544133275	(-8.54364, -7.85645)	(-0.00762202, -0.00187407)
552e00cb506f739acaf08aa5641f9d84	-6.6474487299999945	1.954072116999998e-05	0.12004328400075982	0.0009611434425895271	(-6.87876, -6.42999)	(-0.00168667, 0.0019216)
9dc78fd8f2f7cb10e190e77af61c7ecd	-8.038418630000011	-0.0010768501241125	0.07891448597515613	0.0006425999519543855	(-8.17423, -7.88053)	(-0.00218183, 0.000208889)
a3607a88a8ed64e24a374847b23e404f	-6.319269689999988	-0.0012168600211600012	0.0934476872881502	0.0007602076891469762	(-6.51993, -6.17216)	(-0.00266619, 0.000141651)
5bb151262388870fd53a84ea6f1ffdf2	-9.22523302499999	-0.001993098301144999	0.13916133179047754	0.0010935844596469534	(-9.49372, -8.97132)	(-0.00399877, 5.46619e-05)
f7962a90f4519ec1d1a9c7b8ef7bf396	-9.266099704999993	0.0019389507086500011	0.1193806480882182	0.0009810089467744713	(-9.49902, -9.05184)	(0.000212575, 0.00386288)
77ad88eed91eef009bf64f101c96baa6	-5.200496259999998	2.90379934149999e-05	0.163457727351485	0.001314862452770458	(-5.52589, -4.90545)	(-0.00247605, 0.00248746)
08be83d0a527ddd1da0861135192e593	-8.509153054999992	-7.090534322300008e-05	0.21441056021991323	0.0017324023001256481	(-8.93151, -8.12904)	(-0.00334889, 0.0030473)
b61862b15d33865612e76c1db7b995a1	-8.954547280000009	-0.000316447276185	0.09627008317385836	0.000789998862590202	(-9.12352, -8.76619)	(-0.00169553, 0.00117352)
14f11556b1fc9132c5ab27b67a2479bf	-9.007018445000032	-0.0018156920406849997	0.11545929699609282	0.00092466470072228	(-9.227, -8.80752)	(-0.00347127, -2.59902e-05)
514b34f09e4acd2397d38273c630d338	-8.204434655000005	-0.0031035214192449995	0.2057352601431777	0.0017450954431591935	(-8.63052, -7.85632)	(-0.00623486, 0.000107601)
ba88d4e4e6a24ecc2a5aab6bdfbb77f5	-7.8010962950000025	-3.288088220499989e-06	0.08584442800917809	0.0006806288732481773	(-7.96974, -7.65128)	(-0.00140956, 0.00120559)
1c94105978b1aa2095e3c0096774f240	-8.202148830000004	-0.00010759025340294998	0.12616900731015934	0.0010173060016054583	(-8.44069, -7.97073)	(-0.00176993, 0.00202715)
27b636c66fa117272ed27920bad78969	-8.02568962500001	-0.0037628482777999944	0.15154578931995882	0.0012617081290476834	(-8.29437, -7.72448)	(-0.00610576, -0.00139803)
7201d53bd647437ec3de879774eba498	-6.386339789999996	-0.003272382594070002	0.22952523892604043	0.0019058961021272698	(-6.86752, -6.00212)	(-0.00662766, 0.000511113)
f8529e2e737999b4a7d06420482d4af3	-8.494972544999994	0.00011891693294650018	0.20299610491379638	0.001710696457638625	(-8.84522, -8.10657)	(-0.00323131, 0.00312259)
959d48a11e3b26c9268f0bd1dae6ec40	-4.304023715000005	0.0007814838824300001	0.05822997659151828	0.0004766145414378298	(-4.40232, -4.19022)	(-5.16088e-05, 0.0016678)
bd0f4e14387ee1ac7e5fe586cadbbed4	-8.84385739499999	-0.00039954275711700013	0.07987054943384307	0.0006602619767744155	(-8.99511, -8.69151)	(-0.00152783, 0.000913191)
66047b69a772cae3e37186eb74254da7	-8.270068824999997	-0.0060019992900000076	0.1757077526302392	0.0015124316772273324	(-8.588, -7.94508)	(-0.00881147, -0.00321984)
4207ad1746e5fbce9c5ed5efe1e357d9	-7.275932319999993	-0.0011205456741199995	0.0909865469232544	0.0007347324993621818	(-7.44838, -7.10732)	(-0.00242968, 0.000325854)
30207d209491dfb7de83344e77fd6fbd	-6.298156689999999	-0.00010827304663350005	0.08732337359060237	0.0007119713404538716	(-6.46305, -6.13409)	(-0.00137205, 0.00124803)
3e93fd55a231bb99b67a666bad8446a8	-8.184474535000016	-0.0007410712948300001	0.08399303478136609	0.0006878527524271506	(-8.34528, -8.02808)	(-0.00200812, 0.00058827)
d39f37b814ebd81091a949f8bd9d1710	-6.135235810000006	-0.0010321536465860003	0.13083292030006793	0.0010504838436411772	(-6.42394, -5.92857)	(-0.00295768, 0.000969153)
706b0d627a9ba61b18e6b7b39622ac1f	-9.054619054999982	0.0004949150756021487	0.13882037512143888	0.00110863214263917	(-9.32693, -8.81144)	(-0.00156236, 0.00256273)
32382a0f5831da5faee464d011b5616c	-6.137009450000003	0.002119078293690501	0.2482592611374193	0.0020265413968816436	(-6.63238, -5.67707)	(-0.00167382, 0.0058888)
fcd575ef43a2ae77d9b7c10639e80fd8	-9.766024154999995	-0.000587556148665	0.15825942226700437	0.0012876395685021598	(-10.072, -9.4729)	(-0.00307595, 0.00171543)
fdb1c35a8dab336d65ed22d796e71e4b	-6.350353705000007	-0.003739317199945003	0.23454505213481477	0.0018895445711082388	(-6.80803, -5.95084)	(-0.0071178, -0.000249212)
25def15fb42bed6855ede4893d27a21d	-5.338696194999992	0.0005444682224549994	0.16920526356343635	0.001414794810950952	(-5.66563, -5.04658)	(-0.00207052, 0.00325341)
2a13ecb6c618ddf8154298c69336dd8e	-8.310116659999995	-0.0023572553425099917	0.1597454048676969	0.0012674198314735047	(-8.60902, -8.0127)	(-0.00457556, 0.000101927)
9ad89cc951aa3031c19c59c95e401614	-9.48857857500001	-0.0015920364912950008	0.13431264094760165	0.0011260040672942595	(-9.72271, -9.22586)	(-0.003616, 0.000571597)
55d4d3011e1f3bb8e4e5089b801b61a4	-9.393587099999989	-0.00021580704930000013	0.15455494223378954	0.0012674561429021464	(-9.67584, -9.11036)	(-0.0025493, 0.00222338)
4ed55370307d6700d110b6d3f1196136	-7.685396420000012	0.000256858062385	0.21662314128292862	0.0017980382848798578	(-8.09172, -7.29023)	(-0.00298958, 0.00356533)
154c25181234441402124e02c204074c	-9.16776145999999	-0.0032506854334999986	0.15015625224534732	0.0012436239928687164	(-9.45672, -8.8978)	(-0.00546268, -0.000785792)
370829fece3190f1a8efccf50b7d0921	-7.527168025000009	-0.0012615110139149995	0.10365854086494454	0.0008100671800494723	(-7.70623, -7.3166)	(-0.00272192, 0.00024508)
b1a153ff5a21342991138e7f7dd2658e	-6.428251519999999	-0.002438160504204994	0.19609588240855433	0.0016233605197017553	(-6.80463, -6.08875)	(-0.00569496, 0.000322534)
e39b1ae9776ee98190c8cb02bc9de792	-9.078149995000004	-0.0011127805815685026	0.13148338855669175	0.001069916478266278	(-9.32446, -8.84129)	(-0.00302718, 0.00100847)
e71461ffe18aa4dc3b1f7ba4a1011cff	-7.278773214999997	-0.001784930346185001	0.11443972157303514	0.0009401383317537561	(-7.48775, -7.0708)	(-0.00351092, -8.85167e-06)
90c2b51afe404951ec89bd52c7ae1f58	-9.047554264999997	0.0006396537874000001	0.15063185083792793	0.0011773524268192275	(-9.35658, -8.78132)	(-0.00141889, 0.00296334)
c5af8314e36eaed98fc88f181f539e8f	-7.192449334999998	-0.0010418122892064984	0.10158694652074048	0.0008334876856469734	(-7.38103, -6.99897)	(-0.00257033, 0.000545151)
10cd502b01abafc87e2ecbad86389286	-5.993366599999994	-0.0009464912598505003	0.07467410449841366	0.0006242014797065142	(-6.13634, -5.84688)	(-0.0020855, 0.000232628)
433cf7e272a09b91cc85082a1338b8e1	-7.720551475000008	-6.317381681219999e-05	0.0772301854023047	0.0006326005228796635	(-7.87146, -7.58554)	(-0.00119357, 0.0012121)
877f27b47c85f6b2d3cf8a6aa86def40	-5.3761043100000006	0.0002547477805550008	0.11334405609481199	0.0009089217768294234	(-5.6085, -5.1778)	(-0.00153222, 0.00190955)
9ed241a051fe72047261df3b7e08b675	-6.870885905000002	-0.001550796862272498	0.09638296343535493	0.0007998020197473679	(-7.0648, -6.6987)	(-0.00301132, -3.94721e-05)
04c8be5a3a6ba2d70446812e99318905	-5.923471280000006	-0.0005603025974364997	0.08881956244072364	0.0007478490283335762	(-6.08881, -5.76173)	(-0.00203817, 0.000756584)
e0b7bd623a1b4cd1640883066e8d96bd	-9.576278495000007	0.00037355919872849967	0.12071872223224102	0.000984491003854704	(-9.80612, -9.34089)	(-0.00142894, 0.00215848)
6a17479edbe461431433bddb084f731e	-6.324440689999997	-0.0013060809264999996	0.09115216806375968	0.0006711664746347882	(-6.48923, -6.14535)	(-0.00248515, -1.36827e-05)
35513c8de34a49ef37dde85737e6aef9	-7.6093018500000005	-0.0013387423368449983	0.14886019149449417	0.0012458534724085692	(-7.91284, -7.34719)	(-0.00363364, 0.000936743)
69536042153447ceb692aa53159ce0c2	-7.383730854999991	0.0005671056639370008	0.07320343354870033	0.0005669194205963747	(-7.50954, -7.24733)	(-0.000524274, 0.00158277)
0f92fcc184a951ff8b0914467ad2f8f9	-6.946214709999996	-0.00033421174911749894	0.08412676359884466	0.0006791023817226992	(-7.1105, -6.79551)	(-0.00168601, 0.000874829)
e9d9bafcf863ec0908ce4e20e6386ff9	-9.611156904999994	0.0012481519988799977	0.11898621767150586	0.0009275715993782313	(-9.83048, -9.38281)	(-0.000568408, 0.00292802)
979578981da3916b394bf24c32bace21	-6.639927470000003	-0.0015004601966359997	0.14125575331964038	0.0011538952404673477	(-6.89185, -6.35991)	(-0.00372456, 0.000525516)
5860dac317300b1fe6094e958240cc7f	-7.690006384999998	0.0005168219542747496	0.07997263058748148	0.0006492600377435713	(-7.83689, -7.53143)	(-0.000683911, 0.00169798)
3a1461e8439091ad6b93af0ddb3849eb	-7.188091009999999	0.001159575617055497	0.19222974214746236	0.001511951152560486	(-7.54633, -6.84583)	(-0.00178972, 0.00397936)
d32627161d829a1488c2a047669cb29f	-6.081127234999988	-0.0014081918076450004	0.2114509090120087	0.0017824713858217418	(-6.46181, -5.68393)	(-0.00458603, 0.00201521)
e2c3ff4f647112723741aa72087f1bfa	-3.4402099399999915	0.001307985910479997	0.09341092990435541	0.0007890306550564901	(-3.61781, -3.27015)	(-0.000118007, 0.00275664)
426bd7119a31b73ef734771a071a216c	-5.866578660000009	0.00041458289006000046	0.1085399672001258	0.0008839371510432592	(-6.07649, -5.66981)	(-0.00119985, 0.00209357)
aed0d8840bb7da5eacd80c6f9a1f91ed	-9.658741410000006	-0.00045315545899250005	0.13361749252965302	0.0010881069360640376	(-9.91758, -9.41699)	(-0.00255773, 0.00144554)
0b05a2e48cdc5f9e766bb0f4c209d4b4	-8.523903109999976	-0.0024201850469499973	0.09201722844135159	0.000777517503885772	(-8.7029, -8.34744)	(-0.00383762, -0.000919194)
31c0a0bcf172474d82c69979df243e78	-6.1209886699999965	-3.669241705349992e-05	0.07780400858780412	0.0006269724401165618	(-6.25953, -5.96785)	(-0.00120502, 0.00114278)
f9b9b7db378357774e672fe5ba242b12	-9.651673614999995	-0.0026847534836800017	0.13306836308222103	0.0011513292175253955	(-9.89607, -9.41115)	(-0.00473785, -0.000474772)
95f975f50235610bca818dcc9d97f7d6	-8.734375754999991	-0.0008290244907580001	0.22032411586939368	0.001823731354119529	(-9.15279, -8.32472)	(-0.00439697, 0.00238026)
ecaa9f4e15a28f212d9bd60f749191ab	-7.312883969999998	-0.0003473054913640009	0.09889035527309573	0.0007874626063131592	(-7.49011, -7.12992)	(-0.00175113, 0.00115313)
a6fa2de5f4576d1d77b1616786e3dd52	-8.806266115	0.0003934160472810007	0.07531714505447468	0.0005977634714560374	(-8.94134, -8.66306)	(-0.000712076, 0.00147626)
1fa555f9a74d47a6ca7a65a347bc885f	-5.865452130000002	-0.0006674026579265022	0.07935059451864925	0.0006382377428212949	(-6.00954, -5.70596)	(-0.00183739, 0.000532123)
149e7d5e484d157f2ac6140a2111618e	-4.271883060000001	0.0005688265552944991	0.08050398697167983	0.0006446361212754259	(-4.42539, -4.12959)	(-0.000556217, 0.00181524)
605c54065160b61d47c4d5f87ffbe6bb	-8.874823904999996	-0.0006678168616525004	0.14261061383747345	0.001200012949589288	(-9.14477, -8.62092)	(-0.00281456, 0.00166748)
5034598009be77942a505e7c9978b06b	-8.068095579999978	-0.00016025273312249988	0.10661445996797805	0.00086893907465312	(-8.28294, -7.89266)	(-0.0017473, 0.00142578)
8526f1f5fd2dcff7e7a73db743c829d2	-6.448295989999989	8.979605151000003e-05	0.10189594117490598	0.0008055367424369035	(-6.64607, -6.26607)	(-0.00128692, 0.0017156)
24ef07664cfa04a819d7797a89e653b6	-9.423092365000016	-0.0010343640187073992	0.13624818155100932	0.0010956523889821804	(-9.65316, -9.15641)	(-0.00295778, 0.0011635)
03fdbec0c9b63a05ae79f92c6d3a4cfc	-7.079089935000023	-0.00032057272539250006	0.18750326621380717	0.0014787391963037924	(-7.42941, -6.73085)	(-0.00304301, 0.00250331)
aa3e2d76e864d7909b51110e211ef36c	-8.638799810000005	-0.0015305562359550005	0.18808362809549353	0.0015275941573808238	(-8.98184, -8.28137)	(-0.00426981, 0.00138884)
7efeb75fc542932a033b37b887994dc8	-7.618711009999998	-0.007018003493999994	0.17964822480247294	0.0014901534444843995	(-7.93471, -7.28197)	(-0.0097026, -0.00428551)
2371e52106292ac4c33aec6f57cace35	-7.528241185	-0.001480665020053499	0.09549152686676336	0.0007729882030520296	(-7.71055, -7.35035)	(-0.00302293, -7.53554e-05)
913d55d109820d0f3fad120be103c64f	-8.402260234999986	0.0001952882701000004	0.12890378182115045	0.0010471064157653901	(-8.62268, -8.12981)	(-0.00168672, 0.00222393)
c82032c40c98975f71892e4be561c87a	-6.872530510000006	-0.0016512287950500011	0.07381813554229004	0.000617434469219209	(-7.01457, -6.74026)	(-0.00275224, -0.000413921)
ac9166cff57e7ff3581eaf798edc726c	-7.264677670000002	0.0007475694011150008	0.20066384080464278	0.0016209419624312299	(-7.64411, -6.89819)	(-0.00231857, 0.00378566)
949af2c28ba6c0345ae58b9aed00a2c0	-7.033218985000001	-0.0049412878925000035	0.19807809836152943	0.001579150004210083	(-7.42383, -6.67621)	(-0.0081551, -0.00215626)
8a261f382a739bbc5f9494b2c64c2744	-5.225283654999999	-0.0001472026757309	0.07203053705749374	0.0005908804969300996	(-5.3671, -5.09556)	(-0.00128796, 0.000877113)
e91f1c5b67ffecb5ca3ca3b393a50f00	-4.647228525000008	0.00018832721345000007	0.12303002454878384	0.0010194848111769244	(-4.86089, -4.41266)	(-0.00173698, 0.00212321)
99b02f389bd0b7abad0d4d8affb09e22	-9.677499145	-0.0006809416797149994	0.1635883607342496	0.0013535799762521123	(-9.98423, -9.36533)	(-0.00317916, 0.00182245)
d3d99580d90cca486a23372a474e9571	-8.945432120000019	5.045362810600006e-05	0.11871685455572682	0.0009549606789243753	(-9.15679, -8.72353)	(-0.0015878, 0.00192342)
7076b69bea6fb40b94f8b32fd85fdb46	-9.726104910000005	-0.0009492638033849998	0.1427250193637819	0.001171183413756643	(-9.997, -9.47355)	(-0.00304966, 0.00128774)
e82ab12c51a893c6d7938a16632199a8	-7.633304920000013	0.0007693597807776984	0.19845127380491562	0.0015805256759790758	(-7.98806, -7.24804)	(-0.00222201, 0.00357341)
2ae945b550c248752a5b463c9aca1a6a	-9.291991975000013	-0.0017985953748099984	0.15764444119679386	0.00130581320903523	(-9.60119, -9.01455)	(-0.00439306, 0.000470723)
b423592b0ae631882095792b27729b9c	-8.41227240000001	-0.0035247848205499977	0.18813778827588035	0.0015259903154967848	(-8.78091, -8.06719)	(-0.00631386, -0.000557665)
3f1ed51e954b35a8108c12dd882b696b	-6.944770794999992	-0.0011196746485534982	0.13995380666533513	0.0011459149956193919	(-7.19846, -6.68134)	(-0.00318986, 0.00109292)
1fb601d8edb6994ffb112ad1a34828d5	-9.044762869999998	-0.0011249058022009988	0.125713299746141	0.0010298489634029734	(-9.29679, -8.82958)	(-0.00305406, 0.000815264)
9f74473636e6874853d88dfcbcecff49	-6.445691359999987	-0.001708518076184998	0.1365019941039338	0.0010592130221953335	(-6.70262, -6.19445)	(-0.00371219, 0.000308746)
4c731267e801c2afe253b5cbb58bdd24	-4.512295230000006	-0.0015204009441000005	0.062388790906276574	0.0004927948761090518	(-4.62772, -4.39659)	(-0.00243356, -0.000615728)
14387daaf0161dd3c971efd0f8806ffd	-8.036769300000008	0.0003619952685805003	0.09690890516309639	0.0007756861546647888	(-8.22276, -7.86246)	(-0.000988982, 0.00185329)
c97220e6c4063a029dec2f8160977f83	-6.982788935	-9.870898714499989e-05	0.13175379387864247	0.001078610713947475	(-7.25034, -6.75339)	(-0.0021084, 0.00197335)
8a20667bca2eaf2a0687995af876a84c	-6.606054204999996	-0.0002191565452649999	0.23873761439280572	0.0019767040926206123	(-7.0365, -6.13306)	(-0.00387523, 0.00341588)
131d3b899e72f19fcae1b0f9f8f3a009	-5.450261750000001	-0.00038384080723049955	0.2650887886113584	0.0021016889321411546	(-5.96781, -4.98912)	(-0.00407102, 0.0038982)
c0c365b5a32a28b8d2602de07c5d0b06	-7.776820965000007	0.0013305196007460014	0.17767767896508208	0.00144079287548104	(-8.09093, -7.43058)	(-0.00124519, 0.00408814)
a650f349bbdffb95b3624519d1ba72b8	-4.8697520900000075	-0.0009444963662000023	0.07171660034979287	0.000581151704935984	(-5.00679, -4.73896)	(-0.00199659, 0.000187008)
0f6da5f59be656db2dadef7bf2d1a2e6	-8.625727634999997	0.0008677640874254999	0.11164967460882629	0.0009104559420486036	(-8.82074, -8.40391)	(-0.000914491, 0.00245182)
e84bea8ae61342674744560dd7de4721	-6.72377647999999	-0.0006501303902229998	0.17773910219703923	0.0015018469833660542	(-7.05579, -6.39625)	(-0.00342684, 0.00218641)
010f0ac2691bc0be12d0633d4b5d2cc4	-4.6217243849999985	0.0003425169746815007	0.10562001100843424	0.0008496198869795216	(-4.81612, -4.42688)	(-0.00128496, 0.00189589)
c8fce068920feb387167d44c01689295	-6.342819214999993	-4.576767407099992e-05	0.15409214895585624	0.0012705906542141157	(-6.61112, -6.05396)	(-0.002438, 0.00235454)
86deb5cf8d6f29d383136e0d09863b69	-9.835764104999976	-0.0015755996113781495	0.14754538065015466	0.001201243142364785	(-10.0943, -9.54704)	(-0.00376197, 0.000743537)
79db4c4f494c95856ce31b42f267c4c4	-7.894970544999988	-0.0007211753891799998	0.2066990294782561	0.0018194509115852715	(-8.29383, -7.51889)	(-0.00396854, 0.00285611)
dde2f514908a4fcaa80827346c7b7a19	-7.997998929999994	0.00041106537806349957	0.08756073022168727	0.0006923344429760031	(-8.16523, -7.8436)	(-0.000913329, 0.0017192)
7dfa96abfa7484bb6c9cfa90dc9b606f	-5.6768288450000055	-0.0008390455026874988	0.1025911189193098	0.0008174436156336003	(-5.866, -5.49665)	(-0.00236986, 0.000651732)
25f9cac7332bfbe3973f03bae0ee15cc	-9.554601824999995	0.0006331224677919988	0.12742942144347738	0.000987727406430602	(-9.7967, -9.32091)	(-0.00121176, 0.00245797)
447b9d6a5c17543a456c597e65b37139	-4.426860155000002	0.0004551223144550002	0.052413611235307744	0.0004188882667973076	(-4.523, -4.32421)	(-0.000297825, 0.00127581)
ccce7fe8aa849bed027f6898300e0c45	-8.684377590000015	0.0009113195244759999	0.14651421001149298	0.0011994527683378629	(-8.95116, -8.40295)	(-0.00143685, 0.00309891)
363c1c39d58bce4fc3218659d0944258	-6.348220314999972	0.0006770168907699992	0.09849743559225668	0.0008025744848504125	(-6.51443, -6.15955)	(-0.000863024, 0.00208037)
7be9bac1b13acbd8acf0de464d7c20e6	-7.708828330000015	-0.001811952846075	0.10939630990719518	0.0008453596431149564	(-7.90862, -7.51242)	(-0.00332054, -0.000167777)
2ab8310e1e510f8045c7f4d191fa36be	-8.994334699999996	-0.0006486119045749982	0.15979311890225462	0.0013310758881097638	(-9.30531, -8.70968)	(-0.00309985, 0.00175794)
a66dd8d31584930c2b0f811f572dddcf	-6.664717420000015	-0.0016102779128799995	0.13606999910833975	0.001152207030937606	(-6.9141, -6.4082)	(-0.00365778, 0.000623234)
10155b2834300619ce0102110a37b057	-6.950230145000004	-1.682444797949998e-05	0.058301049194924244	0.00047895875758869054	(-7.05623, -6.83265)	(-0.000933986, 0.000850972)
fca904abacabcc0591dd00b0427f9180	-10.109208639999983	0.00030062459963100017	0.12781313226406119	0.0010012679759346785	(-10.3224, -9.8572)	(-0.00151813, 0.00213681)
ef6752ce31dcb9e16b1155bbaa1a268d	-8.590729230000013	-0.0018845660652700028	0.1775454378158086	0.001473400058844395	(-8.92481, -8.25554)	(-0.00460117, 0.000872942)
a24dae6b87885a55d81df1ea6d1abaf5	-5.8459433	0.0007031149871699992	0.10032597482561535	0.0008046655624862543	(-6.04779, -5.66874)	(-0.00073549, 0.00225929)
79280cea51a6fe8a3432b2f266dd34db	-3.7456600349999967	0.0008471771292599981	0.05223570567962852	0.00042980702939963343	(-3.84125, -3.64563)	(2.82858e-05, 0.00163523)
cba33b3578113908d449fc66ccb245d4	-6.113232295000005	-0.0006212623083815004	0.07415436224513691	0.0005921425297284569	(-6.24899, -5.98071)	(-0.00164733, 0.000547046)
ef1616938612ecae94c31842853cb904	-8.825073249999985	-0.00025701815766	0.08880898790627839	0.000708976128520979	(-8.97009, -8.63961)	(-0.00162424, 0.00107595)
a378e30f9be477f7777e409c8faea14c	-8.743810134999999	-4.575164593024998e-05	0.11839548520755254	0.0009608580834557718	(-8.95526, -8.51113)	(-0.00191724, 0.00159659)
322498f1025a569812be6e3fe4f63ff7	-7.972500875000003	0.0003727990420404998	0.1572153371608012	0.0012538774195757693	(-8.24243, -7.66099)	(-0.00170636, 0.00304998)
d75b7080930e7a77ef3de8c6154895b9	-4.964880910000002	0.002073839842480001	0.23017935858341398	0.0018220538655933612	(-5.42693, -4.56379)	(-0.0014063, 0.00549051)
9bf0d2dbffe7925240ea811d2a4cd625	-8.983530429999991	-0.00016370969664000022	0.10597437737970018	0.0008290960417106514	(-9.19537, -8.79139)	(-0.00174367, 0.00133882)
a167e4d4418792dcaba877443ed0e66d	-8.39054958499999	-0.0019881131701699993	0.18838528656792117	0.0015748976734545335	(-8.71862, -8.0002)	(-0.00481808, 0.00103783)
ac0202d177961ffb380b6859272bde53	-7.947434929999986	-0.0006824427900963509	0.1911084281050814	0.0015967434735197083	(-8.29964, -7.57945)	(-0.00392848, 0.00212492)
e3ab3e4772986724760dbd52b7af55f7	-8.109738565	-0.0006447290905684999	0.11834647729945658	0.0009885008014208522	(-8.33272, -7.89226)	(-0.00236815, 0.00122922)
481e48328fe7a9837c7233de8f60fc23	-9.015545830000008	-0.001534416897190002	0.13291477057840892	0.001063066579471879	(-9.2496, -8.76282)	(-0.00350101, 0.000417634)
be17b29b03ed02bed133932284568d16	-6.559517669999997	0.0005938483774759996	0.08921432253719752	0.0006864534316162306	(-6.73004, -6.39369)	(-0.000722951, 0.00188255)
5f9d6c173705f19cd3a1e5145c52789a	-8.793745889999997	-0.0010144692735199999	0.17530890529407772	0.0014289813652223191	(-9.12268, -8.47759)	(-0.00370786, 0.00165141)
1ef782a559e3e0a4ab42516e0a2c828f	-8.023972104999995	-0.006095912099999987	0.15343895836461816	0.001243125394906961	(-8.30203, -7.73958)	(-0.008314, -0.00378201)
97f56e68f535e44ceb53d05f269e82d6	-6.881670344999999	0.0007291209706299993	0.07765205437031898	0.0006316598865324502	(-7.02602, -6.73657)	(-0.000457817, 0.00186661)
3f38509af22157cdcb4006457529d25e	-8.607224700000009	-0.0025652940511699984	0.1734524736716373	0.0014524583671789552	(-8.95475, -8.31613)	(-0.00508868, 0.00032141)
ccee9fc92f4182805278384a02a4d7d3	-9.612344194999997	-0.0011194742961898989	0.13869529895476637	0.0011416993042730153	(-9.85342, -9.33253)	(-0.00321886, 0.00110431)
b3bf877149e7a31ad9a7397a3ca8b011	-9.335757460000009	4.877675421230009e-05	0.166119806850202	0.0013645077168033639	(-9.66361, -9.03236)	(-0.00259579, 0.00243493)
33852dc244bb69590e8e756a83bb2f4c	-9.14316641500001	-0.003922991818000008	0.13031982016216026	0.0011348182222082636	(-9.38936, -8.9048)	(-0.00612411, -0.00193674)
8f5959f21dc9ce9a281656f8d699ec07	-7.001519605000003	0.0013464028833700015	0.11791224323578088	0.0009665381670129751	(-7.21259, -6.78668)	(-0.000421018, 0.00318536)
2086666afdd5de098b04a94247040c11	-7.902224034999991	5.491295929549997e-05	0.14150129571021172	0.0011191971901423018	(-8.1687, -7.64522)	(-0.00199885, 0.0021606)
96169c3701e79f42346c41eb7b5bf2af	-9.439702744999991	-0.00022377481952700004	0.12709753814891536	0.0010812050263052698	(-9.66529, -9.19778)	(-0.0022201, 0.00182904)
d05c86b5bfc092d8677507fb1eae8d66	-5.628911815000007	-0.0003478446581400002	0.1666936808198073	0.001372448730315105	(-5.95823, -5.3333)	(-0.0030569, 0.00202193)
25dd2ae928b2e5e1ac2e28dbe2112991	-6.412481764999995	0.0006611205765770008	0.07526000337586215	0.0006254937815660476	(-6.55059, -6.26685)	(-0.000534753, 0.00179568)
cebcb0fe524fb1cf0bfb5463ae228bed	-9.016658730000001	0.001859625675811005	0.1397005471259405	0.0010896251662744919	(-9.2834, -8.77057)	(-0.000216005, 0.0038376)
90104f2fbcc925a6619e805c7a625c57	-8.426846884999996	-0.001216537920959999	0.1571137263050138	0.0013047626279946635	(-8.71775, -8.1435)	(-0.00367383, 0.00125222)
4c2189b6b5ced3cb80093414e9449de9	-5.970824404999995	0.00022864213717149984	0.07033784310842903	0.0005571168749956387	(-6.10616, -5.84303)	(-0.000801411, 0.0013187)
c4e57b91cc2be5a2232b3612abdf4c0c	-7.732390505000006	-0.0036695582107399987	0.19536853594372597	0.001615859829380191	(-8.07364, -7.34171)	(-0.00685702, -0.000726698)
1600415004247da005dd77bd44c633d9	-8.093059110000004	0.0008051555586725002	0.08073047627450176	0.0006520118364138831	(-8.24114, -7.94499)	(-0.000361587, 0.00202527)
3b092a59cd0e2d57483420cc994ec49c	-5.419572079999995	-0.00268312757725	0.11877560175841495	0.0009855582064426359	(-5.65528, -5.21769)	(-0.00456519, -0.000859692)
2c5c5d710e1b9229efa72f98ca7b4e71	-8.575004915000003	-0.0025552232920700007	0.1985879950132754	0.0016186305533356304	(-8.93359, -8.20148)	(-0.00555496, 0.000573303)
db093685d2f3295cfa4da0a44d3d9ad0	-8.153135530000005	0.00092099439948	0.1152380839497911	0.000898923296901811	(-8.35792, -7.92442)	(-0.000772526, 0.00262304)
63a2de21003c952fd04b694d8444e66f	-7.229489920000008	0.0010523448665635013	0.1220360822465781	0.0009466276187926532	(-7.45784, -7.00536)	(-0.000625772, 0.00291742)
59196a586276f0be745d0e334fc071c6	-3.4299636550000008	0.0003601476364175	0.047194661493552136	0.0003825292988403677	(-3.51927, -3.34238)	(-0.000345069, 0.00110298)
8507091bac6b1be88f3d360d6d535d0e	-8.114822179999985	0.0005184054369060011	0.09168137452747747	0.0007352918877025439	(-8.29849, -7.95293)	(-0.000839069, 0.00188838)
8f649d1053a0ead08b37f8e06fbb2818	-8.199998644999996	-0.0018173546739699994	0.1044968444452463	0.0008638548519628481	(-8.41129, -8.0188)	(-0.00339027, -0.000154278)
8a70333f85e6869971ef357eceadf3ef	-7.799563225000001	-0.002238635330145003	0.1353010029447283	0.0010977320423531793	(-8.05622, -7.55482)	(-0.00444505, -0.000374922)
8e0da29b36fbc3879561566e87f11ea7	-8.460804049999997	-0.0027127991540750016	0.15712563753728256	0.0012994355797067664	(-8.78085, -8.1749)	(-0.00511163, -0.0002037)
5093cebf67405c910fb68525ffa6dc3d	-10.161385555000004	7.341004484499995e-05	0.13700835872417405	0.0011222320339571677	(-10.4091, -9.89454)	(-0.0019213, 0.00228541)
bde648dc2bd51d522327b0bb99e98340	-9.592331550000019	-0.0012540506066134969	0.11798750480749005	0.0009771359623398355	(-9.82141, -9.38049)	(-0.00307878, 0.000559997)
8720f9ecd2331ce68e2896df1bf2d977	-3.485376924999998	-0.0018120954237399994	0.09085687033622926	0.0007448835230021881	(-3.65214, -3.31139)	(-0.00322462, -0.000403987)
3af2ddaf4af4b5ae4100439a9c3d4099	-8.887225545000002	-0.0006203105367663993	0.11514261503371795	0.0008966562692581874	(-9.09451, -8.65747)	(-0.00233968, 0.00106908)
de24ab68045830f7ea823f771a1f7dd3	-6.127604699999997	-0.002302548766549998	0.10952102230033288	0.0009134007111304154	(-6.32246, -5.91077)	(-0.00394723, -0.000562825)
aec9d6920c8746590e4dff84ba121b90	-7.813230814999992	-0.0009378187920664991	0.1346508242101986	0.0010894811861504525	(-8.07469, -7.57109)	(-0.00296558, 0.00111278)
192522c9b7c41f7a761f8a2ba792268a	-6.551376519999997	-0.0026524042340499987	0.09924967936869918	0.0007929827912438258	(-6.73553, -6.36391)	(-0.00418149, -0.00111478)
458157e555a80f9ba01d9da37ef787eb	-4.898423450000008	-0.0009291249500650004	0.14184801516128992	0.0011536001333995875	(-5.14836, -4.63277)	(-0.00314912, 0.00117587)
3017f87a3b0f5200ed54eca17eef3cbb	-8.561449999999995	-0.0013338600048300008	0.15700549317778664	0.0013086811881846594	(-8.83782, -8.25816)	(-0.00365414, 0.00120399)
c5e3c5422835403541b0af331a2cc649	-8.104967170000016	-0.004713667478950008	0.17072744065261194	0.0013635628110832717	(-8.44144, -7.78803)	(-0.00723899, -0.00218344)
be7fc30c58dc772f88007fdefcf21a96	-7.873882724999991	-0.0004752976512070002	0.08850101164463806	0.0007038023113153171	(-8.04476, -7.7113)	(-0.00174195, 0.000869453)
3d766867c97f511431bf97e059d6498f	-5.68671756999998	-0.0004509465120980004	0.09290036078667879	0.000755016582851782	(-5.85741, -5.51952)	(-0.00180551, 0.000996179)
9099a7f671b923c7b07c12508f17270a	-8.101339049999995	3.31038007804999e-06	0.13275455293246086	0.0011234491938012943	(-8.35203, -7.85376)	(-0.00211182, 0.00223861)
4973330392dab23937c67af9843e5359	-7.972476479999999	-0.0004453654315134997	0.13204968903147646	0.001114152859203699	(-8.22678, -7.74038)	(-0.00237801, 0.00188108)
2cf53730a41137e7ad95ed3680541d80	-9.209434465000005	0.00044352206044499993	0.18666310283533225	0.0015577980833719582	(-9.52542, -8.83552)	(-0.00239002, 0.00349564)
2a0968119cb66a61a416f8d924c224ac	-6.461961114999993	0.002384193205500001	0.22670575123142936	0.0018573027856004652	(-6.86179, -6.00475)	(-0.000807033, 0.00623716)
a4e2a4e1321a599651edf92f6999e78e	-7.440671869999995	-0.0009629268632049996	0.2515923405771788	0.0021623373378460266	(-7.92982, -6.98084)	(-0.00497385, 0.00305084)
782772ed674928794b78f5a59ee3d08c	-9.250325180000008	-0.001537893007184997	0.12637221711304905	0.0010511470584712614	(-9.50154, -9.02869)	(-0.00361727, 0.000330841)
ab5c396eaf731e031c9764a05b798753	-8.618595614999998	0.0006545461405248497	0.11972015293893401	0.0009534062648374871	(-8.822, -8.37167)	(-0.00120033, 0.00238708)
04195686f2b70585790ec75320de0d6f	-5.271219015000012	-0.006376984934999998	0.14637296993017457	0.0011717405245222998	(-5.55829, -5.01448)	(-0.00854808, -0.00418222)
9f4d14b114e7499772a797790d81c1db	-5.014195820000002	0.00039820294755699983	0.06056109305591833	0.00047338246201952035	(-5.13248, -4.89236)	(-0.000544726, 0.00127029)
b1f2146bef78066448576fceeb6b644b	-4.479557034999993	-0.0015985191552300017	0.077401369415268	0.0006249627391432359	(-4.61371, -4.33552)	(-0.00275947, -0.000420609)
3bff9ab82e7f2a76cc22e687ac7b72fd	-6.804975840000001	0.0008412762615585002	0.18921776854406253	0.0015077489375562977	(-7.18823, -6.46837)	(-0.00211542, 0.00354225)
c1365ec008032ee718dcafaf5ac17adb	-6.97572236500001	5.259476794450007e-05	0.0807737938712598	0.000641280444407392	(-7.13457, -6.84067)	(-0.00111497, 0.00124237)
cc968157f7691aab95df444e8cd103e2	-5.418614125000006	0.0007306044524180015	0.061045086737053375	0.0004827414766658223	(-5.53535, -5.30893)	(-0.000222056, 0.00158444)
09ee2c2d76be17c9ede2d4c57412adeb	-8.683918729999991	-0.0033216499170249923	0.18183046092881985	0.0014972003585855033	(-9.02343, -8.33858)	(-0.00601753, -0.000343038)
d9b76ee51ff2b6961430bf352cc578f2	-8.805396133999997	-0.00443918404497999	1.0857494034713868	0.00516641159102927	(-9.5475, -7.51751)	(-0.012985, 0.000324588)
d2cccbadb958c9c6547274fa10531f74	-6.850617219999984	-0.0021647250509999995	0.09388930455366892	0.0007588925989591134	(-7.03364, -6.68234)	(-0.00355896, -0.000745149)
2268b83b6cb307bfd1cd008dae1ce4b3	-7.357896000000006	0.00029564936161600015	0.1573758725383279	0.0012749430567402043	(-7.65084, -7.07158)	(-0.00207469, 0.00265141)
e9ad916c93ff127ade2a8283db7603a1	-6.11713278000001	-0.0005433300618100007	0.24152008290569058	0.0019379613245530864	(-6.54525, -5.6608)	(-0.00416648, 0.00295179)
624d0040eafc828499b5009791d96b85	-8.882898435000017	-0.0008615669607054997	0.10991872546068196	0.0008953270641588834	(-9.10539, -8.68579)	(-0.00265898, 0.000733383)
bc5146d3526a9ef5179457a2077b1b46	-8.960931959999996	-0.001690663167125001	0.08928806680603187	0.0007390218914229415	(-9.12782, -8.80029)	(-0.00304212, -0.000254611)
7bbb537e486b770d58232a6c683a3a9f	-7.164963444999995	-0.0004827155142900004	0.09063584638807083	0.0007276701684960485	(-7.3415, -6.9941)	(-0.00174396, 0.000955676)
30c16856bd5bae4cd2f1182341b30ffc	-9.144275055000001	0.000751512258711001	0.15696188338732744	0.0012528576162547927	(-9.45815, -8.87571)	(-0.00144655, 0.00329447)
ac5402de1ddf427ab8d2b0a8a0a44f19	-3.697714329999999	0.0006420016296883501	0.08653234302589466	0.0007048354561609081	(-3.86053, -3.54587)	(-0.000576686, 0.00201704)
d0037fe3397f56b52e971759e3f2f7a8	-8.890721764999995	0.0004843110015364999	0.1757938178973731	0.001426631808632877	(-9.20964, -8.57128)	(-0.00221239, 0.00303452)
3d7f3a3956e66e4728521a97abd9f07b	-7.800970405000011	0.0026757400643208458	0.20802404130024496	0.0017154553685598361	(-8.18314, -7.42856)	(-0.000472944, 0.00573851)
3e15d94435169ddada1e508dd8b83a55	-8.107857259999992	0.0003767120463721497	0.14033630791243018	0.0011541055144052685	(-8.35173, -7.82975)	(-0.0016735, 0.00268024)
ed1528f4822674c9e1da64b84c778e9f	-6.174398985000001	0.0020044529061599976	0.13109769313691122	0.0010491454984379919	(-6.41468, -5.92583)	(0.000131211, 0.00399264)
477734397215c70bdacce28d5685cc6e	-5.978613955000002	-0.0021448772377500027	0.22392002354079002	0.0018197762119341828	(-6.39595, -5.55082)	(-0.00536633, 0.00148941)
1243750138937650754b619370565800	-6.348002149999999	0.0020640705234850026	0.12710512919067238	0.0010024044440469283	(-6.58012, -6.10391)	(0.000293043, 0.00390167)
997c1b9bc29e50b9096303c708bb54e8	-9.283062799999996	-0.0021974406206314995	0.12807837037985764	0.0010747873077472838	(-9.5041, -9.03669)	(-0.00420041, -0.000184526)
8aff935557eab67b0baa4553b8518105	-8.473236099999994	-0.003136781623945007	0.1543056258893047	0.0012764918120396222	(-8.77288, -8.18465)	(-0.00551905, -0.00073594)
39bb3fb5b2257fd2eacca408dc42c5d1	-5.353319614999989	-0.00028653545777499985	0.12282653301547582	0.0010090682010650454	(-5.57974, -5.11556)	(-0.0021981, 0.00153463)
b9024a1f377b62508864cfea59b16a31	-7.6725416300000155	0.00040851463354250027	0.08816105505972059	0.000724013361417595	(-7.83497, -7.49375)	(-0.000926101, 0.00174525)
7ab1bc6052053650189083370055ae66	-6.099543599999995	-0.00022831254904800023	0.15179437876726518	0.001225422646212142	(-6.38214, -5.81838)	(-0.00254499, 0.00199234)
8183f1e3f9806994e125b1d5c6932498	-6.4254567900000135	6.751201052600005e-05	0.11960368116281345	0.0009536624915040744	(-6.65574, -6.20593)	(-0.00151153, 0.00201504)
92f000f936d3f349c5e7719a5edc5078	-7.361716115000012	0.000539999810304999	0.0705780432001112	0.0005768681633786555	(-7.48219, -7.22021)	(-0.000555586, 0.00164132)
6509bd0f539df985ac2f40c335cdb999	-8.532662300000005	0.00013604573688000006	0.12156963977042128	0.000982083321438211	(-8.76086, -8.30904)	(-0.0016271, 0.00199385)
c4f9ef34bd2919511069f409c25de6f1	-4.609107984999982	-0.0009042643884769989	0.18541846534471632	0.0015158799807120371	(-4.95574, -4.25874)	(-0.00367561, 0.00207168)
74923f4bbde849e27fc4eda25d757e2a	-7.873875474999994	-0.005856805665999996	0.17430244686341734	0.0013716752117663082	(-8.19029, -7.54426)	(-0.00855066, -0.00353109)
3edf7e19ca2ce44d4d3daa243e8725f7	-9.644828560000002	0.0007401859009490014	0.1163238679868684	0.000971603596423962	(-9.85906, -9.44435)	(-0.000977843, 0.00259045)
ebab7cfc7858bfb00c486bba21d6ca6d	-5.659021960000006	0.00010619277677570007	0.10559633738704391	0.000787917322626225	(-5.86649, -5.47095)	(-0.00129656, 0.00167358)
8937656c16c20701c107e715bad86732	-3.267271229999998	0.00041660545741150013	0.0902625928321755	0.0007350961071525142	(-3.44421, -3.1063)	(-0.000990107, 0.00176327)
6a6880faba39965be0e4b7d88966d1c9	-6.435802960000016	0.0009307702818799989	0.13143567900854927	0.0010552989953119788	(-6.69445, -6.19851)	(-0.00106122, 0.00282681)
85c05d873041801d03eed489230b23f6	-8.070071035000005	-0.00022846860393299973	0.08369605245696339	0.0006881236241548821	(-8.23082, -7.91848)	(-0.00144219, 0.00113568)
6d8fe4ac153ead767024e041ff1f0ec6	-8.339186739999997	-1.5824900644734982e-05	0.18994901382021553	0.0015523834681921854	(-8.66825, -7.98508)	(-0.00275913, 0.00291055)
ed5952d1e022067b212146b9b3bc6812	-4.956748210000005	0.00198957077327	0.17474278567453325	0.0014429915576060456	(-5.26836, -4.60305)	(-0.000738035, 0.00461703)
7029eddc845e01d613a3bbc113ebeaba	-6.543125774999992	0.00037104359659799897	0.11189284545000805	0.0008961169853112017	(-6.7477, -6.32861)	(-0.00123183, 0.00209253)
41d23d8bc82f57b26b6896d5e2e947e8	-9.622191875000015	-0.0002642995237700001	0.12352278094397966	0.0009791679742314503	(-9.86782, -9.39441)	(-0.00212898, 0.00155101)
0021d135d4ac12982cc8abdf2b38e23f	-6.494251320000005	-0.0021788099830419958	0.28973823988448205	0.0024603536894258274	(-7.02131, -5.96761)	(-0.00652335, 0.00264871)
e4c0082e2ab8c9772768fc29bb86caa3	-6.587648680000005	-0.0006361687727470005	0.09104988489700358	0.0007382475994727263	(-6.75253, -6.41447)	(-0.00196758, 0.000837043)
46d8ab5615f60d7b522f3590976668be	-9.059551835	0.0007569052642865011	0.08799362044593224	0.0006766373335546183	(-9.21466, -8.88881)	(-0.000530969, 0.00194738)
28bb502265419a0e86626d75a1183ce7	-8.077775860000001	-0.0021935688134399993	0.17967837684028776	0.0015129741156968582	(-8.43684, -7.74855)	(-0.00493922, 0.000631207)
ea3af29626a95b6c7b89d631bf1a739c	-5.592087739999989	0.0020315584107500014	0.09951512186945465	0.0008154544415592218	(-5.77165, -5.40018)	(0.000512242, 0.00354467)
94b000e59b7ac160b0416c9ab45ff0bf	-7.492791149999983	0.00029384114911000015	0.18631861585353582	0.001469388980406225	(-7.8314, -7.15007)	(-0.00251628, 0.00296835)
75878b49cacdd2ffdcea1186a43be92d	-8.008353585000016	-0.00027978754544999966	0.092134678643808	0.0007200088684726299	(-8.18265, -7.83331)	(-0.00164738, 0.00109026)
aea50462b44fe88301c739b72353e16f	-8.171799839999998	-0.0029026742150000044	0.09633551021027721	0.0008253059310653794	(-8.35267, -7.99729)	(-0.00450652, -0.00139107)
2d575dfaf20c70d49b09be32a1492254	-8.729668279999988	-0.0009245786190145009	0.09140593904140808	0.0007604884363396738	(-8.89539, -8.55602)	(-0.00245919, 0.000415053)
b955f67a541a149dd3b179dc62d37a72	-7.875020320000002	0.000229754538172	0.10925002572859	0.000877490750517945	(-8.05836, -7.65503)	(-0.00136784, 0.00186088)
ad7bc2bb6e1ec90a9bc3c8949bce80d6	-5.835376775000001	-0.004666287352149994	0.2357482824078457	0.0018943986782369985	(-6.26578, -5.39735)	(-0.00811608, -0.00121657)
8f1c11c7b732265cbfc1bb7dbd0241e7	-5.490211199999999	-0.001914436612050002	0.08888967914195671	0.000722787434603077	(-5.6506, -5.32617)	(-0.00324483, -0.000580791)
1fd31ccf4d6163405f70131e32d5065a	-6.716975794999998	-0.002346567197055002	0.18657072867378735	0.0014807468680742585	(-7.04727, -6.36784)	(-0.00489545, 0.000693046)
5093ad88995f6fe457c7fe96bb0ed33b	-5.9872249249999925	-0.00020005444898399996	0.11034130231057794	0.0008901404574384567	(-6.20666, -5.79083)	(-0.00181163, 0.00146631)
f9b52205cb2d03153fd394a290212a10	-5.08508231000001	-0.0014914403320464965	0.14947508752452343	0.0011802869345548998	(-5.35615, -4.80237)	(-0.00363963, 0.000740683)
9d4e16844252e2dfbaf80a4a6fc4d55d	-8.826493180000009	-0.007299732779999998	0.14847635408437132	0.00132783443098444	(-9.11454, -8.55621)	(-0.00998461, -0.0049807)
148c7eb0139bbc1b8c87dd31464742e4	-5.762652085000006	0.0009073578162780008	0.08958061184766918	0.0007472678007196056	(-5.94831, -5.60384)	(-0.000522223, 0.00224876)
eea6b86c0c75e740670ccc50613b1b23	-3.4141712399999964	0.0005665513186989997	0.0451589774990799	0.0003645289344049979	(-3.49322, -3.32442)	(-7.88028e-05, 0.00127725)
3fe55dd5e59267f275e972017302459f	-6.352783160000004	0.0009673366437705013	0.2273440854247464	0.0019498702878363323	(-6.80098, -5.94148)	(-0.00265288, 0.00446054)
f11bd4248a2f95e53507c5bbf8dda43a	-6.607715730000004	-0.0017154616413474972	0.10918258009026484	0.0008931227239758344	(-6.80899, -6.41075)	(-0.0032774, 3.09126e-05)
09a55cd0bdf9fa4929eab3f0ed841bf5	-8.84621435499999	-0.0011653374078949993	0.13421890993740043	0.001099444022374682	(-9.08893, -8.58057)	(-0.00326593, 0.000863002)
bfb7bb16ab570748b3a5d099e9426af1	-8.233185955000001	-0.0014248265667699976	0.08193776735845314	0.0006802134167786665	(-8.37713, -8.08455)	(-0.00263343, -0.000122685)
ad52a0f6646c574417ce0b13b84acfa9	-3.756692194999988	0.001410675054884996	0.1255531177172912	0.0010678684606266519	(-3.98768, -3.51589)	(-0.000534708, 0.00341889)
180b74e94caf35fac5e1f0f4b7ad9d9f	-6.358827750000001	-0.00032540387889500033	0.0596068826742139	0.0004748346180990436	(-6.46625, -6.24851)	(-0.00121295, 0.000549557)
810926a593979f3574e3bbe7defd3559	-9.591596170000003	0.0015683370275649982	0.1824653567073244	0.0014995947053939192	(-9.91562, -9.24385)	(-0.00148156, 0.00419531)
5d62137a2d05df0be8d6b7e163a3ef08	-5.183949709999999	0.00022760344463	0.2292255561455048	0.0018912059184982908	(-5.56153, -4.70637)	(-0.00317143, 0.00382675)
f9765bd9332162f70268554ab318197e	-6.962274385000004	0.0002797954026204999	0.1387889964807073	0.001149243161733372	(-7.20905, -6.69204)	(-0.00182824, 0.00246742)
bc5b6cc17572b4fd6ebd80081410427e	-9.952922099999999	0.0011270814890699998	0.10680132869533984	0.0008432714982694732	(-10.1368, -9.74704)	(-0.000441638, 0.00272102)
a29679284280410db95e5cb8c0b2d73d	-8.666473114999988	-0.002016665600765001	0.14518150573591243	0.0011261967915999784	(-8.94835, -8.40884)	(-0.00421996, -1.49037e-05)
1c86153e1b13ab5322c96f2602b73513	-5.216789859999992	-0.0024197291262499964	0.21559455325582877	0.0017316775166379779	(-5.61969, -4.82531)	(-0.00581249, 0.000740468)
fec0355651c9ad579f01f3e332311725	-7.088072774999998	7.425384731424986e-05	0.09404084616032204	0.0007437186529916395	(-7.26124, -6.89433)	(-0.00135966, 0.00150411)
f10155af1849a17996f302d71b32398c	-8.237288184999993	0.0006485547754500011	0.18876943036746122	0.0015152587252876503	(-8.5908, -7.88211)	(-0.00213774, 0.00356631)
0cc26190e976fc496119a5eb4cd0fee7	-9.803590205	-0.0022164508887544993	0.13274173979049683	0.0011526650967262513	(-10.0482, -9.54801)	(-0.00446708, -0.000106596)
9c25197937d1f54e2634026fbca6b55f	-7.198273350000011	0.0015339978586199957	0.23425652848613945	0.0018645808219652765	(-7.61697, -6.74203)	(-0.00181215, 0.00515523)
40ced57decad1424c32de76ae039c050	-9.492848885000024	8.368837162700012e-05	0.10013719124085106	0.0008131905878040409	(-9.69734, -9.31716)	(-0.00147962, 0.00154826)
2ad31c7624bd7744a56a5ccac67ed01a	-8.527957134999983	-0.0012149828227349985	0.11349787241152055	0.0009491322440208927	(-8.72331, -8.30547)	(-0.0028693, 0.000637087)
41df3b4c55182503ecd97c6dbe47966a	-6.914294324999993	0.0019477627520850037	0.0857132908617116	0.000712096768740304	(-7.07005, -6.74471)	(0.000565839, 0.00324162)
fea3411c847e6627afb5e78b88e2e9af	-5.215191754999986	-0.004298768791009998	0.14505879593968077	0.001160001750135916	(-5.46463, -4.93057)	(-0.00630543, -0.00198933)
8bb5ff097e0707dca3fe5860af20f4a6	-6.692759485000008	-0.00028784764410450073	0.09507643734955983	0.0007632904652057361	(-6.87381, -6.52035)	(-0.00177925, 0.00107374)
bda6b6e7da7508c68057140e7bd6cd8d	-6.163492259999997	-0.0005500717644395015	0.11258025435791312	0.0009210020182624666	(-6.38197, -5.96252)	(-0.00227549, 0.00114404)
1a5526b9f7147b6893f1a034a107cc65	-9.751094855000007	-0.001033485207535002	0.14049029613884	0.0011024167886954052	(-10.0151, -9.49816)	(-0.00326059, 0.000919927)
97f26830027d30dfbd60b54895af0660	-9.169358090000006	0.0009948624903695004	0.14306104944376694	0.0011648958463508613	(-9.42715, -8.90078)	(-0.00110414, 0.00314127)
d061a99148d649c4eca4836c5f4b5b68	-4.6502153500000105	-0.00037896535803229976	0.07017406671041301	0.0005783190101804366	(-4.78498, -4.5198)	(-0.00143322, 0.000725797)
f9f5f08e8da4cc9740518223846563db	-8.42666322	-0.0003503836292225004	0.16211394852674343	0.0013355079545930167	(-8.73383, -8.13859)	(-0.00287739, 0.00205501)
40c85a458df8d5a935122ba778d4f334	-5.092793855000006	-0.003487914458050002	0.16803998212594826	0.0013634144505458182	(-5.4092, -4.78123)	(-0.0057753, -0.000609823)
7ebc04cb539befd9f2e7faa131628c66	-8.303592009999987	-0.0001342083960924998	0.11603467179882007	0.0009671378997962763	(-8.52108, -8.089)	(-0.00191212, 0.00167761)
f7ef98bb6d0061b9368a72b1ff40aad0	-8.561217569999993	-0.003193912481959004	0.18832594998590876	0.0015230782028808672	(-8.9454, -8.23491)	(-0.00588892, -0.000305148)
362b97b08074732371b6e76cd1a894e1	-7.048798200000017	-0.00040433549938600024	0.22556618825958819	0.0017358935197820176	(-7.45553, -6.63227)	(-0.00332699, 0.00305976)
2fad39e365933a7f925040cb3c2a5ef8	-5.634929329999989	-0.004804575266549991	0.17595436353654628	0.0014365294893737483	(-5.98278, -5.32267)	(-0.00747619, -0.0020945)
4c855814a58f4f324e8f0cfaab222e1f	-8.27718377	-0.0055714496395000155	0.20166745643035008	0.001709601211769253	(-8.68552, -7.93904)	(-0.0090149, -0.00261921)
2f61368750bbc7603f01c928568e7ad3	-7.017071474999987	0.0004714518267612	0.0811450483016331	0.0006549379572705526	(-7.16485, -6.86149)	(-0.000830406, 0.0016164)
599ba6458e91e2527f358f547ea39261	-4.277292319999993	0.00044274008783775064	0.05938559429792382	0.0004801054987394657	(-4.38505, -4.16695)	(-0.000458954, 0.00134868)
4b548f1f6fc22f32237396b7d4ffee6e	-7.533011345000002	-0.0009813909868600001	0.07045766280498507	0.000586450671286278	(-7.65929, -7.40825)	(-0.00205216, 9.30131e-05)
eb3543a838a705addef1d704eda7cad3	-7.808533199999994	-0.002169521094545003	0.22423108598086935	0.0018862500767642708	(-8.21099, -7.37729)	(-0.00547653, 0.00153043)
2281740c4ae82360612b5bc7e9538337	-6.591393284999998	0.0011873207946174998	0.14322384177768305	0.00119438744977224	(-6.85246, -6.30541)	(-0.00109211, 0.00334072)
96936173022b85940115c9ea103505bd	-8.303443104999987	0.0016063303647599998	0.10609091534061235	0.0008899972289550627	(-8.47931, -8.08604)	(-2.59074e-05, 0.00326492)
f45b62ab6ec22fb20364a7e05088158f	-7.332827775000014	0.0007713297337699994	0.16146909116917504	0.001318694355684401	(-7.6456, -7.03333)	(-0.00172661, 0.00317396)
c16907f7272c334959e9f980842194cf	-7.741774840000014	-0.0035782915624500027	0.18891733031771965	0.0015147352112790619	(-8.08236, -7.38493)	(-0.00645322, -0.000865458)
266c2a374ca451985731e1e1b5961bd2	-8.23835521000002	-0.0013504862708449974	0.12301915074189011	0.0010129357930494015	(-8.48058, -8.02475)	(-0.00315899, 0.000530277)
2ad8a4ebf774763b765f4ab5b516ff21	-9.394218544999998	0.00014527631087050039	0.1395316631608503	0.0011730364719661902	(-9.67054, -9.15466)	(-0.0019348, 0.00234623)
f12011ad5219b22b6ca790103333a755	-9.119499644999989	-0.00040099690874899997	0.09372209586817806	0.0007637409539928244	(-9.28244, -8.92332)	(-0.00189004, 0.000996977)
b9fefd4224e459a6a0d21db63b1c0d03	-8.797885864999996	-0.0012677546081750026	0.17582217150277663	0.001413901144975017	(-9.12105, -8.47092)	(-0.00383232, 0.00145243)
0cc2420a6a4698f8bf664d50b17d26b4	-6.1229219499999905	-0.0007187000258715001	0.10189320890911971	0.0007718594594184903	(-6.30911, -5.92729)	(-0.00215938, 0.000603354)
33f9226b33e1f59f71edc044bb947764	-4.471990720000003	0.0014975890222199998	0.16892822746829964	0.0014359282181607112	(-4.78709, -4.15765)	(-0.00123844, 0.0039966)
b4ef8e75d847b17325effd2f3873cc9c	-7.243365354999996	-0.0017234659716150024	0.16113032648224232	0.0013685765619651622	(-7.52015, -6.93169)	(-0.00412752, 0.000909707)
8ffd2b3caa54b2922e98a0d5aab5adde	-7.355885805000004	0.0030321588372000047	0.12993294995593682	0.0009815184650704926	(-7.58373, -7.10316)	(0.0012618, 0.00487389)
42608e863ede290f764f14c074e8e4fb	-8.959894275000003	-0.00042197789720499994	0.1147452212380732	0.000958058056442387	(-9.17652, -8.74819)	(-0.00210423, 0.00149307)
2a8a90cd5770804a5f23f425004de7e5	-6.28631669000001	-0.0001762319149320001	0.2391454022619794	0.002001617078735009	(-6.74262, -5.85205)	(-0.00391928, 0.00348687)
f19fa34c0c987ab3bd8aa42d8a4d21ec	-8.914569750000004	-0.00016031039690999978	0.12286996771846863	0.0009880505470899906	(-9.14788, -8.69076)	(-0.0020395, 0.00160408)
340a5698fe78713b785c3bcce89df73b	-8.511686015000013	-8.33350857000002e-06	0.13216634335325222	0.0010748898497647376	(-8.75495, -8.25721)	(-0.00206128, 0.00202054)
376917760e5aa918592416e980809536	-5.653298634999993	-0.0029197296377950098	0.21135934467959247	0.0017372315042084626	(-6.04379, -5.2404)	(-0.0060795, 0.000281433)
589c1370b3324a2d6cff6d1ff85341d1	-7.712858954999982	-0.0002998571240794996	0.1760171356620086	0.001423239671646411	(-8.04263, -7.37522)	(-0.0027591, 0.00249443)
e5a43b018c81cedd19e9a5354d32d469	-6.302778024999998	-0.0011024112052970007	0.17813788039563433	0.0014547419972314565	(-6.62492, -5.96802)	(-0.00375488, 0.00163891)
f4dfb45b33372cdc0dc2fd20c0d0b448	-7.972871140000009	-0.002407949791589501	0.21221959468319684	0.0017202367883980337	(-8.36584, -7.59263)	(-0.00579911, 0.000743872)
e1b3393309a8b247e0c358c26176d13c	-6.57818429499999	-0.0012936786544150017	0.07269652215961209	0.0006075312705803037	(-6.70867, -6.44534)	(-0.00242953, -0.000167351)
b47757a69204f053308f7f5f0022edab	-7.50194422999999	-0.00202426840536	0.16406236195089693	0.0013500191130345375	(-7.81927, -7.19928)	(-0.00459342, 0.000516473)
03569e3fd843f501355f7853b0ec9361	-6.306247550000006	0.00019395826243499985	0.15769004271734297	0.0012832445826992031	(-6.61, -6.02788)	(-0.00224097, 0.00258006)
25e04b2be57def00437d44ab461e8773	-7.91652936	0.0006770616845915006	0.1939149787785627	0.0015850479051834516	(-8.30809, -7.57058)	(-0.00231436, 0.00360738)
4d04d759f5a6615dac43060726239891	-5.340515370000002	0.0003202303457235004	0.11377670165048338	0.000963710445125991	(-5.54674, -5.1237)	(-0.00141765, 0.0021332)
237135dc8b20f922cabee934f7d410a1	-6.580478270000004	-0.00010037407767499999	0.13242849007221633	0.0010688420147365015	(-6.83461, -6.33558)	(-0.00210444, 0.00183113)
9dd9cefe38347b087dd318d82962cc03	-5.517603065000004	-0.002525302822750001	0.112079214212787	0.0008875868696132315	(-5.72751, -5.31177)	(-0.00423998, -0.000844073)
c764eda12e92f19526c7e5a78a38c615	-9.756480079999998	-0.0011470546409515004	0.14223957066510565	0.001164870934112851	(-10.0135, -9.50002)	(-0.00323647, 0.00111009)
6fc765c81c8b663cedcd799094894748	-8.763945310000015	0.00044135031053499997	0.14866758635830438	0.0011901325071560416	(-9.03526, -8.46997)	(-0.00170193, 0.00282669)
1a389bf765c8ff0f92600f684fbe7ad7	-6.09697413000001	0.00200961462662	0.10052505716607714	0.0007928817085341652	(-6.27894, -5.90336)	(0.000527788, 0.00349619)
b0645cbec7653c887cb868a248d95874	-3.796565734999997	3.574956637905004e-05	0.07378252079564493	0.0006050936658848117	(-3.93791, -3.66443)	(-0.00105599, 0.00118885)
d6c46ad81c01997055a3b713c0d5ee1b	-6.212324305000002	-0.0018448051096989998	0.18694170568071997	0.0015852936062180267	(-6.54951, -5.8559)	(-0.00466588, 0.00124194)
fe2a1f2b6f247658881254d63fd68b74	-5.855140389999988	-0.0015913901876800027	0.22267331213427408	0.0018725046508105347	(-6.26907, -5.4521)	(-0.0050499, 0.0019077)
89aabf43d24dd5bd0fd0f5aca189d341	-5.2049056499999935	-0.0006791996346830012	0.042247648849107575	0.0003442050729146006	(-5.28729, -5.13019)	(-0.00133575, -6.35452e-05)
2ae8a432208b85a14e86eb821c86ce2b	-4.098369259999996	-0.0020215052756000023	0.0730751844667696	0.0005751214108662668	(-4.23932, -3.96567)	(-0.00303757, -0.000887483)
f596fa835cdfdb22d6494b012f61fff2	-5.4835505550000025	-0.0018484950337999979	0.08853951799982859	0.0007468195657562791	(-5.63543, -5.32049)	(-0.00324701, -0.000481978)
f7895578be91c3e9c71c7b89e3e798db	-8.76536976500001	-0.0012190709150499994	0.18020328619976594	0.0014854978964920543	(-9.10982, -8.44654)	(-0.00384878, 0.00143418)
8b40296c81e6ffbc10306d4a2ccab530	-9.439421639999992	0.00020246749061249975	0.09915799287102578	0.0007711498087889295	(-9.62148, -9.23979)	(-0.00113523, 0.00188836)
40a6b537d995aeb12b0100e2cb6ad879	-7.1075717750000145	-1.4583206679900014e-05	0.10971989717047398	0.000874328767754845	(-7.31224, -6.90897)	(-0.00158101, 0.001735)
9ac5fec396208e598ab2e2d26985d0df	-7.913409795000002	-0.0021631208986099995	0.07017270385561596	0.0005840972072466657	(-8.04304, -7.78252)	(-0.00331372, -0.00114383)
19cb3add28813b2bf3e1f40a000d33c2	-4.522258715000004	0.0010238256411650012	0.11594212248746692	0.0009467858978223361	(-4.74746, -4.30685)	(-0.00078351, 0.00272479)
686d42b9552375c3b61301ae5605e3a2	-6.800896730000001	0.002713432106454997	0.18258316533817426	0.0014877005028235484	(-7.10841, -6.42993)	(0.000121063, 0.00566701)
51625f89e7332f46ab0641e10cede6ea	-7.634703215000007	0.0018057115107610036	0.16741278869552903	0.0012539087924944433	(-7.93499, -7.31468)	(-0.000440726, 0.00433357)
ddd87ec4b9d332c2d8c02f5d1b08dbb4	-7.197466285000031	-0.002562260909000004	0.0794208910617904	0.0006549798458540375	(-7.35136, -7.05233)	(-0.00387609, -0.00141608)
588a23811b3e98af68f4f0fb24a0daa8	-5.537048220000001	0.0006183235949199993	0.13156466486268867	0.0010318319440742398	(-5.7881, -5.30299)	(-0.00126712, 0.00251163)
7c82a2ef7685c5c6dc3080f56033cee9	-8.831976804999991	-0.0007900270021615008	0.15241542588774265	0.0011854256897193159	(-9.13138, -8.56512)	(-0.00290539, 0.00155887)
b835514e2678e3c7ba13bfe0a0d79bb4	-8.576213954999998	0.0003034226529065002	0.16559513227781755	0.0013099534066538289	(-8.91177, -8.29937)	(-0.00217168, 0.00264214)
c162a4f3943238810eba8a25f0563cca	-5.303287390000004	0.0002659131390200001	0.08038416032831278	0.0006581172417038083	(-5.45427, -5.15744)	(-0.000978032, 0.00151054)
5b00db3216a94bcd5c4842499bf6bf6e	-7.895553534999972	-0.000569814495269999	0.09317450379397664	0.0007474030089843863	(-8.06256, -7.71149)	(-0.00206599, 0.000773007)
beef5a54aaee13f217ecede427cb3071	-7.553874229999985	-0.0005637631319954993	0.1773613671121956	0.001408206130243428	(-7.88836, -7.2322)	(-0.00298909, 0.00220541)
f7686a74ca2d3729eb66305e8a26309b	-3.8394142249999996	0.0009968271282200002	0.05019303301454662	0.0004055623890455965	(-3.93814, -3.74765)	(0.000275527, 0.00178388)
5ca5ea401c8d3569e69626d2f81d5578	-5.98724919500001	4.988904518060002e-05	0.23452793166678862	0.0019458238278291884	(-6.41193, -5.53657)	(-0.00364992, 0.00350805)
b6d740387526e21887b761f90fbc914a	-7.967142179999986	-0.005015334377500002	0.15333343072874764	0.0012961995508330387	(-8.27029, -7.69719)	(-0.00742305, -0.00262022)
5e69d50b5a886d1b222f36de84a9dc98	-9.153367065000012	-0.0006662172603705017	0.15245835665530358	0.0011515663365349624	(-9.4397, -8.86849)	(-0.00299825, 0.00125257)
208c8722c4dd18b60b2b2684272ff26c	-8.274950259999995	-0.0010301290171195003	0.1969764003367722	0.0016065643697051421	(-8.63328, -7.90256)	(-0.00393056, 0.00196944)
95fb1be2ae50b6d347649ea76c2a1874	-8.731702354999998	-0.0028424053705999944	0.12995131280946712	0.0011000785921960402	(-8.98702, -8.50375)	(-0.00483678, -0.000775581)
ea2b0e4a93c24c6c3661cbe347f93b74	-4.417027360000005	0.0003912330424015	0.06571075196366576	0.0005358925912337118	(-4.5287, -4.28446)	(-0.000526473, 0.00145735)
04b5dd98584b9ead93ed64c586994296	-7.695682325000001	-0.00043983985556950004	0.10676930959149436	0.0008334320086447337	(-7.90463, -7.50247)	(-0.00200477, 0.00108155)
ec6c9ea52e88226c339487585ea02f42	-5.4078562299999975	-0.0008405491420814998	0.1139410499709701	0.0009084964556359703	(-5.6176, -5.18973)	(-0.00249538, 0.000896192)
4ce0afbaae4138f34580aa9f62b7a0fd	-8.335444095000005	-0.000982154249742	0.15631292656744994	0.001280182210246416	(-8.60758, -8.01517)	(-0.00332017, 0.00150386)
f655279fdb3e9fe733677c83df662486	-8.481504395000007	-0.001382465588365001	0.10066035608388237	0.0008144363276291394	(-8.67044, -8.29544)	(-0.00278088, 0.000239048)
