Feature	Intercept_mean	potassium_eaten_mean	Intercept_std	potassium_eaten_std	Intercept_hdi	potassium_eaten_hdi
7e9ed2c841e64976eace4b578ff56a26	-5.627932940000004	0.32593305555649976	0.4365057889364772	0.2071200446524307	(-6.36927, -4.70329)	(-0.0777326, 0.707386)
a6099802840e60febef8e896967b7747	-6.931968904999993	-0.0011369449708500006	0.14119829133828415	0.06665560833506616	(-7.19324, -6.67445)	(-0.126659, 0.116742)
904ad13c7b8512200836d5cd9fb09e1b	-9.077508779999986	0.07365121644835002	0.35589680354452696	0.16843487126092108	(-9.83083, -8.46916)	(-0.236705, 0.401025)
1aab913302590e21a7be28b1494a3320	-9.205604190000003	0.046072972799849995	0.20088624905240257	0.09494354939022537	(-9.56812, -8.83288)	(-0.126498, 0.221593)
e644522cf6d7222c9da7f9ecf614cd89	-8.566223274999986	-0.09315782750294997	0.2881718458467521	0.13741837489950437	(-9.11425, -8.03452)	(-0.349369, 0.160354)
bad4f7c5ada34a1f813946abcfe5c556	-5.085070204999998	0.18885513736999984	0.13691886246755042	0.06482953408007999	(-5.33029, -4.81898)	(0.0702549, 0.308239)
399bcf0feb12a20ca0731d8d65268dae	-5.7663114250000085	-0.2608376736115001	0.2593879403644651	0.12163653802094948	(-6.26752, -5.2936)	(-0.489443, -0.0333673)
32f7e6bfc42fe19c17f9459bd9be4b67	-7.023884475000006	-0.07503559030950006	0.26502150193507795	0.1263599246944768	(-7.50291, -6.50725)	(-0.289105, 0.178606)
c942f59feffce9c3ab527135de234101	-4.7360584399999945	-0.24453016994999965	0.18601152252902603	0.08782132750507245	(-5.06543, -4.36796)	(-0.415787, -0.082353)
29bb5fa7f45e47bbabab8cc1b1b3d18e	-8.083112475000027	-0.3581627998725004	0.33107484050018754	0.15615760579128624	(-8.71832, -7.49055)	(-0.640788, -0.0680397)
7b2ff5940de11da4dc3bb208805dff11	-8.300263529999997	-0.047038282942024945	0.19772136951791297	0.09429845242256892	(-8.66972, -7.92744)	(-0.217513, 0.137567)
6c7fa77831ae630967a6fbfc8ee47901	-3.280860394999998	-0.0876816329749999	0.10602734780279073	0.0509099510900546	(-3.49056, -3.08336)	(-0.19119, 0.00381701)
6c83fec6e8d03fad51eabc871853c991	-8.952729939999994	0.2819283614450004	0.3178209661400522	0.14877253781452132	(-9.59004, -8.40682)	(0.0186843, 0.576778)
23597fea41001255f06321d42aefd3bd	-8.323968124999993	-0.03757663642884997	0.22434052563131449	0.10789521507610426	(-8.70094, -7.87722)	(-0.244848, 0.155999)
ee02d6d3506da57909d5e603709a295f	-6.755280490000016	-0.0043056697005	0.14895801981652376	0.07115322189340287	(-7.02749, -6.47252)	(-0.13044, 0.133347)
e6a34eb113dba66df0b8bbec907a8f5d	-5.291574149999994	-0.10466543214455006	0.17990995539262822	0.0855902089186395	(-5.62177, -4.95309)	(-0.260187, 0.0549719)
6c4de756c45fa6e7e5adfe196f9f0039	-6.161302865000009	0.3448663905929996	0.4080289276232039	0.1938310904203733	(-6.96302, -5.44202)	(-0.0104367, 0.703968)
60c57911662a9159dfdd0fc05d975a55	-4.311418345000004	0.025044887453450015	0.15518612539531673	0.0731589120531348	(-4.59094, -4.02779)	(-0.102313, 0.162364)
1986030e3c5cd5df6d869054bc96e536	-8.893007494999994	0.5334643681999991	0.2982620212690093	0.1418898376840603	(-9.47745, -8.36428)	(0.266643, 0.784958)
ea3433f2c148c6fae4cc2e9ae197f5b8	-5.534771655000004	0.15049258136699978	0.19885178762136155	0.09497879947506652	(-5.92618, -5.1655)	(-0.0365352, 0.326096)
059c8f8bb468064b134ea6d3661761ea	-5.194537280000012	0.14051017450499992	0.2079488672907397	0.09855489679518228	(-5.56334, -4.82473)	(-0.0336158, 0.315423)
8a9f7499cdb85b8efa497bb56256cb43	-6.845332174999996	0.20878237075000006	0.12594967107031024	0.059708214455070185	(-7.08303, -6.60915)	(0.0973738, 0.321904)
8dccd839cf4868a3343e411c063932a6	-9.353417099999989	0.09183304505099996	0.2832687805373013	0.13485819249097983	(-9.89225, -8.82709)	(-0.167987, 0.333474)
f402919ff0fe53fec5b6ef190f9e42b7	-6.838237075000004	-0.057299829655499915	0.16100853425422623	0.0768371028927118	(-7.16991, -6.55886)	(-0.206226, 0.0781845)
f9382b37fc2cfd3cf606824a235802de	-10.317767174999995	0.2694511947219995	0.2940134964524066	0.13920208582512467	(-10.8957, -9.78732)	(0.0142026, 0.528323)
1664c7d0b9dec6e07df8542c0c4049c7	-9.093349395	0.2936528132000002	0.2163422452820624	0.10294354576708753	(-9.46659, -8.66176)	(0.10933, 0.497587)
3e5f388f7ad4f160c2a1cdd1441d00c0	-6.502344304999997	-0.01965791383199996	0.17371098158728188	0.08219422608215186	(-6.81832, -6.1657)	(-0.169423, 0.137955)
f5706d9ec821f971e4c08ee992995b40	-7.846220100000011	-0.028341173295450047	0.30691594885846146	0.14445276257398892	(-8.41912, -7.28915)	(-0.30805, 0.227379)
138eb7703e1255cf29760a4440de2a47	-9.381110710000012	0.3705282401999997	0.2667933993928558	0.12531530291108348	(-9.91538, -8.89633)	(0.123406, 0.598066)
56c3d1a8e4dc5c2aa7afbc1563559448	-8.081819369999995	0.2910011822905002	0.5610047153769763	0.2690987112548969	(-9.23687, -7.13652)	(-0.204361, 0.79436)
de61860db8d93da85692dffb5cf32ab9	-5.248044919999997	0.0766792551455	0.3406666518580792	0.1613724352933655	(-5.91581, -4.63907)	(-0.24323, 0.364954)
5c02713fbed5c1964b4410d9f8166555	-6.251096400000006	0.0786884481335499	0.14743487537160269	0.06944423612547287	(-6.51528, -5.955)	(-0.0514917, 0.211137)
12bb0c9249480c4cec2cc9f692018806	-8.637971654999982	0.12345587424399988	0.198991437795979	0.09444992765206464	(-8.99445, -8.24354)	(-0.0565994, 0.299631)
b10627ff6db16c65eed2f21380dd700f	-7.0483982549999915	0.4447477846412997	0.4543138742322372	0.21539171442250604	(-7.88335, -6.13805)	(0.0412946, 0.851868)
3f5f0d10bd5495e2c89d229c508dcdec	-7.087072815000008	0.019194608604600056	0.28969299511038527	0.13768329226064152	(-7.61571, -6.54226)	(-0.230008, 0.280763)
de6891b6f7a1f35bd9ccbc058b9e1a77	-6.7671432349999945	0.09447190976454992	0.10561627186747687	0.049702060641453674	(-6.94666, -6.55096)	(9.68741e-05, 0.186174)
828c563319c7cee475b9b8ab6a0a048b	-8.009930570000012	0.28003262105000004	0.1714548499304559	0.08096169574329078	(-8.29864, -7.67427)	(0.126748, 0.424591)
6a129e8ae637c96e7bb56223913911f7	-6.105713324999999	0.05280856019250004	0.2002833574114295	0.0944809489478081	(-6.48514, -5.736)	(-0.119291, 0.2365)
1527fd8b14037f53b8edb26b111e1f72	-5.592705120000002	-0.1071298781815	0.1544498065828689	0.07258141707932213	(-5.8916, -5.31667)	(-0.246488, 0.0228737)
b3d06445a910a9a444919e41f5da39c3	-9.578435405000013	-0.1890642757274996	0.2904770604079364	0.13929900940506734	(-10.1033, -9.02547)	(-0.439769, 0.0777613)
992072d045462445dc239b35300af2cc	-3.9833310499999963	0.08215054219650011	0.4558054838231953	0.21710783940698644	(-4.76366, -3.06017)	(-0.327655, 0.486941)
2403a466dd6d1e4f551d80394c2aa994	-7.074543600000004	0.051543628924699963	0.5595739167386558	0.2680399673273093	(-8.06301, -5.97565)	(-0.465251, 0.539378)
cae14798faeabb8e1b8840e712839921	-7.722411610000008	0.25119596291099977	0.28143896336614077	0.13407533479468814	(-8.28421, -7.23977)	(-0.0044298, 0.49878)
4311a44a7d56ce4086afad3e75bedd6e	-7.976651505000008	-0.07815425208990995	0.2186143713534978	0.10372936950014312	(-8.3803, -7.54168)	(-0.285339, 0.107557)
ab153c3e19553cead3d76fb9e00684c2	-7.066099170000009	0.07676202976010005	0.3374643544877168	0.16053086879903825	(-7.67027, -6.39459)	(-0.226326, 0.375718)
fc1856f132cd513b1251fa39ad4ccd01	-8.147201215000006	0.03355371136190001	0.14241670747062582	0.06714122444327673	(-8.40347, -7.88279)	(-0.0920545, 0.154473)
8ef31508d9a2fc6f83935de5607a686c	-7.593590665	0.14077997717534982	0.49348916290168693	0.23383773085440915	(-8.48619, -6.66978)	(-0.289518, 0.578422)
21ce8465657612a85e2f89e74d285ce1	-9.900989854999985	-0.12418493051485024	0.28624059161731236	0.1370292626884693	(-10.4462, -9.38994)	(-0.364297, 0.13787)
69d052e452e79d571cba042af265d50c	-6.306061635000003	0.5687546775730002	0.39374453059741255	0.18860340827407038	(-7.00753, -5.53311)	(0.226811, 0.935064)
79d5bee84cddbb27acb4dd7df378c789	-8.357588410000007	0.5048797124199998	0.33712430298878193	0.16077644489135906	(-9.0261, -7.75984)	(0.205675, 0.81562)
0f0a1f8c92368be6e8d3145bd4e94cd1	-5.312285875000008	0.05653319054219991	0.2556322763964568	0.12217242839644009	(-5.75721, -4.81033)	(-0.171424, 0.286609)
64d05989cb6f8053633b2127793200b3	-7.589543325000006	0.07577508541535007	0.20715158924274388	0.09885411280609684	(-8.00278, -7.22429)	(-0.105968, 0.266223)
bac3d8ea4685e825ef8d12b2a6979577	-7.512470259999998	0.02465866193049998	0.3689075143110162	0.1698544662048748	(-8.20798, -6.83261)	(-0.266201, 0.370378)
a8d23fd98a311df2db65e5842634aba3	-7.702355765000001	0.219941489105	0.15611449576293296	0.07440014946141382	(-8.01493, -7.41342)	(0.0653733, 0.350127)
41239266f2952a56a313fc4798f28a1c	-6.797497639999996	-0.01632450992495001	0.2035402380022939	0.09596680568890603	(-7.16711, -6.42512)	(-0.182478, 0.168807)
2b982979f2401a8bc447d7141879e9b2	-3.6574408100000033	-0.10533098101000009	0.09801892834317212	0.04631007426180178	(-3.83273, -3.46895)	(-0.18595, -0.0127887)
251429848560a80abcb96640ceb102db	-5.248986415000001	-0.05971124772370499	0.19544121196333625	0.09328308910704967	(-5.60631, -4.88208)	(-0.232444, 0.116713)
7b34b797cadb639f63827c6d332dd4e9	-8.244245455000005	0.023562973164400005	0.18512853939518062	0.08789515021410238	(-8.62909, -7.91445)	(-0.158546, 0.174426)
2a99ec1157a90661db7ff643b82f1914	-5.654441274999989	-0.37495093827350023	0.5108535984177114	0.24275892022335727	(-6.5604, -4.69412)	(-0.867722, 0.0242128)
2a7f11895ae7fe9fdffa52016207c561	-5.402936130000006	-0.29469637599499987	0.2310826126200824	0.11039456643461674	(-5.89667, -5.00276)	(-0.504464, -0.0837554)
0cfd41d10227f0de9092d5cda028c12d	-8.644343614999999	0.023164144574499987	0.21473142578365603	0.1019993865565391	(-9.03356, -8.22463)	(-0.166999, 0.212897)
a9387e76477da8688775569cf540191b	-6.758116445000007	0.33615089294900025	0.31109941286879994	0.1483672061310921	(-7.31788, -6.18137)	(0.0670777, 0.60194)
bb769f42c78f86faa2801cb2c2abb8dc	-9.509949830000009	0.4274919790850002	0.31665610038584624	0.14890414559018103	(-10.1437, -8.95002)	(0.124989, 0.685)
68ee181a51a55ca3814763c9214cfd8a	-9.436324469999997	0.3669591251200002	0.24348331940755014	0.11483623187859818	(-9.86277, -8.9616)	(0.162134, 0.580489)
88956ab21ebb7e44b2dd317dd412818a	-8.791532899999996	0.14723065105650016	0.2784572878665416	0.13206004555016704	(-9.32116, -8.27875)	(-0.0992307, 0.390443)
ca9dec36ad0aa5a1473144ddcb74951d	-5.448653079999999	0.13663868137674967	0.1786858049051843	0.08466724544221864	(-5.76191, -5.09686)	(-0.0105772, 0.303872)
ae171d16e3cb68ad19636a58839a1ef1	-9.723967639999989	0.3724997084169994	0.4083856093755391	0.1936300434049537	(-10.5239, -8.98592)	(-0.0163462, 0.715957)
77f4d90aa6eb8080927f59ee8bbac375	-9.934970945000009	0.36516730799999936	0.1873257888963957	0.08687635567289362	(-10.2552, -9.56738)	(0.209393, 0.526562)
a7b427a226422d10e62536b8d41e02fe	-8.788631150000002	0.30919789670750025	0.4517103751079639	0.21516541040399878	(-9.67513, -7.99203)	(-0.076272, 0.708862)
2480f3aa1e7784b461d9b5b83a6bfc81	-7.875788534999993	-0.024563417587900017	0.28484494565816637	0.13498213014431687	(-8.36903, -7.29041)	(-0.284082, 0.233579)
9000b563231e32a7003bf2ef20bf9a60	-7.927415074999988	0.2422966654236	0.216089673782655	0.10318218948273643	(-8.37726, -7.55285)	(0.0368811, 0.437264)
a186bb74dfce512f83043f7b366c60c4	-5.716329374999995	-0.3132335634595004	0.506007029307558	0.23985442021716888	(-6.6343, -4.71998)	(-0.754866, 0.126226)
aad2c8fbb5e1201340fe4357731fc9ee	-8.430831420000008	0.21200855274505026	0.3505684997302004	0.16599929080564596	(-9.06596, -7.74414)	(-0.108762, 0.51662)
490d2aec117bd7289577684ba3cc1b64	-7.521911395000007	0.3261751285624995	0.37961152211438975	0.1822325085842549	(-8.21363, -6.77728)	(-0.0179807, 0.663996)
457d3865cf0a4bc602a07d8d5324388f	-7.955598344999996	-0.3464476988015004	0.3189583235890092	0.1514102641452236	(-8.55157, -7.35176)	(-0.62678, -0.0486261)
552e00cb506f739acaf08aa5641f9d84	-6.846296164999997	0.09644705303099979	0.2574058508133464	0.12234415371255257	(-7.36404, -6.38494)	(-0.143629, 0.309257)
9dc78fd8f2f7cb10e190e77af61c7ecd	-8.654948660000008	0.24362841318499984	0.1658314591433254	0.07877462219406203	(-8.97646, -8.35045)	(0.0943486, 0.388812)
a3607a88a8ed64e24a374847b23e404f	-6.102645684999994	-0.16956314518050022	0.20999283722315562	0.09979169803248705	(-6.482, -5.67969)	(-0.349155, 0.0252129)
5bb151262388870fd53a84ea6f1ffdf2	-9.652995534999992	0.11384961919199983	0.3842268718849759	0.18398653503179654	(-10.4089, -8.93498)	(-0.22163, 0.478618)
f7962a90f4519ec1d1a9c7b8ef7bf396	-9.647560709999999	0.2843743788750001	0.2486139116897846	0.11823699341019711	(-10.0991, -9.17029)	(0.0623832, 0.50503)
77ad88eed91eef009bf64f101c96baa6	-5.128576005000001	-0.035882104860500044	0.3725711193667457	0.17703554145637865	(-5.84026, -4.45766)	(-0.348226, 0.301984)
08be83d0a527ddd1da0861135192e593	-9.003705360000001	0.2339831144989997	0.45553547171298336	0.21711322975925326	(-9.81548, -8.17632)	(-0.14833, 0.646944)
b61862b15d33865612e76c1db7b995a1	-9.630165430000007	0.3088397413999999	0.2121063152902692	0.10038039351700272	(-10.0321, -9.23324)	(0.121013, 0.493683)
14f11556b1fc9132c5ab27b67a2479bf	-9.386284689999988	0.09358365889299965	0.2729420392011896	0.12931945514075563	(-9.89435, -8.8709)	(-0.13613, 0.346846)
514b34f09e4acd2397d38273c630d338	-7.396452390000005	-0.5764209786499983	0.3696489140067748	0.17632384114832073	(-8.07349, -6.67658)	(-0.918982, -0.250277)
ba88d4e4e6a24ecc2a5aab6bdfbb77f5	-8.052458370000004	0.12172904189655043	0.17652117872239323	0.08334523442833887	(-8.35645, -7.68845)	(-0.0369959, 0.275773)
1c94105978b1aa2095e3c0096774f240	-8.284005109999974	0.03484481889650005	0.26738437446733476	0.12756022247369891	(-8.77875, -7.75819)	(-0.2018, 0.286057)
27b636c66fa117272ed27920bad78969	-8.84086744499999	0.21380571414150037	0.28377542072829687	0.1326959725964008	(-9.3643, -8.32373)	(-0.01718, 0.476493)
7201d53bd647437ec3de879774eba498	-6.930799865000005	0.10672532923735006	0.4694695444307672	0.2236525450262235	(-7.81673, -6.10601)	(-0.281725, 0.523291)
f8529e2e737999b4a7d06420482d4af3	-9.824161030000003	0.6276773703699993	0.41521640543653743	0.19721817562328836	(-10.6125, -9.07506)	(0.252264, 0.982954)
959d48a11e3b26c9268f0bd1dae6ec40	-4.309168859999999	0.04439507015754996	0.12885574485291842	0.06107072920682447	(-4.55061, -4.07036)	(-0.0642159, 0.162121)
bd0f4e14387ee1ac7e5fe586cadbbed4	-8.629335325000007	-0.12622552507549986	0.17236910944016132	0.08223422379318619	(-8.9474, -8.30813)	(-0.294614, 0.0125438)
66047b69a772cae3e37186eb74254da7	-9.748059419999993	0.43243210715499986	0.380157696542058	0.1794322400663119	(-10.4632, -9.01615)	(0.102097, 0.768912)
4207ad1746e5fbce9c5ed5efe1e357d9	-7.614844679999983	0.1095400293135498	0.16417214995698126	0.07676425621327927	(-7.91862, -7.30503)	(-0.0403374, 0.244429)
30207d209491dfb7de83344e77fd6fbd	-6.371603345000012	0.031079128423199993	0.17502143798478226	0.08292920700692297	(-6.71563, -6.06042)	(-0.119484, 0.186969)
3e93fd55a231bb99b67a666bad8446a8	-8.301030340000004	0.019172734509499988	0.18339722463735497	0.08689508969326949	(-8.63632, -7.96611)	(-0.132035, 0.189032)
d39f37b814ebd81091a949f8bd9d1710	-6.19633162	-0.02366186569789996	0.24443655396436842	0.11603815907819101	(-6.65905, -5.74207)	(-0.23414, 0.197251)
706b0d627a9ba61b18e6b7b39622ac1f	-8.679337185000001	-0.1592977981373998	0.29117042813157684	0.13803980385016393	(-9.20923, -8.12132)	(-0.4015, 0.11477)
32382a0f5831da5faee464d011b5616c	-5.107850334999991	-0.40368449069300044	0.5492465192491777	0.2633915279022208	(-6.18917, -4.08268)	(-0.85686, 0.144244)
fcd575ef43a2ae77d9b7c10639e80fd8	-9.978504919999986	0.07286047768400025	0.33606193116789307	0.1611043283120543	(-10.6365, -9.39598)	(-0.226294, 0.375101)
fdb1c35a8dab336d65ed22d796e71e4b	-6.839593859999982	0.05782462632183999	0.4789146499065364	0.22800918421971614	(-7.75659, -5.95704)	(-0.372553, 0.481923)
25def15fb42bed6855ede4893d27a21d	-5.249543075000002	-0.016287092078649992	0.311354400408432	0.14615469012212395	(-5.80908, -4.69218)	(-0.260234, 0.270533)
2a13ecb6c618ddf8154298c69336dd8e	-7.776179359999992	-0.3850616153044995	0.42346553062792525	0.2015442335344086	(-8.59045, -7.03312)	(-0.761442, -0.0278217)
9ad89cc951aa3031c19c59c95e401614	-9.42976852500001	-0.11214771200600017	0.30019049313123564	0.1437840878282174	(-10.0336, -8.88114)	(-0.393517, 0.157093)
55d4d3011e1f3bb8e4e5089b801b61a4	-10.379193980000018	0.4555714090749997	0.3132651123124944	0.14701251556668102	(-10.9649, -9.79624)	(0.173859, 0.725479)
4ed55370307d6700d110b6d3f1196136	-8.743198550000002	0.5170034915689988	0.5243705002374726	0.25129613576656684	(-9.73083, -7.72476)	(0.0668267, 1.00242)
154c25181234441402124e02c204074c	-10.06635797000002	0.28157585672999996	0.3624451341582326	0.1718451727107244	(-10.7229, -9.38136)	(-0.0628159, 0.587002)
370829fece3190f1a8efccf50b7d0921	-6.73989211499999	-0.4656943315000001	0.2120792542531609	0.10085404390863364	(-7.14563, -6.36143)	(-0.649318, -0.271648)
b1a153ff5a21342991138e7f7dd2658e	-7.452400960000001	0.37335061899000005	0.437921744894768	0.2090173511076674	(-8.29098, -6.65034)	(-0.0341342, 0.75756)
e39b1ae9776ee98190c8cb02bc9de792	-9.676997279999982	0.23372711435499996	0.25843374896712235	0.12244736825388397	(-10.1538, -9.16688)	(0.0135984, 0.476177)
e71461ffe18aa4dc3b1f7ba4a1011cff	-8.093049499999996	0.3046384125550006	0.2737386973351593	0.12941128623648684	(-8.58308, -7.57581)	(0.0512288, 0.530487)
90c2b51afe404951ec89bd52c7ae1f58	-8.47089961000001	-0.25555168074899975	0.3656960202221893	0.1738418403069428	(-9.19746, -7.82331)	(-0.565193, 0.0798665)
c5af8314e36eaed98fc88f181f539e8f	-7.538522454999995	0.11575682643449994	0.1930251829322355	0.0921806646029937	(-7.89074, -7.17234)	(-0.0562874, 0.28638)
10cd502b01abafc87e2ecbad86389286	-6.029167654999993	-0.03092075517299999	0.13665436209521808	0.06533112692538784	(-6.27088, -5.76825)	(-0.151182, 0.0914416)
433cf7e272a09b91cc85082a1338b8e1	-8.268838585000006	0.26129533444999975	0.16452463302936668	0.07761315783088624	(-8.57291, -7.96203)	(0.114665, 0.403557)
877f27b47c85f6b2d3cf8a6aa86def40	-5.843320545000018	0.23985652286200018	0.2318577297966428	0.11001350767036559	(-6.29967, -5.4369)	(0.051325, 0.465576)
9ed241a051fe72047261df3b7e08b675	-7.228263090000013	0.09734254451995006	0.1864857880312919	0.08865887541476267	(-7.56536, -6.8713)	(-0.0546785, 0.273097)
04c8be5a3a6ba2d70446812e99318905	-5.768384669999993	-0.10631635060980024	0.18084359546605783	0.08588077054453959	(-6.08782, -5.40352)	(-0.27115, 0.0400767)
e0b7bd623a1b4cd1640883066e8d96bd	-10.031173350000012	0.23845941117999994	0.26830031662649506	0.12687398395178423	(-10.5108, -9.54565)	(0.0219179, 0.485213)
6a17479edbe461431433bddb084f731e	-6.352059104999994	-0.05243787899436499	0.2588782898992284	0.12362164050200967	(-6.81605, -5.86173)	(-0.272126, 0.183531)
35513c8de34a49ef37dde85737e6aef9	-8.017559205	0.13047731296685025	0.31978593129735716	0.1518328481230973	(-8.61067, -7.39727)	(-0.160613, 0.414226)
69536042153447ceb692aa53159ce0c2	-7.169358869999995	-0.07506918777200002	0.15127966735725962	0.07192483307208311	(-7.44329, -6.88056)	(-0.209812, 0.0553075)
0f92fcc184a951ff8b0914467ad2f8f9	-6.9084570450000005	-0.0351677238673999	0.19281749891754663	0.09197691536215094	(-7.26273, -6.54416)	(-0.204269, 0.139338)
e9d9bafcf863ec0908ce4e20e6386ff9	-10.016367214999994	0.260310546126	0.2668436848090917	0.12511742448791005	(-10.5364, -9.53743)	(0.0348317, 0.511633)
979578981da3916b394bf24c32bace21	-7.561166805000009	0.3699235970528495	0.366224210429133	0.17646149600671246	(-8.20931, -6.81364)	(0.0465094, 0.72455)
5860dac317300b1fe6094e958240cc7f	-8.277418069999996	0.3079068216000006	0.19100520301597834	0.09083162996902046	(-8.58936, -7.89051)	(0.141146, 0.467748)
3a1461e8439091ad6b93af0ddb3849eb	-7.5343382950000235	0.23071885977249995	0.43396153721538866	0.2064531970788094	(-8.38039, -6.76442)	(-0.16209, 0.599992)
d32627161d829a1488c2a047669cb29f	-6.210134895000009	-0.006806079033999986	0.5168882401299029	0.24664108108793018	(-7.20209, -5.29799)	(-0.452417, 0.46373)
e2c3ff4f647112723741aa72087f1bfa	-2.5806421550000005	-0.3606686093500004	0.1865673395919179	0.08836003671746014	(-2.9336, -2.24962)	(-0.537007, -0.211842)
426bd7119a31b73ef734771a071a216c	-5.962591659999998	0.06747821530050001	0.2378149878048993	0.11317703109780451	(-6.38284, -5.47906)	(-0.133242, 0.297582)
aed0d8840bb7da5eacd80c6f9a1f91ed	-9.486881015000005	-0.10913698369239999	0.2793840054051408	0.13313629660255408	(-10.0087, -8.97625)	(-0.348669, 0.134604)
0b05a2e48cdc5f9e766bb0f4c209d4b4	-8.696632954999997	-0.03565318629819996	0.17489786599389368	0.0832643163236124	(-9.0419, -8.38129)	(-0.192179, 0.122)
31c0a0bcf172474d82c69979df243e78	-6.236070239999999	0.05438839386204999	0.15548049406643386	0.07389672829123786	(-6.53309, -5.95826)	(-0.097027, 0.178886)
f9b9b7db378357774e672fe5ba242b12	-10.392636850000011	0.2294651693729998	0.27036210564903046	0.12791926526036876	(-10.8999, -9.87692)	(-0.0295466, 0.455423)
95f975f50235610bca818dcc9d97f7d6	-9.162880129999996	0.16735404312200056	0.4064091019970925	0.19322703784124765	(-9.92281, -8.41361)	(-0.229283, 0.490668)
ecaa9f4e15a28f212d9bd60f749191ab	-8.055015054999998	0.33934885860000014	0.2389072020458926	0.11380581119842613	(-8.50471, -7.60954)	(0.124784, 0.552732)
a6fa2de5f4576d1d77b1616786e3dd52	-8.550918750000008	-0.10568639686399989	0.16295614040206505	0.07771087426532354	(-8.8737, -8.26839)	(-0.252335, 0.0384955)
1fa555f9a74d47a6ca7a65a347bc885f	-6.413129910000003	0.23084749660060006	0.17835983292908716	0.08461996950407573	(-6.75002, -6.10064)	(0.0791746, 0.389959)
149e7d5e484d157f2ac6140a2111618e	-4.001542199999999	-0.10407816497850017	0.17223933538091715	0.08156569969696152	(-4.34517, -3.71038)	(-0.253409, 0.0533574)
605c54065160b61d47c4d5f87ffbe6bb	-9.076940554999979	0.06329141221968004	0.2942227393075559	0.13997315464993043	(-9.60262, -8.51898)	(-0.187326, 0.330908)
5034598009be77942a505e7c9978b06b	-8.643052225000018	0.26922960780999994	0.24021778087060777	0.11393874124979295	(-9.04263, -8.17099)	(0.0388147, 0.455029)
8526f1f5fd2dcff7e7a73db743c829d2	-6.586311909999992	0.07128623853064994	0.20989414113869834	0.09942293754319552	(-6.98092, -6.17779)	(-0.110847, 0.267623)
24ef07664cfa04a819d7797a89e653b6	-9.298093389999988	-0.11471759061595004	0.2966655130730703	0.14279105964343514	(-9.86466, -8.75954)	(-0.371883, 0.154486)
03fdbec0c9b63a05ae79f92c6d3a4cfc	-7.420821189999997	0.15027824069304999	0.3917113565680531	0.18459855656631013	(-8.15993, -6.6696)	(-0.207076, 0.488701)
aa3e2d76e864d7909b51110e211ef36c	-9.926051749999989	0.53354919045	0.3757254046119819	0.18070033440452324	(-10.6523, -9.22933)	(0.170549, 0.853337)
7efeb75fc542932a033b37b887994dc8	-7.362579169999991	-0.4560066017699995	0.42609774066475803	0.20292737787590395	(-8.1527, -6.57399)	(-0.81957, -0.0705451)
2371e52106292ac4c33aec6f57cace35	-7.83603797500001	0.07594574825195016	0.212776205028545	0.10069077339665726	(-8.24732, -7.46347)	(-0.112022, 0.256598)
913d55d109820d0f3fad120be103c64f	-9.437080154999988	0.5034653430000008	0.34679730338401704	0.1653340798703886	(-10.0689, -8.79546)	(0.163413, 0.768795)
c82032c40c98975f71892e4be561c87a	-6.488943160000004	-0.2762145658499997	0.1486148310530091	0.07058964259592793	(-6.76334, -6.20462)	(-0.409708, -0.143283)
ac9166cff57e7ff3581eaf798edc726c	-6.744384885000001	-0.22168708765499964	0.40933444779273986	0.19285784223907193	(-7.49306, -5.94983)	(-0.573844, 0.147788)
949af2c28ba6c0345ae58b9aed00a2c0	-6.894282330000019	-0.3022916928134996	0.4984842200783004	0.24006315545392973	(-7.7974, -5.9528)	(-0.786615, 0.115498)
8a261f382a739bbc5f9494b2c64c2744	-5.376565819999994	0.06663578687849993	0.13939905284372472	0.06610592103770259	(-5.62543, -5.10749)	(-0.0524694, 0.186371)
e91f1c5b67ffecb5ca3ca3b393a50f00	-5.577406445000016	0.45257824369999916	0.28613093667150347	0.13583966155211863	(-6.11057, -5.03035)	(0.195165, 0.708788)
99b02f389bd0b7abad0d4d8affb09e22	-9.362316670000025	-0.19158132010750015	0.3179506184691441	0.1510750640499869	(-9.94795, -8.72109)	(-0.4733, 0.101245)
d3d99580d90cca486a23372a474e9571	-9.58214960499999	0.30811686171150016	0.26759414925497527	0.1260358004733953	(-10.079, -9.08389)	(0.0636917, 0.543534)
7076b69bea6fb40b94f8b32fd85fdb46	-10.298270879999997	0.23154249379199957	0.3068474982130792	0.1448639151008732	(-10.8729, -9.71814)	(-0.0395645, 0.49754)
e82ab12c51a893c6d7938a16632199a8	-9.280879615000002	0.8219730226499989	0.5400745221840233	0.26008303842196223	(-10.1941, -8.25731)	(0.357, 1.29491)
2ae945b550c248752a5b463c9aca1a6a	-10.114433879999996	0.30681760119500023	0.33323103067203336	0.15935030246555773	(-10.7879, -9.52041)	(0.00191392, 0.602214)
b423592b0ae631882095792b27729b9c	-10.808418544999993	0.9566992944999992	0.4615922060819846	0.21922118346159603	(-11.7429, -10.0384)	(0.560405, 1.37617)
3f1ed51e954b35a8108c12dd882b696b	-7.213460480000005	0.07161614255250007	0.2924939944550483	0.1395489617172754	(-7.77069, -6.67443)	(-0.181477, 0.340333)
1fb601d8edb6994ffb112ad1a34828d5	-9.985034035000025	0.39492099994999974	0.289498904525162	0.13623407275595445	(-10.5774, -9.49651)	(0.144946, 0.647099)
9f74473636e6874853d88dfcbcecff49	-7.654046355000001	0.4882606065499998	0.28412635854486273	0.1344962399540675	(-8.18548, -7.12129)	(0.259867, 0.756844)
4c731267e801c2afe253b5cbb58bdd24	-4.479323219999998	-0.09297076888550004	0.1420084442881184	0.06739960327680876	(-4.75002, -4.21753)	(-0.216864, 0.0367568)
14387daaf0161dd3c971efd0f8806ffd	-8.239295589999994	0.11723644230650013	0.19818611616445767	0.09331170601675336	(-8.5842, -7.84989)	(-0.0629031, 0.284394)
c97220e6c4063a029dec2f8160977f83	-7.288173374999993	0.14268625656100012	0.2759669293365772	0.13085055739807486	(-7.79599, -6.74745)	(-0.10128, 0.401163)
8a20667bca2eaf2a0687995af876a84c	-6.874343059999988	0.1204290610666999	0.40552597095233817	0.1927438294966716	(-7.58212, -6.05902)	(-0.264621, 0.463114)
131d3b899e72f19fcae1b0f9f8f3a009	-5.175001145000005	-0.1543245948889999	0.554501075348407	0.26357436643915194	(-6.17825, -4.14287)	(-0.610198, 0.367962)
c0c365b5a32a28b8d2602de07c5d0b06	-7.816334910000003	0.09222827331450034	0.3876722809359624	0.18326406335695286	(-8.46359, -6.99803)	(-0.290752, 0.40104)
a650f349bbdffb95b3624519d1ba72b8	-4.762199229999996	-0.10186076790620002	0.1489929664564978	0.07040090133960179	(-5.05617, -4.49949)	(-0.243975, 0.0203985)
0f6da5f59be656db2dadef7bf2d1a2e6	-8.783115054999998	0.1231118653319999	0.23270907510923797	0.11010506364768334	(-9.23556, -8.36066)	(-0.0879789, 0.324541)
e84bea8ae61342674744560dd7de4721	-6.878730060000003	0.042347389913894966	0.3975308627081631	0.19045622033346982	(-7.57279, -6.07017)	(-0.300237, 0.412391)
010f0ac2691bc0be12d0633d4b5d2cc4	-4.684642615000004	0.04954146972175004	0.18573231672520454	0.08818825379167144	(-5.02799, -4.35256)	(-0.103462, 0.219289)
c8fce068920feb387167d44c01689295	-7.3881229749999955	0.496012552135	0.3503421874487847	0.16624110374649279	(-8.03422, -6.7383)	(0.20749, 0.827426)
86deb5cf8d6f29d383136e0d09863b69	-9.665474374999995	-0.1632492788110003	0.30804480362555914	0.14615264636288014	(-10.2584, -9.08363)	(-0.425872, 0.12554)
79db4c4f494c95856ce31b42f267c4c4	-7.922374299999996	-0.02425732085580004	0.47810062646833046	0.22535617067739852	(-8.80001, -7.02329)	(-0.453708, 0.388908)
dde2f514908a4fcaa80827346c7b7a19	-8.248382655000004	0.1421364743702997	0.16928017554191324	0.08042715502635472	(-8.5736, -7.94023)	(-0.00985156, 0.291193)
7dfa96abfa7484bb6c9cfa90dc9b606f	-6.430455004999987	0.3180854738149993	0.2109697584069811	0.09957342335986198	(-6.81652, -6.01896)	(0.143225, 0.518042)
25f9cac7332bfbe3973f03bae0ee15cc	-10.221885654999982	0.3504336197300001	0.2630377764849964	0.12395257356248056	(-10.6984, -9.73583)	(0.125453, 0.5799)
447b9d6a5c17543a456c597e65b37139	-4.433109274999994	0.026951968739099975	0.11733242496865215	0.05621871082772935	(-4.66295, -4.21283)	(-0.0923898, 0.122956)
ccce7fe8aa849bed027f6898300e0c45	-9.065980545	0.23004857672099993	0.31826105064561844	0.15060537553177478	(-9.64102, -8.45391)	(-0.0524176, 0.507968)
363c1c39d58bce4fc3218659d0944258	-6.087186119999999	-0.09367144496350002	0.19555058493506372	0.09359968040372472	(-6.48223, -5.73305)	(-0.263775, 0.0878936)
7be9bac1b13acbd8acf0de464d7c20e6	-7.564285830000009	-0.16121140320949978	0.20855384761713508	0.09891400780419195	(-7.95443, -7.15627)	(-0.333674, 0.0455794)
2ab8310e1e510f8045c7f4d191fa36be	-8.24363587999999	-0.4122929893944997	0.40300815140270446	0.1951366894610958	(-9.01885, -7.5008)	(-0.776065, -0.04136)
a66dd8d31584930c2b0f811f572dddcf	-6.46718391500001	-0.1801289347525	0.277746336970486	0.1324211506995876	(-6.96214, -5.95618)	(-0.422443, 0.0603577)
10155b2834300619ce0102110a37b057	-7.003469169999996	0.025509015490050007	0.13961018235362035	0.06605097686868647	(-7.25725, -6.72569)	(-0.0989044, 0.151245)
fca904abacabcc0591dd00b0427f9180	-10.047551560000013	-0.016225919758399984	0.28610670714327296	0.13606483789103013	(-10.6312, -9.53217)	(-0.287788, 0.23567)
ef6752ce31dcb9e16b1155bbaa1a268d	-8.197119710000004	-0.29143275634145005	0.34832983076764423	0.16737381213455474	(-8.85298, -7.57209)	(-0.596833, 0.0163132)
a24dae6b87885a55d81df1ea6d1abaf5	-5.97774802	0.10021363868700031	0.2739546775442602	0.13076201377620883	(-6.50535, -5.48786)	(-0.138822, 0.346178)
79280cea51a6fe8a3432b2f266dd34db	-3.407431814999996	-0.12227607589600034	0.11330959157218692	0.053689214206884564	(-3.60519, -3.18781)	(-0.224204, -0.0260195)
cba33b3578113908d449fc66ccb245d4	-6.328332324999995	0.07367225040000003	0.16090337030324883	0.07682431877056473	(-6.62763, -6.02858)	(-0.0659013, 0.21687)
ef1616938612ecae94c31842853cb904	-9.257918755000007	0.19536218389900012	0.18094730722146704	0.08461141835037247	(-9.58275, -8.93098)	(0.0427126, 0.351923)
a378e30f9be477f7777e409c8faea14c	-9.008334764999988	0.12713701279840003	0.24032566047250306	0.11301522902982392	(-9.45756, -8.54827)	(-0.0915818, 0.328381)
322498f1025a569812be6e3fe4f63ff7	-7.487197414999999	-0.21961658081199986	0.31068411082942077	0.147181606225541	(-8.10425, -6.94389)	(-0.484838, 0.0641474)
d75b7080930e7a77ef3de8c6154895b9	-4.483164220000003	-0.12750007548902503	0.3640510099959781	0.16828243659724246	(-5.16427, -3.78112)	(-0.426927, 0.201779)
9bf0d2dbffe7925240ea811d2a4cd625	-8.953812630000007	-0.02387931525050002	0.21760917150796552	0.10291460437018515	(-9.35965, -8.56319)	(-0.208644, 0.16735)
a167e4d4418792dcaba877443ed0e66d	-7.835966950000007	-0.38205503761599957	0.3562010902338697	0.16906699560751617	(-8.49151, -7.16883)	(-0.682637, -0.0643638)
ac0202d177961ffb380b6859272bde53	-8.207808644999997	0.09339490183577007	0.3163212732998115	0.14902789450849088	(-8.78556, -7.61739)	(-0.188509, 0.36559)
e3ab3e4772986724760dbd52b7af55f7	-8.076256945	-0.04869036764230004	0.24725487298275237	0.11722475454875313	(-8.5409, -7.62529)	(-0.255907, 0.179059)
481e48328fe7a9837c7233de8f60fc23	-8.595975445000011	-0.2887583830004997	0.27326257265879267	0.1310927717647733	(-9.12183, -8.09116)	(-0.527262, -0.027939)
be17b29b03ed02bed133932284568d16	-6.743545510000014	0.1209060527439999	0.19663945353626228	0.09378344554111369	(-7.13299, -6.40202)	(-0.0470944, 0.308081)
5f9d6c173705f19cd3a1e5145c52789a	-9.893922755000016	0.4738380803699993	0.39809350316547487	0.1886065013532014	(-10.6682, -9.1329)	(0.117411, 0.830385)
1ef782a559e3e0a4ab42516e0a2c828f	-8.351606145000005	-0.11554732687499995	0.36489548595205884	0.17261636881382442	(-8.98739, -7.66659)	(-0.448255, 0.192668)
97f56e68f535e44ceb53d05f269e82d6	-6.875231780000012	0.035103058973549935	0.15533105119721446	0.07347638313216213	(-7.18605, -6.60391)	(-0.0939797, 0.180156)
3f38509af22157cdcb4006457529d25e	-8.449378590000007	-0.21159233337500014	0.26256946672702025	0.12436051152421695	(-8.91062, -7.93006)	(-0.436576, 0.0219623)
ccee9fc92f4182805278384a02a4d7d3	-9.465358540000002	-0.12785570709654984	0.2729969637330577	0.12951461412537174	(-9.93455, -8.92703)	(-0.378075, 0.106869)
b3bf877149e7a31ad9a7397a3ca8b011	-9.762421299999987	0.20683608211149998	0.30841606018933265	0.144539845985192	(-10.3228, -9.16362)	(-0.0530721, 0.482239)
33852dc244bb69590e8e756a83bb2f4c	-9.437895905000005	-0.040695590189999985	0.2519130786332479	0.12008416678250919	(-9.88142, -8.93733)	(-0.251407, 0.193572)
8f5959f21dc9ce9a281656f8d699ec07	-7.353203735000013	0.23955736200900019	0.25796493012946514	0.12311615473767755	(-7.85525, -6.89863)	(0.0167039, 0.472978)
2086666afdd5de098b04a94247040c11	-8.59651287499999	0.3374065680050003	0.34577768745392495	0.16482516948531753	(-9.2331, -7.90701)	(0.0168047, 0.643072)
96169c3701e79f42346c41eb7b5bf2af	-10.213525814999995	0.36035261804000107	0.27895632469050746	0.13181279269806465	(-10.754, -9.72221)	(0.133556, 0.610347)
d05c86b5bfc092d8677507fb1eae8d66	-6.153026949999992	0.23555111510010002	0.33541652941096606	0.15893538289383055	(-6.76232, -5.52404)	(-0.0471057, 0.539301)
25dd2ae928b2e5e1ac2e28dbe2112991	-6.472749395000008	0.06405701503775002	0.15577739133803722	0.07350770292814522	(-6.76025, -6.18638)	(-0.0708677, 0.198709)
cebcb0fe524fb1cf0bfb5463ae228bed	-9.800310630000011	0.4718325290500007	0.31449442672216515	0.14908496437698376	(-10.4222, -9.22868)	(0.202395, 0.763213)
90104f2fbcc925a6619e805c7a625c57	-9.271730030000013	0.34437138976500004	0.33809127047085846	0.16157256288366165	(-9.87179, -8.58545)	(0.0545985, 0.66672)
4c2189b6b5ced3cb80093414e9449de9	-6.231102500000005	0.13868629834350013	0.14426910759428033	0.06837394828180694	(-6.51778, -5.98843)	(0.0218644, 0.273275)
c4e57b91cc2be5a2232b3612abdf4c0c	-7.39307989499999	-0.34918786409500047	0.4322477075884136	0.20365232106857029	(-8.19548, -6.57723)	(-0.721038, 0.038933)
1600415004247da005dd77bd44c633d9	-8.381317789999997	0.18116691079449987	0.17351755605245217	0.08186740527948555	(-8.71424, -8.06483)	(0.0416175, 0.351598)
3b092a59cd0e2d57483420cc994ec49c	-5.886729765000012	0.09716290556109988	0.21769124671147144	0.10272928968869635	(-6.29776, -5.48583)	(-0.10345, 0.277517)
2c5c5d710e1b9229efa72f98ca7b4e71	-9.26015353	0.2076085083095553	0.4245777184588694	0.2021981897767541	(-10.1078, -8.50475)	(-0.179845, 0.585017)
db093685d2f3295cfa4da0a44d3d9ad0	-8.489412629999991	0.20907640123249988	0.21292179399273145	0.09992060875188269	(-8.8919, -8.09726)	(0.0198253, 0.395656)
63a2de21003c952fd04b694d8444e66f	-6.695826995000009	-0.2077454933250001	0.2647327510184938	0.12535082478150833	(-7.1769, -6.18462)	(-0.456931, 0.0141123)
59196a586276f0be745d0e334fc071c6	-3.277729350000008	-0.055840280496800114	0.10363454354932773	0.048964977682363534	(-3.48536, -3.09306)	(-0.150459, 0.0320775)
8507091bac6b1be88f3d360d6d535d0e	-8.847662029999999	0.3750067924999995	0.17397689391835672	0.08251659321744591	(-9.13668, -8.49307)	(0.224818, 0.530023)
8f649d1053a0ead08b37f8e06fbb2818	-8.327339020000027	-0.027418292419750002	0.20631842088805258	0.09837468392906702	(-8.70578, -7.94613)	(-0.211616, 0.160688)
8a70333f85e6869971ef357eceadf3ef	-8.440979844999989	0.19940250530949985	0.2527813326294604	0.12108328423182226	(-8.89944, -7.95542)	(-0.0270551, 0.421776)
8e0da29b36fbc3879561566e87f11ea7	-9.117813274999978	0.18457177704875	0.30689526877507334	0.1450882257055188	(-9.66917, -8.52628)	(-0.0857748, 0.458945)
5093cebf67405c910fb68525ffa6dc3d	-9.785957374999995	-0.18147382494274963	0.2865470673920069	0.13881812921312603	(-10.3162, -9.25014)	(-0.435224, 0.0807341)
bde648dc2bd51d522327b0bb99e98340	-9.912857229999997	0.0938183425884999	0.23585327061401348	0.11170739761463863	(-10.3313, -9.4913)	(-0.114661, 0.290807)
8720f9ecd2331ce68e2896df1bf2d977	-3.4832124250000063	-0.09148504972154989	0.17944202182534996	0.08418737119947121	(-3.8288, -3.14606)	(-0.255699, 0.0602592)
3af2ddaf4af4b5ae4100439a9c3d4099	-8.64133029500001	-0.15572057775216996	0.2395185638583427	0.11560357753147774	(-9.07877, -8.18634)	(-0.362248, 0.0601554)
de24ab68045830f7ea823f771a1f7dd3	-6.455611234999995	0.04494858449225002	0.22073887241608536	0.10465414008769337	(-6.83393, -6.01335)	(-0.152536, 0.232884)
aec9d6920c8746590e4dff84ba121b90	-8.23415116999999	0.15711613647800027	0.25360211333589283	0.11868714733803608	(-8.70448, -7.75974)	(-0.061878, 0.37392)
192522c9b7c41f7a761f8a2ba792268a	-7.136112475000004	0.15728672065550003	0.2675141454303389	0.12627042010756184	(-7.6882, -6.65611)	(-0.0839629, 0.397453)
458157e555a80f9ba01d9da37ef787eb	-5.563621140000002	0.2751869925650001	0.3077190015192437	0.14621866946367604	(-6.09262, -4.93945)	(0.00146574, 0.547689)
3017f87a3b0f5200ed54eca17eef3cbb	-8.50379151	-0.09618604189700004	0.26424072585224256	0.12450031890216842	(-9.03078, -8.03299)	(-0.323087, 0.140585)
c5e3c5422835403541b0af331a2cc649	-7.239030740000007	-0.6740252974	0.39171237664382325	0.1870690976758718	(-8.00364, -6.53583)	(-1.02495, -0.339913)
be7fc30c58dc772f88007fdefcf21a96	-8.400251710000006	0.23092648216474945	0.19928635651613485	0.09389070693638762	(-8.76864, -8.03332)	(0.0657442, 0.414283)
3d766867c97f511431bf97e059d6498f	-5.533282455000002	-0.10000694537390008	0.17873188104650764	0.08479050725343937	(-5.85681, -5.20253)	(-0.253068, 0.0588672)
9099a7f671b923c7b07c12508f17270a	-7.082430499999995	-0.5142758164999994	0.2377398335837938	0.11505937898631659	(-7.54322, -6.6495)	(-0.739205, -0.309019)
4973330392dab23937c67af9843e5359	-9.051513265000018	0.49136693400000003	0.2669760298243828	0.1258817757773996	(-9.53898, -8.5488)	(0.24525, 0.710493)
2cf53730a41137e7ad95ed3680541d80	-9.48475199	0.15567324258999996	0.34163405066611824	0.1608869419331843	(-10.1569, -8.89883)	(-0.158829, 0.437478)
2a0968119cb66a61a416f8d924c224ac	-6.3193609899999945	0.055917845820500016	0.42234804051862235	0.19911833288462774	(-7.1301, -5.5149)	(-0.339775, 0.435061)
a4e2a4e1321a599651edf92f6999e78e	-8.771313459999996	0.5793086304479992	0.4464042849967149	0.20962383602927695	(-9.55704, -7.93916)	(0.170942, 0.934047)
782772ed674928794b78f5a59ee3d08c	-9.874069469999998	0.22531111558334985	0.2575344950204131	0.12135272160080382	(-10.3974, -9.42136)	(-0.0165288, 0.447965)
ab5c396eaf731e031c9764a05b798753	-8.945965260000001	0.19109943293649942	0.2440993586372821	0.11546982216650142	(-9.36488, -8.43715)	(-0.0198011, 0.419718)
04195686f2b70585790ec75320de0d6f	-4.778918009999995	-0.5613715800000002	0.2776336644836861	0.13053171342878572	(-5.30568, -4.2646)	(-0.807016, -0.314373)
9f4d14b114e7499772a797790d81c1db	-5.21538536	0.11832807327500014	0.11975761551680297	0.056637355582379124	(-5.44557, -5.00069)	(0.00612211, 0.21499)
b1f2146bef78066448576fceeb6b644b	-4.462060445000009	-0.08767421890894997	0.17997684718249732	0.08526568232194227	(-4.77764, -4.11895)	(-0.243263, 0.0668542)
3bff9ab82e7f2a76cc22e687ac7b72fd	-7.7964720550000015	0.5139706862054999	0.44364994304837546	0.21265329329197225	(-8.58505, -6.96288)	(0.126733, 0.916397)
c1365ec008032ee718dcafaf5ac17adb	-7.382110959999997	0.1984409280945001	0.1969300811683638	0.0939922118874491	(-7.76485, -7.0256)	(0.0285462, 0.382666)
cc968157f7691aab95df444e8cd103e2	-5.665457089999991	0.15828722194999992	0.12812222675294052	0.06086143208796033	(-5.88806, -5.42121)	(0.046097, 0.272201)
09ee2c2d76be17c9ede2d4c57412adeb	-9.583189365000012	0.27607719671804987	0.368697814082545	0.1741956472563239	(-10.2774, -8.87522)	(-0.0472888, 0.594841)
d9b76ee51ff2b6961430bf352cc578f2	-9.365373069999992	-0.06219311959800016	0.26944717074572355	0.12836472593568085	(-9.89356, -8.87042)	(-0.289722, 0.193372)
d2cccbadb958c9c6547274fa10531f74	-7.414984939999992	0.16737136382699994	0.20481246304875203	0.09725668726850692	(-7.77194, -7.00063)	(-0.00779649, 0.365531)
2268b83b6cb307bfd1cd008dae1ce4b3	-7.313162759999994	-0.007867677713849988	0.3707953500746499	0.17666164149115843	(-7.99136, -6.62056)	(-0.336907, 0.32458)
e9ad916c93ff127ade2a8283db7603a1	-7.036119000000007	0.40953000994250044	0.516691565272939	0.24513799681766812	(-8.03025, -6.08632)	(-0.025092, 0.893046)
624d0040eafc828499b5009791d96b85	-9.385363565000004	0.20024834462499985	0.20327002679500178	0.09607615780573625	(-9.7467, -8.99952)	(0.0203491, 0.38052)
bc5146d3526a9ef5179457a2077b1b46	-9.180339039999996	0.022596909206149977	0.19047236125794834	0.08998903289687366	(-9.56747, -8.84946)	(-0.13743, 0.197325)
7bbb537e486b770d58232a6c683a3a9f	-7.525160219999995	0.1507511936849997	0.19461610346667502	0.09180107609281948	(-7.90949, -7.1557)	(-0.0429088, 0.313407)
30c16856bd5bae4cd2f1182341b30ffc	-10.091228760000005	0.4898677608999995	0.3669772612670464	0.17204823086015614	(-10.7718, -9.40893)	(0.166446, 0.800764)
ac5402de1ddf427ab8d2b0a8a0a44f19	-3.467935874999991	-0.07893104836800005	0.18410885190596984	0.08715998784832187	(-3.80771, -3.1144)	(-0.242225, 0.0823944)
d0037fe3397f56b52e971759e3f2f7a8	-8.770099005000013	-0.03450956035029999	0.3920269886656527	0.18732408872170284	(-9.50211, -8.0352)	(-0.431837, 0.279862)
3d7f3a3956e66e4728521a97abd9f07b	-7.7582782300000055	0.12380230674599997	0.44628533941119675	0.21258359417848047	(-8.62673, -6.96026)	(-0.278542, 0.515111)
3e15d94435169ddada1e508dd8b83a55	-8.860245375000012	0.3794391377249992	0.27610378296857774	0.13161676200733632	(-9.38372, -8.34478)	(0.148748, 0.645421)
ed1528f4822674c9e1da64b84c778e9f	-6.166663680000003	0.10309363110665015	0.24937493875258898	0.1191810418889313	(-6.65195, -5.71518)	(-0.12542, 0.328084)
477734397215c70bdacce28d5685cc6e	-6.146300910000004	-0.024318586063000053	0.4704610913989295	0.22429941021751013	(-7.03896, -5.26483)	(-0.456137, 0.38586)
1243750138937650754b619370565800	-7.11171206000002	0.4730483862500002	0.2938431276760723	0.14032054787451634	(-7.63224, -6.5461)	(0.225557, 0.744162)
997c1b9bc29e50b9096303c708bb54e8	-9.846390714999979	0.1652114069324996	0.2813855877054454	0.13175780475872978	(-10.3649, -9.28475)	(-0.0789096, 0.417161)
8aff935557eab67b0baa4553b8518105	-9.878381929999998	0.5215902550999997	0.38170723632802	0.181600628129685	(-10.6363, -9.1956)	(0.17675, 0.853453)
39bb3fb5b2257fd2eacca408dc42c5d1	-4.9886766649999945	-0.19493298000399983	0.24800372304307827	0.11789685087983544	(-5.46002, -4.54752)	(-0.41001, 0.0325862)
b9024a1f377b62508864cfea59b16a31	-8.075566924999986	0.21585545718999993	0.18232012238860093	0.08678507525858721	(-8.41418, -7.74756)	(0.0520531, 0.367476)
7ab1bc6052053650189083370055ae66	-6.547849339999982	0.20567624806450027	0.3424814155826045	0.16448040308925788	(-7.17552, -5.89629)	(-0.11064, 0.498796)
8183f1e3f9806994e125b1d5c6932498	-6.706951439999989	0.1383450302815499	0.2551960290579116	0.1211470151690724	(-7.14043, -6.19475)	(-0.0964379, 0.353517)
92f000f936d3f349c5e7719a5edc5078	-7.194261814999992	-0.05410290828800001	0.1454091976418816	0.06930823501785471	(-7.48508, -6.94045)	(-0.177416, 0.0787843)
6509bd0f539df985ac2f40c335cdb999	-9.164595570000017	0.31182523966549985	0.31245767400093566	0.14825143364558238	(-9.73129, -8.58903)	(0.0179698, 0.572645)
c4f9ef34bd2919511069f409c25de6f1	-4.5609364999999995	-0.06831620342800014	0.3576397647208011	0.17065405013764584	(-5.2833, -3.95366)	(-0.38767, 0.240394)
74923f4bbde849e27fc4eda25d757e2a	-6.578288165000005	-0.9728613520000002	0.3323151587192237	0.1569238960998996	(-7.19843, -5.96204)	(-1.26319, -0.674708)
3edf7e19ca2ce44d4d3daa243e8725f7	-9.875965494999988	0.14983914036259988	0.22353581356273744	0.10454565585421867	(-10.279, -9.45693)	(-0.0534758, 0.340252)
ebab7cfc7858bfb00c486bba21d6ca6d	-6.6124953649999965	0.46263525025	0.2798830150714162	0.13295275788129718	(-7.13892, -6.10333)	(0.227599, 0.727847)
8937656c16c20701c107e715bad86732	-3.1277715900000067	-0.047959936440900026	0.19780145485908815	0.09514247614370615	(-3.53139, -2.77032)	(-0.215132, 0.144277)
6a6880faba39965be0e4b7d88966d1c9	-6.476879240000001	0.06900225385369997	0.2924884334568164	0.1383995590163562	(-7.05708, -5.95916)	(-0.171813, 0.342664)
85c05d873041801d03eed489230b23f6	-8.692451284999985	0.2873320445500002	0.16732837416977062	0.0793964843696126	(-9.00214, -8.36716)	(0.147322, 0.445966)
6d8fe4ac153ead767024e041ff1f0ec6	-9.029679825000015	0.33392287988449976	0.45125547769309005	0.2174489006011458	(-9.86018, -8.17646)	(-0.080277, 0.733087)
ed5952d1e022067b212146b9b3bc6812	-4.725757854999997	-0.005213830243799987	0.4198041433626511	0.20248457115549698	(-5.61691, -4.01064)	(-0.423394, 0.355763)
7029eddc845e01d613a3bbc113ebeaba	-7.078174105000003	0.27804627968999973	0.2798523253683966	0.13292957456023954	(-7.61049, -6.5695)	(0.0349774, 0.535763)
41d23d8bc82f57b26b6896d5e2e947e8	-10.389913774999977	0.3559169028500009	0.28529625270251857	0.13218436444309672	(-10.9172, -9.87185)	(0.115662, 0.590693)
0021d135d4ac12982cc8abdf2b38e23f	-6.1529607949999905	-0.28360514459449937	0.4969374468618944	0.2360773021231423	(-6.98276, -5.12592)	(-0.717983, 0.165575)
e4c0082e2ab8c9772768fc29bb86caa3	-6.98107414499999	0.15774808887649971	0.1921031388524635	0.09235310609574039	(-7.33095, -6.59998)	(-0.014536, 0.334317)
46d8ab5615f60d7b522f3590976668be	-9.234723954999998	0.12493577590874987	0.19579879656041801	0.09228792413434951	(-9.61259, -8.90324)	(-0.0356546, 0.298425)
28bb502265419a0e86626d75a1183ce7	-9.581262339999999	0.6062412446999987	0.40023055087289955	0.19059221807875637	(-10.2984, -8.81072)	(0.265023, 0.973261)
ea3af29626a95b6c7b89d631bf1a739c	-5.986416595000004	0.29518732201999964	0.21116899934781164	0.10084324562566342	(-6.38832, -5.60612)	(0.107336, 0.477032)
94b000e59b7ac160b0416c9ab45ff0bf	-7.179131535000008	-0.1405603686354999	0.47453167358764786	0.22606540415305712	(-8.06966, -6.33797)	(-0.531066, 0.275798)
75878b49cacdd2ffdcea1186a43be92d	-7.755344715000003	-0.14077651917250003	0.24545402343477435	0.11700987075584975	(-8.23404, -7.30152)	(-0.360521, 0.0733328)
aea50462b44fe88301c739b72353e16f	-8.63852539	0.08649505903569994	0.2128703546493684	0.10131656324854227	(-9.03285, -8.23729)	(-0.114564, 0.26568)
2d575dfaf20c70d49b09be32a1492254	-9.117498929999996	0.14181268907249986	0.17056724174194487	0.07977246807328994	(-9.4394, -8.80932)	(-0.00975142, 0.284147)
b955f67a541a149dd3b179dc62d37a72	-7.889974009999991	0.020053319561484997	0.25622875158990227	0.12077518414634585	(-8.35503, -7.40396)	(-0.197068, 0.250029)
ad7bc2bb6e1ec90a9bc3c8949bce80d6	-5.948773334999989	-0.16043724825550004	0.40792009476688934	0.18587446602646754	(-6.75132, -5.21285)	(-0.505737, 0.176195)
8f1c11c7b732265cbfc1bb7dbd0241e7	-5.560725675000007	-0.058415610903500066	0.19495292105568537	0.0922365893556448	(-5.93347, -5.18638)	(-0.236822, 0.11823)
1fd31ccf4d6163405f70131e32d5065a	-7.6197595700000145	0.3243014343094994	0.43692596490025054	0.21063774177538508	(-8.46879, -6.81844)	(-0.0592252, 0.744816)
5093ad88995f6fe457c7fe96bb0ed33b	-6.240447105000009	0.11271460079035009	0.24340644063041741	0.11660267693686945	(-6.72496, -5.80175)	(-0.0996496, 0.33845)
f9b52205cb2d03153fd394a290212a10	-5.200098029999993	-0.01923938209949998	0.33246003170474386	0.15791864530338623	(-5.85004, -4.61327)	(-0.317331, 0.265776)
9d4e16844252e2dfbaf80a4a6fc4d55d	-8.885138249999995	-0.3005693906854049	0.3334736199373758	0.16111728022109226	(-9.53092, -8.3002)	(-0.569854, 0.0225522)
148c7eb0139bbc1b8c87dd31464742e4	-5.348608794999992	-0.1564646557739998	0.187179887430509	0.08855825595600678	(-5.70327, -4.99673)	(-0.325638, 0.00754416)
eea6b86c0c75e740670ccc50613b1b23	-3.2993442400000004	-0.027028722767860017	0.08763200590379294	0.04111547189623101	(-3.46107, -3.13913)	(-0.106574, 0.0463714)
3fe55dd5e59267f275e972017302459f	-6.408969335000004	0.07750093061549997	0.4635145244005931	0.21770138578922582	(-7.3263, -5.62575)	(-0.321406, 0.470929)
f11bd4248a2f95e53507c5bbf8dda43a	-6.467876249999992	-0.15526019083325016	0.22538729205555813	0.10679089509568056	(-6.84985, -6.0216)	(-0.340485, 0.0535213)
09a55cd0bdf9fa4929eab3f0ed841bf5	-9.765824014999975	0.3839593914899992	0.2928641545657813	0.13854057123472338	(-10.2916, -9.17171)	(0.127785, 0.647562)
bfb7bb16ab570748b3a5d099e9426af1	-7.918460884999998	-0.2297040767279995	0.1906543335328802	0.0911068033447782	(-8.27502, -7.57801)	(-0.391601, -0.054935)
ad52a0f6646c574417ce0b13b84acfa9	-3.578646485000001	-0.013283199615000029	0.2689949958982412	0.12772630430825696	(-4.07516, -3.06062)	(-0.261265, 0.218062)
180b74e94caf35fac5e1f0f4b7ad9d9f	-6.2630178400000025	-0.06363530109009996	0.12593685475441416	0.059667045992409115	(-6.49004, -6.03413)	(-0.175198, 0.0431078)
810926a593979f3574e3bbe7defd3559	-10.274146565000027	0.4057654773949999	0.3416135290917948	0.16196921107218826	(-10.9253, -9.63507)	(0.0903859, 0.702519)
5d62137a2d05df0be8d6b7e163a3ef08	-4.792336515000001	-0.18418941473399977	0.4364451120236139	0.20897153713285524	(-5.64559, -4.04419)	(-0.552941, 0.221102)
f9765bd9332162f70268554ab318197e	-7.334925845000006	0.19715457691199995	0.305048203473625	0.14427627976701035	(-7.95117, -6.80622)	(-0.0626371, 0.475614)
bc5b6cc17572b4fd6ebd80081410427e	-10.345737999999992	0.24910114959149984	0.2282857647377514	0.10638286593424799	(-10.7919, -9.9357)	(0.0442656, 0.444386)
a29679284280410db95e5cb8c0b2d73d	-8.660713224999993	-0.10188427179849992	0.3222738689869987	0.1532857379501928	(-9.29163, -8.08808)	(-0.385309, 0.194568)
1c86153e1b13ab5322c96f2602b73513	-5.301469044999999	-0.07993805005750011	0.45189611096482984	0.21481997406144057	(-6.08102, -4.39528)	(-0.462103, 0.330715)
fec0355651c9ad579f01f3e332311725	-7.088262825000011	0.004369672751650012	0.20165357850325757	0.09644625302715505	(-7.45697, -6.70741)	(-0.170671, 0.186578)
f10155af1849a17996f302d71b32398c	-9.17253350999999	0.4826558910600003	0.4841914219189351	0.22987453428424703	(-10.1172, -8.29232)	(0.086381, 0.94682)
0cc26190e976fc496119a5eb4cd0fee7	-9.831826825000002	-0.09467410969811997	0.2761366486750162	0.13065715098654207	(-10.3401, -9.32785)	(-0.334648, 0.141863)
9c25197937d1f54e2634026fbca6b55f	-7.899774855000007	0.41167526034080043	0.4644995409537876	0.2185916525725589	(-8.78555, -7.06047)	(0.0454582, 0.869133)
40ced57decad1424c32de76ae039c050	-9.795056954999993	0.1510327547615	0.23084890583361664	0.10861087467390367	(-10.2405, -9.38939)	(-0.0302801, 0.364875)
2ad31c7624bd7744a56a5ccac67ed01a	-8.740759399999998	0.04530246208710005	0.23510309440804902	0.1113745398743946	(-9.19753, -8.33028)	(-0.150623, 0.260658)
41df3b4c55182503ecd97c6dbe47966a	-7.119877645000009	0.20141221185349995	0.17801457320007238	0.08503691078503839	(-7.45362, -6.79767)	(0.0399754, 0.354028)
fea3411c847e6627afb5e78b88e2e9af	-4.3186192150000124	-0.6816531840000002	0.2631564833914105	0.12434448307918668	(-4.79129, -3.80158)	(-0.918875, -0.449409)
8bb5ff097e0707dca3fe5860af20f4a6	-7.2543743299999965	0.25735594256500005	0.19629245724212396	0.09384999210510998	(-7.61719, -6.90836)	(0.0928086, 0.433458)
bda6b6e7da7508c68057140e7bd6cd8d	-6.745613420000023	0.2519047493484997	0.2546393671426388	0.12110567994431659	(-7.21548, -6.26113)	(0.0294691, 0.488708)
1a5526b9f7147b6893f1a034a107cc65	-9.019646219999991	-0.4217918038500005	0.32653539282979993	0.15664958222131067	(-9.6422, -8.43005)	(-0.701925, -0.103704)
97f26830027d30dfbd60b54895af0660	-9.598289600000014	0.25841376783900016	0.2847298764166487	0.13470177893201052	(-10.1478, -9.06186)	(0.0173287, 0.524415)
d061a99148d649c4eca4836c5f4b5b68	-4.688276140000019	-0.001611117133000001	0.1311472989710439	0.06269773947229275	(-4.91547, -4.42501)	(-0.113833, 0.117672)
f9f5f08e8da4cc9740518223846563db	-8.91366494000001	0.213501074028	0.25024403132741513	0.11615808071352746	(-9.35284, -8.44991)	(0.00640584, 0.433235)
40c85a458df8d5a935122ba778d4f334	-4.8826493349999955	-0.2774661915099999	0.35399417419854207	0.16738566103001473	(-5.52565, -4.21555)	(-0.573786, 0.0419727)
7ebc04cb539befd9f2e7faa131628c66	-8.594413744999999	0.13393979610200005	0.26175153132489004	0.1248913133768903	(-9.06997, -8.08884)	(-0.100873, 0.361393)
f7ef98bb6d0061b9368a72b1ff40aad0	-8.06077036000001	-0.41207171819999944	0.3595295777684645	0.1693959621729981	(-8.71566, -7.39766)	(-0.70788, -0.0933248)
362b97b08074732371b6e76cd1a894e1	-8.057397539999988	0.4575898223299998	0.5011349318520393	0.23584197348408056	(-8.9612, -7.05852)	(0.0134572, 0.914308)
2fad39e365933a7f925040cb3c2a5ef8	-6.588661334999996	0.23398916429049998	0.3630760109436699	0.17305627233006998	(-7.27124, -5.89255)	(-0.0960203, 0.550641)
4c855814a58f4f324e8f0cfaab222e1f	-8.514465309999995	-0.1453675917489998	0.4242982139016188	0.1993082755666836	(-9.32559, -7.75898)	(-0.494221, 0.258556)
2f61368750bbc7603f01c928568e7ad3	-7.277862529999997	0.15015375514999965	0.16547248973530043	0.07785930526453591	(-7.56481, -6.95981)	(0.00136932, 0.282369)
599ba6458e91e2527f358f547ea39261	-3.907825379999995	-0.15964537982000013	0.1126822263409612	0.05334328076962135	(-4.1251, -3.70872)	(-0.265435, -0.0627999)
4b548f1f6fc22f32237396b7d4ffee6e	-7.469040105000009	-0.08157088880799988	0.15370052861340125	0.07310844512959487	(-7.78338, -7.20093)	(-0.216872, 0.058322)
eb3543a838a705addef1d704eda7cad3	-8.004613794999985	-0.01010883649605002	0.4797949480968387	0.2294278208505996	(-8.9099, -7.12023)	(-0.433481, 0.413767)
2281740c4ae82360612b5bc7e9538337	-6.646155064999987	0.08890190061465013	0.3047750345016727	0.14328308358927058	(-7.2153, -6.1048)	(-0.166326, 0.349576)
96936173022b85940115c9ea103505bd	-8.990729540000002	0.4093997909999997	0.23326595482964996	0.11010111419794226	(-9.4137, -8.56409)	(0.198695, 0.604986)
f45b62ab6ec22fb20364a7e05088158f	-8.541411399999994	0.6082889921500008	0.3554119146657014	0.16775841482802017	(-9.17906, -7.86821)	(0.308338, 0.924028)
c16907f7272c334959e9f980842194cf	-7.591239984999999	-0.2509005250699999	0.38439689292715384	0.18316312391283404	(-8.24155, -6.84719)	(-0.582396, 0.0896577)
266c2a374ca451985731e1e1b5961bd2	-9.367366024999983	0.4688229287999993	0.2738307293193175	0.12901414217401508	(-9.85755, -8.86764)	(0.223517, 0.690026)
2ad8a4ebf774763b765f4ab5b516ff21	-9.554972425000019	0.08346164757850003	0.3079490816826204	0.14617316222455645	(-10.1033, -8.9597)	(-0.197927, 0.337637)
f12011ad5219b22b6ca790103333a755	-9.070833554999991	-0.04595216516074999	0.19109193627626464	0.09168645479823306	(-9.41711, -8.70805)	(-0.213943, 0.12852)
b9fefd4224e459a6a0d21db63b1c0d03	-8.501358620000012	-0.21201669942944998	0.3686967359327928	0.1755266564702162	(-9.22526, -7.82243)	(-0.546605, 0.112327)
0cc2420a6a4698f8bf664d50b17d26b4	-5.910097050000019	-0.13926575390499993	0.21589563083234808	0.10325665344983838	(-6.28023, -5.45661)	(-0.341659, 0.0505624)
33f9226b33e1f59f71edc044bb947764	-4.16862951	-0.0710286148211002	0.35003861765790956	0.1652031687700959	(-4.74071, -3.42843)	(-0.403704, 0.209242)
b4ef8e75d847b17325effd2f3873cc9c	-7.543985344999994	0.06154440765595	0.3770291849203201	0.17935401204730092	(-8.19154, -6.8175)	(-0.264818, 0.379814)
8ffd2b3caa54b2922e98a0d5aab5adde	-6.803279254999986	-0.095310896208	0.3379464427725126	0.16210767024320225	(-7.42526, -6.16264)	(-0.399484, 0.210434)
42608e863ede290f764f14c074e8e4fb	-9.079778280000001	0.036500275715500075	0.2576317669429405	0.12318939094128037	(-9.52395, -8.56703)	(-0.203371, 0.251506)
2a8a90cd5770804a5f23f425004de7e5	-6.5416237699999975	0.11553967104229979	0.5057233144680864	0.23996624638311595	(-7.48852, -5.61551)	(-0.3617, 0.537603)
f19fa34c0c987ab3bd8aa42d8a4d21ec	-9.33021250500001	0.19163189012599963	0.27748501306624646	0.1314464206598053	(-9.84691, -8.79425)	(-0.0568866, 0.445379)
340a5698fe78713b785c3bcce89df73b	-8.559036555	0.02148102146550004	0.2551017967952832	0.12103528988162386	(-9.00217, -8.05414)	(-0.212476, 0.236982)
376917760e5aa918592416e980809536	-5.781916440000002	-0.081831597682	0.42940619740465613	0.20367003054473923	(-6.62994, -4.98037)	(-0.446587, 0.342075)
589c1370b3324a2d6cff6d1ff85341d1	-8.041456114999992	0.14751909595349968	0.40902536753404056	0.19484001234563836	(-8.78089, -7.25594)	(-0.229535, 0.497738)
e5a43b018c81cedd19e9a5354d32d469	-7.049623259999993	0.3029599614094006	0.3348232550337154	0.16076455503044995	(-7.65453, -6.41328)	(0.0103666, 0.598816)
f4dfb45b33372cdc0dc2fd20c0d0b448	-9.50986825500002	0.6160422133650013	0.5170829992980864	0.2463976279092296	(-10.5165, -8.53647)	(0.118906, 1.05853)
e1b3393309a8b247e0c358c26176d13c	-6.752246105000011	0.020286847037999992	0.1561142444995939	0.07382154153724768	(-7.05665, -6.46619)	(-0.128021, 0.152048)
b47757a69204f053308f7f5f0022edab	-8.696272789999991	0.47178662829999957	0.318850271503908	0.15195797261235264	(-9.26715, -8.07396)	(0.203261, 0.765671)
03569e3fd843f501355f7853b0ec9361	-6.558193959999989	0.13316411375900028	0.2633585003033288	0.12483351583430065	(-7.01314, -6.04827)	(-0.0957644, 0.358321)
25e04b2be57def00437d44ab461e8773	-9.222722735000007	0.6446592044000015	0.44205556525619005	0.2112859323341774	(-10.048, -8.37134)	(0.23709, 1.03844)
4d04d759f5a6615dac43060726239891	-6.014534534999975	0.33866062439000005	0.2138524648966754	0.10220101900453084	(-6.40804, -5.62654)	(0.151813, 0.53505)
237135dc8b20f922cabee934f7d410a1	-6.582805515000011	-0.004737897007350005	0.27785451829803787	0.13204592120864156	(-7.09278, -6.07632)	(-0.257093, 0.233979)
9dd9cefe38347b087dd318d82962cc03	-6.124560004999985	0.17077203507795005	0.2297499069158682	0.10896039466436154	(-6.54025, -5.69175)	(-0.0231472, 0.386073)
c764eda12e92f19526c7e5a78a38c615	-10.508657125000001	0.3049373925350002	0.3080009259133551	0.14449254232222605	(-11.0802, -9.93004)	(0.0589649, 0.596803)
6fc765c81c8b663cedcd799094894748	-9.684456840000026	0.46281570578000036	0.39984713467038174	0.18906532189105957	(-10.4313, -8.96399)	(0.0980434, 0.803286)
1a389bf765c8ff0f92600f684fbe7ad7	-6.320871040000001	0.2156883989275002	0.242518778316687	0.1144775981238038	(-6.77275, -5.84812)	(-0.00879623, 0.435043)
b0645cbec7653c887cb868a248d95874	-3.8500589799999982	0.028436941164849974	0.1622998895919515	0.07706799492343056	(-4.14207, -3.54387)	(-0.120062, 0.168497)
d6c46ad81c01997055a3b713c0d5ee1b	-7.198173905000004	0.37838021977499997	0.3667298517909347	0.17436783959304678	(-7.87841, -6.53597)	(0.0645803, 0.696788)
fe2a1f2b6f247658881254d63fd68b74	-5.108493644999993	-0.45796627588499933	0.3848963165581923	0.18441243082758804	(-5.82218, -4.37819)	(-0.784573, -0.0969861)
89aabf43d24dd5bd0fd0f5aca189d341	-5.066895100000009	-0.10337946764500013	0.08560386588460825	0.04067611806345273	(-5.22442, -4.90948)	(-0.183015, -0.0323)
2ae8a432208b85a14e86eb821c86ce2b	-4.474889634999999	0.08418355495749998	0.16181688523302146	0.07696278116941176	(-4.78372, -4.18216)	(-0.0485693, 0.236526)
f596fa835cdfdb22d6494b012f61fff2	-5.978715555000007	0.14988963511589978	0.1931364573320944	0.09167253736506527	(-6.3188, -5.60286)	(-0.0235323, 0.31405)
f7895578be91c3e9c71c7b89e3e798db	-9.469688525000011	0.2822010851135846	0.39771179612474933	0.18757162271688285	(-10.1803, -8.68336)	(-0.0893094, 0.617932)
8b40296c81e6ffbc10306d4a2ccab530	-9.932082424999985	0.247111244265	0.1857531854503964	0.08655614306805076	(-10.2828, -9.61033)	(0.0781517, 0.400728)
40a6b537d995aeb12b0100e2cb6ad879	-6.9430504950000005	-0.08239567794080022	0.25759305067917687	0.12360695259401054	(-7.38823, -6.44471)	(-0.318873, 0.131926)
9ac5fec396208e598ab2e2d26985d0df	-8.11144706	-0.010600823427300015	0.13993469549563614	0.06666322127853354	(-8.36727, -7.84258)	(-0.144402, 0.106584)
19cb3add28813b2bf3e1f40a000d33c2	-4.025949544999996	-0.1917408790413496	0.23115470543132569	0.1106223779714855	(-4.43777, -3.58448)	(-0.398549, 0.00511318)
686d42b9552375c3b61301ae5605e3a2	-7.311737300000013	0.39112143815979994	0.42287262118835495	0.20171251709618193	(-8.12464, -6.52428)	(0.0173533, 0.780947)
51625f89e7332f46ab0641e10cede6ea	-7.68173925999998	0.12094658629949992	0.39145095914539824	0.18554608488762936	(-8.3936, -6.92798)	(-0.233313, 0.449502)
ddd87ec4b9d332c2d8c02f5d1b08dbb4	-7.573124960000011	0.05903421449450001	0.1711208605182268	0.08146859443279762	(-7.89896, -7.26431)	(-0.093938, 0.210695)
588a23811b3e98af68f4f0fb24a0daa8	-5.800032375	0.1588209383264999	0.22597636170783306	0.10679263133225994	(-6.20025, -5.35596)	(-0.0559645, 0.34176)
7c82a2ef7685c5c6dc3080f56033cee9	-9.100195134999986	0.09006314260549987	0.39211377664369546	0.1856908396072194	(-9.81085, -8.3856)	(-0.235616, 0.45149)
b835514e2678e3c7ba13bfe0a0d79bb4	-9.26195244499999	0.3421226162050001	0.3485299221070865	0.16496337525628071	(-9.91898, -8.62161)	(0.0299857, 0.650561)
c162a4f3943238810eba8a25f0563cca	-5.16061113	-0.056522249928300065	0.14868062971760337	0.07045536369173035	(-5.45903, -4.89976)	(-0.183062, 0.0846661)
5b00db3216a94bcd5c4842499bf6bf6e	-8.566936639999996	0.2941004087050005	0.21199635615267162	0.10035447150546775	(-8.96436, -8.17614)	(0.101119, 0.473348)
beef5a54aaee13f217ecede427cb3071	-8.254382275	0.3100577660235	0.42535338287954677	0.20213124575587635	(-9.01243, -7.40394)	(-0.0484896, 0.709191)
f7686a74ca2d3729eb66305e8a26309b	-3.675434559999991	-0.027912085048929978	0.09374212724493933	0.04429435972649231	(-3.85186, -3.50442)	(-0.108355, 0.0573156)
5ca5ea401c8d3569e69626d2f81d5578	-6.135052705000004	0.07695450478849994	0.42713091771005446	0.20555403339762593	(-6.90017, -5.31032)	(-0.289873, 0.471585)
b6d740387526e21887b761f90fbc914a	-7.469784809999994	-0.4993938762150005	0.31267590633156234	0.14855902743739	(-8.0872, -6.93621)	(-0.765002, -0.218486)
5e69d50b5a886d1b222f36de84a9dc98	-8.51373359999999	-0.35650276115619967	0.3506121773440563	0.1671899106686865	(-9.15524, -7.85054)	(-0.678357, -0.0553293)
208c8722c4dd18b60b2b2684272ff26c	-9.399247385000013	0.4805752926599991	0.44960056165491147	0.21461482396571693	(-10.3417, -8.65018)	(0.106328, 0.899143)
95fb1be2ae50b6d347649ea76c2a1874	-9.597849984999991	0.2802530037450001	0.2944450745048218	0.14036174690508607	(-10.1289, -9.04429)	(0.0093517, 0.525711)
ea2b0e4a93c24c6c3661cbe347f93b74	-4.468914349999994	0.045345947482300024	0.1422332344474298	0.06806447672567707	(-4.76167, -4.20967)	(-0.0913153, 0.17001)
04b5dd98584b9ead93ed64c586994296	-8.249431704999996	0.24550129799000003	0.23298291273212074	0.10995966863525164	(-8.69403, -7.84831)	(0.0509736, 0.449018)
ec6c9ea52e88226c339487585ea02f42	-5.674839454999999	0.08734152483309983	0.2568448054906951	0.12195303315029629	(-6.12497, -5.20354)	(-0.122038, 0.314822)
4ce0afbaae4138f34580aa9f62b7a0fd	-9.015221309999989	0.27991840161550013	0.3242921170754601	0.15382252800102297	(-9.62378, -8.41129)	(-0.0111876, 0.567629)
f655279fdb3e9fe733677c83df662486	-9.470556745	0.40665697614999935	0.21990720675129072	0.10396365167534395	(-9.87971, -9.05134)	(0.218921, 0.613654)
