	Feature	Intercept_mean	potassium_eaten_mean	Intercept_std	potassium_eaten_std	Intercept_hdi	potassium_eaten_hdi	lower	upper	credible	Taxon
0	74923f4bbde849e27fc4eda25d757e2a	-6.572279905000002	-0.9728369620000006	0.351651010957513	0.1674243558761254	(-7.23638, -5.9277)	(-1.29297, -0.658978)	0.32013303799999937	0.31385896200000063	yes	d__Bacteria; p__Bacillota_I; c__Bacilli_A; o__Erysipelotrichales; f__Erysipelotrichaceae; g__Clostridium_AQ; s__Clostridium_AQ innocuum
1	fea3411c847e6627afb5e78b88e2e9af	-4.292198065000003	-0.6916499425000004	0.2732824527671064	0.1272474925623336	(-4.80183, -3.79403)	(-0.91131, -0.430204)	0.2196600574999995	0.26144594250000047	yes	d__Bacteria; p__Bacillota_A_368345; c__Clostridia_258483; o__Lachnospirales; f__Lachnospiraceae; g__Mediterraneibacter_A_155507; s__Mediterraneibacter_A_155507 torques
2	c5e3c5422835403541b0af331a2cc649	-7.2146688950000115	-0.6832054475000013	0.3959374553695686	0.1884499223031224	(-7.93644, -6.50949)	(-1.02702, -0.348002)	0.3438145524999987	0.33520344750000136	yes	d__Bacteria; p__Bacillota_A_368345; c__Clostridia_258483; o__Oscillospirales; f__Acutalibacteraceae; g__Acutalibacter; s__
3	514b34f09e4acd2397d38273c630d338	-7.387167455000002	-0.5786564893000002	0.3536536982717317	0.168461277346483	(-8.04849, -6.73676)	(-0.901288, -0.264713)	0.32263151069999974	0.31394348930000027	yes	d__Bacteria; p__Bacillota_A_368345; c__Clostridia_258483; o__Christensenellales; f__Aristaeellaceae; g__Limiplasma; s__Limiplasma merdipullorum
4	04195686f2b70585790ec75320de0d6f	-4.764475430000004	-0.5678715704999996	0.2925887351481856	0.1365278740547074	(-5.33732, -4.23056)	(-0.833106, -0.321914)	0.2652344295000004	0.2459575704999996	yes	d__Bacteria; p__Pseudomonadota; c__Gammaproteobacteria; o__Enterobacterales_737866; f__Enterobacteriaceae_A_725029; g__Escherichia; s__Escherichia fergusonii
5	9099a7f671b923c7b07c12508f17270a	-7.032798890000006	-0.5371369359999989	0.2496527476084888	0.119317492667391	(-7.50398, -6.59041)	(-0.751993, -0.307122)	0.21485606400000112	0.2300149359999989	yes	d__Bacteria; p__Bacillota_A_368345; c__Clostridia_258483; o__Oscillospirales; f__Acutalibacteraceae; g__Clostridium_A_51961; s__Clostridium_A_51961 leptum
6	b6d740387526e21887b761f90fbc914a	-7.452271160000002	-0.5059915971500002	0.3166640630730844	0.1513684691980172	(-8.07039, -6.90297)	(-0.774926, -0.217642)	0.2689344028499998	0.2883495971500002	yes	d__Bacteria; p__Bacillota_A_368345; c__Clostridia_258483; o__Lachnospirales; f__Lachnospiraceae; g__Mediterraneibacter_A_155507; s__Mediterraneibacter_A_155507 torques
7	370829fece3190f1a8efccf50b7d0921	-6.738905930000012	-0.4644637744999999	0.2039091520239713	0.0970089029943883	(-7.13709, -6.35856)	(-0.652245, -0.281742)	0.18778122550000004	0.18272177449999993	yes	d__Bacteria; p__Bacillota_A_368345; c__Clostridia_258483; o__Oscillospirales; f__Oscillospiraceae_88309; g__Lawsonibacter; s__
8	7efeb75fc542932a033b37b887994dc8	-7.362526065000002	-0.4538786112249998	0.4035167392713291	0.1912222059209208	(-8.09914, -6.63633)	(-0.807106, -0.100858)	0.3532273887750002	0.3530206112249998	yes	d__Bacteria; p__Bacillota_A_368345; c__Clostridia_258483; o__Christensenellales; f__Aristaeellaceae; g__SFMI01; s__
9	fe2a1f2b6f247658881254d63fd68b74	-5.134810559999986	-0.4466798026565	0.4221738292181151	0.2012230713573441	(-5.86091, -4.2803)	(-0.818718, -0.0634296)	0.37203819734349997	0.3832502026565	yes	d__Bacteria; p__Bacillota_A_368345; c__Clostridia_258483; o__Lachnospirales; f__Lachnospiraceae; g__Mediterraneibacter_A_155507; s__Mediterraneibacter_A_155507 faecis
10	f7ef98bb6d0061b9368a72b1ff40aad0	-8.013068799999992	-0.4308129050650003	0.3867900570381302	0.1830780776798684	(-8.71707, -7.27899)	(-0.775302, -0.0731181)	0.34448909493499974	0.3576948050650003	yes	d__Bacteria; p__Bacillota_A_368345; c__Clostridia_258483; o__Oscillospirales; f__Oscillospiraceae_88309; g__Lawsonibacter; s__Lawsonibacter sp000177015
11	1a5526b9f7147b6893f1a034a107cc65	-9.005195030000008	-0.4286432427999997	0.3282495000509509	0.1584251526427797	(-9.59996, -8.39983)	(-0.704159, -0.126846)	0.27551575720000027	0.30179724279999975	yes	d__Bacteria; p__Bacillota_A_368345; c__Clostridia_258483; o__Oscillospirales; f__Acutalibacteraceae; g__Anaeromassilibacillus; s__Anaeromassilibacillus sp001305115
12	2ab8310e1e510f8045c7f4d191fa36be	-8.228710169999996	-0.4186649542000003	0.397129544979936	0.1883460664684385	(-8.99743, -7.50659)	(-0.743454, -0.0305171)	0.3247890457999996	0.3881478542000003	yes	d__Bacteria; p__Bacillota_A_368345; c__Clostridia_258483; o__Lachnospirales; f__Lachnospiraceae; g__Limivivens; s__Limivivens sp900066135
13	a167e4d4418792dcaba877443ed0e66d	-7.798870905000008	-0.4013657252899995	0.3555413211779062	0.1686788901224354	(-8.49138, -7.16631)	(-0.71799, -0.0886227)	0.31662427471000054	0.3127430252899995	yes	d__Bacteria; p__Bacteroidota; c__Bacteroidia; o__Bacteroidales; f__Marinifilaceae; g__Butyricimonas; s__Butyricimonas faecihominis
16	5e69d50b5a886d1b222f36de84a9dc98	-8.462950035000004	-0.3775982888749999	0.3391702235200622	0.1612186196819182	(-9.08485, -7.83067)	(-0.675167, -0.084843)	0.29756871112500005	0.2927552888749999	yes	d__Bacteria; p__Bacillota_A_368345; c__Clostridia_258483; o__Lachnospirales; f__Lachnospiraceae; g__Roseburia_A_166204; s__Roseburia_A_166204 intestinalis
19	e2c3ff4f647112723741aa72087f1bfa	-2.586305100000005	-0.3579388376499992	0.1845387908578843	0.0881617647907802	(-2.91787, -2.2384)	(-0.524071, -0.201805)	0.16613216235000078	0.15613383764999916	yes	d__Bacteria; p__Actinomycetota; c__Actinomycetes; o__Actinomycetales; f__Bifidobacteriaceae; g__Bifidobacterium_388775; s__Bifidobacterium breve
20	457d3865cf0a4bc602a07d8d5324388f	-7.935333314999985	-0.3535442783960999	0.3322787185870633	0.1554000679080917	(-8.60629, -7.36193)	(-0.671461, -0.0846484)	0.31791672160390005	0.2688958783960999	yes	d__Bacteria; p__Bacillota_A_368345; c__Clostridia_258483; o__Lachnospirales; f__Lachnospiraceae; g__Alitiscatomonas; s__Alitiscatomonas aceti
21	29bb5fa7f45e47bbabab8cc1b1b3d18e	-8.113717119999988	-0.3465586119414999	0.3358351652729438	0.1586869273290319	(-8.81851, -7.53951)	(-0.628921, -0.0283557)	0.28236238805850006	0.3182029119414999	yes	d__Bacteria; p__Bacillota_C; c__Negativicutes; o__Veillonellales; f__Veillonellaceae; g__Veillonella_A; s__Veillonella_A parvula
24	9d4e16844252e2dfbaf80a4a6fc4d55d	-8.877305474999993	-0.3058807653829995	0.3440704586878602	0.1646834180653207	(-9.5094, -8.21283)	(-0.619183, -0.00114177)	0.3133022346170005	0.30473899538299953	yes	d__Bacteria; p__Bacillota_I; c__Bacilli_A; o__Staphylococcales; f__Gemellaceae; g__Gemella; s__Gemella taiwanensis
26	481e48328fe7a9837c7233de8f60fc23	-8.57310678000001	-0.2974237724060006	0.2739552423218651	0.1312722924772101	(-9.09498, -8.06415)	(-0.537921, -0.0442805)	0.24049722759399939	0.2531432724060006	yes	d__Bacteria; p__Bacillota_A_368345; c__Clostridia_258483; o__Peptostreptococcales; f__Anaerovoracaceae; g__Hominibacterium; s__Hominibacterium faecale
28	c82032c40c98975f71892e4be561c87a	-6.46674044499999	-0.2844223033499999	0.1492235456067571	0.0702384564495582	(-6.7571, -6.20827)	(-0.412136, -0.155715)	0.1277136966500001	0.1287073033499999	yes	d__Bacteria; p__Bacillota_A_368345; c__Clostridia_258483; o__Oscillospirales; f__Oscillospiraceae_88309; g__Dysosmobacter; s__Dysosmobacter welbionis
29	2a7f11895ae7fe9fdffa52016207c561	-5.432059845	-0.2807665544600001	0.2293387663665391	0.1091989596644496	(-5.82767, -4.97312)	(-0.501303, -0.0897584)	0.22053644553999996	0.19100815446000008	yes	d__Bacteria; p__Actinomycetota; c__Actinomycetes; o__Actinomycetales; f__Bifidobacteriaceae; g__Bifidobacterium_388775; s__Bifidobacterium breve
31	399bcf0feb12a20ca0731d8d65268dae	-5.761314535000006	-0.2646738187417005	0.2436994397165979	0.114906623137198	(-6.18297, -5.28581)	(-0.47462, -0.0506584)	0.2099461812582995	0.2140154187417005	yes	d__Bacteria; p__Bacillota_A_368345; c__Clostridia_258483; o__Oscillospirales; f__Oscillospiraceae_88309; g__Vescimonas; s__Vescimonas fastidiosa
34	c942f59feffce9c3ab527135de234101	-4.748090544999999	-0.2384591645400003	0.2014189531974409	0.0953867642177298	(-5.1445, -4.38312)	(-0.414608, -0.062395)	0.17614883545999968	0.1760641645400003	yes	d__Bacteria; p__Bacillota_A_368345; c__Clostridia_258483; o__Lachnospirales; f__Lachnospiraceae; g__Roseburia_A_166204; s__Roseburia_A_166204 inulinivorans
35	bfb7bb16ab570748b3a5d099e9426af1	-7.922755425000002	-0.2282771923500001	0.1930076610821948	0.0919659933270623	(-8.26833, -7.54516)	(-0.4054, -0.0650091)	0.17712280764999988	0.16326809235000012	yes	d__Bacteria; p__Bacillota_A_368345; c__Clostridia_258483; o__Oscillospirales; f__Ruminococcaceae; g__Merdimmobilis; s__
51	148c7eb0139bbc1b8c87dd31464742e4	-5.328020464999999	-0.1670019615365	0.1865512374015079	0.0880316603448277	(-5.68139, -4.99943)	(-0.334606, -0.00874801)	0.16760403846350003	0.1582539515365	yes	d__Bacteria; p__Bacillota_A_368345; c__Clostridia_258483; o__Lachnospirales; f__Lachnospiraceae; g__Eubacterium_G_180878; s__Eubacterium_G_180878 ventriosum
54	599ba6458e91e2527f358f547ea39261	-3.915631945000003	-0.155997370221	0.1223553451323929	0.0582123397700582	(-4.15155, -3.6779)	(-0.270953, -0.0454126)	0.11495562977900001	0.110584770221	yes	d__Bacteria; p__Bacillota_A_368345; c__Clostridia_258483; o__Lachnospirales; f__Lachnospiraceae; g__Blautia_A_141781; s__Blautia_A_141781 obeum
69	79280cea51a6fe8a3432b2f266dd34db	-3.423975555000001	-0.1149250093678999	0.1088044334119339	0.0515233923644349	(-3.62841, -3.2346)	(-0.209139, -0.019012)	0.09421399063210009	0.0959130093678999	yes	d__Bacteria; p__Bacillota_A_368345; c__Clostridia_258483; o__Oscillospirales; f__Ruminococcaceae; g__Faecalibacterium; s__Faecalibacterium duncaniae
75	89aabf43d24dd5bd0fd0f5aca189d341	-5.055789800000003	-0.1079471126360001	0.0909175258652587	0.04301077330994	(-5.23397, -4.89839)	(-0.18536, -0.024251)	0.0774128873639999	0.0836961126360001	yes	d__Bacteria; p__Bacillota_A_368345; c__Clostridia_258483; o__Lachnospirales; f__Lachnospiraceae; g__Dorea_A; s__Dorea_A formicigenerans
80	2b982979f2401a8bc447d7141879e9b2	-3.672557104999998	-0.0987648326240001	0.1033561981182984	0.0483861056869919	(-3.8555, -3.46536)	(-0.188928, -0.00616299)	0.09016316737599991	0.09260184262400009	yes	d__Bacteria; p__Bacillota_A_368345; c__Clostridia_258483; o__Lachnospirales; f__Lachnospiraceae; g__Dorea_A; s__Dorea_A longicatena
205	de6891b6f7a1f35bd9ccbc058b9e1a77	-6.765299565000004	0.093754198625	0.1005381436921369	0.04772421263748	(-6.95411, -6.58174)	(0.00651698, 0.181243)	0.08723721862499999	0.087488801375	yes	d__Bacteria; p__Bacillota_A_368345; c__Clostridia_258483; o__Lachnospirales; f__Lachnospiraceae; g__Lachnoclostridium_B; s__Lachnoclostridium_B ammoniilytica
216	9f4d14b114e7499772a797790d81c1db	-5.203649840000002	0.113853912595	0.1211792555777365	0.0570336993404133	(-5.45439, -4.99685)	(0.00755234, 0.223433)	0.10630157259499999	0.109579087405	yes	d__Bacteria; p__Bacillota_A_368345; c__Clostridia_258483; o__Lachnospirales; f__Lachnospiraceae; g__Coprococcus_A_187866; s__Coprococcus_A_187866 catus_A
241	4c2189b6b5ced3cb80093414e9449de9	-6.245655420000009	0.1451090127702497	0.1406871161308797	0.0660023608378655	(-6.49532, -5.97)	(0.0163385, 0.265292)	0.1287705127702497	0.12018298722975027	yes	d__Bacteria; p__Bacillota_A_368345; c__Clostridia_258483; o__Oscillospirales; f__Butyricicoccaceae; g__Agathobaculum; s__Agathobaculum butyriciproducens
247	2d575dfaf20c70d49b09be32a1492254	-9.136346804999995	0.1506203042811	0.1789739637917817	0.0849471313178185	(-9.48227, -8.81279)	(0.000690455, 0.317117)	0.14992984928109998	0.1664966957189	yes	d__Bacteria; p__Bacillota_A_368345; c__Clostridia_258483; o__Lachnospirales; f__Lachnospiraceae; g__Clostridium_R_135822; s__Clostridium_R_135822 fessum
249	cc968157f7691aab95df444e8cd103e2	-5.6584425750000005	0.1552329252256498	0.1261499251534434	0.0598576199842873	(-5.88956, -5.42841)	(0.0499025, 0.268017)	0.1053304252256498	0.11278407477435021	yes	d__Bacteria; p__Bacillota_A_368345; c__Clostridia_258483; o__UBA1381; f__UBA1381; g__Hominilimicola; s__Hominilimicola sp001941225
252	2f61368750bbc7603f01c928568e7ad3	-7.287976890000008	0.1556197784924998	0.1705376967585992	0.0798135023249062	(-7.59505, -6.96678)	(0.00733583, 0.299154)	0.14828394849249982	0.14353422150750017	yes	d__Bacteria; p__Bacillota_A_368345; c__Clostridia_258483; o__Lachnospirales; f__Lachnospiraceae; g__Blautia_A_141781; s__Blautia_A_141781 obeum
257	d2cccbadb958c9c6547274fa10531f74	-7.432276699999983	0.1748715546754994	0.201761534261142	0.095509333648868	(-7.80675, -7.04026)	(0.000325623, 0.364799)	0.1745459316754994	0.1899274453245006	yes	d__Bacteria; p__Bacillota_A_368345; c__Clostridia_258483; o__Peptostreptococcales; f__Peptostreptococcaceae_256921; g__Romboutsia_B; s__Romboutsia_B maritimum
261	1600415004247da005dd77bd44c633d9	-8.388760395000016	0.1847549381745002	0.1644666048390796	0.07764161820106	(-8.69218, -8.07593)	(0.041374, 0.33337)	0.1433809381745002	0.1486150618254998	yes	d__Bacteria; p__Bacillota_A_368345; c__Clostridia_258483; o__UBA1381; f__UBA1381; g__Hominilimicola; s__Hominilimicola sp001941225
262	bad4f7c5ada34a1f813946abcfe5c556	-5.075308300000002	0.1854409163400002	0.1475817928594511	0.0697627784828381	(-5.34732, -4.80047)	(0.0552733, 0.313281)	0.1301676163400002	0.12784008365999977	yes	d__Bacteria; p__Bacillota_A_368345; c__Clostridia_258483; o__Lachnospirales; f__Lachnospiraceae; g__; s__
265	ef1616938612ecae94c31842853cb904	-9.249426165000004	0.1910980986964999	0.1826538142444409	0.0866994318706616	(-9.59968, -8.92672)	(0.0334692, 0.362144)	0.1576288986964999	0.17104590130350011	yes	d__Bacteria; p__Bacillota_A_368345; c__Clostridia_258483; o__Lachnospirales; f__Lachnospiraceae; g__Lientehia; s__Lientehia sp902363445
267	c1365ec008032ee718dcafaf5ac17adb	-7.377867500000006	0.1965547487854999	0.1852173930600203	0.0885929025746072	(-7.71782, -7.03435)	(0.0334853, 0.361318)	0.1630694487854999	0.16476325121450008	yes	d__Bacteria; p__Bacteroidota; c__Bacteroidia; o__Bacteroidales; f__Rikenellaceae; g__Alistipes_A_871400; s__Alistipes_A_871400 communis
270	41df3b4c55182503ecd97c6dbe47966a	-7.126970675000008	0.2037865202834996	0.1855456238193031	0.0876112504960839	(-7.48083, -6.78979)	(0.0459642, 0.371945)	0.15782232028349963	0.16815847971650041	yes	d__Bacteria; p__Bacillota_A_368345; c__Clostridia_258483; o__Lachnospirales; f__Lachnospiraceae; g__Alitiscatomonas; s__Alitiscatomonas sp900066535
271	624d0040eafc828499b5009791d96b85	-9.399344705000006	0.2040885077835004	0.209329844886755	0.0982059586849131	(-9.76755, -8.99177)	(0.0172978, 0.38662)	0.1867907077835004	0.1825314922164996	yes	d__Bacteria; p__Bacillota_A_368345; c__Clostridia_258483; o__Christensenellales; f__Aristaeellaceae; g__Onthenecus; s__
273	8a9f7499cdb85b8efa497bb56256cb43	-6.84271220000001	0.2076525319499997	0.1339542224689465	0.0632654672485086	(-7.09879, -6.60086)	(0.0869015, 0.32061)	0.12075103194999968	0.11295746805000031	yes	d__Bacteria; p__Bacillota_A_368345; c__Clostridia_258483; o__Lachnospirales; f__Lachnospiraceae; g__Brotaphodocola; s__Brotaphodocola sp003481825
276	db093685d2f3295cfa4da0a44d3d9ad0	-8.49536066	0.2123685352114998	0.2137806315882347	0.1011653856205922	(-8.90058, -8.11184)	(0.0251448, 0.396746)	0.1872237352114998	0.1843774647885002	yes	d__Bacteria; p__Bacillota_A_368345; c__Clostridia_258483; o__Lachnospirales; f__Lachnospiraceae; g__Anaerostipes; s__Anaerostipes hadrus
278	b9024a1f377b62508864cfea59b16a31	-8.074473865	0.2153781010049998	0.1814889419841103	0.0856655138988583	(-8.4032, -7.7447)	(0.0534308, 0.36887)	0.1619473010049998	0.15349189899500018	yes	d__Bacteria; p__Bacillota_A_368345; c__Clostridia_258483; o__Lachnospirales; f__Lachnospiraceae; g__Porcincola; s__
283	f9b9b7db378357774e672fe5ba242b12	-10.37190304	0.2206409591814996	0.2600986786718808	0.123178789673734	(-10.8533, -9.8966)	(0.00415174, 0.458774)	0.2164892191814996	0.23813304081850042	yes	d__Bacteria; p__Bacillota_A_368345; c__Clostridia_258483; o__Lachnospirales; f__Lachnospiraceae; g__Blautia_A_141781; s__
285	be7fc30c58dc772f88007fdefcf21a96	-8.376251455000013	0.2215468658014999	0.211979057984823	0.1005117331287232	(-8.78592, -7.98507)	(0.0357557, 0.415586)	0.1857911658014999	0.1940391341985001	yes	d__Bacteria; p__Bacillota_A_368345; c__Clostridia_258483; o__Oscillospirales; f__Oscillospiraceae_88309; g__Hominicoprocola; s__Hominicoprocola fusiformis
286	a8d23fd98a311df2db65e5842634aba3	-7.709574650000012	0.2231692481199999	0.1675420192348103	0.0797950182085683	(-8.02557, -7.38739)	(0.0707075, 0.372218)	0.1524617481199999	0.14904875188000008	yes	d__Bacteria; p__Bacillota_A_368345; c__Clostridia_258483; o__Lachnospirales; f__Lachnospiraceae; g__Anaerobutyricum; s__Anaerobutyricum hallii
288	1fa555f9a74d47a6ca7a65a347bc885f	-6.402120320000004	0.2272535758135	0.1969838849383308	0.0936305969447463	(-6.7474, -6.01455)	(0.0274423, 0.376982)	0.1998112758135	0.14972842418649998	yes	d__Bacteria; p__Bacillota_A_368345; c__Clostridia_258483; o__Oscillospirales; f__Oscillospiraceae_88309; g__Dysosmobacter; s__Dysosmobacter sp000403435
349	41d23d8bc82f57b26b6896d5e2e947e8	-10.403616629999997	0.3610395824499997	0.2560556086248515	0.1197850672022715	(-10.904, -9.93401)	(0.133225, 0.583974)	0.22781458244999966	0.22293441755000032	yes	d__Bacteria; p__Bacteroidota; c__Bacteroidia; o__Bacteroidales; f__Rikenellaceae; g__Alistipes_A_871400; s__Alistipes_A_871400 communis
350	25f9cac7332bfbe3973f03bae0ee15cc	-10.243301435000024	0.3611301005999994	0.2775811251805332	0.1302368029973987	(-10.7675, -9.74248)	(0.121503, 0.59814)	0.2396271005999994	0.2370098994000006	yes	d__Bacteria; p__Bacillota_A_368345; c__Clostridia_258483; o__Oscillospirales; f__Butyricicoccaceae; g__Agathobaculum; s__Agathobaculum butyriciproducens
351	ae171d16e3cb68ad19636a58839a1ef1	-9.704607074999997	0.3612279507330002	0.3705704390378358	0.1765379938077327	(-10.3705, -8.98777)	(0.0244737, 0.667522)	0.3367542507330002	0.30629404926699977	yes	d__Bacteria; p__Bacillota_A_368345; c__Clostridia_258483; o__Peptostreptococcales; f__Peptostreptococcaceae_256921; g__Terrisporobacter; s__
352	77f4d90aa6eb8080927f59ee8bbac375	-9.956664650000016	0.375142909500001	0.1885186486787912	0.0878850059839692	(-10.3254, -9.62507)	(0.219008, 0.546185)	0.156134909500001	0.17104209049999902	yes	d__Bacteria; p__Bacillota_A_368345; c__Clostridia_258483; o__Lachnospirales; f__Lachnospiraceae; g__Brotaphodocola; s__Brotaphodocola sp003481825
353	3e15d94435169ddada1e508dd8b83a55	-8.854763019999984	0.3776234988199993	0.2732717505588157	0.1304059355760169	(-9.36176, -8.36296)	(0.143057, 0.621153)	0.2345664988199993	0.24352950118000066	yes	d__Bacteria; p__Bacillota_A_368345; c__Clostridia_258483; o__Lachnospirales; f__Lachnospiraceae; g__Acetatifactor; s__Acetatifactor acetigignens
354	8507091bac6b1be88f3d360d6d535d0e	-8.85887166500001	0.3810895179999999	0.1798021480799874	0.0846519324930427	(-9.19593, -8.50712)	(0.217176, 0.535515)	0.1639135179999999	0.15442548200000006	yes	d__Bacteria; p__Bacillota_A_368345; c__Clostridia_258483; o__Lachnospirales; f__Lachnospiraceae; g__UBA3402; s__UBA3402 sp003478355
355	686d42b9552375c3b61301ae5605e3a2	-7.29717611499999	0.3860515938885001	0.4411675083358433	0.211899878328014	(-8.17021, -6.52673)	(0.00670214, 0.795285)	0.37934945388850005	0.40923340611149994	yes	d__Bacteria; p__Bacillota_A_368345; c__Clostridia_258483; o__Lachnospirales; f__Lachnospiraceae; g__Roseburia_A_166204; s__Roseburia_A_166204 hominis
356	138eb7703e1255cf29760a4440de2a47	-9.41998973000002	0.3865197118499995	0.2724840236218027	0.1288509383854456	(-9.93016, -8.92374)	(0.169323, 0.640897)	0.2171967118499995	0.25437728815000055	yes	d__Bacteria; p__Bacillota_A_368345; c__Clostridia_258483; o__Oscillospirales; f__Oscillospiraceae_88309; g__Faecousia; s__Faecousia sp000434635
357	d6c46ad81c01997055a3b713c0d5ee1b	-7.212108765000019	0.3887971487300006	0.3795112167611451	0.179662917672323	(-7.9265, -6.51991)	(0.057902, 0.726468)	0.3308951487300006	0.3376708512699994	yes	d__Bacteria; p__Actinomycetota; c__Coriobacteriia; o__Coriobacteriales; f__Eggerthellaceae; g__Anaerotardibacter; s__
358	09a55cd0bdf9fa4929eab3f0ed841bf5	-9.778360250000013	0.3894708766800003	0.3088704167887198	0.1457260682457343	(-10.3622, -9.23001)	(0.105486, 0.643955)	0.2839848766800003	0.25448412331999976	yes	d__Bacteria; p__Bacillota_A_368345; c__Clostridia_258483; o__Oscillospirales; f__Oscillospiraceae_88309; g__Hominicoprocola; s__Hominicoprocola sp900317525
359	1fb601d8edb6994ffb112ad1a34828d5	-9.975218829999992	0.3908429968499997	0.2951218806678539	0.1392463070959455	(-10.5263, -9.4148)	(0.127846, 0.647693)	0.26299699684999966	0.2568500031500003	yes	d__Bacteria; p__Bacillota_A_368345; c__Clostridia_258483; o__Oscillospirales; f__Ruminococcaceae; g__Gemmiger_A_73129; s__
360	f655279fdb3e9fe733677c83df662486	-9.438253560000035	0.3929540530999994	0.2259562077693956	0.1071245815818709	(-9.88481, -9.03549)	(0.197226, 0.596176)	0.1957280530999994	0.20322194690000062	yes	d__Bacteria; p__Bacillota_A_368345; c__Clostridia_258483; o__Oscillospirales; f__Oscillospiraceae_88309; g__Dysosmobacter; s__Dysosmobacter sp000403435
361	810926a593979f3574e3bbe7defd3559	-10.273443770000004	0.4061768537600003	0.3573287108675804	0.1692668309427012	(-10.8876, -9.57139)	(0.0693543, 0.697311)	0.3368225537600003	0.2911341462399997	yes	d__Bacteria; p__Bacillota_A_368345; c__Clostridia_258483; o__Christensenellales; f__Borkfalkiaceae; g__Borkfalkia; s__
363	68ee181a51a55ca3814763c9214cfd8a	-9.54556401000003	0.4136792081499998	0.2598276031335391	0.1219180655920861	(-10.0241, -9.06444)	(0.194821, 0.643994)	0.21885820814999982	0.23031479185000014	yes	d__Bacteria; p__Bacillota_A_368345; c__Clostridia_258483; o__Oscillospirales; f__Ruminococcaceae; g__Faecalibacterium; s__Faecalibacterium duncaniae
364	b10627ff6db16c65eed2f21380dd700f	-7.009301860000018	0.4265995088480002	0.4087815173213441	0.1935826689240034	(-7.79187, -6.28674)	(0.078207, 0.789608)	0.3483925088480002	0.3630084911519998	yes	d__Bacteria; p__Bacillota_A_368345; c__Clostridia_258483; o__Oscillospirales; f__Oscillospiraceae_88309; g__Limivicinus; s__Limivicinus sp002320035
365	66047b69a772cae3e37186eb74254da7	-9.747317105000016	0.4313060826654999	0.3640717279947302	0.172963793514803	(-10.3796, -9.01683)	(0.10063, 0.75371)	0.3306760826654999	0.3224039173345001	yes	d__Bacteria; p__Actinomycetota; c__Coriobacteriia; o__Coriobacteriales; f__Eggerthellaceae; g__Senegalimassilia; s__Senegalimassilia faecalis
366	bb769f42c78f86faa2801cb2c2abb8dc	-9.528058530000012	0.4352008391555004	0.3399728860851098	0.1623816543747172	(-10.1292, -8.86402)	(0.126407, 0.729597)	0.3087938391555004	0.29439616084449965	yes	d__Bacteria; p__Bacillota_A_368345; c__Clostridia_258483; o__Christensenellales; f__Aristaeellaceae; g__; s__
368	ebab7cfc7858bfb00c486bba21d6ca6d	-6.568818090000005	0.4438338214000003	0.2844106069278219	0.1355155579344226	(-7.102, -6.05298)	(0.201675, 0.696418)	0.24215882140000028	0.2525841785999997	yes	d__Bacteria; p__Bacillota_A_368345; c__Clostridia_258483; o__Clostridiales; f__Clostridiaceae_222000; g__Clostridium_T; s__
369	96936173022b85940115c9ea103505bd	-9.077977034999972	0.4467566326500004	0.2429092289061054	0.1142859132523179	(-9.52383, -8.63135)	(0.238104, 0.661085)	0.20865263265000036	0.21432836734999966	yes	d__Bacteria; p__Bacillota_A_368345; c__Clostridia_258483; o__Lachnospirales; f__Lachnospiraceae; g__Lachnospira; s__Lachnospira eligens
370	b47757a69204f053308f7f5f0022edab	-8.640778619999992	0.4467910478099989	0.3365701896738564	0.1598778299200881	(-9.30519, -8.03325)	(0.139764, 0.745981)	0.3070270478099989	0.2991899521900011	yes	d__Bacteria; p__Bacillota_A_368345; c__Clostridia_258483; o__Oscillospirales; f__Oscillospiraceae_88309; g__Vescimonas; s__Vescimonas sp900545585
371	55d4d3011e1f3bb8e4e5089b801b61a4	-10.378468865000007	0.4525768876499994	0.310986978287937	0.1464696224914304	(-10.9679, -9.80216)	(0.167844, 0.711227)	0.28473288764999943	0.2586501123500006	yes	d__Bacteria; p__Bacillota_A_368345; c__Clostridia_258483; o__Lachnospirales; f__Lachnospiraceae; g__UBA3402; s__UBA3402 sp003478355
372	266c2a374ca451985731e1e1b5961bd2	-9.34165738	0.4583358940499998	0.2752140130837012	0.1278219590442783	(-9.89394, -8.83707)	(0.226453, 0.705871)	0.23188289404999982	0.24753510595000022	yes	d__Bacteria; p__Bacillota_A_368345; c__Clostridia_258483; o__Lachnospirales; f__Lachnospiraceae; g__Eubacterium_J; s__Eubacterium_J plexicaudatum
373	6fc765c81c8b663cedcd799094894748	-9.678255454999986	0.4601413270900007	0.3837334383042383	0.1832240597835827	(-10.3836, -8.98679)	(0.119763, 0.786083)	0.3403783270900007	0.32594167290999926	yes	d__Bacteria; p__Bacillota_A_368345; c__Clostridia_258483; o__Christensenellales; f__Aristaeellaceae; g__SFMI01; s__
374	e91f1c5b67ffecb5ca3ca3b393a50f00	-5.5986195949999935	0.46202670434	0.3068384053473197	0.1455935451436935	(-6.19147, -5.05351)	(0.215788, 0.754319)	0.24623870433999998	0.29229229566	yes	d__Bacteria; p__Bacillota_A_368345; c__Clostridia_258483; o__Christensenellales; f__Aristaeellaceae; g__SFMI01; s__
375	362b97b08074732371b6e76cd1a894e1	-8.055652069999997	0.4623276467349994	0.5141828547348838	0.2430943508879958	(-9.06916, -7.17071)	(0.0119515, 0.922792)	0.45037614673499937	0.46046435326500057	yes	d__Bacteria; p__Bacillota_A_368345; c__Clostridia_258483; o__Oscillospirales; f__Oscillospiraceae_88309; g__Limivicinus; s__Limivicinus sp002320035
376	f10155af1849a17996f302d71b32398c	-9.141819945000004	0.4689049382360494	0.474210325416631	0.2260670186824199	(-10.0174, -8.22622)	(0.0698527, 0.915132)	0.3990522382360494	0.44622706176395055	yes	d__Bacteria; p__Bacillota_A_368345; c__Clostridia_258483; o__Lachnospirales; f__Lachnospiraceae; g__Suilimivivens; s__Suilimivivens aceti
377	9f74473636e6874853d88dfcbcecff49	-7.615242469999993	0.4704598725000006	0.2986456171884982	0.1413595045928757	(-8.13887, -7.01962)	(0.208067, 0.730769)	0.2623928725000006	0.2603091274999994	yes	d__Bacteria; p__Bacillota_I; c__Bacilli_A; o__Lactobacillales; f__Streptococcaceae; g__Lactococcus_A_346120; s__
378	cebcb0fe524fb1cf0bfb5463ae228bed	-9.800482220000015	0.4705009904999999	0.3225753391303673	0.1526800657788603	(-10.3424, -9.11795)	(0.152461, 0.722383)	0.31803999049999987	0.2518820095000001	yes	d__Bacteria; p__Bacillota_A_368345; c__Clostridia_258483; o__Lachnospirales; f__Lachnospiraceae; g__Lachnospira; s__Lachnospira sp000437735
379	5f9d6c173705f19cd3a1e5145c52789a	-9.911328249999986	0.4840416898875004	0.4128278675474044	0.1962432876357763	(-10.6822, -9.13205)	(0.133907, 0.880014)	0.3501346898875004	0.39597231011249956	yes	d__Bacteria; p__Bacillota_A_368345; c__Clostridia_258483; o__Oscillospirales; f__Oscillospiraceae_88309; g__Faecousia; s__Faecousia sp000434635
380	1243750138937650754b619370565800	-7.14401852000001	0.4873110324000003	0.3173143011837155	0.1500074902637132	(-7.75396, -6.5656)	(0.188156, 0.752054)	0.2991550324000003	0.2647429675999997	yes	d__Bacteria; p__Bacillota_A_368345; c__Clostridia_258483; o__Lachnospirales; f__Lachnospiraceae; g__Lachnospira; s__Lachnospira sp000437735
381	c8fce068920feb387167d44c01689295	-7.368396815000004	0.4879367401450005	0.3554672539589347	0.1695224196510715	(-8.02123, -6.68738)	(0.172659, 0.81026)	0.3152777401450005	0.3223232598549995	yes	d__Bacteria; p__Bacillota_A_368345; c__Clostridia_258483; o__Oscillospirales; f__Butyricicoccaceae; g__Agathobaculum; s__Agathobaculum butyriciproducens
382	913d55d109820d0f3fad120be103c64f	-9.403535610000002	0.4905932451599998	0.3647442860458926	0.1731640396586185	(-10.0696, -8.65228)	(0.1524, 0.814235)	0.3381932451599998	0.32364175484000024	yes	d__Bacteria; p__Bacillota_A_368345; c__Clostridia_258483; o__Clostridiales; f__Clostridiaceae_222000; g__Clostridium_T; s__
383	208c8722c4dd18b60b2b2684272ff26c	-9.419611165000005	0.4930313313849996	0.4375825082655756	0.2085751032172963	(-10.3004, -8.64323)	(0.114949, 0.903067)	0.3780823313849996	0.41003566861500035	yes	d__Bacteria; p__Bacillota_A_368345; c__Clostridia_258483; o__Oscillospirales; f__Ruminococcaceae; g__Ruminiclostridium_E; s__Ruminiclostridium_E siraeum
384	4973330392dab23937c67af9843e5359	-9.067766079999997	0.4945825443500004	0.2730713515622492	0.1282593605162185	(-9.59209, -8.56416)	(0.241872, 0.72447)	0.2527105443500004	0.22988745564999957	yes	d__Bacteria; p__Bacillota_A_368345; c__Clostridia_258483; o__Lachnospirales; f__Lachnospiraceae; g__Lachnospira; s__Lachnospira eligens
385	30c16856bd5bae4cd2f1182341b30ffc	-10.11291236	0.4999498328125005	0.3737591382085935	0.178242143921925	(-10.7766, -9.37276)	(0.194933, 0.867495)	0.30501683281250047	0.3675451671874995	yes	d__Bacteria; p__Bacillota_A_368345; c__Clostridia_258483; o__Lachnospirales; f__Lachnospiraceae; g__Roseburia_A_166204; s__Roseburia_A_166204 hominis
386	79d5bee84cddbb27acb4dd7df378c789	-8.363916489999982	0.5061047453950007	0.3475481598637517	0.1649477261634288	(-8.98404, -7.72324)	(0.197245, 0.791371)	0.3088597453950007	0.2852662546049993	yes	d__Bacteria; p__Bacillota_A_368345; c__Clostridia_258483; o__Christensenellales; f__Aristaeellaceae; g__SFMI01; s__
387	aa3e2d76e864d7909b51110e211ef36c	-9.925185960000006	0.5362735173399998	0.3768983493973917	0.179293816006473	(-10.6771, -9.24162)	(0.209238, 0.884705)	0.3270355173399998	0.3484314826600001	yes	d__Bacteria; p__Bacillota_A_368345; c__Clostridia_258483; o__Oscillospirales; f__Acutalibacteraceae; g__UBA737; s__UBA737 sp900547445
388	8aff935557eab67b0baa4553b8518105	-9.918001884999985	0.5392945650999997	0.3695814466838089	0.1751146967798736	(-10.5682, -9.21658)	(0.210708, 0.858183)	0.32858656509999973	0.3188884349000003	yes	d__Bacteria; p__Bacillota_A_368345; c__Clostridia_258483; o__Lachnospirales; f__Lachnospiraceae; g__Coprococcus_A_187866; s__Coprococcus_A_187866 catus_A
389	3bff9ab82e7f2a76cc22e687ac7b72fd	-7.860630115000011	0.5411463722999998	0.4604223162961773	0.2175304912394659	(-8.82522, -7.07085)	(0.138621, 0.977059)	0.40252537229999985	0.43591262770000017	yes	d__Bacteria; p__Bacillota_A_368345; c__Clostridia_258483; o__Lachnospirales; f__Lachnospiraceae; g__Butyribacter; s__Butyribacter intestini
390	1986030e3c5cd5df6d869054bc96e536	-8.916573094999993	0.5430184254999998	0.2951149301268422	0.1401017509965933	(-9.46735, -8.38188)	(0.268377, 0.782043)	0.2746414254999998	0.23902457450000025	yes	d__Bacteria; p__Pseudomonadota; c__Gammaproteobacteria; o__Enterobacterales_737866; f__Pasteurellaceae; g__Haemophilus_D_735815; s__Haemophilus_D_735815 parainfluenzae_P
391	4ed55370307d6700d110b6d3f1196136	-8.812117960000004	0.5492192177744992	0.5526641572052039	0.2639675545447589	(-9.93192, -7.83923)	(0.0308828, 1.01678)	0.5183364177744992	0.4675607822255008	yes	d__Bacteria; p__Bacillota_A_368345; c__Clostridia_258483; o__Lachnospirales; f__Lachnospiraceae; g__Coprococcus_A_121497; s__Coprococcus_A_121497 sp000154245
392	69d052e452e79d571cba042af265d50c	-6.297472554999995	0.5629054299049995	0.4092565327134338	0.1940424202979679	(-7.01686, -5.51649)	(0.199339, 0.916058)	0.3635664299049995	0.35315257009500056	yes	d__Bacteria; p__Bacillota_A_368345; c__Clostridia_258483; o__Lachnospirales; f__Lachnospiraceae; g__Coprococcus_A_121497; s__Coprococcus_A_121497 eutactus
393	a4e2a4e1321a599651edf92f6999e78e	-8.771992400000006	0.5806551625999995	0.4162620149072455	0.1972507526176112	(-9.56876, -8.04701)	(0.229907, 0.958395)	0.3507481625999995	0.3777398374000005	yes	d__Bacteria; p__Bacillota_I; c__Bacilli_A; o__MOL361; f__Turicibacteraceae; g__Turicibacter; s__Turicibacter bilis
394	28bb502265419a0e86626d75a1183ce7	-9.566944054999995	0.6027167438500011	0.4260680205252524	0.2009159970218177	(-10.3244, -8.71888)	(0.228546, 0.98459)	0.37417074385000104	0.3818732561499989	yes	d__Bacteria; p__Bacillota_A_368345; c__Clostridia_258483; o__Christensenellales; f__Aristaeellaceae; g__; s__
395	f45b62ab6ec22fb20364a7e05088158f	-8.543525094999993	0.6121809805000009	0.3444121208328637	0.1630785259480079	(-9.16276, -7.89682)	(0.332693, 0.930562)	0.2794879805000009	0.3183810194999991	yes	d__Bacteria; p__Bacillota_A_368345; c__Clostridia_258483; o__Lachnospirales; f__Lachnospiraceae; g__Muricoprocola; s__Muricoprocola aceti
396	f4dfb45b33372cdc0dc2fd20c0d0b448	-9.509717310000005	0.6164792509000007	0.5273599027241869	0.2538567194318091	(-10.4891, -8.52822)	(0.157835, 1.11297)	0.45864425090000066	0.49649074909999935	yes	d__Bacteria; p__Bacillota_A_368345; c__Clostridia_258483; o__Oscillospirales; f__CAG-272; g__Avispirillum; s__Avispirillum sp011957885
397	f8529e2e737999b4a7d06420482d4af3	-9.83467832499998	0.6323705664999997	0.4107666756094566	0.1930378773457293	(-10.6029, -9.05358)	(0.261559, 0.98992)	0.3708115664999997	0.35754943350000035	yes	d__Bacteria; p__Bacillota_A_368345; c__Clostridia_258483; o__Lachnospirales; f__Lachnospiraceae; g__; s__
398	25e04b2be57def00437d44ab461e8773	-9.238276405	0.6520343880000002	0.4421822885136015	0.210094144921534	(-10.0501, -8.40108)	(0.271204, 1.04781)	0.38083038800000024	0.39577561199999967	yes	d__Bacteria; p__Bacillota_A_368345; c__Clostridia_258483; o__Lachnospirales; f__Lachnospiraceae; g__Coprococcus_A_121497; s__Coprococcus_A_121497 eutactus
399	e82ab12c51a893c6d7938a16632199a8	-9.168721554999989	0.7699895634999998	0.5194194210159382	0.248658732859515	(-10.13, -8.15257)	(0.284496, 1.2356)	0.4854935634999998	0.4656104365000002	yes	d__Bacteria; p__Bacillota_A_368345; c__Clostridia_258483; o__Lachnospirales; f__Lachnospiraceae; g__Acetatifactor; s__Acetatifactor acetigignens
400	b423592b0ae631882095792b27729b9c	-10.781097945	0.9437084270000002	0.4705291221240473	0.2234303662468076	(-11.6239, -9.87187)	(0.50754, 1.34028)	0.43616842700000025	0.3965715729999997	yes	d__Bacteria; p__Bacillota_A_368345; c__Clostridia_258483; o__Oscillospirales; f__Oscillospiraceae_88309; g__Dysosmobacter; s__Dysosmobacter sp000403435
