Feature	Intercept_mean	CV_oils_nuts_fg_eaten_mean	Intercept_std	CV_oils_nuts_fg_eaten_std	Intercept_hdi	CV_oils_nuts_fg_eaten_hdi
7e9ed2c841e64976eace4b578ff56a26	-4.717945325000011	-0.0015343213438850014	0.17886486564581183	0.000915576828587785	(-5.07325, -4.39806)	(-0.00311823, 0.000229126)
a6099802840e60febef8e896967b7747	-6.93851491000001	2.7662947271460027e-05	0.07130817980422653	0.0003851465894036223	(-7.09057, -6.81843)	(-0.000634179, 0.000808424)
904ad13c7b8512200836d5cd9fb09e1b	-9.03120706999999	0.0006345878592409996	0.1887534161826351	0.0009924961094045972	(-9.36928, -8.67154)	(-0.00132687, 0.00238102)
1aab913302590e21a7be28b1494a3320	-9.19156255500001	0.0005212590786734989	0.09878129972733693	0.0005174717448828286	(-9.37628, -8.99732)	(-0.00040585, 0.00154026)
e644522cf6d7222c9da7f9ecf614cd89	-8.631566965000003	-0.0007629403356000003	0.1822888147729827	0.0010047646865985872	(-8.95583, -8.28348)	(-0.00260557, 0.00113114)
bad4f7c5ada34a1f813946abcfe5c556	-4.567358945000002	-0.0007913942424389998	0.06393998147667057	0.00033747665651404036	(-4.69162, -4.45822)	(-0.0013921, -0.000126139)
399bcf0feb12a20ca0731d8d65268dae	-6.643632280000004	0.0020633476079999985	0.14295296618539122	0.0007821116264147131	(-6.90087, -6.38056)	(0.00060553, 0.00348708)
32f7e6bfc42fe19c17f9459bd9be4b67	-7.254943015000007	0.0004576400908775006	0.12780239823985998	0.0006609188215850705	(-7.48257, -7.01643)	(-0.000723933, 0.00170863)
c942f59feffce9c3ab527135de234101	-5.479984979999992	0.0014866057310630014	0.09793754998569038	0.0005281169813756913	(-5.64373, -5.28597)	(0.000574945, 0.0025519)
29bb5fa7f45e47bbabab8cc1b1b3d18e	-8.445770454999998	-0.002306321550725004	0.21863320735684919	0.0011713867229413998	(-8.8778, -8.0789)	(-0.00439906, 3.38623e-05)
7b2ff5940de11da4dc3bb208805dff11	-8.415941769999998	0.00014928246540500017	0.09820101970176837	0.0005387299278324174	(-8.59839, -8.23533)	(-0.000808495, 0.0011896)
6c7fa77831ae630967a6fbfc8ee47901	-3.4871941150000048	0.0001473098110219998	0.05657112355183325	0.00030420478157601287	(-3.58538, -3.37447)	(-0.000413285, 0.000742831)
6c83fec6e8d03fad51eabc871853c991	-8.211099850000002	-0.0010536032075290007	0.1631206274634742	0.0008722739219354076	(-8.50699, -7.91122)	(-0.00274044, 0.000480401)
23597fea41001255f06321d42aefd3bd	-8.273648289999992	-0.0007537158148799992	0.11130510626865187	0.0006018213284952455	(-8.4717, -8.06482)	(-0.00186091, 0.000321666)
ee02d6d3506da57909d5e603709a295f	-6.776291355000001	8.970618392949991e-05	0.07310318120036897	0.00040075393490072937	(-6.90451, -6.63487)	(-0.000743464, 0.000800454)
e6a34eb113dba66df0b8bbec907a8f5d	-5.548600830000004	0.00030078337179999986	0.09518581390633317	0.0005053113300649692	(-5.71591, -5.36583)	(-0.000614541, 0.00126026)
6c4de756c45fa6e7e5adfe196f9f0039	-5.448722675000005	-2.1174912078999957e-05	0.2081730964630021	0.0010703713522030275	(-5.83341, -5.06239)	(-0.00190992, 0.00204191)
60c57911662a9159dfdd0fc05d975a55	-4.471128885000002	0.0012607080693999998	0.07355307537830598	0.0003935862674344558	(-4.6013, -4.32292)	(0.000514611, 0.00198194)
1986030e3c5cd5df6d869054bc96e536	-7.400291165000021	-0.0024121626895000016	0.15598632180640953	0.0008643017347397538	(-7.68637, -7.11208)	(-0.00404655, -0.000832566)
ea3433f2c148c6fae4cc2e9ae197f5b8	-5.203791569999998	-0.00011772309353999991	0.08964188695713134	0.00046870723579491485	(-5.38032, -5.04128)	(-0.000980258, 0.000777776)
059c8f8bb468064b134ea6d3661761ea	-4.923329674999995	9.334936480114988e-05	0.10440580556245126	0.0005603082207084741	(-5.13198, -4.73989)	(-0.0010177, 0.00106636)
8a9f7499cdb85b8efa497bb56256cb43	-6.29637923	-0.0007380134004424998	0.0645410912869243	0.0003463338404916982	(-6.41564, -6.17657)	(-0.00137329, -0.000100835)
8dccd839cf4868a3343e411c063932a6	-9.029170515000004	-0.000854000481361	0.14250805237734743	0.000764248891272193	(-9.3122, -8.77325)	(-0.00232244, 0.000529166)
f402919ff0fe53fec5b6ef190f9e42b7	-6.866241710000006	-0.0005577746318909995	0.07975052091915075	0.00041015865315616195	(-7.01845, -6.71595)	(-0.00128386, 0.000269094)
f9382b37fc2cfd3cf606824a235802de	-9.695152250000017	-0.0004290656032250008	0.13398688526881097	0.0007032382645394574	(-9.92054, -9.4288)	(-0.00169221, 0.000875216)
1664c7d0b9dec6e07df8542c0c4049c7	-8.456855310000005	-0.00016877084879299994	0.10431435091445428	0.0005628719559724885	(-8.66098, -8.27032)	(-0.0012973, 0.000806502)
3e5f388f7ad4f160c2a1cdd1441d00c0	-6.704472685000012	0.000962382228790001	0.08337592188240418	0.0004307115818188578	(-6.86223, -6.54937)	(0.000137729, 0.00176133)
f5706d9ec821f971e4c08ee992995b40	-8.027064240000016	0.000760726573429998	0.16498846707034528	0.0008770968494221038	(-8.30467, -7.6795)	(-0.000958193, 0.00236358)
138eb7703e1255cf29760a4440de2a47	-8.371651529999998	-0.0014946296664499997	0.1298343087591223	0.0007083532804696233	(-8.63178, -8.13198)	(-0.00278857, -0.000140251)
56c3d1a8e4dc5c2aa7afbc1563559448	-7.317492860000002	-0.001011208184144998	0.2629335572773481	0.0014694874752036035	(-7.78061, -6.78856)	(-0.00385884, 0.00162779)
de61860db8d93da85692dffb5cf32ab9	-5.002442545000003	-0.0005788526509349995	0.19489781563981945	0.0010269426603372617	(-5.42024, -4.66454)	(-0.00237518, 0.00147109)
5c02713fbed5c1964b4410d9f8166555	-6.068008274999989	-0.00013910740899249988	0.07576946640220172	0.0003989974845704116	(-6.20297, -5.92673)	(-0.000885264, 0.000563256)
12bb0c9249480c4cec2cc9f692018806	-8.117505370000002	-0.0017059520105500011	0.09511210947173379	0.000519640670195367	(-8.29299, -7.93665)	(-0.00267814, -0.000756866)
b10627ff6db16c65eed2f21380dd700f	-5.537405990000005	-0.0039602249712549975	0.20079459116823792	0.001048553600431658	(-5.91327, -5.14591)	(-0.00603916, -0.00210637)
3f5f0d10bd5495e2c89d229c508dcdec	-6.992703240000013	-0.0003442424478149995	0.1596783414552595	0.0008396081221255439	(-7.29291, -6.70132)	(-0.00189722, 0.00129446)
de6891b6f7a1f35bd9ccbc058b9e1a77	-6.548287170000006	-0.00016270535186269972	0.05164979155322025	0.00027806872934627085	(-6.64321, -6.45195)	(-0.000663598, 0.000364453)
828c563319c7cee475b9b8ab6a0a048b	-7.304581994999987	-0.0007555035504279997	0.07821325133230282	0.00041870589188708676	(-7.44686, -7.15768)	(-0.00151608, 3.15236e-05)
6a129e8ae637c96e7bb56223913911f7	-5.829606315	-0.001121761920530001	0.11238437125762087	0.0005920695510348325	(-6.04183, -5.62774)	(-0.00220336, 3.23611e-05)
1527fd8b14037f53b8edb26b111e1f72	-6.085889414999999	0.0016341485635	0.07999905609698009	0.0004240330166568379	(-6.22688, -5.93263)	(0.000882503, 0.00245415)
b3d06445a910a9a444919e41f5da39c3	-10.092853380000012	0.0008016798037930007	0.1532242993358938	0.0008134044461816782	(-10.3547, -9.78037)	(-0.000624899, 0.00233054)
992072d045462445dc239b35300af2cc	-3.795973694999995	-4.224363820450001e-05	0.2683843521848785	0.0014018015408315287	(-4.29581, -3.32664)	(-0.00268112, 0.00245146)
2403a466dd6d1e4f551d80394c2aa994	-6.902137314999982	-0.0004210707293400002	0.2682611213179069	0.001437823544090926	(-7.45724, -6.4571)	(-0.00274752, 0.0026427)
cae14798faeabb8e1b8840e712839921	-6.943641029999973	-0.00164969415719	0.15723502078938734	0.0008187885201285059	(-7.23415, -6.65337)	(-0.00321633, -0.000170567)
4311a44a7d56ce4086afad3e75bedd6e	-8.207961294999999	0.0004634762009549995	0.1281581353417447	0.000705590130446027	(-8.43257, -7.95942)	(-0.000866449, 0.00177146)
ab153c3e19553cead3d76fb9e00684c2	-6.586395310000004	-0.0020548581534100027	0.18049956970392994	0.0009569909656804684	(-6.89197, -6.21369)	(-0.00393905, -0.000337544)
fc1856f132cd513b1251fa39ad4ccd01	-8.168889880000002	0.0005506845032749999	0.07555367038129653	0.0004024142453873964	(-8.30615, -8.02574)	(-0.000218748, 0.00132612)
8ef31508d9a2fc6f83935de5607a686c	-7.188653524999992	-0.0007142902867850003	0.24132717420138233	0.0013140571375485797	(-7.59745, -6.72446)	(-0.00317968, 0.00164777)
21ce8465657612a85e2f89e74d285ce1	-10.161716754999988	0.00011607493216299999	0.15572964757367175	0.0008191573381303911	(-10.4911, -9.89107)	(-0.0014344, 0.00164135)
69d052e452e79d571cba042af265d50c	-4.580017795000005	-0.0035108615539999957	0.1812148283543264	0.000992998665393352	(-4.91293, -4.2486)	(-0.00536074, -0.00166825)
79d5bee84cddbb27acb4dd7df378c789	-7.057778995000002	-0.0015134803969449953	0.14306715473035747	0.0007630995696471164	(-7.32193, -6.79587)	(-0.00287881, -5.02244e-05)
0f0a1f8c92368be6e8d3145bd4e94cd1	-5.106046824999997	-0.0005992649614012992	0.1336003903672043	0.0007292903387273461	(-5.36317, -4.86924)	(-0.00193144, 0.000768808)
64d05989cb6f8053633b2127793200b3	-7.408043540000014	-0.00019517093563049982	0.10845636620765228	0.0005730799148145052	(-7.63202, -7.22599)	(-0.00130145, 0.000814227)
bac3d8ea4685e825ef8d12b2a6979577	-7.3259141150000024	-0.0008158747770049999	0.2337293742134626	0.0012683243504484924	(-7.72461, -6.86409)	(-0.00306267, 0.00167898)
a8d23fd98a311df2db65e5842634aba3	-7.232953545000002	-8.610238869549996e-05	0.07639802266801793	0.0004170552383056652	(-7.36159, -7.07921)	(-0.000862884, 0.000706571)
41239266f2952a56a313fc4798f28a1c	-7.001776744999999	0.0010302569451149997	0.11213946243029242	0.0005918557636774409	(-7.21704, -6.79264)	(3.11616e-05, 0.00223608)
2b982979f2401a8bc447d7141879e9b2	-4.031931249999992	0.0009627345374999994	0.05613579770999517	0.0002965433969990944	(-4.13843, -3.93253)	(0.000424375, 0.00152483)
251429848560a80abcb96640ceb102db	-5.40603005500001	0.00021654305038249964	0.10003480524770854	0.0005327084444288453	(-5.59327, -5.2192)	(-0.000751742, 0.00124234)
7b34b797cadb639f63827c6d332dd4e9	-8.328442889999986	0.0008149167689400003	0.09459397778531087	0.0004981142041392915	(-8.50908, -8.15081)	(-0.000180779, 0.00166614)
2a99ec1157a90661db7ff643b82f1914	-5.906122884999992	-0.003291700329550005	0.2782310578553852	0.0014910034184813712	(-6.46291, -5.39513)	(-0.00608895, -0.000575613)
2a7f11895ae7fe9fdffa52016207c561	-6.341907620000002	0.002009193618200001	0.10694127909014188	0.0005947438953794082	(-6.54494, -6.14316)	(0.000927036, 0.00311315)
0cfd41d10227f0de9092d5cda028c12d	-8.866361230000013	0.0015851599252999981	0.10580120073603658	0.0005623396932766653	(-9.05371, -8.65469)	(0.000482011, 0.00260594)
a9387e76477da8688775569cf540191b	-5.76858884500001	-0.0018832172262449967	0.15465711682304173	0.0008105366103964625	(-6.04603, -5.47491)	(-0.00332547, -0.000388196)
bb769f42c78f86faa2801cb2c2abb8dc	-8.350992524999999	-0.0016420394596204993	0.1527837094610363	0.0007824458723883345	(-8.65639, -8.07177)	(-0.00311057, -0.000140281)
68ee181a51a55ca3814763c9214cfd8a	-8.562002900000007	-0.0007144450869849996	0.1293640979869995	0.0006902016790499886	(-8.81732, -8.33585)	(-0.00208455, 0.000542475)
88956ab21ebb7e44b2dd317dd412818a	-8.458788804999987	-0.00016536163253450008	0.14010085827189625	0.0007579437203612348	(-8.71409, -8.20513)	(-0.00151224, 0.0013029)
ca9dec36ad0aa5a1473144ddcb74951d	-5.244527874999991	0.0004912909994170008	0.08035791268092013	0.00042094069271874377	(-5.38954, -5.08868)	(-0.000282408, 0.00131066)
ae171d16e3cb68ad19636a58839a1ef1	-8.773216340000008	-0.0011522247323158005	0.17125907689580833	0.0009249644268301988	(-9.09076, -8.44557)	(-0.00286299, 0.000582661)
77f4d90aa6eb8080927f59ee8bbac375	-9.039238004999985	-0.0008174780043353995	0.09781269899389339	0.0005216582570408988	(-9.23089, -8.86528)	(-0.00180826, 0.000124946)
a7b427a226422d10e62536b8d41e02fe	-8.000635749999999	-0.0009509093047880001	0.21278971262783725	0.001111101062248928	(-8.42907, -7.6233)	(-0.0029973, 0.00116906)
2480f3aa1e7784b461d9b5b83a6bfc81	-7.859764469999994	-0.00036236536261799977	0.15802832656874877	0.0008737815672481932	(-8.14018, -7.56751)	(-0.00188692, 0.00141143)
9000b563231e32a7003bf2ef20bf9a60	-7.497996345000007	0.0004290155219160009	0.10791121877632076	0.0005676401360016184	(-7.68218, -7.26579)	(-0.000626003, 0.00151081)
a186bb74dfce512f83043f7b366c60c4	-6.4901059100000005	0.0009143391927709989	0.26694732337161936	0.0013669591078193202	(-6.95989, -5.97727)	(-0.00171163, 0.00335929)
aad2c8fbb5e1201340fe4357731fc9ee	-8.233289425000004	0.0014451746342699992	0.1752883590197004	0.0009272264341161942	(-8.57611, -7.9166)	(-0.000270619, 0.00312112)
490d2aec117bd7289577684ba3cc1b64	-6.5539132399999955	-0.0018285580098500013	0.17495076019726927	0.0009166396736216787	(-6.88933, -6.23554)	(-0.003463, -4.02216e-05)
457d3865cf0a4bc602a07d8d5324388f	-8.65755018000001	0.0001115040103239997	0.17236362594227245	0.0008774899517054637	(-8.96643, -8.32982)	(-0.00152344, 0.00172637)
552e00cb506f739acaf08aa5641f9d84	-6.4783624149999985	-0.0010626575556139967	0.12529401957762296	0.0006833463795171442	(-6.72419, -6.25409)	(-0.0023028, 0.000243891)
9dc78fd8f2f7cb10e190e77af61c7ecd	-7.9632415200000075	-0.0011794698054349991	0.07979763117467593	0.0004314144891593554	(-8.10618, -7.81523)	(-0.00204172, -0.000426829)
a3607a88a8ed64e24a374847b23e404f	-6.549159159999991	0.0006652218326184997	0.10412112838225689	0.0005710466065738571	(-6.756, -6.36514)	(-0.000424593, 0.00168858)
5bb151262388870fd53a84ea6f1ffdf2	-9.46413526	0.00023564851663299987	0.18145289675844928	0.0009605163857393007	(-9.82823, -9.13733)	(-0.00160439, 0.00195277)
f7962a90f4519ec1d1a9c7b8ef7bf396	-9.040316105000011	-0.00011204325758550005	0.13588726626979789	0.0007413297676446565	(-9.27631, -8.78657)	(-0.00153902, 0.00123321)
77ad88eed91eef009bf64f101c96baa6	-5.39016787	0.0011695611436299993	0.18405145207268292	0.0010131988148685972	(-5.73643, -5.05463)	(-0.000754767, 0.00300302)
08be83d0a527ddd1da0861135192e593	-8.462530524999993	-0.00033008069543449966	0.19024660352257097	0.0010233593966487591	(-8.83457, -8.10606)	(-0.0023261, 0.00155028)
b61862b15d33865612e76c1db7b995a1	-8.869417824999992	-0.0007187321515449999	0.10778715225721194	0.000580670897396562	(-9.06876, -8.66734)	(-0.00177936, 0.000366297)
14f11556b1fc9132c5ab27b67a2479bf	-9.385916425000007	0.001156190302085	0.12400069671162893	0.0006558241061040791	(-9.62866, -9.17171)	(2.65806e-05, 0.00245079)
514b34f09e4acd2397d38273c630d338	-8.51312134	3.363459770050008e-05	0.2150300149349024	0.0011248387626726847	(-8.92185, -8.108)	(-0.00199321, 0.00223835)
ba88d4e4e6a24ecc2a5aab6bdfbb77f5	-7.903569119999998	0.0006328832163660001	0.08823195532643265	0.0004723105605391303	(-8.06639, -7.73407)	(-0.000232938, 0.0015348)
1c94105978b1aa2095e3c0096774f240	-8.303973794999992	0.0005846693390150011	0.15228476961911852	0.0008056531547094688	(-8.57907, -7.99912)	(-0.000847566, 0.00215745)
27b636c66fa117272ed27920bad78969	-8.063156359999995	-0.0021448069168499995	0.14806085360570628	0.0008154852554954694	(-8.33134, -7.75948)	(-0.00375284, -0.000659114)
7201d53bd647437ec3de879774eba498	-6.922254355000005	0.0012071203536912092	0.2470523959413954	0.0013730469377183695	(-7.38059, -6.43307)	(-0.00139043, 0.00383603)
f8529e2e737999b4a7d06420482d4af3	-8.289353849999992	-0.001174687794724003	0.2149597251037449	0.0011198626315443946	(-8.69525, -7.8684)	(-0.00340101, 0.00085066)
959d48a11e3b26c9268f0bd1dae6ec40	-4.048796004999999	-0.0010884349763000004	0.06135928061173773	0.0003319907806539119	(-4.17377, -3.94621)	(-0.00169782, -0.000421183)
bd0f4e14387ee1ac7e5fe586cadbbed4	-9.050822124999995	0.000999918815222999	0.07845832937894096	0.00041272432424472265	(-9.20081, -8.90976)	(0.000294537, 0.00186199)
66047b69a772cae3e37186eb74254da7	-8.779123560000002	-0.00035565767178050086	0.1614045454493969	0.0008417620379879741	(-9.07382, -8.47653)	(-0.00180833, 0.00134591)
4207ad1746e5fbce9c5ed5efe1e357d9	-7.433454054999995	0.00024388565647499998	0.08590060871848916	0.00046018896440811835	(-7.58231, -7.26585)	(-0.00059073, 0.00108194)
30207d209491dfb7de83344e77fd6fbd	-6.247238465000008	-0.00040029129948100065	0.08106811789041221	0.0004337402510608781	(-6.40846, -6.10397)	(-0.00124772, 0.000393038)
3e93fd55a231bb99b67a666bad8446a8	-8.28364619999999	0.00012048419606999995	0.09700601867595637	0.0005182683250011908	(-8.45838, -8.09287)	(-0.000878948, 0.0010796)
d39f37b814ebd81091a949f8bd9d1710	-6.383325060000003	0.0008763470387700011	0.13482402027604873	0.0007411523088464766	(-6.66491, -6.1574)	(-0.000478029, 0.00227137)
706b0d627a9ba61b18e6b7b39622ac1f	-9.293118049999995	0.0017282501849399995	0.16599656243307426	0.0008882777692466501	(-9.61688, -8.99719)	(7.02977e-05, 0.0033712)
32382a0f5831da5faee464d011b5616c	-5.9166567349999974	0.00011150631637499993	0.2323345349587309	0.001227098620260415	(-6.32441, -5.44944)	(-0.00207234, 0.00244437)
fcd575ef43a2ae77d9b7c10639e80fd8	-9.908673120000007	0.0005079093352519996	0.16699584956299243	0.0008927808327672794	(-10.2105, -9.58224)	(-0.00126342, 0.00214309)
fdb1c35a8dab336d65ed22d796e71e4b	-6.655290359999997	-0.0004289378118734996	0.2500302565550224	0.0013781726687227497	(-7.10526, -6.14278)	(-0.00320724, 0.00198282)
25def15fb42bed6855ede4893d27a21d	-5.111613320000005	-0.0010570192217539986	0.15620837819616964	0.0008269399375107191	(-5.42538, -4.84122)	(-0.00249654, 0.000660365)
2a13ecb6c618ddf8154298c69336dd8e	-8.462375995000015	-0.0005192010351789996	0.20642434115871597	0.0010884646430999304	(-8.86978, -8.11955)	(-0.0024783, 0.00156317)
9ad89cc951aa3031c19c59c95e401614	-9.505477345000012	-0.0009094842119399983	0.15388695652166556	0.0008459565762540752	(-9.77675, -9.21532)	(-0.00255338, 0.000604384)
55d4d3011e1f3bb8e4e5089b801b61a4	-9.072890304999985	-0.002257885594094999	0.16215642963773272	0.0008851431093694192	(-9.35102, -8.75114)	(-0.00391755, -0.000553214)
4ed55370307d6700d110b6d3f1196136	-7.44667516499999	-0.0013620079152119994	0.20035875635812084	0.0010111946854637701	(-7.81206, -7.04051)	(-0.00314581, 0.000643512)
154c25181234441402124e02c204074c	-9.734979124999992	0.0014655228868850018	0.17153004557914725	0.0009241700298034133	(-10.0438, -9.41293)	(-0.000292067, 0.00316478)
370829fece3190f1a8efccf50b7d0921	-7.906611575000005	0.001474548432450001	0.11207012026079635	0.0006097267832781705	(-8.13913, -7.72025)	(0.000414897, 0.00266503)
b1a153ff5a21342991138e7f7dd2658e	-6.445609739999996	-0.0014576200498369997	0.18609970465568276	0.0009903974804939318	(-6.79889, -6.10145)	(-0.00318704, 0.00051669)
e39b1ae9776ee98190c8cb02bc9de792	-9.118861325000003	-0.0004210613751050008	0.13428561028008304	0.0007166869924111111	(-9.37829, -8.85685)	(-0.00176644, 0.000961136)
e71461ffe18aa4dc3b1f7ba4a1011cff	-7.2135647199999955	-0.0015725800399220013	0.12516995353447094	0.0006538272648898345	(-7.44736, -6.98344)	(-0.00274244, -0.000279983)
90c2b51afe404951ec89bd52c7ae1f58	-8.976771325000003	-1.5019022376999985e-05	0.19963985477427684	0.0011127772231365376	(-9.36499, -8.61062)	(-0.00211976, 0.00212021)
c5af8314e36eaed98fc88f181f539e8f	-7.241105179999997	-0.0003600636547909998	0.09634829254982986	0.0005081280198959939	(-7.42846, -7.06497)	(-0.00132023, 0.000583527)
10cd502b01abafc87e2ecbad86389286	-6.172004264999997	0.0005072148789855001	0.07190950095474023	0.00037320540394058773	(-6.31606, -6.03806)	(-0.000167034, 0.00125593)
433cf7e272a09b91cc85082a1338b8e1	-7.622488954999994	-0.0006332448161270005	0.07667989670218635	0.0004098698855211637	(-7.75438, -7.47487)	(-0.00132631, 0.000192507)
877f27b47c85f6b2d3cf8a6aa86def40	-5.212872079999999	-0.0008040850329850014	0.11294114444866224	0.000599159072738913	(-5.43903, -5.00954)	(-0.00186333, 0.000370429)
9ed241a051fe72047261df3b7e08b675	-7.200722275000001	0.0010501569749899976	0.0924697945005523	0.0004923766034042596	(-7.37486, -7.03807)	(0.00012842, 0.00193832)
04c8be5a3a6ba2d70446812e99318905	-6.002543995000003	0.00012352986855275	0.08937435709469449	0.0004647781695506485	(-6.17738, -5.84716)	(-0.000767948, 0.000963351)
e0b7bd623a1b4cd1640883066e8d96bd	-9.412673474999995	-0.0007603625158924987	0.14432857052044248	0.0007659388270479452	(-9.66609, -9.13848)	(-0.00215695, 0.000735288)
6a17479edbe461431433bddb084f731e	-6.431121139999982	-0.00018793240585849994	0.12887419907724118	0.0006923835578905691	(-6.69182, -6.21897)	(-0.00150035, 0.00101902)
35513c8de34a49ef37dde85737e6aef9	-7.482012074999994	-0.001725395029579999	0.19149841824632505	0.0010336326436980734	(-7.86497, -7.15567)	(-0.00363964, 8.86564e-05)
69536042153447ceb692aa53159ce0c2	-7.39938305	0.0004872552854760004	0.07590022385011459	0.0004003060603273562	(-7.53798, -7.257)	(-0.000327572, 0.00120257)
0f92fcc184a951ff8b0914467ad2f8f9	-7.087750460000011	0.0006433179271090012	0.09706130524976676	0.0005231810267426527	(-7.27049, -6.92417)	(-0.000337009, 0.00162497)
e9d9bafcf863ec0908ce4e20e6386ff9	-9.286463515000015	-0.00120602137445	0.1261521215814256	0.0006662484585622781	(-9.529, -9.06356)	(-0.00263122, -8.36459e-05)
979578981da3916b394bf24c32bace21	-6.586860355000006	-0.0013484988355299996	0.16663004154690694	0.0008907335803312931	(-6.89096, -6.27636)	(-0.00309275, 0.000218639)
5860dac317300b1fe6094e958240cc7f	-7.407357914999992	-0.0014426042933000003	0.07742314064478897	0.0004101684929477797	(-7.55243, -7.25893)	(-0.00223435, -0.000701436)
3a1461e8439091ad6b93af0ddb3849eb	-6.5237635749999905	-0.003630914519000002	0.21019219988303411	0.0011309052141808631	(-6.91662, -6.13443)	(-0.00577562, -0.0014538)
d32627161d829a1488c2a047669cb29f	-6.383079164999979	0.0010190582108999988	0.24036138992619588	0.001329022204344308	(-6.87461, -5.97794)	(-0.00153547, 0.00348586)
e2c3ff4f647112723741aa72087f1bfa	-3.600473134999993	0.0017757464855000036	0.09797031733092315	0.0005222602640253178	(-3.80865, -3.43762)	(0.000853072, 0.00281216)
426bd7119a31b73ef734771a071a216c	-5.486061375	-0.002207386453450002	0.11938047463031555	0.0006273924015831934	(-5.69674, -5.2528)	(-0.0034405, -0.00110534)
aed0d8840bb7da5eacd80c6f9a1f91ed	-9.847979875000004	0.0008483181502249982	0.15020580700303965	0.0007939991386961719	(-10.1343, -9.56507)	(-0.000564912, 0.00238802)
0b05a2e48cdc5f9e766bb0f4c209d4b4	-8.858435534999998	0.0005507885307799996	0.08738154017819653	0.0004669416173873123	(-9.00582, -8.68073)	(-0.000276812, 0.00147158)
31c0a0bcf172474d82c69979df243e78	-6.245578229999999	0.0007192509972500017	0.08231105781343781	0.0004314770620828409	(-6.39507, -6.08243)	(-0.000167354, 0.00148225)
f9b9b7db378357774e672fe5ba242b12	-9.72553471000002	-0.0012297415953035004	0.13179457531141375	0.000704465775823679	(-9.97217, -9.48928)	(-0.00256282, 1.44842e-05)
95f975f50235610bca818dcc9d97f7d6	-8.68104218	-0.0008886469519034517	0.21264426266313305	0.0011190230141964444	(-9.09362, -8.31334)	(-0.0029326, 0.00121856)
ecaa9f4e15a28f212d9bd60f749191ab	-7.212941249999997	-0.0008372235789454999	0.11415370890399269	0.0006026780728456061	(-7.4049, -6.98718)	(-0.00189048, 0.000376853)
a6fa2de5f4576d1d77b1616786e3dd52	-8.649571850000005	-0.0007032347752019993	0.08342243671026082	0.0004419928786289592	(-8.80073, -8.50366)	(-0.00161639, 2.58817e-05)
1fa555f9a74d47a6ca7a65a347bc885f	-5.733272420000005	-0.001277649695530001	0.081831288487617	0.00042963967188775534	(-5.87984, -5.58023)	(-0.00209999, -0.000504636)
149e7d5e484d157f2ac6140a2111618e	-4.153272750000002	-0.0004048703250924994	0.087849077879836	0.00046824618114274817	(-4.31055, -3.98576)	(-0.00129519, 0.000479841)
605c54065160b61d47c4d5f87ffbe6bb	-9.071709554999998	0.0007905426687496401	0.1495335586266574	0.000794575574845907	(-9.34092, -8.79365)	(-0.000669455, 0.00234228)
5034598009be77942a505e7c9978b06b	-7.9367474000000025	-0.0009555064842600003	0.10759915113670752	0.0005624984187296983	(-8.14385, -7.73843)	(-0.00200722, 6.25153e-05)
8526f1f5fd2dcff7e7a73db743c829d2	-6.525953575000007	0.0005240594015020004	0.10347846475943377	0.0005325354889664113	(-6.71521, -6.31908)	(-0.00051398, 0.00153051)
24ef07664cfa04a819d7797a89e653b6	-9.70040487	0.0010018250354199986	0.1523206790399225	0.000791822594408823	(-9.9606, -9.40013)	(-0.000474195, 0.00250832)
03fdbec0c9b63a05ae79f92c6d3a4cfc	-6.853243800000011	-0.0016407198582859995	0.201675083696425	0.001025607408840973	(-7.24099, -6.47372)	(-0.00356317, 0.000214184)
aa3e2d76e864d7909b51110e211ef36c	-8.763352489999988	-0.00017806995794650035	0.16917440603826533	0.0008640653890418054	(-9.06319, -8.43873)	(-0.00179992, 0.00141842)
7efeb75fc542932a033b37b887994dc8	-7.769200150000007	-0.003368011523	0.1839785730795233	0.0009746039678742446	(-8.1091, -7.4238)	(-0.00520265, -0.00162051)
2371e52106292ac4c33aec6f57cace35	-7.952649975000002	0.0015731410563500012	0.1115112861617575	0.0006042398310580204	(-8.15051, -7.73807)	(0.000473927, 0.00269834)
913d55d109820d0f3fad120be103c64f	-8.097421894999988	-0.0017815228333364994	0.1578321373420475	0.0008462676881498073	(-8.3759, -7.81186)	(-0.00331084, -0.000165653)
c82032c40c98975f71892e4be561c87a	-7.26368766499999	0.0013435444979999992	0.07700817238772638	0.00040321336325375957	(-7.40634, -7.12003)	(0.000536938, 0.00205317)
ac9166cff57e7ff3581eaf798edc726c	-7.175110545000011	-3.6392095599599986e-05	0.191405792058007	0.001054548918636884	(-7.54871, -6.81919)	(-0.00191443, 0.00200293)
949af2c28ba6c0345ae58b9aed00a2c0	-7.639531610000018	0.0007934168129519995	0.24868407922584787	0.0013453689817922222	(-8.09668, -7.18753)	(-0.00162163, 0.00332638)
8a261f382a739bbc5f9494b2c64c2744	-5.234391020000013	-3.0199256709500015e-05	0.08111318413155529	0.00042998989519366386	(-5.38235, -5.08033)	(-0.000842263, 0.000795144)
e91f1c5b67ffecb5ca3ca3b393a50f00	-4.37304486	-0.001660782215579999	0.12817810110420735	0.0006578100925880749	(-4.61167, -4.13998)	(-0.00286321, -0.000470593)
99b02f389bd0b7abad0d4d8affb09e22	-9.747667679999992	-4.1919131410000125e-06	0.19216696907329758	0.0010289842099394278	(-10.1241, -9.39348)	(-0.00176405, 0.00211239)
d3d99580d90cca486a23372a474e9571	-8.821355735000008	-0.0007231628452964996	0.12489235333462094	0.0006731666300222835	(-9.07351, -8.60049)	(-0.00197146, 0.000574196)
7076b69bea6fb40b94f8b32fd85fdb46	-9.527629079999981	-0.0018549946789699974	0.14483125880918662	0.000799897905801333	(-9.7981, -9.25162)	(-0.0033125, -0.000322686)
e82ab12c51a893c6d7938a16632199a8	-7.622407120000005	0.0004883821849849997	0.20021201963544963	0.0010806439234731903	(-7.99496, -7.25143)	(-0.00148988, 0.00249876)
2ae945b550c248752a5b463c9aca1a6a	-9.288604724999994	-0.0011966375647149972	0.17699929128085343	0.0009146305222870528	(-9.63663, -8.97297)	(-0.00286989, 0.000510318)
b423592b0ae631882095792b27729b9c	-8.419769679999993	-0.002257960220810002	0.17589760535663246	0.0009003915230745849	(-8.75828, -8.11693)	(-0.00392736, -0.000609421)
3f1ed51e954b35a8108c12dd882b696b	-7.178658780000004	0.0007027651871299994	0.13638768847337948	0.000758123775187593	(-7.42579, -6.92459)	(-0.000740106, 0.00209169)
1fb601d8edb6994ffb112ad1a34828d5	-8.982405614999994	-0.0011127331645499991	0.12870029452849643	0.000671129668638124	(-9.23811, -8.74283)	(-0.00237387, 0.000127889)
9f74473636e6874853d88dfcbcecff49	-6.764856725000002	0.0009001022687800003	0.12337939422944322	0.000620159583787366	(-6.99858, -6.54152)	(-0.000190015, 0.00213075)
4c731267e801c2afe253b5cbb58bdd24	-4.817995899999996	0.0009070631853500002	0.06884094079172652	0.0003761580474296475	(-4.94657, -4.6981)	(0.000257236, 0.00165683)
14387daaf0161dd3c971efd0f8806ffd	-7.914749674999986	-0.00048465542239999976	0.10281009084542415	0.0005539471629422636	(-8.09002, -7.70768)	(-0.00153787, 0.000501059)
c97220e6c4063a029dec2f8160977f83	-6.939326194999989	-0.0003470652341050002	0.13513951474632416	0.0007277436703586034	(-7.1974, -6.71153)	(-0.00155253, 0.00112868)
8a20667bca2eaf2a0687995af876a84c	-6.685193170000008	0.0003747784616199995	0.23532040985803	0.0012650135390703738	(-7.13088, -6.22337)	(-0.00211675, 0.00273854)
131d3b899e72f19fcae1b0f9f8f3a009	-5.6757317500000095	0.0011523926194132008	0.2851281891040197	0.0015440383486526302	(-6.21114, -5.16571)	(-0.00158098, 0.00423563)
c0c365b5a32a28b8d2602de07c5d0b06	-7.600877719999998	-0.00015510085542550016	0.20347717539837631	0.0010823942592499544	(-7.94453, -7.19113)	(-0.0020249, 0.0020199)
a650f349bbdffb95b3624519d1ba72b8	-5.257666800000001	0.0016632569299999986	0.07940587325040885	0.0004305479499892385	(-5.40654, -5.11546)	(0.000849618, 0.00246604)
0f6da5f59be656db2dadef7bf2d1a2e6	-8.394602714999973	-0.0008722239192035002	0.10834076026306431	0.0005892328829401374	(-8.59903, -8.20894)	(-0.00195216, 0.000195091)
e84bea8ae61342674744560dd7de4721	-6.794849875000018	3.5959475784500074e-05	0.18565881379356702	0.0009341964569714272	(-7.1519, -6.45672)	(-0.0016356, 0.00181931)
010f0ac2691bc0be12d0633d4b5d2cc4	-4.561394205000008	-0.00013811772797799998	0.09957402585096153	0.0005308351249612562	(-4.73387, -4.362)	(-0.00118059, 0.000815405)
c8fce068920feb387167d44c01689295	-6.143537980000012	-0.001317075141607002	0.1605225132830891	0.0008548398404746853	(-6.45292, -5.84724)	(-0.00289406, 0.00029737)
86deb5cf8d6f29d383136e0d09863b69	-9.976994620000003	-0.00010821229027850013	0.13610349911025657	0.0007228270632964717	(-10.2278, -9.72127)	(-0.00140033, 0.00125696)
79db4c4f494c95856ce31b42f267c4c4	-8.145303935	0.0010589654543599993	0.22916940707425548	0.001217310642185524	(-8.56122, -7.70995)	(-0.00125296, 0.00329337)
dde2f514908a4fcaa80827346c7b7a19	-7.988091864999999	0.0002236400900375	0.09390322675803926	0.0005051474471517673	(-8.16089, -7.81086)	(-0.000718266, 0.00117846)
7dfa96abfa7484bb6c9cfa90dc9b606f	-5.077636434999987	-0.00488046473	0.10141113230972605	0.0005148475805477061	(-5.27464, -4.90185)	(-0.00580189, -0.00388132)
25f9cac7332bfbe3973f03bae0ee15cc	-9.378309624999996	-0.0006756777360850004	0.13137465034210113	0.0006766327923395863	(-9.60809, -9.12661)	(-0.00191925, 0.000603839)
447b9d6a5c17543a456c597e65b37139	-4.387253469999997	6.264820806220012e-05	0.059493227083081475	0.0003162044567035999	(-4.49147, -4.26778)	(-0.000528656, 0.000633983)
ccce7fe8aa849bed027f6898300e0c45	-8.293429780000002	-0.0019185855066000028	0.12907959985587036	0.0006789292843762385	(-8.55778, -8.07883)	(-0.00328169, -0.000782327)
363c1c39d58bce4fc3218659d0944258	-6.340961174999994	0.0004117578172685003	0.10387732119605975	0.0005529613013438483	(-6.53931, -6.15293)	(-0.000605928, 0.00144596)
7be9bac1b13acbd8acf0de464d7c20e6	-8.156652134999998	0.001551525994100001	0.1080272535904332	0.0005787486516442362	(-8.35668, -7.9577)	(0.000496641, 0.00262711)
2ab8310e1e510f8045c7f4d191fa36be	-8.857012104999997	-0.0012924138263654982	0.1818215840897855	0.000978986197485063	(-9.20053, -8.54103)	(-0.00306852, 0.000511158)
a66dd8d31584930c2b0f811f572dddcf	-7.0717087849999904	0.0014659097185615	0.15673627597838904	0.0008536188581926504	(-7.33477, -6.73832)	(-9.06527e-05, 0.00303313)
10155b2834300619ce0102110a37b057	-6.924771545000006	-0.0001696515677254999	0.06471615958833607	0.0003392593747175279	(-7.04512, -6.80621)	(-0.000791794, 0.000467973)
fca904abacabcc0591dd00b0427f9180	-10.05423741000001	-0.00016279005731899995	0.14315949915703072	0.0007580724185025153	(-10.3037, -9.77)	(-0.00154882, 0.00130048)
ef6752ce31dcb9e16b1155bbaa1a268d	-8.937282495000005	0.0009337688967000004	0.1708028703755441	0.0009252948303176988	(-9.25784, -8.60514)	(-0.000705077, 0.00278763)
a24dae6b87885a55d81df1ea6d1abaf5	-5.384790430000009	-0.0024871400382500035	0.13561041588688938	0.0007121191106103301	(-5.65484, -5.14033)	(-0.0038047, -0.00114458)
79280cea51a6fe8a3432b2f266dd34db	-3.759358145	0.0006217647678800008	0.05569649749049729	0.0003015285158578787	(-3.85579, -3.65401)	(6.21979e-05, 0.00120694)
cba33b3578113908d449fc66ccb245d4	-6.173830034999981	-4.84812504905951e-05	0.0822956247509476	0.0004357634093848605	(-6.33877, -6.02868)	(-0.000854698, 0.000760608)
ef1616938612ecae94c31842853cb904	-8.684688340000001	-0.0010646849370069993	0.09155066301149553	0.0004966321733123688	(-8.86286, -8.51531)	(-0.00210072, -0.000231735)
a378e30f9be477f7777e409c8faea14c	-8.557852094999998	-0.0012465398023300013	0.12031110490541179	0.0006468532901773226	(-8.78178, -8.33315)	(-0.00233425, 5.97514e-05)
322498f1025a569812be6e3fe4f63ff7	-7.838256684999999	-0.0005392171541419998	0.14957442277127714	0.0007807092886065799	(-8.10441, -7.56929)	(-0.00197222, 0.000895834)
d75b7080930e7a77ef3de8c6154895b9	-4.636902310000004	-0.0006682562548899998	0.24569831653384186	0.0013532299992500927	(-5.15185, -4.20611)	(-0.00315832, 0.00198429)
9bf0d2dbffe7925240ea811d2a4cd625	-8.96292375499999	-0.0002785731720948004	0.10996017573035226	0.0005880975266260952	(-9.19164, -8.77577)	(-0.00136535, 0.000813212)
a167e4d4418792dcaba877443ed0e66d	-8.683501555000001	0.0005375449627135012	0.1802548353649132	0.0009479949677999035	(-9.01622, -8.35262)	(-0.00126391, 0.00232606)
ac0202d177961ffb380b6859272bde53	-7.933468700000005	-0.0005135688855049996	0.16777579503733567	0.0008874955185379325	(-8.25796, -7.61227)	(-0.00219351, 0.00110539)
e3ab3e4772986724760dbd52b7af55f7	-8.564351984999998	0.002291281054999997	0.12376017219044974	0.0006819481503653157	(-8.79614, -8.33397)	(0.000955667, 0.00350337)
481e48328fe7a9837c7233de8f60fc23	-9.228045694999981	0.00033189955261000065	0.1519277033339115	0.0008119674587513623	(-9.48101, -8.91445)	(-0.00118862, 0.00180097)
be17b29b03ed02bed133932284568d16	-6.232059710000002	-0.0016902831198000016	0.09623569062003927	0.0005113564009658966	(-6.39768, -6.04631)	(-0.00258638, -0.000722967)
5f9d6c173705f19cd3a1e5145c52789a	-8.790263440000022	-0.000648285008361499	0.1815487064717523	0.0010022813441242682	(-9.11323, -8.44403)	(-0.00246528, 0.00124912)
1ef782a559e3e0a4ab42516e0a2c828f	-8.737361464999976	0.0009145368816858987	0.15776488813485648	0.0008115941750238861	(-9.03143, -8.45163)	(-0.000537537, 0.00249328)
97f56e68f535e44ceb53d05f269e82d6	-6.657764010000002	-0.0009258301945049988	0.0668306623887561	0.0003504839248775509	(-6.77864, -6.53607)	(-0.00161447, -0.000304087)
3f38509af22157cdcb4006457529d25e	-8.963530954999982	0.0005877750166349986	0.1611626828705638	0.0008687686682436918	(-9.23643, -8.63542)	(-0.00104942, 0.00225527)
ccee9fc92f4182805278384a02a4d7d3	-9.88941957999999	0.0010084655557114984	0.13984529113854194	0.0007507577040712889	(-10.1589, -9.62845)	(-0.000428792, 0.00240341)
b3bf877149e7a31ad9a7397a3ca8b011	-9.429375095000015	0.0006217266487215004	0.17075517749570868	0.0008988640130312338	(-9.75379, -9.09559)	(-0.00105262, 0.00234918)
33852dc244bb69590e8e756a83bb2f4c	-9.433030459999992	-0.0005438126272449997	0.12450832984779925	0.0006886580994584733	(-9.66151, -9.19928)	(-0.00181282, 0.00073996)
8f5959f21dc9ce9a281656f8d699ec07	-6.49532407	-0.0023501694754100013	0.11796666973613823	0.0006509557944273797	(-6.70592, -6.28426)	(-0.0035269, -0.00113556)
2086666afdd5de098b04a94247040c11	-7.551932954999982	-0.0022193745494050003	0.1396678060614469	0.0007540796555775607	(-7.80688, -7.28504)	(-0.00366652, -0.000816583)
96169c3701e79f42346c41eb7b5bf2af	-8.956712755000009	-0.0033599542600000008	0.1514069639922813	0.0008470925801873654	(-9.22953, -8.67291)	(-0.00493106, -0.00175152)
d05c86b5bfc092d8677507fb1eae8d66	-5.281676655000001	-0.0025655580110000055	0.1522301809236951	0.0007853555352645045	(-5.55988, -5.00621)	(-0.00411386, -0.00115425)
25dd2ae928b2e5e1ac2e28dbe2112991	-6.39020573	0.00029719850263182975	0.08884182736958474	0.0004642796742727436	(-6.55125, -6.22147)	(-0.000603919, 0.00111327)
cebcb0fe524fb1cf0bfb5463ae228bed	-8.323186254999994	-0.0032232738200000037	0.15146235605530822	0.0008321855067102345	(-8.60541, -8.03336)	(-0.00475429, -0.00168498)
90104f2fbcc925a6619e805c7a625c57	-8.285107335000012	-0.0017376374121649985	0.15660147501970637	0.0008680761515502422	(-8.55012, -7.97041)	(-0.00336994, -0.000123354)
4c2189b6b5ced3cb80093414e9449de9	-5.869486294999994	-0.0004899075908499991	0.0687919202953586	0.00036627840834183197	(-5.99154, -5.73672)	(-0.00115992, 0.000194372)
c4e57b91cc2be5a2232b3612abdf4c0c	-8.212758584999998	0.0007660328942060015	0.23183776010897747	0.0012737926927421498	(-8.65636, -7.81757)	(-0.00132087, 0.00338026)
1600415004247da005dd77bd44c633d9	-7.880896540000004	-0.0007976239073319994	0.08113724021205311	0.000437035983022294	(-8.01998, -7.71705)	(-0.00162048, 4.46652e-06)
3b092a59cd0e2d57483420cc994ec49c	-5.3699552349999955	-0.00204816288105	0.10212664415932196	0.0005535308620772695	(-5.54896, -5.16223)	(-0.00308354, -0.00109335)
2c5c5d710e1b9229efa72f98ca7b4e71	-8.571506944999983	-0.0016744924978700003	0.19936442673585728	0.0011072395682479323	(-8.9577, -8.22108)	(-0.00360871, 0.000414332)
db093685d2f3295cfa4da0a44d3d9ad0	-8.115832164999986	0.00038318792485250003	0.12550515070172533	0.0006530685624673968	(-8.34529, -7.88738)	(-0.000855573, 0.00157675)
63a2de21003c952fd04b694d8444e66f	-7.084347879999991	-0.00015610522533000007	0.1485874520832954	0.0007879623081620966	(-7.36168, -6.80902)	(-0.00171592, 0.00118504)
59196a586276f0be745d0e334fc071c6	-3.516575960000004	0.0007549670166999999	0.0525854052696982	0.00028429351285646863	(-3.60963, -3.41947)	(0.000243638, 0.00128802)
8507091bac6b1be88f3d360d6d535d0e	-7.748156464999989	-0.0020234710520000056	0.08446714868310505	0.0004547947489314256	(-7.9185, -7.60224)	(-0.0028683, -0.00117508)
8f649d1053a0ead08b37f8e06fbb2818	-8.618350719999995	0.0013690003377099993	0.09789216897066688	0.0005215191682051914	(-8.7897, -8.43577)	(0.000450134, 0.00235611)
8a70333f85e6869971ef357eceadf3ef	-8.086732439999986	0.0004000913040040007	0.11897893765094052	0.000595317065752604	(-8.30296, -7.86741)	(-0.00075626, 0.00148535)
8e0da29b36fbc3879561566e87f11ea7	-8.702895254999994	-0.000231117213876	0.16013896567523783	0.0008295606901002464	(-8.9546, -8.36987)	(-0.0017281, 0.00136087)
5093cebf67405c910fb68525ffa6dc3d	-10.215135959999985	0.0003757436303250005	0.12699716879119163	0.000670031439311079	(-10.4591, -9.98297)	(-0.000956228, 0.00154806)
bde648dc2bd51d522327b0bb99e98340	-9.902044780000013	0.0010789674981965005	0.12654710732115362	0.0006488203700678548	(-10.1201, -9.64507)	(-0.000123852, 0.00228674)
8720f9ecd2331ce68e2896df1bf2d977	-3.9911851499999966	0.0018628943339999999	0.08773546211582578	0.00048760521440606284	(-4.14547, -3.81914)	(0.000973596, 0.00279134)
3af2ddaf4af4b5ae4100439a9c3d4099	-9.062604714999987	0.0006715994455099998	0.11875275220102804	0.0006155598978150932	(-9.2681, -8.82631)	(-0.000453635, 0.00181608)
de24ab68045830f7ea823f771a1f7dd3	-6.68346168999998	0.001892751238849997	0.11438587526589081	0.0006116617363025322	(-6.91147, -6.48842)	(0.000742516, 0.00305913)
aec9d6920c8746590e4dff84ba121b90	-7.808287379999995	-0.0006617816984459996	0.13173852464687624	0.000713828016786969	(-8.02486, -7.53742)	(-0.00197082, 0.000601135)
192522c9b7c41f7a761f8a2ba792268a	-7.060515569999991	0.0014486149654099989	0.11669851238329941	0.0006334601655625958	(-7.28586, -6.85372)	(0.000307771, 0.00261367)
458157e555a80f9ba01d9da37ef787eb	-4.821172565000005	-0.0010961425843015	0.15511567108893545	0.0008327438130536045	(-5.09693, -4.52154)	(-0.00253495, 0.000538092)
3017f87a3b0f5200ed54eca17eef3cbb	-8.491283065000005	-0.0012707902169140025	0.17043399023215927	0.0009296476377236828	(-8.80786, -8.17278)	(-0.00307856, 0.000423809)
c5e3c5422835403541b0af331a2cc649	-8.637068035000008	0.0005840738716095009	0.22102195544105743	0.0012029157364180372	(-9.00223, -8.19078)	(-0.00165214, 0.00284583)
be7fc30c58dc772f88007fdefcf21a96	-7.991582489999996	0.00044923347385499994	0.08658906695651541	0.0004617825814208641	(-8.1561, -7.82775)	(-0.0003967, 0.00133067)
3d766867c97f511431bf97e059d6498f	-5.958422880000003	0.0013441601975352	0.09308033421838148	0.0004873159998150187	(-6.1289, -5.78466)	(0.00042125, 0.00220139)
9099a7f671b923c7b07c12508f17270a	-8.287450159999986	0.0011532227984700004	0.11866699077028302	0.0006358359219169134	(-8.5069, -8.05796)	(-7.35612e-05, 0.00229218)
4973330392dab23937c67af9843e5359	-7.792263300000011	-0.0014858981211980013	0.11896236999786954	0.0006503046877633535	(-8.02142, -7.5765)	(-0.00271, -0.000301086)
2cf53730a41137e7ad95ed3680541d80	-8.857806989999993	-0.002061285134435001	0.15144041527161736	0.0008371590014759075	(-9.13653, -8.56166)	(-0.00361702, -0.00050275)
2a0968119cb66a61a416f8d924c224ac	-6.032565535000005	-0.0012423356668829991	0.23873355525881518	0.0012737105393667606	(-6.43978, -5.55734)	(-0.00385435, 0.000924828)
a4e2a4e1321a599651edf92f6999e78e	-7.0750285799999935	-0.0029994638910455025	0.25646065997357875	0.0014024995063718004	(-7.55428, -6.58825)	(-0.00554884, -0.000303928)
782772ed674928794b78f5a59ee3d08c	-9.236041950000006	-0.0011125946431850007	0.12814414389818024	0.0006886761013135886	(-9.49978, -9.01703)	(-0.00231276, 0.000297442)
ab5c396eaf731e031c9764a05b798753	-8.244272640000007	-0.0020161895539699995	0.13037872825399993	0.0006822377487734815	(-8.4683, -8.00046)	(-0.00331216, -0.000742625)
04195686f2b70585790ec75320de0d6f	-6.007184375000021	0.0008335460922070001	0.19289799363707577	0.0010627933920222615	(-6.32538, -5.60583)	(-0.00100486, 0.0028606)
9f4d14b114e7499772a797790d81c1db	-4.903101855000007	-0.00042206906408150075	0.05778124796427448	0.0003124996587612798	(-5.01035, -4.79603)	(-0.0010064, 0.000176219)
b1f2146bef78066448576fceeb6b644b	-4.673750914999996	0.00021518217926199995	0.0939932787789254	0.0004989332458348433	(-4.83237, -4.46694)	(-0.00078219, 0.00105275)
3bff9ab82e7f2a76cc22e687ac7b72fd	-6.153625660000005	-0.0038361073340500013	0.2062563711773877	0.0010968087431311262	(-6.55658, -5.79116)	(-0.00588186, -0.00182054)
c1365ec008032ee718dcafaf5ac17adb	-6.831312210000004	-0.0008748139523700012	0.09267466605613368	0.0004953197517246022	(-6.997, -6.66101)	(-0.00180809, 6.19407e-05)
cc968157f7691aab95df444e8cd103e2	-5.169327419999992	-0.0010637839607999992	0.05885460011370058	0.00031370904110358285	(-5.28084, -5.05442)	(-0.00164791, -0.000456399)
09ee2c2d76be17c9ede2d4c57412adeb	-8.855815289999992	-0.0009181500905960009	0.18663101946063496	0.0010129029494726951	(-9.19967, -8.51379)	(-0.00281176, 0.00101914)
d9b76ee51ff2b6961430bf352cc578f2	-9.593394675	0.0006492562323214496	0.15671479832834678	0.000843895396460525	(-9.86592, -9.27831)	(-0.000884114, 0.00230551)
d2cccbadb958c9c6547274fa10531f74	-7.07301817	2.566495229115e-05	0.10249341970756524	0.0005453992819557607	(-7.25961, -6.87602)	(-0.00106778, 0.00101583)
2268b83b6cb307bfd1cd008dae1ce4b3	-7.376249495	0.00031247584195499985	0.17611704245016993	0.0009326897511914499	(-7.70598, -7.05204)	(-0.00144868, 0.00202219)
e9ad916c93ff127ade2a8283db7603a1	-5.860701319999999	-0.002073023395518999	0.2671390838809583	0.0014689413728657724	(-6.34554, -5.36017)	(-0.00482337, 0.000800247)
624d0040eafc828499b5009791d96b85	-8.905046404999984	-0.0004370963334158501	0.10745821679390552	0.0005698568243520152	(-9.10478, -8.70993)	(-0.00148134, 0.000625039)
bc5146d3526a9ef5179457a2077b1b46	-9.267545929999992	0.0008204677873049995	0.08920395798581532	0.00047093074069186965	(-9.45201, -9.11987)	(-3.03403e-05, 0.00170925)
7bbb537e486b770d58232a6c683a3a9f	-7.130693130000001	-0.0005101098553242493	0.09045136471553701	0.00047971312910907726	(-7.31134, -6.96668)	(-0.00139811, 0.000406047)
30c16856bd5bae4cd2f1182341b30ffc	-8.472160279999997	-0.003963656185000004	0.1793259200819045	0.0009857661071202913	(-8.82348, -8.15121)	(-0.00581897, -0.0021518)
ac5402de1ddf427ab8d2b0a8a0a44f19	-3.72731865500001	0.0005860491720694989	0.09752470923330646	0.0005112548346261712	(-3.90407, -3.54258)	(-0.000330794, 0.00154782)
d0037fe3397f56b52e971759e3f2f7a8	-9.16211896500001	0.0019363223067718775	0.18770483378186834	0.0010172605750642897	(-9.506, -8.8172)	(8.01451e-05, 0.00387119)
3d7f3a3956e66e4728521a97abd9f07b	-7.407268005000021	-0.0006314785640205501	0.19073267073071146	0.001044075889803216	(-7.77817, -7.08076)	(-0.00259733, 0.00135005)
3e15d94435169ddada1e508dd8b83a55	-7.977025230000002	-0.0005311651233045002	0.1391384805251484	0.0007306446309397846	(-8.23585, -7.72862)	(-0.00187462, 0.000856124)
ed1528f4822674c9e1da64b84c778e9f	-5.846902015000007	-0.0006455483982734981	0.1176024259825868	0.0006111521753812322	(-6.07423, -5.63176)	(-0.0017726, 0.000485228)
477734397215c70bdacce28d5685cc6e	-6.249033144999992	0.0001768608170790002	0.2254695305746633	0.0011357899666705393	(-6.62848, -5.78746)	(-0.00204446, 0.00221387)
1243750138937650754b619370565800	-5.565458789999993	-0.0037197021299999913	0.13896068466813155	0.0007459901590043023	(-5.80612, -5.29539)	(-0.00513129, -0.00231485)
997c1b9bc29e50b9096303c708bb54e8	-9.61896263000001	0.0006949197772015002	0.13797774449810052	0.0007164482874974109	(-9.86137, -9.33694)	(-0.000634018, 0.00205354)
8aff935557eab67b0baa4553b8518105	-8.819978199999982	0.00020688633367500008	0.15484957022465376	0.0008096010591619629	(-9.11065, -8.52772)	(-0.00127258, 0.00173445)
39bb3fb5b2257fd2eacca408dc42c5d1	-5.701779445000004	0.0018981570396500015	0.1205430422236886	0.0006686714105667189	(-5.93242, -5.48399)	(0.000606091, 0.00309586)
b9024a1f377b62508864cfea59b16a31	-7.55572586999999	-0.0004522114619799993	0.09076379770780353	0.00048436172472027467	(-7.73748, -7.39473)	(-0.00135096, 0.000461962)
7ab1bc6052053650189083370055ae66	-6.030496324999998	-0.0005805300575150019	0.16299632974010292	0.0008836857376070314	(-6.32744, -5.72438)	(-0.00212103, 0.00108201)
8183f1e3f9806994e125b1d5c6932498	-6.285227225000008	-0.0008250877873100014	0.1251794497864939	0.0006611902253359832	(-6.5439, -6.06452)	(-0.00214541, 0.000359326)
92f000f936d3f349c5e7719a5edc5078	-7.328047695000012	0.00014041078036984992	0.07185109901829605	0.00037703480670046527	(-7.45255, -7.18983)	(-0.000554494, 0.000877652)
6509bd0f539df985ac2f40c335cdb999	-8.147945259999997	-0.0023977514839299986	0.1409977980261834	0.0007709364176378911	(-8.41808, -7.88935)	(-0.00392953, -0.0010736)
c4f9ef34bd2919511069f409c25de6f1	-4.679642339999991	-0.00011011586281500006	0.20177870696811498	0.001055850122131252	(-5.0525, -4.31332)	(-0.00200877, 0.00193169)
74923f4bbde849e27fc4eda25d757e2a	-8.567559859999998	0.0009189481077060002	0.2341685137809531	0.0013226146846199041	(-9.02018, -8.13321)	(-0.00164653, 0.00335265)
3edf7e19ca2ce44d4d3daa243e8725f7	-9.507931275000004	-0.0003566940589759995	0.11426215394925984	0.0006044022415191421	(-9.73634, -9.30794)	(-0.00147249, 0.00083988)
ebab7cfc7858bfb00c486bba21d6ca6d	-5.375423805000003	-0.0017105635482999998	0.12974775735507707	0.0006829824050259635	(-5.5997, -5.12186)	(-0.00294439, -0.000416598)
8937656c16c20701c107e715bad86732	-3.281641010000006	0.0003611651692375503	0.10579138878226282	0.0005596716125928158	(-3.48543, -3.08773)	(-0.000710606, 0.00134299)
6a6880faba39965be0e4b7d88966d1c9	-6.147677194999982	-0.0012928490009900008	0.13810223249238956	0.0007278491864894269	(-6.42035, -5.90148)	(-0.00260511, 0.000163275)
85c05d873041801d03eed489230b23f6	-8.044366065000002	-0.0003030575388960003	0.09070924588797868	0.00048374576486310064	(-8.21513, -7.88293)	(-0.00122943, 0.000565209)
6d8fe4ac153ead767024e041ff1f0ec6	-7.762432200000012	-0.0037847661839500073	0.2123524766207355	0.0011698666669407633	(-8.14644, -7.35993)	(-0.00595886, -0.0015178)
ed5952d1e022067b212146b9b3bc6812	-4.645043185	-0.0005990345399480002	0.19371369582816234	0.0010471008351235537	(-4.97892, -4.25049)	(-0.00243972, 0.00142486)
7029eddc845e01d613a3bbc113ebeaba	-6.319028335000006	-0.0011647580990899993	0.11888966514242434	0.0006213422971400265	(-6.55786, -6.10206)	(-0.00222208, 0.000168618)
41d23d8bc82f57b26b6896d5e2e947e8	-9.560291444999999	-0.0005713380119904983	0.13776273890846527	0.0007472709724835319	(-9.80015, -9.28643)	(-0.00205082, 0.00079351)
0021d135d4ac12982cc8abdf2b38e23f	-6.557062864999997	-0.0010182391018999986	0.23511030636223024	0.001213469733905477	(-6.98142, -6.09251)	(-0.00331509, 0.00119682)
e4c0082e2ab8c9772768fc29bb86caa3	-6.67599226999999	0.00015268845412750022	0.09230634742609578	0.0004812796702416639	(-6.8326, -6.48237)	(-0.000717073, 0.0010588)
46d8ab5615f60d7b522f3590976668be	-8.846915420000009	-0.000803771752831701	0.08820312887434097	0.00047291191831325363	(-9.00513, -8.68301)	(-0.00175449, 7.94387e-06)
28bb502265419a0e86626d75a1183ce7	-8.046328995000012	-0.001547049671055001	0.18384804334134194	0.0010073241243338674	(-8.39178, -7.72295)	(-0.00341358, 0.000296137)
ea3af29626a95b6c7b89d631bf1a739c	-5.163512864999997	-0.0013385853251349992	0.10099414909756799	0.00053865107378962	(-5.35291, -4.98094)	(-0.00229921, -0.000249435)
94b000e59b7ac160b0416c9ab45ff0bf	-7.769529144999984	0.0018359280202600013	0.21833119740435372	0.0011801629676954281	(-8.19241, -7.3828)	(-0.000452134, 0.00389457)
75878b49cacdd2ffdcea1186a43be92d	-8.187486629999988	0.0008866305012869984	0.11547061177175381	0.0005901579153746438	(-8.41195, -7.9802)	(-0.000145477, 0.00202749)
aea50462b44fe88301c739b72353e16f	-8.421622665000003	-0.00021658188905120007	0.1051058328474104	0.0005542164841776953	(-8.61474, -8.22135)	(-0.00125517, 0.000865058)
2d575dfaf20c70d49b09be32a1492254	-8.87414145500001	0.00031742934824550013	0.08742837105158137	0.00045779405455834274	(-9.02774, -8.7033)	(-0.000550256, 0.00112511)
b955f67a541a149dd3b179dc62d37a72	-7.8988677950000055	0.00029287545525500004	0.11865199158879697	0.0006324663048003427	(-8.13109, -7.69134)	(-0.000942757, 0.00141846)
ad7bc2bb6e1ec90a9bc3c8949bce80d6	-6.216022785000012	-0.00033407525211999955	0.28181066677965494	0.0014467631313101288	(-6.69728, -5.71045)	(-0.00286234, 0.00251204)
8f1c11c7b732265cbfc1bb7dbd0241e7	-5.757783775000005	0.0004890616041155003	0.09393574409988655	0.0005091929255907103	(-5.92107, -5.57314)	(-0.00047097, 0.0013919)
1fd31ccf4d6163405f70131e32d5065a	-6.809421299999992	-0.0008453195772930004	0.1781394296597751	0.0008980534637556745	(-7.17832, -6.50292)	(-0.00258265, 0.000792049)
5093ad88995f6fe457c7fe96bb0ed33b	-6.106040259999992	0.000582997773617	0.11625389174015809	0.0006141316496799271	(-6.31596, -5.88867)	(-0.0005604, 0.00171002)
f9b52205cb2d03153fd394a290212a10	-5.292015379999996	0.00034261355430999983	0.16348364496106532	0.0008528174119369798	(-5.57692, -4.95735)	(-0.00130003, 0.00186834)
9d4e16844252e2dfbaf80a4a6fc4d55d	-9.284887509999983	-0.0012936670389999988	0.16102938847893536	0.000845227834033951	(-9.59591, -9.00163)	(-0.00288215, 0.000284448)
148c7eb0139bbc1b8c87dd31464742e4	-5.664461790000002	-3.504980405000004e-06	0.09403418343291924	0.0005081795918067136	(-5.8328, -5.48968)	(-0.000861351, 0.00101365)
eea6b86c0c75e740670ccc50613b1b23	-3.3262540350000034	-0.00017187978860550018	0.0468940105873743	0.0002517149577390414	(-3.40999, -3.23759)	(-0.00066634, 0.00026416)
3fe55dd5e59267f275e972017302459f	-6.234478699999984	-5.673279764500007e-05	0.24097292646355514	0.0012495393832900976	(-6.69584, -5.78989)	(-0.00228812, 0.00239692)
f11bd4248a2f95e53507c5bbf8dda43a	-6.80283213000001	7.774318305750008e-05	0.11429056494025695	0.0006110695049381733	(-7.01601, -6.59259)	(-0.00107166, 0.00120612)
09a55cd0bdf9fa4929eab3f0ed841bf5	-8.808324569999995	-0.0009965086300785001	0.13165253297530988	0.0007129595623369617	(-9.04571, -8.56838)	(-0.00225871, 0.000373103)
bfb7bb16ab570748b3a5d099e9426af1	-8.644307645000014	0.0015507878555000019	0.086586447005891	0.0004557519258455006	(-8.79245, -8.47147)	(0.000706014, 0.00239663)
ad52a0f6646c574417ce0b13b84acfa9	-3.577522605000005	-0.0002012474764650001	0.14580816437142324	0.0007793329190081546	(-3.84059, -3.28905)	(-0.00170906, 0.00117982)
180b74e94caf35fac5e1f0f4b7ad9d9f	-6.453177355000007	0.00038588874209300047	0.06414747881136072	0.000342965673876386	(-6.57826, -6.33492)	(-0.000234669, 0.0010698)
810926a593979f3574e3bbe7defd3559	-9.43941621999999	0.00011429605857749968	0.17376199997442374	0.000917990293355328	(-9.76903, -9.12135)	(-0.00160202, 0.00178328)
5d62137a2d05df0be8d6b7e163a3ef08	-5.377426769999993	0.0012637786407799982	0.23532757044695587	0.0012830075188776419	(-5.83078, -4.94442)	(-0.00120826, 0.00361534)
f9765bd9332162f70268554ab318197e	-6.780267039999993	-0.0009335037606835493	0.16753792617983063	0.0009177477711991926	(-7.06705, -6.46509)	(-0.00268238, 0.000766837)
bc5b6cc17572b4fd6ebd80081410427e	-9.822298255000021	-2.7465679626500004e-05	0.11445266535518073	0.0006002745255045057	(-10.0416, -9.61322)	(-0.00117896, 0.00105282)
a29679284280410db95e5cb8c0b2d73d	-8.831587905000005	-0.00017696829152500027	0.16250311045657248	0.0008856065901996448	(-9.15589, -8.53119)	(-0.00187305, 0.00141559)
1c86153e1b13ab5322c96f2602b73513	-5.321937240000002	-0.0008802008138550006	0.22144095594397692	0.0011948147751718009	(-5.75914, -4.9246)	(-0.00322821, 0.00120463)
fec0355651c9ad579f01f3e332311725	-7.074557614999999	-4.7451889073850094e-05	0.10348742309363865	0.0005685303181266185	(-7.27035, -6.8727)	(-0.00111901, 0.000987201)
f10155af1849a17996f302d71b32398c	-8.136077424999998	-0.0001814636006249997	0.2402421927936878	0.001372862744754532	(-8.60084, -7.67258)	(-0.00280082, 0.00247973)
0cc26190e976fc496119a5eb4cd0fee7	-10.137240014999993	0.0006903906714000008	0.14249088940858554	0.0007685443156258776	(-10.3981, -9.86878)	(-0.000716689, 0.00211667)
9c25197937d1f54e2634026fbca6b55f	-6.347083930000011	-0.004777165057999997	0.26895822516044204	0.0013936185482003394	(-6.81878, -5.80379)	(-0.00725652, -0.00203107)
40ced57decad1424c32de76ae039c050	-9.380750735000015	-0.0006213848236879975	0.11557013048149498	0.0006255038996046973	(-9.59438, -9.17419)	(-0.00174445, 0.000544783)
2ad31c7624bd7744a56a5ccac67ed01a	-8.689908695	0.0002535592092694998	0.10685103856419437	0.0005543086859021682	(-8.87078, -8.47262)	(-0.000870137, 0.0011874)
41df3b4c55182503ecd97c6dbe47966a	-6.502161865000001	-0.001300743665865002	0.09473381562711271	0.0005017990081205418	(-6.67857, -6.32467)	(-0.00217132, -0.000305994)
fea3411c847e6627afb5e78b88e2e9af	-5.60177686000001	-0.00017579463234000008	0.15627441362596878	0.0008370381048720148	(-5.92866, -5.31438)	(-0.00175052, 0.00150363)
8bb5ff097e0707dca3fe5860af20f4a6	-6.500465964999983	-0.0013939690036649994	0.09884657494455112	0.0005130823283661522	(-6.70171, -6.32479)	(-0.00232171, -0.000388977)
bda6b6e7da7508c68057140e7bd6cd8d	-6.0071878150000035	-0.0013861586325199981	0.11969688912071104	0.0006367040282102167	(-6.22308, -5.76394)	(-0.00256829, -0.000129736)
1a5526b9f7147b6893f1a034a107cc65	-9.675102785000016	-0.0011622127855900012	0.15338880987247352	0.0008374504358763245	(-9.96265, -9.3821)	(-0.00273327, 0.000398222)
97f26830027d30dfbd60b54895af0660	-8.793084820000002	-0.0018440044823500004	0.1395290575678327	0.0007472186016273828	(-9.02958, -8.51628)	(-0.00319314, -0.000319335)
d061a99148d649c4eca4836c5f4b5b68	-4.718170549999994	0.00017634196294799955	0.06706754000034217	0.0003633949449352181	(-4.84527, -4.59457)	(-0.00052783, 0.000810684)
f9f5f08e8da4cc9740518223846563db	-8.375440819999994	-0.0005508935458100003	0.17893350783664771	0.0009488722353448023	(-8.71946, -8.06481)	(-0.00233841, 0.00121897)
40c85a458df8d5a935122ba778d4f334	-5.673677409999999	0.001431635653369998	0.17524894889240253	0.0009083073608835523	(-5.99841, -5.36149)	(-0.000153681, 0.00321963)
7ebc04cb539befd9f2e7faa131628c66	-8.25622337999999	-0.00035509805881849964	0.1341958979662776	0.0007311528759409179	(-8.50656, -8.0118)	(-0.00173794, 0.0010079)
f7ef98bb6d0061b9368a72b1ff40aad0	-9.219516805000003	0.0020371057183500006	0.2042769525197152	0.0011045104395938283	(-9.62755, -8.86768)	(7.10712e-05, 0.004152)
362b97b08074732371b6e76cd1a894e1	-6.903601579999989	-0.0011670331062255037	0.23314490933195078	0.0012016286057127167	(-7.33962, -6.49238)	(-0.00347625, 0.000979485)
2fad39e365933a7f925040cb3c2a5ef8	-6.035709574999983	-0.00037286519393740016	0.1687041444691545	0.000885566293298047	(-6.37693, -5.75089)	(-0.00193499, 0.00128656)
4c855814a58f4f324e8f0cfaab222e1f	-9.02591462500001	0.0012701365178399981	0.21575274722644763	0.0011505576723163744	(-9.40481, -8.59782)	(-0.000757233, 0.00351642)
2f61368750bbc7603f01c928568e7ad3	-6.763489419999992	-0.0013132043393499996	0.07797901329052317	0.0004168269115834674	(-6.91579, -6.62336)	(-0.00205461, -0.000486139)
599ba6458e91e2527f358f547ea39261	-4.177550174999996	-0.00031950629805349947	0.06061471311009712	0.0003189293567384694	(-4.29063, -4.06356)	(-0.000908046, 0.00031462)
4b548f1f6fc22f32237396b7d4ffee6e	-7.722867294999999	0.0005503665903935011	0.07973275230188016	0.0004177805467917242	(-7.87199, -7.56353)	(-0.000204705, 0.00139398)
eb3543a838a705addef1d704eda7cad3	-7.86616229999999	-0.001013235860259999	0.23541590091773748	0.0012532830958926968	(-8.32322, -7.41937)	(-0.00329053, 0.00140883)
2281740c4ae82360612b5bc7e9538337	-6.454647749999987	-7.9748052348e-05	0.1504307484666533	0.0007976950368697093	(-6.73313, -6.17349)	(-0.00157936, 0.00141975)
96936173022b85940115c9ea103505bd	-7.92349601500002	-0.001356953460170002	0.11298522345895413	0.0006202764433248074	(-8.12536, -7.70051)	(-0.00247146, -0.000164175)
f45b62ab6ec22fb20364a7e05088158f	-6.661601274999994	-0.0039886004655000015	0.1550593397761785	0.0008271477482797325	(-6.95489, -6.38105)	(-0.00552115, -0.00249852)
c16907f7272c334959e9f980842194cf	-8.328877550000007	0.0014227063596169995	0.19596298351882047	0.001003782759006425	(-8.6861, -7.96143)	(-0.000472562, 0.00336325)
266c2a374ca451985731e1e1b5961bd2	-7.65114251500001	-0.00513483855	0.12256299988832178	0.0006756985841215728	(-7.87103, -7.41997)	(-0.00632489, -0.00388093)
2ad8a4ebf774763b765f4ab5b516ff21	-9.33571585	-0.00027767262601999997	0.16143998728870576	0.0008817597458232488	(-9.61212, -9.00854)	(-0.00193984, 0.00128626)
f12011ad5219b22b6ca790103333a755	-9.256267115000002	0.0005704768016325002	0.0983415413567774	0.0005081845223193769	(-9.44255, -9.07653)	(-0.000319664, 0.00162245)
b9fefd4224e459a6a0d21db63b1c0d03	-8.86946169000001	-0.00038169226867500015	0.19895983109246898	0.0010769204218988484	(-9.2654, -8.51306)	(-0.0023256, 0.00171962)
0cc2420a6a4698f8bf664d50b17d26b4	-6.113551544999989	-0.0004577712014482299	0.13045209696767235	0.0007074851794322328	(-6.36607, -5.88202)	(-0.00182845, 0.000911137)
33f9226b33e1f59f71edc044bb947764	-4.360664629999994	0.00027410810538900033	0.18019894754760127	0.0009324252471437397	(-4.68672, -4.02687)	(-0.00145376, 0.00202967)
b4ef8e75d847b17325effd2f3873cc9c	-7.464236199999996	0.00028274571215499957	0.17789918797976567	0.0009372025725001571	(-7.77988, -7.0996)	(-0.00145371, 0.00201844)
8ffd2b3caa54b2922e98a0d5aab5adde	-6.900588510000012	-0.0006300838595449992	0.17205408149381382	0.0009423027314585608	(-7.24507, -6.59869)	(-0.00226232, 0.00124818)
42608e863ede290f764f14c074e8e4fb	-9.068394654999977	0.00043500971221350034	0.12457229839125937	0.0006672158981420156	(-9.30486, -8.83475)	(-0.000757548, 0.00173683)
2a8a90cd5770804a5f23f425004de7e5	-6.262329539999992	-0.0002261040626899998	0.2541022798697181	0.001326470474747399	(-6.7558, -5.79256)	(-0.00281326, 0.00234218)
f19fa34c0c987ab3bd8aa42d8a4d21ec	-8.724954589999998	-0.0013013596759600028	0.1251628006007851	0.000695775118903866	(-8.95439, -8.47999)	(-0.002532, 8.18789e-05)
340a5698fe78713b785c3bcce89df73b	-8.591588489999994	0.0004640321475490009	0.13832910265204473	0.0007266740174139541	(-8.83964, -8.32594)	(-0.00088459, 0.00186275)
376917760e5aa918592416e980809536	-5.753229800000005	-0.001254974300595	0.21338127023302664	0.0011698310976314893	(-6.17147, -5.376)	(-0.00338568, 0.000971918)
589c1370b3324a2d6cff6d1ff85341d1	-7.4479459400000065	-0.0018628090118049986	0.18522668672876605	0.000983551681861721	(-7.79881, -7.10885)	(-0.00370883, -4.87528e-05)
e5a43b018c81cedd19e9a5354d32d469	-6.152413064999994	-0.0017304233598580022	0.17351789152406094	0.0009273659885597947	(-6.48717, -5.82789)	(-0.00351328, -3.45555e-05)
f4dfb45b33372cdc0dc2fd20c0d0b448	-7.793730529999995	-0.002758483234185	0.22015635265605923	0.001211312582683977	(-8.18654, -7.37889)	(-0.00498665, -0.000438668)
e1b3393309a8b247e0c358c26176d13c	-6.836138190000008	0.0007503079229249989	0.07777022599828225	0.0004154951952003744	(-6.97523, -6.68802)	(-6.72343e-07, 0.00153143)
b47757a69204f053308f7f5f0022edab	-7.524950039999995	-0.0011095894897700002	0.16544225364216497	0.0008889015375082623	(-7.82195, -7.21518)	(-0.00275593, 0.000562521)
03569e3fd843f501355f7853b0ec9361	-6.39539935000001	0.0006874268100770019	0.14815507623695354	0.000805641971276472	(-6.66503, -6.10892)	(-0.000762268, 0.00221199)
25e04b2be57def00437d44ab461e8773	-7.330849619999997	-0.003474400739849996	0.20662663990094693	0.0011372243332250956	(-7.75916, -6.9687)	(-0.00569914, -0.00141744)
4d04d759f5a6615dac43060726239891	-5.084413294999999	-0.001472031421415001	0.1093498840556906	0.0005917943410776568	(-5.27127, -4.86426)	(-0.00252837, -0.000338185)
237135dc8b20f922cabee934f7d410a1	-6.465461284999996	-0.0007964068102620017	0.14886146292610045	0.0007894501062911052	(-6.7389, -6.17251)	(-0.00214777, 0.000817952)
9dd9cefe38347b087dd318d82962cc03	-5.551995570000002	-0.001381147337755002	0.11511831899561048	0.0005989305813964314	(-5.77326, -5.34194)	(-0.00255437, -0.000315365)
c764eda12e92f19526c7e5a78a38c615	-9.693906805	-0.0011558220029369995	0.1613604307485017	0.0008624906630662437	(-10.0141, -9.40711)	(-0.00287689, 0.000406197)
6fc765c81c8b663cedcd799094894748	-8.461734315000008	-0.0016348154871950015	0.15968719311463514	0.000859117306809539	(-8.74583, -8.13502)	(-0.00334176, -0.000182105)
1a389bf765c8ff0f92600f684fbe7ad7	-5.755853484999993	-0.0008124367112604998	0.12236212117565137	0.0006656110819659246	(-5.99585, -5.53757)	(-0.00205029, 0.000413064)
b0645cbec7653c887cb868a248d95874	-3.7931583649999965	5.779275012999988e-06	0.07611994954988321	0.0004218863821986152	(-3.92611, -3.64875)	(-0.000741228, 0.000830104)
d6c46ad81c01997055a3b713c0d5ee1b	-6.280821679999989	-0.0007172417272279994	0.1959139221249413	0.0010827756557100004	(-6.64056, -5.89492)	(-0.00269095, 0.00126213)
fe2a1f2b6f247658881254d63fd68b74	-6.086471525000001	0.0004121039277678995	0.1999944507223245	0.0010873392451823723	(-6.46569, -5.70857)	(-0.00151198, 0.00255647)
89aabf43d24dd5bd0fd0f5aca189d341	-5.373975329999988	0.0006027284242699997	0.04648800063555219	0.00025003976778465315	(-5.4624, -5.28977)	(0.000115745, 0.00105541)
2ae8a432208b85a14e86eb821c86ce2b	-4.299777984999996	-2.0594377048299968e-05	0.0808466374896927	0.00042795659096050455	(-4.4474, -4.13949)	(-0.00073455, 0.000877315)
f596fa835cdfdb22d6494b012f61fff2	-5.595634864999998	-0.000489349284991	0.09105207938362402	0.00048715066387506505	(-5.76685, -5.42982)	(-0.00139247, 0.000404542)
f7895578be91c3e9c71c7b89e3e798db	-8.898826160000008	0.0001003178657242498	0.20563759057977324	0.0011044955512608517	(-9.27203, -8.5083)	(-0.00205753, 0.00207043)
8b40296c81e6ffbc10306d4a2ccab530	-9.44969457500001	0.0002049448051545003	0.09746040054616732	0.0004992560468495442	(-9.63046, -9.25972)	(-0.000678592, 0.00117267)
40a6b537d995aeb12b0100e2cb6ad879	-7.274603569999989	0.0009687683149840009	0.12386558833774249	0.0006589703979629401	(-7.48797, -7.03198)	(-0.000361145, 0.00215408)
9ac5fec396208e598ab2e2d26985d0df	-8.377074455000006	0.0014567992714999982	0.07411699573649062	0.000394821780885054	(-8.52188, -8.24892)	(0.000685247, 0.00218124)
19cb3add28813b2bf3e1f40a000d33c2	-4.409156240000015	-4.454149991049993e-05	0.11534224712594433	0.0006088688593568348	(-4.60826, -4.17584)	(-0.00118612, 0.00109595)
686d42b9552375c3b61301ae5605e3a2	-5.937442300000006	-0.003699125710000005	0.18717900841656915	0.0009845774099682086	(-6.28693, -5.59189)	(-0.00558292, -0.00190456)
51625f89e7332f46ab0641e10cede6ea	-6.956495349999999	-0.003153745378174998	0.21082708859934846	0.0011115965700680304	(-7.33982, -6.58121)	(-0.00534151, -0.00121816)
ddd87ec4b9d332c2d8c02f5d1b08dbb4	-7.564088304999999	0.0006668123360840013	0.08245407649459771	0.00044930574232265814	(-7.72457, -7.40758)	(-0.000170777, 0.00152961)
588a23811b3e98af68f4f0fb24a0daa8	-5.466533814999999	1.269522720500003e-05	0.13400380668397363	0.0007152301265461513	(-5.73627, -5.23464)	(-0.00127256, 0.00136295)
7c82a2ef7685c5c6dc3080f56033cee9	-8.438843779999981	-0.003199771378999996	0.1626782033700632	0.000875894300666586	(-8.75753, -8.13782)	(-0.00480264, -0.00157016)
b835514e2678e3c7ba13bfe0a0d79bb4	-8.171005650000017	-0.0023749329035500024	0.18691849607082098	0.0010306049373047267	(-8.54798, -7.85948)	(-0.00416333, -0.000304477)
c162a4f3943238810eba8a25f0563cca	-5.275262519999997	1.1725604128999995e-05	0.09135461558864774	0.0005009273473776051	(-5.43907, -5.10968)	(-0.000930277, 0.000924508)
5b00db3216a94bcd5c4842499bf6bf6e	-7.880348900000003	-0.0004614416725265005	0.0933253224054973	0.0004883205641240952	(-8.05887, -7.71124)	(-0.00139161, 0.000420019)
beef5a54aaee13f217ecede427cb3071	-7.423121019999987	-0.0011685485034600006	0.19386216947965795	0.001050555012362242	(-7.81585, -7.05711)	(-0.00307049, 0.000891634)
f7686a74ca2d3729eb66305e8a26309b	-3.774796684999993	0.0002658399932029997	0.059449316889774076	0.0003186316538265245	(-3.88904, -3.66456)	(-0.000334644, 0.000870451)
5ca5ea401c8d3569e69626d2f81d5578	-5.695550815000007	-0.0017876788192052013	0.23295458400616592	0.0012568573910035127	(-6.12165, -5.26096)	(-0.00404129, 0.000561965)
b6d740387526e21887b761f90fbc914a	-8.396992845000016	-0.0003097991913499997	0.1617076001635545	0.0008665994603884144	(-8.70993, -8.11074)	(-0.00193604, 0.00136199)
5e69d50b5a886d1b222f36de84a9dc98	-9.293429775000016	0.00047394176981500007	0.17574921497036447	0.0009336643290798613	(-9.61736, -8.94728)	(-0.00137795, 0.00213584)
208c8722c4dd18b60b2b2684272ff26c	-7.851318469999992	-0.0036921861658984934	0.1803404698825504	0.0009618736532912939	(-8.1721, -7.51206)	(-0.00556655, -0.00198008)
95fb1be2ae50b6d347649ea76c2a1874	-8.835129440000006	-0.0011225151666650016	0.1349762499485979	0.0007182096501697392	(-9.06817, -8.56733)	(-0.00242122, 0.000227242)
ea2b0e4a93c24c6c3661cbe347f93b74	-4.308228140000004	-0.0004127454226819994	0.0710616117403792	0.0003860533249091484	(-4.429, -4.16401)	(-0.00112682, 0.000301421)
04b5dd98584b9ead93ed64c586994296	-7.814761460000007	0.0004028668484372497	0.12212147587246226	0.0006471029933027161	(-8.03445, -7.58849)	(-0.00080812, 0.00161599)
ec6c9ea52e88226c339487585ea02f42	-5.248330564999997	-0.001582556996850001	0.12018641525409912	0.0006112966941156916	(-5.46385, -5.01883)	(-0.00271398, -0.00041738)
4ce0afbaae4138f34580aa9f62b7a0fd	-8.072199029999982	-0.002363678051300003	0.17201665461361323	0.0009266579647448353	(-8.39681, -7.7555)	(-0.00395237, -0.000550163)
f655279fdb3e9fe733677c83df662486	-8.355260325000005	-0.0016788051387	0.09626535819049545	0.0005053854560467173	(-8.52754, -8.16452)	(-0.00259208, -0.00074209)
