	Feature	Intercept_mean	CV_oils_nuts_fg_eaten_mean	Intercept_std	CV_oils_nuts_fg_eaten_std	Intercept_hdi	CV_oils_nuts_fg_eaten_hdi	lower	upper	credible	Taxon
0	266c2a374ca451985731e1e1b5961bd2	-7.65114251500001	-0.00513483855	0.1225629998883217	0.0006756985841215	(-7.87103, -7.41997)	(-0.00632489, -0.00388093)	0.00119005145	0.0012539085499999997	yes	d__Bacteria; p__Bacillota_A_368345; c__Clostridia_258483; o__Lachnospirales; f__Lachnospiraceae; g__Eubacterium_J; s__Eubacterium_J plexicaudatum
1	7dfa96abfa7484bb6c9cfa90dc9b606f	-5.077636434999987	-0.00488046473	0.101411132309726	0.0005148475805477	(-5.27464, -4.90185)	(-0.00580189, -0.00388132)	0.0009214252699999998	0.0009991447299999997	yes	d__Bacteria; p__Bacillota_A_368345; c__Clostridia_258483; o__Lachnospirales; f__Lachnospiraceae; g__Eubacterium_J; s__Eubacterium_J plexicaudatum
2	9c25197937d1f54e2634026fbca6b55f	-6.347083930000011	-0.0047771650579999	0.268958225160442	0.0013936185482003	(-6.81878, -5.80379)	(-0.00725652, -0.00203107)	0.0024793549420001	0.0027460950579999	yes	d__Bacteria; p__Bacillota_A_368345; c__Clostridia_258483; o__Lachnospirales; f__Lachnospiraceae; g__Jutongia; s__
3	f45b62ab6ec22fb20364a7e05088158f	-6.661601274999994	-0.0039886004655	0.1550593397761785	0.0008271477482797	(-6.95489, -6.38105)	(-0.00552115, -0.00249852)	0.0015325495345	0.0014900804654999996	yes	d__Bacteria; p__Bacillota_A_368345; c__Clostridia_258483; o__Lachnospirales; f__Lachnospiraceae; g__Muricoprocola; s__Muricoprocola aceti
4	30c16856bd5bae4cd2f1182341b30ffc	-8.472160279999997	-0.003963656185	0.1793259200819045	0.0009857661071202	(-8.82348, -8.15121)	(-0.00581897, -0.0021518)	0.0018553138149999997	0.0018118561849999998	yes	d__Bacteria; p__Bacillota_A_368345; c__Clostridia_258483; o__Lachnospirales; f__Lachnospiraceae; g__Roseburia_A_166204; s__Roseburia_A_166204 hominis
5	b10627ff6db16c65eed2f21380dd700f	-5.537405990000005	-0.0039602249712549	0.2007945911682379	0.0010485536004316	(-5.91327, -5.14591)	(-0.00603916, -0.00210637)	0.0020789350287450997	0.0018538549712549001	yes	d__Bacteria; p__Bacillota_A_368345; c__Clostridia_258483; o__Oscillospirales; f__Oscillospiraceae_88309; g__Limivicinus; s__Limivicinus sp002320035
6	3bff9ab82e7f2a76cc22e687ac7b72fd	-6.153625660000005	-0.00383610733405	0.2062563711773877	0.0010968087431311	(-6.55658, -5.79116)	(-0.00588186, -0.00182054)	0.00204575266595	0.0020155673340499997	yes	d__Bacteria; p__Bacillota_A_368345; c__Clostridia_258483; o__Lachnospirales; f__Lachnospiraceae; g__Butyribacter; s__Butyribacter intestini
7	6d8fe4ac153ead767024e041ff1f0ec6	-7.762432200000012	-0.00378476618395	0.2123524766207355	0.0011698666669407	(-8.14644, -7.35993)	(-0.00595886, -0.0015178)	0.00217409381605	0.00226696618395	yes	d__Bacteria; p__Bacillota_A_368345; c__Clostridia_258483; o__Oscillospirales; f__CAG-272; g__Avispirillum; s__
8	1243750138937650754b619370565800	-5.565458789999993	-0.0037197021299999	0.1389606846681315	0.0007459901590043	(-5.80612, -5.29539)	(-0.00513129, -0.00231485)	0.0014115878700001003	0.0014048521299999	yes	d__Bacteria; p__Bacillota_A_368345; c__Clostridia_258483; o__Lachnospirales; f__Lachnospiraceae; g__Lachnospira; s__Lachnospira sp000437735
9	686d42b9552375c3b61301ae5605e3a2	-5.937442300000006	-0.00369912571	0.1871790084165691	0.0009845774099682	(-6.28693, -5.59189)	(-0.00558292, -0.00190456)	0.00188379429	0.00179456571	yes	d__Bacteria; p__Bacillota_A_368345; c__Clostridia_258483; o__Lachnospirales; f__Lachnospiraceae; g__Roseburia_A_166204; s__Roseburia_A_166204 hominis
10	208c8722c4dd18b60b2b2684272ff26c	-7.851318469999992	-0.0036921861658984	0.1803404698825504	0.0009618736532912	(-8.1721, -7.51206)	(-0.00556655, -0.00198008)	0.0018743638341015998	0.0017121061658984002	yes	d__Bacteria; p__Bacillota_A_368345; c__Clostridia_258483; o__Oscillospirales; f__Ruminococcaceae; g__Ruminiclostridium_E; s__Ruminiclostridium_E siraeum
11	3a1461e8439091ad6b93af0ddb3849eb	-6.523763574999991	-0.003630914519	0.2101921998830341	0.0011309052141808	(-6.91662, -6.13443)	(-0.00577562, -0.0014538)	0.0021447054810000005	0.002177114519	yes	d__Bacteria; p__Bacillota_A_368345; c__Clostridia_258483; o__TANB77; f__CAG-508; g__CAG-269; s__CAG-269 sp000431335
12	69d052e452e79d571cba042af265d50c	-4.580017795000005	-0.0035108615539999	0.1812148283543264	0.0009929986653933	(-4.91293, -4.2486)	(-0.00536074, -0.00166825)	0.0018498784460001002	0.0018426115539998998	yes	d__Bacteria; p__Bacillota_A_368345; c__Clostridia_258483; o__Lachnospirales; f__Lachnospiraceae; g__Coprococcus_A_121497; s__Coprococcus_A_121497 eutactus
13	25e04b2be57def00437d44ab461e8773	-7.330849619999997	-0.0034744007398499	0.2066266399009469	0.001137224333225	(-7.75916, -6.9687)	(-0.00569914, -0.00141744)	0.0022247392601501	0.0020569607398499	yes	d__Bacteria; p__Bacillota_A_368345; c__Clostridia_258483; o__Lachnospirales; f__Lachnospiraceae; g__Coprococcus_A_121497; s__Coprococcus_A_121497 eutactus
14	7efeb75fc542932a033b37b887994dc8	-7.769200150000007	-0.003368011523	0.1839785730795233	0.0009746039678742	(-8.1091, -7.4238)	(-0.00520265, -0.00162051)	0.0018346384769999998	0.001747501523	yes	d__Bacteria; p__Bacillota_A_368345; c__Clostridia_258483; o__Christensenellales; f__Aristaeellaceae; g__SFMI01; s__
15	96169c3701e79f42346c41eb7b5bf2af	-8.956712755000009	-0.00335995426	0.1514069639922813	0.0008470925801873	(-9.22953, -8.67291)	(-0.00493106, -0.00175152)	0.0015711057400000002	0.00160843426	yes	d__Bacteria; p__Bacillota_A_368345; c__Clostridia_258483; o__Lachnospirales; f__Lachnospiraceae; g__Blautia_A_141781; s__
16	2a99ec1157a90661db7ff643b82f1914	-5.906122884999992	-0.00329170032955	0.2782310578553852	0.0014910034184813	(-6.46291, -5.39513)	(-0.00608895, -0.000575613)	0.00279724967045	0.00271608732955	yes	d__Bacteria; p__Bacteroidota; c__Bacteroidia; o__Bacteroidales; f__Bacteroidaceae; g__Bacteroides_H_857956; s__Bacteroides_H_857956 fragilis
17	cebcb0fe524fb1cf0bfb5463ae228bed	-8.323186254999994	-0.00322327382	0.1514623560553082	0.0008321855067102	(-8.60541, -8.03336)	(-0.00475429, -0.00168498)	0.0015310161800000002	0.0015382938200000002	yes	d__Bacteria; p__Bacillota_A_368345; c__Clostridia_258483; o__Lachnospirales; f__Lachnospiraceae; g__Lachnospira; s__Lachnospira sp000437735
18	7c82a2ef7685c5c6dc3080f56033cee9	-8.438843779999981	-0.0031997713789999	0.1626782033700632	0.0008758943006665	(-8.75753, -8.13782)	(-0.00480264, -0.00157016)	0.0016028686210001002	0.0016296113789999003	yes	d__Bacteria; p__Pseudomonadota; c__Gammaproteobacteria; o__Burkholderiales; f__Burkholderiaceae_A_595421; g__Oxalobacter; s__Oxalobacter paraformigenes
19	51625f89e7332f46ab0641e10cede6ea	-6.956495349999999	-0.0031537453781749	0.2108270885993484	0.001111596570068	(-7.33982, -6.58121)	(-0.00534151, -0.00121816)	0.0021877646218250997	0.0019355853781749001	yes	d__Bacteria; p__Bacillota_A_368345; c__Clostridia_258483; o__Lachnospirales; f__Lachnospiraceae; g__Roseburia_D; s__Roseburia_D yibonii
20	a4e2a4e1321a599651edf92f6999e78e	-7.0750285799999935	-0.0029994638910455	0.2564606599735787	0.0014024995063718	(-7.55428, -6.58825)	(-0.00554884, -0.000303928)	0.0025493761089545003	0.0026955358910454997	yes	d__Bacteria; p__Bacillota_I; c__Bacilli_A; o__MOL361; f__Turicibacteraceae; g__Turicibacter; s__Turicibacter bilis
21	f4dfb45b33372cdc0dc2fd20c0d0b448	-7.793730529999995	-0.002758483234185	0.2201563526560592	0.0012113125826839	(-8.18654, -7.37889)	(-0.00498665, -0.000438668)	0.0022281667658149997	0.0023198152341849998	yes	d__Bacteria; p__Bacillota_A_368345; c__Clostridia_258483; o__Oscillospirales; f__CAG-272; g__Avispirillum; s__Avispirillum sp011957885
22	d05c86b5bfc092d8677507fb1eae8d66	-5.281676655000001	-0.002565558011	0.1522301809236951	0.0007853555352645	(-5.55988, -5.00621)	(-0.00411386, -0.00115425)	0.0015483019890000006	0.001411308011	yes	d__Bacteria; p__Bacillota_A_368345; c__Clostridia_258483; o__Oscillospirales; f__Ruminococcaceae; g__Ruminiclostridium_E; s__Ruminiclostridium_E siraeum
23	a24dae6b87885a55d81df1ea6d1abaf5	-5.384790430000009	-0.00248714003825	0.1356104158868893	0.0007121191106103	(-5.65484, -5.14033)	(-0.0038047, -0.00114458)	0.0013175599617499998	0.00134256003825	yes	d__Bacteria; p__Bacillota_A_368345; c__Clostridia_258483; o__Lachnospirales; f__Lachnospiraceae; g__Acetatifactor; s__Acetatifactor acetigignens
24	1986030e3c5cd5df6d869054bc96e536	-7.400291165000021	-0.0024121626895	0.1559863218064095	0.0008643017347397	(-7.68637, -7.11208)	(-0.00404655, -0.000832566)	0.0016343873105000004	0.0015795966895	yes	d__Bacteria; p__Pseudomonadota; c__Gammaproteobacteria; o__Enterobacterales_737866; f__Pasteurellaceae; g__Haemophilus_D_735815; s__Haemophilus_D_735815 parainfluenzae_P
25	6509bd0f539df985ac2f40c335cdb999	-8.147945259999997	-0.0023977514839299	0.1409977980261834	0.0007709364176378	(-8.41808, -7.88935)	(-0.00392953, -0.0010736)	0.0015317785160700995	0.0013241514839299	yes	d__Bacteria; p__Bacillota_A_368345; c__Clostridia_258483; o__Lachnospirales; f__Lachnospiraceae; g__Acetatifactor; s__Acetatifactor acetigignens
26	b835514e2678e3c7ba13bfe0a0d79bb4	-8.171005650000017	-0.00237493290355	0.1869184960708209	0.0010306049373047	(-8.54798, -7.85948)	(-0.00416333, -0.000304477)	0.0017883970964499996	0.00207045590355	yes	d__Bacteria; p__Bacillota_I; c__Bacilli_A; o__Erysipelotrichales; f__Coprobacillaceae; g__Thomasclavelia; s__Thomasclavelia saccharogumia
27	4ce0afbaae4138f34580aa9f62b7a0fd	-8.072199029999982	-0.0023636780513	0.1720166546136132	0.0009266579647448	(-8.39681, -7.7555)	(-0.00395237, -0.000550163)	0.0015886919487000002	0.0018135150513	yes	d__Bacteria; p__Bacillota_A_368345; c__Clostridia_258483; o__Christensenellales; f__Aristaeellaceae; g__Limiplasma; s__Limiplasma merdipullorum
28	8f5959f21dc9ce9a281656f8d699ec07	-6.49532407	-0.00235016947541	0.1179666697361382	0.0006509557944273	(-6.70592, -6.28426)	(-0.0035269, -0.00113556)	0.0011767305245899999	0.00121460947541	yes	d__Bacteria; p__Bacillota_A_368345; c__Clostridia_258483; o__Lachnospirales; f__Lachnospiraceae; g__Blautia_A_141781; s__
30	b423592b0ae631882095792b27729b9c	-8.419769679999993	-0.00225796022081	0.1758976053566324	0.0009003915230745	(-8.75828, -8.11693)	(-0.00392736, -0.000609421)	0.0016693997791900005	0.00164853922081	yes	d__Bacteria; p__Bacillota_A_368345; c__Clostridia_258483; o__Oscillospirales; f__Oscillospiraceae_88309; g__Dysosmobacter; s__Dysosmobacter sp000403435
31	55d4d3011e1f3bb8e4e5089b801b61a4	-9.072890304999984	-0.0022578855940949	0.1621564296377327	0.0008851431093694	(-9.35102, -8.75114)	(-0.00391755, -0.000553214)	0.0016596644059050998	0.0017046715940948998	yes	d__Bacteria; p__Bacillota_A_368345; c__Clostridia_258483; o__Lachnospirales; f__Lachnospiraceae; g__UBA3402; s__UBA3402 sp003478355
32	2086666afdd5de098b04a94247040c11	-7.551932954999982	-0.002219374549405	0.1396678060614469	0.0007540796555775	(-7.80688, -7.28504)	(-0.00366652, -0.000816583)	0.001447145450595	0.0014027915494049998	yes	d__Bacteria; p__Bacillota_A_368345; c__Clostridia_258483; o__Oscillospirales; f__Oscillospiraceae_88309; g__Onthomonas; s__
33	426bd7119a31b73ef734771a071a216c	-5.486061375	-0.00220738645345	0.1193804746303155	0.0006273924015831	(-5.69674, -5.2528)	(-0.0034405, -0.00110534)	0.0012331135465499998	0.0011020464534500002	yes	d__Bacteria; p__Bacillota_A_368345; c__Clostridia_258483; o__Lachnospirales; f__Lachnospiraceae; g__Blautia_A_141781; s__Blautia_A_141781 obeum
34	27b636c66fa117272ed27920bad78969	-8.063156359999995	-0.0021448069168499	0.1480608536057062	0.0008154852554954	(-8.33134, -7.75948)	(-0.00375284, -0.000659114)	0.0016080330831501001	0.0014856929168498996	yes	d__Bacteria; p__Bacillota_A_368345; c__Clostridia_258483; o__Clostridiales; f__Clostridiaceae_222000; g__Clostridium_T; s__Clostridium_T celatum
36	2cf53730a41137e7ad95ed3680541d80	-8.857806989999993	-0.002061285134435	0.1514404152716173	0.0008371590014759	(-9.13653, -8.56166)	(-0.00361702, -0.00050275)	0.001555734865565	0.0015585351344349998	yes	d__Bacteria; p__Bacteroidota; c__Bacteroidia; o__Bacteroidales; f__Rikenellaceae; g__Alistipes_A_871404; s__Alistipes_A_871404 indistinctus
37	ab153c3e19553cead3d76fb9e00684c2	-6.586395310000004	-0.00205485815341	0.1804995697039299	0.0009569909656804	(-6.89197, -6.21369)	(-0.00393905, -0.000337544)	0.0018841918465900003	0.0017173141534100001	yes	d__Bacteria; p__Bacillota_A_368345; c__Clostridia_258483; o__Lachnospirales; f__Lachnospiraceae; g__Eubacterium_F; s__Eubacterium_F sp000687695
38	3b092a59cd0e2d57483420cc994ec49c	-5.369955234999996	-0.00204816288105	0.1021266441593219	0.0005535308620772	(-5.54896, -5.16223)	(-0.00308354, -0.00109335)	0.0010353771189500001	0.0009548128810499999	yes	d__Bacteria; p__Bacillota_A_368345; c__Clostridia_258483; o__Clostridiales; f__Clostridiaceae_222000; g__Clostridium_T; s__Clostridium_T celatum
39	8507091bac6b1be88f3d360d6d535d0e	-7.748156464999989	-0.002023471052	0.084467148683105	0.0004547947489314	(-7.9185, -7.60224)	(-0.0028683, -0.00117508)	0.0008448289479999998	0.000848391052	yes	d__Bacteria; p__Bacillota_A_368345; c__Clostridia_258483; o__Lachnospirales; f__Lachnospiraceae; g__UBA3402; s__UBA3402 sp003478355
40	ab5c396eaf731e031c9764a05b798753	-8.244272640000007	-0.0020161895539699	0.1303787282539999	0.0006822377487734	(-8.4683, -8.00046)	(-0.00331216, -0.000742625)	0.0012959704460301	0.0012735645539699002	yes	d__Bacteria; p__Bacillota_A_368345; c__Clostridia_258483; o__Lachnospirales; f__Lachnospiraceae; g__Blautia_A_141781; s__Blautia_A_141781 obeum
41	ccce7fe8aa849bed027f6898300e0c45	-8.293429780000002	-0.0019185855066	0.1290795998558703	0.0006789292843762	(-8.55778, -8.07883)	(-0.00328169, -0.000782327)	0.0013631044933999999	0.0011362585066	yes	d__Bacteria; p__Bacillota_A_368345; c__Clostridia_258483; o__Lachnospirales; f__Lachnospiraceae; g__Catonella; s__Catonella morbi
42	a9387e76477da8688775569cf540191b	-5.76858884500001	-0.0018832172262449	0.1546571168230417	0.0008105366103964	(-6.04603, -5.47491)	(-0.00332547, -0.000388196)	0.0014422527737551001	0.0014950212262449	yes	d__Bacteria; p__Bacillota_A_368345; c__Clostridia_258483; o__Peptostreptococcales; f__Peptostreptococcaceae_256921; g__Terrisporobacter; s__
43	589c1370b3324a2d6cff6d1ff85341d1	-7.4479459400000065	-0.0018628090118049	0.185226686728766	0.0009835516818617	(-7.79881, -7.10885)	(-0.00370883, -4.87528e-05)	0.0018460209881951003	0.0018140562118048999	yes	d__Bacteria; p__Bacteroidota; c__Bacteroidia; o__Bacteroidales; f__UBA11471; g__Caccoplasma; s__
44	7076b69bea6fb40b94f8b32fd85fdb46	-9.52762907999998	-0.0018549946789699	0.1448312588091866	0.0007998979058013	(-9.7981, -9.25162)	(-0.0033125, -0.000322686)	0.0014575053210300999	0.0015323086789699	yes	d__Bacteria; p__Bacillota_A_368345; c__Clostridia_258483; o__Oscillospirales; f__Acutalibacteraceae; g__Caproiciproducens; s__
45	97f26830027d30dfbd60b54895af0660	-8.793084820000002	-0.00184400448235	0.1395290575678327	0.0007472186016273	(-9.02958, -8.51628)	(-0.00319314, -0.000319335)	0.0013491355176500001	0.00152466948235	yes	d__Bacteria; p__Bacillota_A_368345; c__Clostridia_258483; o__Lachnospirales; f__Lachnospiraceae; g__Butyribacter; s__Butyribacter sp003529475
46	490d2aec117bd7289577684ba3cc1b64	-6.553913239999996	-0.00182855800985	0.1749507601972692	0.0009166396736216	(-6.88933, -6.23554)	(-0.003463, -4.02216e-05)	0.00163444199015	0.00178833640985	yes	d__Bacteria; p__Bacillota_A_368345; c__Clostridia_258483; o__Oscillospirales; f__Ruminococcaceae; g__Angelakisella; s__Angelakisella massiliensis
48	913d55d109820d0f3fad120be103c64f	-8.097421894999988	-0.0017815228333364	0.1578321373420475	0.0008462676881498	(-8.3759, -7.81186)	(-0.00331084, -0.000165653)	0.0015293171666636	0.0016158698333364	yes	d__Bacteria; p__Bacillota_A_368345; c__Clostridia_258483; o__Clostridiales; f__Clostridiaceae_222000; g__Clostridium_T; s__
49	90104f2fbcc925a6619e805c7a625c57	-8.285107335000012	-0.0017376374121649	0.1566014750197063	0.0008680761515502	(-8.55012, -7.97041)	(-0.00336994, -0.000123354)	0.0016323025878351	0.0016142834121649	yes	d__Bacteria; p__Bacillota_A_368345; c__Clostridia_258483; o__Christensenellales; f__Aristaeellaceae; g__; s__
50	e5a43b018c81cedd19e9a5354d32d469	-6.152413064999994	-0.001730423359858	0.1735178915240609	0.0009273659885597	(-6.48717, -5.82789)	(-0.00351328, -3.45555e-05)	0.0017828566401420002	0.001695867859858	yes	d__Bacteria; p__Bacteroidota; c__Bacteroidia; o__Bacteroidales; f__Bacteroidaceae; g__Bacteroides_H_857956; s__Bacteroides_H_857956 cellulosilyticus
52	ebab7cfc7858bfb00c486bba21d6ca6d	-5.375423805000003	-0.0017105635482999	0.129747757355077	0.0006829824050259	(-5.5997, -5.12186)	(-0.00294439, -0.000416598)	0.0012338264517000998	0.0012939655482999	yes	d__Bacteria; p__Bacillota_A_368345; c__Clostridia_258483; o__Clostridiales; f__Clostridiaceae_222000; g__Clostridium_T; s__
53	12bb0c9249480c4cec2cc9f692018806	-8.117505370000002	-0.00170595201055	0.0951121094717337	0.0005196406701953	(-8.29299, -7.93665)	(-0.00267814, -0.000756866)	0.0009721879894499998	0.00094908601055	yes	d__Bacteria; p__Bacillota_A_368345; c__Clostridia_258483; o__Peptostreptococcales; f__Anaerovoracaceae; g__Lentihominibacter; s__Lentihominibacter butyrica
72	8bb5ff097e0707dca3fe5860af20f4a6	-6.500465964999983	-0.0013939690036649	0.0988465749445511	0.0005130823283661	(-6.70171, -6.32479)	(-0.00232171, -0.000388977)	0.0009277409963350997	0.0010049920036649	yes	d__Bacteria; p__Bacteroidota; c__Bacteroidia; o__Bacteroidales; f__Rikenellaceae; g__Alistipes_A_871400; s__Alistipes_A_871400 shahii
73	bda6b6e7da7508c68057140e7bd6cd8d	-6.007187815000004	-0.0013861586325199	0.119696889120711	0.0006367040282102	(-6.22308, -5.76394)	(-0.00256829, -0.000129736)	0.0011821313674801	0.0012564226325198998	yes	d__Bacteria; p__Bacillota_A_368345; c__Clostridia_258483; o__Oscillospirales; f__Oscillospiraceae_88309; g__Hominicoprocola; s__Hominicoprocola sp900317525
74	9dd9cefe38347b087dd318d82962cc03	-5.551995570000002	-0.001381147337755	0.1151183189956104	0.0005989305813964	(-5.77326, -5.34194)	(-0.00255437, -0.000315365)	0.0011732226622449997	0.0010657823377550001	yes	d__Bacteria; p__Bacillota_A_368345; c__Clostridia_258483; o__Oscillospirales; f__Oscillospiraceae_88309; g__Faecousia; s__Faecousia sp000434635
76	96936173022b85940115c9ea103505bd	-7.92349601500002	-0.00135695346017	0.1129852234589541	0.0006202764433248	(-8.12536, -7.70051)	(-0.00247146, -0.000164175)	0.00111450653983	0.00119277846017	yes	d__Bacteria; p__Bacillota_A_368345; c__Clostridia_258483; o__Lachnospirales; f__Lachnospiraceae; g__Lachnospira; s__Lachnospira eligens
78	ea3af29626a95b6c7b89d631bf1a739c	-5.163512864999997	-0.0013385853251349	0.1009941490975679	0.0005386510737896	(-5.35291, -4.98094)	(-0.00229921, -0.000249435)	0.0009606246748651	0.0010891503251349	yes	d__Bacteria; p__Bacillota_A_368345; c__Clostridia_258483; o__Lachnospirales; f__Lachnospiraceae; g__Lachnospira; s__Lachnospira eligens
80	2f61368750bbc7603f01c928568e7ad3	-6.763489419999992	-0.0013132043393499	0.0779790132905231	0.0004168269115834	(-6.91579, -6.62336)	(-0.00205461, -0.000486139)	0.0007414056606501	0.0008270653393499	yes	d__Bacteria; p__Bacillota_A_368345; c__Clostridia_258483; o__Lachnospirales; f__Lachnospiraceae; g__Blautia_A_141781; s__Blautia_A_141781 obeum
82	41df3b4c55182503ecd97c6dbe47966a	-6.502161865000001	-0.001300743665865	0.0947338156271127	0.0005017990081205	(-6.67857, -6.32467)	(-0.00217132, -0.000305994)	0.0008705763341350001	0.000994749665865	yes	d__Bacteria; p__Bacillota_A_368345; c__Clostridia_258483; o__Lachnospirales; f__Lachnospiraceae; g__Alitiscatomonas; s__Alitiscatomonas sp900066535
86	1fa555f9a74d47a6ca7a65a347bc885f	-5.733272420000005	-0.00127764969553	0.081831288487617	0.0004296396718877	(-5.87984, -5.58023)	(-0.00209999, -0.000504636)	0.00082234030447	0.0007730136955299999	yes	d__Bacteria; p__Bacillota_A_368345; c__Clostridia_258483; o__Oscillospirales; f__Oscillospiraceae_88309; g__Dysosmobacter; s__Dysosmobacter sp000403435
92	e9d9bafcf863ec0908ce4e20e6386ff9	-9.286463515000015	-0.00120602137445	0.1261521215814256	0.0006662484585622	(-9.529, -9.06356)	(-0.00263122, -8.36459e-05)	0.0014251986255500002	0.00112237547445	yes	d__Bacteria; p__Bacillota_A_368345; c__Clostridia_258483; o__Lachnospirales; f__Lachnospiraceae; g__Alitiscatomonas; s__Alitiscatomonas sp900066535
94	9dc78fd8f2f7cb10e190e77af61c7ecd	-7.963241520000007	-0.0011794698054349	0.0797976311746759	0.0004314144891593	(-8.10618, -7.81523)	(-0.00204172, -0.000426829)	0.0008622501945650999	0.0007526408054349	yes	d__Bacteria; p__Bacillota_A_368345; c__Clostridia_258483; o__Lachnospirales; f__Lachnospiraceae; g__; s__
108	959d48a11e3b26c9268f0bd1dae6ec40	-4.048796004999999	-0.0010884349763	0.0613592806117377	0.0003319907806539	(-4.17377, -3.94621)	(-0.00169782, -0.000421183)	0.0006093850237000001	0.0006672519762999999	yes	d__Bacteria; p__Bacillota_A_368345; c__Clostridia_258483; o__Lachnospirales; f__Lachnospiraceae; g__Blautia_A_141781; s__Blautia_A_141781 obeum
109	ef1616938612ecae94c31842853cb904	-8.684688340000001	-0.0010646849370069	0.0915506630114955	0.0004966321733123	(-8.86286, -8.51531)	(-0.00210072, -0.000231735)	0.0010360350629931	0.0008329499370069	yes	d__Bacteria; p__Bacillota_A_368345; c__Clostridia_258483; o__Lachnospirales; f__Lachnospiraceae; g__Lientehia; s__Lientehia sp902363445
110	cc968157f7691aab95df444e8cd103e2	-5.169327419999992	-0.0010637839607999	0.0588546001137005	0.0003137090411035	(-5.28084, -5.05442)	(-0.00164791, -0.000456399)	0.0005841260392001001	0.0006073849607998999	yes	d__Bacteria; p__Bacillota_A_368345; c__Clostridia_258483; o__UBA1381; f__UBA1381; g__Hominilimicola; s__Hominilimicola sp001941225
121	97f56e68f535e44ceb53d05f269e82d6	-6.657764010000002	-0.0009258301945049	0.0668306623887561	0.0003504839248775	(-6.77864, -6.53607)	(-0.00161447, -0.000304087)	0.0006886398054951	0.0006217431945049	yes	d__Bacteria; p__Bacillota_A_368345; c__Clostridia_258483; o__Lachnospirales; f__Lachnospiraceae; g__Limivivens; s__Limivivens sp900066135
139	bad4f7c5ada34a1f813946abcfe5c556	-4.567358945000002	-0.0007913942424389	0.0639399814766705	0.000337476656514	(-4.69162, -4.45822)	(-0.0013921, -0.000126139)	0.0006007057575611001	0.0006652552424388999	yes	d__Bacteria; p__Bacillota_A_368345; c__Clostridia_258483; o__Lachnospirales; f__Lachnospiraceae; g__; s__
144	8a9f7499cdb85b8efa497bb56256cb43	-6.29637923	-0.0007380134004424	0.0645410912869243	0.0003463338404916	(-6.41564, -6.17657)	(-0.00137329, -0.000100835)	0.0006352765995576001	0.0006371784004424	yes	d__Bacteria; p__Bacillota_A_368345; c__Clostridia_258483; o__Lachnospirales; f__Lachnospiraceae; g__Brotaphodocola; s__Brotaphodocola sp003481825
319	89aabf43d24dd5bd0fd0f5aca189d341	-5.373975329999988	0.0006027284242699	0.0464880006355521	0.0002500397677846	(-5.4624, -5.28977)	(0.000115745, 0.00105541)	0.0004869834242699	0.0004526815757300999	yes	d__Bacteria; p__Bacillota_A_368345; c__Clostridia_258483; o__Lachnospirales; f__Lachnospiraceae; g__Dorea_A; s__Dorea_A formicigenerans
321	79280cea51a6fe8a3432b2f266dd34db	-3.759358145	0.00062176476788	0.0556964974904972	0.0003015285158578	(-3.85579, -3.65401)	(6.21979e-05, 0.00120694)	0.0005595668678799999	0.0005851752321200001	yes	d__Bacteria; p__Bacillota_A_368345; c__Clostridia_258483; o__Oscillospirales; f__Ruminococcaceae; g__Faecalibacterium; s__Faecalibacterium duncaniae
335	59196a586276f0be745d0e334fc071c6	-3.516575960000004	0.0007549670166999	0.0525854052696982	0.0002842935128564	(-3.60963, -3.41947)	(0.000243638, 0.00128802)	0.0005113290166999	0.0005330529833001	yes	d__Bacteria; p__Bacillota_A_368345; c__Clostridia_258483; o__Lachnospirales; f__Lachnospiraceae; g__Blautia_A_141781; s__Blautia_A_141781 fusiformis
348	4c731267e801c2afe253b5cbb58bdd24	-4.817995899999996	0.00090706318535	0.0688409407917265	0.0003761580474296	(-4.94657, -4.6981)	(0.000257236, 0.00165683)	0.0006498271853500001	0.0007497668146499999	yes	d__Bacteria; p__Bacillota_A_368345; c__Clostridia_258483; o__Lachnospirales; f__Lachnospiraceae; g__Bariatricus; s__Bariatricus comes
353	3e5f388f7ad4f160c2a1cdd1441d00c0	-6.704472685000012	0.00096238222879	0.0833759218824041	0.0004307115818188	(-6.86223, -6.54937)	(0.000137729, 0.00176133)	0.00082465322879	0.00079894777121	yes	d__Bacteria; p__Bacillota_A_368345; c__Clostridia_258483; o__Oscillospirales; f__Ruminococcaceae; g__Faecalibacterium; s__Faecalibacterium duncaniae
354	2b982979f2401a8bc447d7141879e9b2	-4.031931249999992	0.0009627345374999	0.0561357977099951	0.000296543396999	(-4.13843, -3.93253)	(0.000424375, 0.00152483)	0.0005383595374999	0.0005620954625001	yes	d__Bacteria; p__Bacillota_A_368345; c__Clostridia_258483; o__Lachnospirales; f__Lachnospiraceae; g__Dorea_A; s__Dorea_A longicatena
356	bd0f4e14387ee1ac7e5fe586cadbbed4	-9.050822124999996	0.0009999188152229	0.0784583293789409	0.0004127243242447	(-9.20081, -8.90976)	(0.000294537, 0.00186199)	0.0007053818152229001	0.0008620711847770999	yes	d__Bacteria; p__Bacillota_A_368345; c__Clostridia_258483; o__Christensenellales; f__; g__; s__
360	41239266f2952a56a313fc4798f28a1c	-7.001776744999999	0.0010302569451149	0.1121394624302924	0.0005918557636774	(-7.21704, -6.79264)	(3.11616e-05, 0.00223608)	0.0009990953451149	0.0012058230548851001	yes	d__Bacteria; p__Bacillota_A_368345; c__Clostridia_258483; o__Lachnospirales; f__Anaerotignaceae; g__Anaerotignum_189125; s__Anaerotignum sp004557645
361	9ed241a051fe72047261df3b7e08b675	-7.200722275000001	0.0010501569749899	0.0924697945005523	0.0004923766034042	(-7.37486, -7.03807)	(0.00012842, 0.00193832)	0.0009217369749899	0.0008881630250101001	yes	d__Bacteria; p__Bacillota_A_368345; c__Clostridia_258483; o__Oscillospirales; f__Ruminococcaceae; g__Gemmiger_A_73129; s__Gemmiger_A_73129 formicilis
366	14f11556b1fc9132c5ab27b67a2479bf	-9.385916425000008	0.001156190302085	0.1240006967116289	0.000655824106104	(-9.62866, -9.17171)	(2.65806e-05, 0.00245079)	0.001129609702085	0.001294599697915	yes	d__Bacteria; p__Bacillota_A_368345; c__Clostridia_258483; o__Oscillospirales; f__Acutalibacteraceae; g__Hominenteromicrobium; s__Hominenteromicrobium mulieris
369	60c57911662a9159dfdd0fc05d975a55	-4.471128885000002	0.0012607080693999	0.0735530753783059	0.0003935862674344	(-4.6013, -4.32292)	(0.000514611, 0.00198194)	0.0007460970693999	0.0007212319306001001	yes	d__Bacteria; p__Bacillota_A_368345; c__Clostridia_258483; o__Oscillospirales; f__Ruminococcaceae; g__Gemmiger_A_73129; s__Gemmiger_A_73129 formicilis
372	c82032c40c98975f71892e4be561c87a	-7.26368766499999	0.0013435444979999	0.0770081723877263	0.0004032133632537	(-7.40634, -7.12003)	(0.000536938, 0.00205317)	0.0008066064979998999	0.0007096255020001001	yes	d__Bacteria; p__Bacillota_A_368345; c__Clostridia_258483; o__Oscillospirales; f__Oscillospiraceae_88309; g__Dysosmobacter; s__Dysosmobacter welbionis
373	3d766867c97f511431bf97e059d6498f	-5.958422880000003	0.0013441601975352	0.0930803342183814	0.000487315999815	(-6.1289, -5.78466)	(0.00042125, 0.00220139)	0.0009229101975352001	0.0008572298024648001	yes	d__Bacteria; p__Bacteroidota; c__Bacteroidia; o__Bacteroidales; f__Tannerellaceae; g__Parabacteroides_B_862066; s__Parabacteroides_B_862066 johnsonii
374	8f649d1053a0ead08b37f8e06fbb2818	-8.618350719999995	0.0013690003377099	0.0978921689706668	0.0005215191682051	(-8.7897, -8.43577)	(0.000450134, 0.00235611)	0.0009188663377098999	0.0009871096622900998	yes	d__Bacteria; p__Bacteroidota; c__Bacteroidia; o__Bacteroidales; f__Tannerellaceae; g__Parabacteroides_B_862066; s__Parabacteroides_B_862066 johnsonii
378	192522c9b7c41f7a761f8a2ba792268a	-7.060515569999991	0.0014486149654099	0.1166985123832994	0.0006334601655625	(-7.28586, -6.85372)	(0.000307771, 0.00261367)	0.0011408439654099	0.0011650550345900998	yes	d__Bacteria; p__Actinomycetota; c__Coriobacteriia; o__Coriobacteriales; f__Eggerthellaceae; g__Adlercreutzia_A_404257; s__Adlercreutzia_A_404257 equolifaciens
379	9ac5fec396208e598ab2e2d26985d0df	-8.377074455000006	0.0014567992714999	0.0741169957364906	0.000394821780885	(-8.52188, -8.24892)	(0.000685247, 0.00218124)	0.0007715522714998999	0.0007244407285001001	yes	d__Bacteria; p__Actinomycetota; c__Actinomycetes; o__Actinomycetales; f__Actinomycetaceae; g__Pauljensenia; s__Pauljensenia odontolytica_A
382	370829fece3190f1a8efccf50b7d0921	-7.906611575000005	0.00147454843245	0.1120701202607963	0.0006097267832781	(-8.13913, -7.72025)	(0.000414897, 0.00266503)	0.00105965143245	0.00119048156755	yes	d__Bacteria; p__Bacillota_A_368345; c__Clostridia_258483; o__Oscillospirales; f__Oscillospiraceae_88309; g__Lawsonibacter; s__
383	c942f59feffce9c3ab527135de234101	-5.479984979999992	0.001486605731063	0.0979375499856903	0.0005281169813756	(-5.64373, -5.28597)	(0.000574945, 0.0025519)	0.0009116607310630001	0.001065294268937	yes	d__Bacteria; p__Bacillota_A_368345; c__Clostridia_258483; o__Lachnospirales; f__Lachnospiraceae; g__Roseburia_A_166204; s__Roseburia_A_166204 inulinivorans
384	bfb7bb16ab570748b3a5d099e9426af1	-8.644307645000014	0.0015507878555	0.086586447005891	0.0004557519258455	(-8.79245, -8.47147)	(0.000706014, 0.00239663)	0.0008447738554999999	0.0008458421444999999	yes	d__Bacteria; p__Bacillota_A_368345; c__Clostridia_258483; o__Oscillospirales; f__Ruminococcaceae; g__Merdimmobilis; s__
385	7be9bac1b13acbd8acf0de464d7c20e6	-8.156652134999998	0.0015515259941	0.1080272535904332	0.0005787486516442	(-8.35668, -7.9577)	(0.000496641, 0.00262711)	0.0010548849941	0.0010755840059000002	yes	d__Bacteria; p__Bacillota_I; c__Bacilli_A; o__Lactobacillales; f__Streptococcaceae; g__Streptococcus; s__Streptococcus rubneri
386	2371e52106292ac4c33aec6f57cace35	-7.952649975000002	0.00157314105635	0.1115112861617575	0.000604239831058	(-8.15051, -7.73807)	(0.000473927, 0.00269834)	0.00109921405635	0.00112519894365	yes	d__Bacteria; p__Bacillota_I; c__Bacilli_A; o__Lactobacillales; f__Streptococcaceae; g__Streptococcus; s__Streptococcus thermophilus
387	0cfd41d10227f0de9092d5cda028c12d	-8.866361230000013	0.0015851599252999	0.1058012007360365	0.0005623396932766	(-9.05371, -8.65469)	(0.000482011, 0.00260594)	0.0011031489252998998	0.0010207800747001003	yes	d__Bacteria; p__Bacillota_A_368345; c__Clostridia_258483; o__Lachnospirales; f__Lachnospiraceae; g__Enterocloster; s__Enterocloster sp000431375
388	1527fd8b14037f53b8edb26b111e1f72	-6.085889414999999	0.0016341485635	0.07999905609698	0.0004240330166568	(-6.22688, -5.93263)	(0.000882503, 0.00245415)	0.0007516455634999999	0.0008200014365000001	yes	d__Bacteria; p__Bacillota_A_368345; c__Clostridia_258483; o__Lachnospirales; f__Lachnospiraceae; g__Enterocloster; s__Enterocloster sp000431375
389	a650f349bbdffb95b3624519d1ba72b8	-5.257666800000001	0.0016632569299999	0.0794058732504088	0.0004305479499892	(-5.40654, -5.11546)	(0.000849618, 0.00246604)	0.0008136389299998999	0.0008027830700001002	yes	d__Bacteria; p__Bacillota_I; c__Bacilli_A; o__Lactobacillales; f__Streptococcaceae; g__Streptococcus; s__Streptococcus thermophilus
390	706b0d627a9ba61b18e6b7b39622ac1f	-9.293118049999997	0.0017282501849399	0.1659965624330742	0.0008882777692466	(-9.61688, -8.99719)	(7.02977e-05, 0.0033712)	0.0016579524849399	0.0016429498150601	yes	d__Bacteria; p__Bacillota_A_368345; c__Clostridia_258483; o__Oscillospirales; f__Oscillospiraceae_88309; g__Vescimonas; s__Vescimonas fastidiosa
391	e2c3ff4f647112723741aa72087f1bfa	-3.600473134999993	0.0017757464855	0.0979703173309231	0.0005222602640253	(-3.80865, -3.43762)	(0.000853072, 0.00281216)	0.0009226744855	0.0010364135145000002	yes	d__Bacteria; p__Actinomycetota; c__Actinomycetes; o__Actinomycetales; f__Bifidobacteriaceae; g__Bifidobacterium_388775; s__Bifidobacterium breve
393	8720f9ecd2331ce68e2896df1bf2d977	-3.9911851499999966	0.0018628943339999	0.0877354621158257	0.000487605214406	(-4.14547, -3.81914)	(0.000973596, 0.00279134)	0.0008892983339999	0.0009284456660000999	yes	d__Bacteria; p__Actinomycetota; c__Coriobacteriia; o__Coriobacteriales; f__Coriobacteriaceae; g__Collinsella; s__Collinsella aerofaciens_F
394	de24ab68045830f7ea823f771a1f7dd3	-6.68346168999998	0.0018927512388499	0.1143858752658908	0.0006116617363025	(-6.91147, -6.48842)	(0.000742516, 0.00305913)	0.0011502352388498998	0.0011663787611501002	yes	d__Bacteria; p__Actinomycetota; c__Coriobacteriia; o__Coriobacteriales; f__Coriobacteriaceae; g__Collinsella; s__Collinsella aerofaciens_F
395	39bb3fb5b2257fd2eacca408dc42c5d1	-5.701779445000004	0.00189815703965	0.1205430422236886	0.0006686714105667	(-5.93242, -5.48399)	(0.000606091, 0.00309586)	0.00129206603965	0.0011977029603500002	yes	d__Bacteria; p__Bacillota_A_368345; c__Clostridia_258483; o__Lachnospirales; f__Lachnospiraceae; g__Oliverpabstia; s__Oliverpabstia tarda
396	d0037fe3397f56b52e971759e3f2f7a8	-9.16211896500001	0.0019363223067718	0.1877048337818683	0.0010172605750642	(-9.506, -8.8172)	(8.01451e-05, 0.00387119)	0.0018561772067718	0.0019348676932282	yes	d__Bacteria; p__Bacillota_A_368345; c__Clostridia_258483; o__Lachnospirales; f__Lachnospiraceae; g__Blautia_A_141781; s__
397	2a7f11895ae7fe9fdffa52016207c561	-6.341907620000002	0.0020091936182	0.1069412790901418	0.0005947438953794	(-6.54494, -6.14316)	(0.000927036, 0.00311315)	0.0010821576182000001	0.0011039563817999997	yes	d__Bacteria; p__Actinomycetota; c__Actinomycetes; o__Actinomycetales; f__Bifidobacteriaceae; g__Bifidobacterium_388775; s__Bifidobacterium breve
398	f7ef98bb6d0061b9368a72b1ff40aad0	-9.219516805000003	0.00203710571835	0.2042769525197152	0.0011045104395938	(-9.62755, -8.86768)	(7.10712e-05, 0.004152)	0.0019660345183500003	0.00211489428165	yes	d__Bacteria; p__Bacillota_A_368345; c__Clostridia_258483; o__Oscillospirales; f__Oscillospiraceae_88309; g__Lawsonibacter; s__Lawsonibacter sp000177015
399	399bcf0feb12a20ca0731d8d65268dae	-6.643632280000004	0.0020633476079999	0.1429529661853912	0.0007821116264147	(-6.90087, -6.38056)	(0.00060553, 0.00348708)	0.0014578176079999001	0.0014237323920001	yes	d__Bacteria; p__Bacillota_A_368345; c__Clostridia_258483; o__Oscillospirales; f__Oscillospiraceae_88309; g__Vescimonas; s__Vescimonas fastidiosa
400	e3ab3e4772986724760dbd52b7af55f7	-8.564351984999998	0.0022912810549999	0.1237601721904497	0.0006819481503653	(-8.79614, -8.33397)	(0.000955667, 0.00350337)	0.0013356140549999002	0.0012120889450001	yes	d__Bacteria; p__Bacillota_A_368345; c__Clostridia_258483; o__Lachnospirales; f__Lachnospiraceae; g__Oliverpabstia; s__Oliverpabstia tarda
