Feature	Intercept_mean	bread_fg_eaten_mean	Intercept_std	bread_fg_eaten_std	Intercept_hdi	bread_fg_eaten_hdi
7e9ed2c841e64976eace4b578ff56a26	-5.103380865000008	0.0011597744862500011	0.287482006275352	0.002104632893020783	(-5.62299, -4.57568)	(-0.00299824, 0.00489353)
a6099802840e60febef8e896967b7747	-7.04358619999999	0.000838313368856501	0.08868676850838574	0.0006396303158947684	(-7.22242, -6.88581)	(-0.000315796, 0.00206734)
904ad13c7b8512200836d5cd9fb09e1b	-8.765356935000007	-0.0012995853911449992	0.24691584781916254	0.0017814288965527375	(-9.19059, -8.27868)	(-0.00473333, 0.00188403)
1aab913302590e21a7be28b1494a3320	-8.929699810000004	-0.001436517707805002	0.1298068655509557	0.0009610653349290956	(-9.1658, -8.68763)	(-0.00325443, 0.000290016)
e644522cf6d7222c9da7f9ecf614cd89	-8.339318510000009	-0.003411519227950004	0.19937996649157075	0.0014664839030201781	(-8.68713, -7.96067)	(-0.00605001, -0.000574745)
bad4f7c5ada34a1f813946abcfe5c556	-4.692451469999999	-1.381613584499999e-05	0.08907649871115893	0.0006434407847060685	(-4.85739, -4.52917)	(-0.00128009, 0.00109332)
399bcf0feb12a20ca0731d8d65268dae	-6.262568290000003	-0.0002030970972044998	0.19801480088714538	0.0014537444610719771	(-6.61797, -5.89249)	(-0.00297534, 0.00238025)
32f7e6bfc42fe19c17f9459bd9be4b67	-7.073005415000013	-0.0007964882385804999	0.1974478948754021	0.0014479267126373083	(-7.47602, -6.71368)	(-0.00365928, 0.00181592)
c942f59feffce9c3ab527135de234101	-5.27598342999999	0.0003888869908654996	0.12424529651473767	0.0008959085614767352	(-5.51055, -5.05106)	(-0.00130103, 0.00196522)
29bb5fa7f45e47bbabab8cc1b1b3d18e	-8.484370175000006	-0.0024525241027299957	0.2562727374037655	0.0018541022904171186	(-8.96182, -8.00605)	(-0.00588904, 0.00104667)
7b2ff5940de11da4dc3bb208805dff11	-7.970510609999991	-0.0034370530874999897	0.13393535923731228	0.0009917690136375388	(-8.2364, -7.73721)	(-0.0053725, -0.00162915)
6c7fa77831ae630967a6fbfc8ee47901	-3.551413724999998	0.0007311996081099993	0.07195211069228181	0.0005373387567497581	(-3.68579, -3.41278)	(-0.000243395, 0.00173969)
6c83fec6e8d03fad51eabc871853c991	-9.022888585000006	0.004937309249000004	0.25327657861959485	0.0018665367623868028	(-9.44215, -8.4967)	(0.00128455, 0.00824449)
23597fea41001255f06321d42aefd3bd	-8.480270745	0.0006192087481805002	0.1542186818806173	0.0011383729724493202	(-8.7789, -8.20369)	(-0.00144425, 0.00274836)
ee02d6d3506da57909d5e603709a295f	-6.7093846350000055	-0.0004279462177559995	0.1044521692664483	0.0007587588683972405	(-6.91312, -6.52655)	(-0.00176908, 0.0010362)
e6a34eb113dba66df0b8bbec907a8f5d	-5.318223550000002	-0.0014748708422849977	0.12210540430299356	0.0008895878808933462	(-5.54348, -5.08579)	(-0.00316527, 0.00012743)
6c4de756c45fa6e7e5adfe196f9f0039	-5.114647250000011	-0.002631202032314997	0.2545379649011862	0.0018481434922840512	(-5.57028, -4.61586)	(-0.00624297, 0.000707432)
60c57911662a9159dfdd0fc05d975a55	-4.108578754999999	-0.0012222816553500019	0.10513162628866715	0.0007560428945543171	(-4.28748, -3.90224)	(-0.00267296, 0.000124364)
1986030e3c5cd5df6d869054bc96e536	-7.793114775000006	0.00019721112397449994	0.18939899625433437	0.0013566954062452976	(-8.14798, -7.44499)	(-0.00224913, 0.00285737)
ea3433f2c148c6fae4cc2e9ae197f5b8	-5.509524419999995	0.0022010606134999985	0.14806461544327057	0.001083141074250151	(-5.79302, -5.24524)	(0.000188288, 0.00425915)
059c8f8bb468064b134ea6d3661761ea	-4.958900629999999	0.00042991361638284985	0.1419911281478638	0.0010268602101071145	(-5.23706, -4.71503)	(-0.00151915, 0.00232301)
8a9f7499cdb85b8efa497bb56256cb43	-6.310243145000008	-0.0008081089091940015	0.09185016938176532	0.0006743691874477308	(-6.48357, -6.13634)	(-0.00208412, 0.000476057)
8dccd839cf4868a3343e411c063932a6	-9.099054405000025	-0.00047518423486499976	0.18593053961720757	0.001338805338519563	(-9.47337, -8.77001)	(-0.00278569, 0.00220236)
f402919ff0fe53fec5b6ef190f9e42b7	-6.558089184999991	-0.0032209715045000025	0.11431473157596866	0.0008336421895629262	(-6.7802, -6.35154)	(-0.00469445, -0.0015578)
f9382b37fc2cfd3cf606824a235802de	-9.685208299999982	-0.000603068923313001	0.17972739261061435	0.001320248374089656	(-10.0205, -9.34353)	(-0.00287084, 0.00204066)
1664c7d0b9dec6e07df8542c0c4049c7	-8.403011564999998	-0.0006426930690349991	0.1422663218815359	0.0010442615932114638	(-8.66586, -8.12408)	(-0.00269612, 0.00124594)
3e5f388f7ad4f160c2a1cdd1441d00c0	-6.470407094999997	-0.0005626400476531004	0.11163193281185714	0.0008236377078379783	(-6.6897, -6.27734)	(-0.00210581, 0.000961416)
f5706d9ec821f971e4c08ee992995b40	-7.353491545000004	-0.004547483122000001	0.2134112835256443	0.001536651175101059	(-7.7388, -6.95174)	(-0.00745869, -0.00171539)
138eb7703e1255cf29760a4440de2a47	-8.763049624999988	0.0012043631629799995	0.17978214108222593	0.0013154609254902479	(-9.07728, -8.40758)	(-0.00119879, 0.00365246)
56c3d1a8e4dc5c2aa7afbc1563559448	-7.131421260000009	-0.0027792499389390018	0.3184008727345331	0.0023054790670936857	(-7.75793, -6.55262)	(-0.00730348, 0.00148802)
de61860db8d93da85692dffb5cf32ab9	-4.972543015	-0.0009301412845200005	0.24005641940273095	0.001693701631626116	(-5.44247, -4.53336)	(-0.00387534, 0.00234442)
5c02713fbed5c1964b4410d9f8166555	-5.889527574999998	-0.0016147283439850017	0.10568360625645484	0.0007748171609381149	(-6.07129, -5.68543)	(-0.00299054, -0.000131792)
12bb0c9249480c4cec2cc9f692018806	-8.566084975000006	0.0014247081826750014	0.13957279101028017	0.0010201729891737973	(-8.84712, -8.32253)	(-0.000607261, 0.00325075)
b10627ff6db16c65eed2f21380dd700f	-6.187881599999994	0.0005568357525399994	0.2511430870546508	0.00184900087766617	(-6.60877, -5.69837)	(-0.00270594, 0.00415931)
3f5f0d10bd5495e2c89d229c508dcdec	-7.348115380000015	0.002317554666880499	0.23340399819123828	0.0016998896588682729	(-7.78342, -6.91609)	(-0.000855628, 0.00548292)
de6891b6f7a1f35bd9ccbc058b9e1a77	-6.375962799999992	-0.0015864487347949977	0.06973168862834173	0.0005098415388505764	(-6.49952, -6.23262)	(-0.00254941, -0.000689458)
828c563319c7cee475b9b8ab6a0a048b	-7.310662209999995	-0.0009380807314299988	0.10205274614539239	0.0007489417475706681	(-7.50173, -7.11652)	(-0.00226524, 0.000503652)
6a129e8ae637c96e7bb56223913911f7	-5.845310084999992	-0.0012234990899850024	0.15133538927343715	0.0011268121658349834	(-6.13881, -5.57039)	(-0.00331016, 0.000856086)
1527fd8b14037f53b8edb26b111e1f72	-5.886352034999972	0.0006117801041374995	0.11358055026943993	0.0008268756925276301	(-6.10162, -5.68207)	(-0.000946512, 0.00215606)
b3d06445a910a9a444919e41f5da39c3	-10.055870135000005	0.0007525735602900011	0.18831676568731684	0.0013765974325619136	(-10.3857, -9.67114)	(-0.00188639, 0.00327181)
992072d045462445dc239b35300af2cc	-4.033415989999998	0.0017190362371349989	0.2959334595658625	0.0021656768041134894	(-4.54705, -3.44442)	(-0.00264183, 0.00551639)
2403a466dd6d1e4f551d80394c2aa994	-6.5149973100000125	-0.0037325438901568025	0.33154459320544516	0.0023946470809852087	(-7.12377, -5.88491)	(-0.00815036, 0.000681023)
cae14798faeabb8e1b8840e712839921	-6.838372675000004	-0.002960047433622494	0.19904063857839266	0.001425658592668004	(-7.21203, -6.48305)	(-0.00577376, -0.000533995)
4311a44a7d56ce4086afad3e75bedd6e	-8.173790049999988	0.00029171883620449974	0.14489388101779	0.0010338546187012084	(-8.45568, -7.89669)	(-0.00180857, 0.00211884)
ab153c3e19553cead3d76fb9e00684c2	-6.7997665549999935	-0.0008150261463700009	0.238935276226182	0.0017334912686159214	(-7.24268, -6.3587)	(-0.00391596, 0.00256147)
fc1856f132cd513b1251fa39ad4ccd01	-7.848858400000011	-0.0018298274799300011	0.10519097868515159	0.0007601673759443631	(-8.02719, -7.63763)	(-0.0032835, -0.000453468)
8ef31508d9a2fc6f83935de5607a686c	-7.3701016250000055	0.000528857329300002	0.2799005900558436	0.00205569674665209	(-7.88413, -6.82333)	(-0.00341841, 0.0043534)
21ce8465657612a85e2f89e74d285ce1	-9.879906480000022	-0.002131133308245001	0.20520077858845864	0.0015458509189374152	(-10.2708, -9.49525)	(-0.00487582, 0.00096929)
69d052e452e79d571cba042af265d50c	-4.898792349999996	-0.0016298859499250015	0.23300066877431377	0.0016455789926414172	(-5.3033, -4.44621)	(-0.00484255, 0.00137444)
79d5bee84cddbb27acb4dd7df378c789	-7.066005574999991	-0.0018120803341900025	0.19738297582509337	0.0014201296664147405	(-7.41734, -6.68922)	(-0.00432926, 0.000962453)
0f0a1f8c92368be6e8d3145bd4e94cd1	-4.978848339999999	-0.001720859569907499	0.1670799425656605	0.0011989172518505798	(-5.28819, -4.68102)	(-0.0038739, 0.000595045)
64d05989cb6f8053633b2127793200b3	-7.139245450000001	-0.0023988191882999966	0.12851285991797665	0.0009190130620952945	(-7.38399, -6.90449)	(-0.00415526, -0.000690168)
bac3d8ea4685e825ef8d12b2a6979577	-7.535035925000012	0.0005326900079949994	0.34074633726269793	0.0025137025708609033	(-8.1385, -6.86443)	(-0.0040873, 0.00517353)
a8d23fd98a311df2db65e5842634aba3	-7.100929295000005	-0.0011771365259285	0.10755553965302284	0.0007885933858801566	(-7.29559, -6.89429)	(-0.00275812, 0.000251389)
41239266f2952a56a313fc4798f28a1c	-6.701998024999991	-0.0010264612828150006	0.13292173804329135	0.0009800729525703627	(-6.93892, -6.44875)	(-0.00286566, 0.000643416)
2b982979f2401a8bc447d7141879e9b2	-3.9096195500000035	0.00030037348754100046	0.0700023787838492	0.000505521002164227	(-4.03707, -3.77497)	(-0.000667171, 0.00125095)
251429848560a80abcb96640ceb102db	-5.346918495000003	-0.0001948486908350001	0.14108686403873674	0.001037218167860365	(-5.60173, -5.07647)	(-0.00198463, 0.00188696)
7b34b797cadb639f63827c6d332dd4e9	-8.000357605	-0.0015519656627099982	0.12676502870908038	0.000932998324854673	(-8.244, -7.77814)	(-0.00322274, 0.000190106)
2a99ec1157a90661db7ff643b82f1914	-6.065183610000005	-0.0026925668085599993	0.37381004911728644	0.0027918582306401683	(-6.79003, -5.38008)	(-0.00812426, 0.00242156)
2a7f11895ae7fe9fdffa52016207c561	-6.468950659999998	0.0036153952995000055	0.1738788665397965	0.0012848721935652984	(-6.7822, -6.15288)	(0.0011074, 0.00592587)
0cfd41d10227f0de9092d5cda028c12d	-8.595639549999989	3.0482461034999493e-06	0.1585763943533133	0.0011522051335199942	(-8.88311, -8.29743)	(-0.00218307, 0.00210725)
a9387e76477da8688775569cf540191b	-6.223882459999996	0.001264198220308499	0.20163585618398425	0.0015073413145728367	(-6.58516, -5.82976)	(-0.00183341, 0.00392712)
bb769f42c78f86faa2801cb2c2abb8dc	-8.48233919999999	-0.001032687372638499	0.21534992518192345	0.0015531780280757111	(-8.87905, -8.08413)	(-0.00398572, 0.00183082)
68ee181a51a55ca3814763c9214cfd8a	-8.804189165000013	0.0010671199957905007	0.17510019011883687	0.0012830608163932266	(-9.1422, -8.50566)	(-0.00125866, 0.00345777)
88956ab21ebb7e44b2dd317dd412818a	-8.644023249999996	0.00120598709977	0.18183547703057712	0.001318329596189002	(-8.98342, -8.32473)	(-0.00109828, 0.00377811)
ca9dec36ad0aa5a1473144ddcb74951d	-5.213155334999997	0.00035708786539750004	0.11622440299217605	0.0008532482513393079	(-5.44555, -5.00233)	(-0.00115684, 0.00199357)
ae171d16e3cb68ad19636a58839a1ef1	-8.88060553999999	-0.0005620048400049989	0.23902217535075784	0.0017544562873189472	(-9.31883, -8.42263)	(-0.00390089, 0.00266877)
77f4d90aa6eb8080927f59ee8bbac375	-9.02530088000001	-0.0011417271108600019	0.12190613171996557	0.000895658497937536	(-9.27026, -8.80745)	(-0.00278167, 0.000592568)
a7b427a226422d10e62536b8d41e02fe	-7.798055074999993	-0.0028062607289550045	0.2701059712882972	0.0019514763940855866	(-8.28057, -7.30069)	(-0.00622744, 0.00108736)
2480f3aa1e7784b461d9b5b83a6bfc81	-7.9786953850000195	0.00040804474069100027	0.20870644289779777	0.0015074628665899337	(-8.37995, -7.60869)	(-0.00219186, 0.00344775)
9000b563231e32a7003bf2ef20bf9a60	-7.144423235000007	-0.0022383861707299902	0.1431030362975739	0.0010331237387993747	(-7.41746, -6.87599)	(-0.00416462, -0.000341921)
a186bb74dfce512f83043f7b366c60c4	-6.255135794999993	-0.0006348576631900003	0.36288252933403686	0.0026504760247685268	(-6.95408, -5.57863)	(-0.00569099, 0.0041549)
aad2c8fbb5e1201340fe4357731fc9ee	-7.974076755000003	-0.00013457697819299977	0.23557194469125564	0.0017031893554774547	(-8.41645, -7.54014)	(-0.00329963, 0.00304663)
490d2aec117bd7289577684ba3cc1b64	-6.751169569999997	-0.0007093959132794995	0.2470413999774435	0.0018221277022791554	(-7.211, -6.30284)	(-0.00393754, 0.00280308)
457d3865cf0a4bc602a07d8d5324388f	-8.137111449999992	-0.004135066280174999	0.23735961937995562	0.0017486708080242806	(-8.55329, -7.6738)	(-0.00748773, -0.00078669)
552e00cb506f739acaf08aa5641f9d84	-6.331368584999989	-0.002537116735784996	0.16595511334950724	0.0011991867484781554	(-6.64284, -6.03917)	(-0.00471823, -0.000283095)
9dc78fd8f2f7cb10e190e77af61c7ecd	-8.012280665000008	-0.0011070649573649996	0.11462528375540774	0.0008417760487257688	(-8.23817, -7.80882)	(-0.00266113, 0.000431008)
a3607a88a8ed64e24a374847b23e404f	-6.302109944999999	-0.0011340790125224964	0.13641666932434238	0.0009831705563642411	(-6.5474, -6.03422)	(-0.00310964, 0.00060721)
5bb151262388870fd53a84ea6f1ffdf2	-9.303040550000027	-0.0009454946621649994	0.23156364293320653	0.001628329155553607	(-9.75462, -8.88199)	(-0.00402024, 0.00217892)
f7962a90f4519ec1d1a9c7b8ef7bf396	-9.16523825999999	0.000858126685694998	0.17226876688208007	0.001235785287393613	(-9.47512, -8.82395)	(-0.00147981, 0.00317163)
77ad88eed91eef009bf64f101c96baa6	-5.313027564999998	0.0008917661734995006	0.2799045076343373	0.002031208478505101	(-5.85343, -4.83743)	(-0.002773, 0.00464178)
08be83d0a527ddd1da0861135192e593	-8.413621545000005	-0.0008554755924949995	0.29445922142694536	0.0021191608467960826	(-8.91806, -7.79645)	(-0.00459419, 0.00333484)
b61862b15d33865612e76c1db7b995a1	-8.936698609999992	-0.00036782819607800084	0.14102850490510038	0.001034529033916756	(-9.17649, -8.66151)	(-0.00230999, 0.00150129)
14f11556b1fc9132c5ab27b67a2479bf	-9.086066145000023	-0.0008344950528244999	0.1568037009438521	0.00114515056796252	(-9.37741, -8.79419)	(-0.00288819, 0.00141531)
514b34f09e4acd2397d38273c630d338	-8.065723819999997	-0.0036136588205500013	0.3025456253651798	0.0021975425581474387	(-8.63527, -7.4926)	(-0.00786154, 0.000531509)
ba88d4e4e6a24ecc2a5aab6bdfbb77f5	-7.832532304999994	0.0002632979028284997	0.12000466953430175	0.0008782756682289979	(-8.07382, -7.62791)	(-0.00137731, 0.00195431)
1c94105978b1aa2095e3c0096774f240	-7.99957105	-0.0017164497410445006	0.17302662758719412	0.001271702215533979	(-8.33548, -7.67515)	(-0.00405721, 0.00085088)
27b636c66fa117272ed27920bad78969	-8.282210715000009	-0.0009061842855874993	0.21105358973667984	0.0015387946429632118	(-8.63942, -7.86478)	(-0.00383429, 0.0018103)
7201d53bd647437ec3de879774eba498	-6.630062004999994	-0.0005949688999250019	0.2998527802051032	0.002176171573835877	(-7.20347, -6.06624)	(-0.00437368, 0.00366875)
f8529e2e737999b4a7d06420482d4af3	-8.441753150000007	-0.0003238552103200003	0.2894829831969015	0.002125723043895504	(-8.95441, -7.87479)	(-0.00433807, 0.00355506)
959d48a11e3b26c9268f0bd1dae6ec40	-3.990702934999998	-0.0018255113285249988	0.087316883602404	0.0006303367783211221	(-4.14632, -3.81908)	(-0.00303607, -0.000696397)
bd0f4e14387ee1ac7e5fe586cadbbed4	-8.845299120000014	-0.00032544479232350047	0.1118095705627456	0.0008234471774065103	(-9.04465, -8.62451)	(-0.00191237, 0.00118463)
66047b69a772cae3e37186eb74254da7	-8.351287269999988	-0.004021779256050005	0.23464429060590208	0.0017042089892318564	(-8.79231, -7.92581)	(-0.00721326, -0.000821714)
4207ad1746e5fbce9c5ed5efe1e357d9	-7.175792260000001	-0.0017108296852100019	0.11840334173110315	0.0008667905947679664	(-7.40553, -6.97012)	(-0.00330416, -4.18349e-05)
30207d209491dfb7de83344e77fd6fbd	-6.101748909999997	-0.0016645679489199988	0.11917700466412101	0.0008688798207578901	(-6.33051, -5.87764)	(-0.00335353, -5.82185e-05)
3e93fd55a231bb99b67a666bad8446a8	-8.134387080000002	-0.0010063476364685002	0.12204272868579107	0.0008859475781294652	(-8.37204, -7.90769)	(-0.00262149, 0.000626306)
d39f37b814ebd81091a949f8bd9d1710	-6.554957205000003	0.0024018183783999997	0.16387473989006965	0.0012027806433725207	(-6.85106, -6.24194)	(8.38335e-05, 0.00453301)
706b0d627a9ba61b18e6b7b39622ac1f	-8.702588274999991	-0.002371287430409997	0.19868191451809195	0.0014646729162742726	(-9.06217, -8.31069)	(-0.00520502, 0.000310494)
32382a0f5831da5faee464d011b5616c	-6.254025380000007	0.0026324678211049933	0.37567261184062284	0.002824004587737374	(-6.99735, -5.54151)	(-0.00288837, 0.00811562)
fcd575ef43a2ae77d9b7c10639e80fd8	-10.439779980000022	0.004589751412999997	0.22287778817863324	0.0016059028341548203	(-10.8375, -9.99625)	(0.00131534, 0.00749944)
fdb1c35a8dab336d65ed22d796e71e4b	-6.28167812499999	-0.0035700496499449963	0.34366658262672883	0.0024856364076150167	(-6.91348, -5.64945)	(-0.00822429, 0.000953957)
25def15fb42bed6855ede4893d27a21d	-5.050929560000004	-0.0018715810042804998	0.21332093941455063	0.0015298396065230638	(-5.4565, -4.6606)	(-0.00444011, 0.00126566)
2a13ecb6c618ddf8154298c69336dd8e	-8.267817995000007	-0.0022481768460799944	0.26542740176539786	0.001938249147000614	(-8.73803, -7.77465)	(-0.00553629, 0.00160462)
9ad89cc951aa3031c19c59c95e401614	-9.25011107499998	-0.003252179098965004	0.1942297558642709	0.0014342218817858282	(-9.59755, -8.89702)	(-0.0057163, -0.000530537)
55d4d3011e1f3bb8e4e5089b801b61a4	-8.970510939999992	-0.0036260872944400033	0.22449409955746347	0.0016684154804195708	(-9.37906, -8.54848)	(-0.00672335, -0.000452494)
4ed55370307d6700d110b6d3f1196136	-7.643166215	-7.550359882649991e-05	0.3042175841977643	0.002223321280062892	(-8.14654, -6.99338)	(-0.00407567, 0.00421334)
154c25181234441402124e02c204074c	-8.901985984999996	-0.004822409602999993	0.2090514052854698	0.0015426806492135508	(-9.30157, -8.52928)	(-0.00772389, -0.001964)
370829fece3190f1a8efccf50b7d0921	-7.352479020000002	-0.002442942407970004	0.16197992997232594	0.0011845390352838714	(-7.64388, -7.03289)	(-0.00448249, 4.96475e-06)
b1a153ff5a21342991138e7f7dd2658e	-6.9114868049999965	0.001827012477485001	0.2566182806620409	0.0018693889880132856	(-7.38967, -6.43648)	(-0.00169496, 0.00521402)
e39b1ae9776ee98190c8cb02bc9de792	-8.952577615000003	-0.0019019164068772455	0.20417414285521507	0.001485314076150567	(-9.32877, -8.56805)	(-0.00452575, 0.00109274)
e71461ffe18aa4dc3b1f7ba4a1011cff	-7.58516526500001	0.000961243564649999	0.16446075060034765	0.0011962157780467855	(-7.87862, -7.2745)	(-0.00143736, 0.00300905)
90c2b51afe404951ec89bd52c7ae1f58	-8.540311750000004	-0.0035914422661250025	0.22540991744339348	0.001659911287007454	(-8.93981, -8.13144)	(-0.00667636, -0.000590567)
c5af8314e36eaed98fc88f181f539e8f	-7.358740835000004	0.0004462345007770009	0.11747158403015079	0.0008567893076870918	(-7.59645, -7.13971)	(-0.00129017, 0.00200086)
10cd502b01abafc87e2ecbad86389286	-6.060885054999994	-0.0002396334620368999	0.10105032659817076	0.0007294780450899749	(-6.24235, -5.87147)	(-0.00147411, 0.00122338)
433cf7e272a09b91cc85082a1338b8e1	-7.654332595	-0.0005620555954239003	0.10277100622897482	0.0007409208977021545	(-7.83646, -7.45101)	(-0.00186458, 0.00090294)
877f27b47c85f6b2d3cf8a6aa86def40	-5.3408063999999955	-5.300544508604999e-05	0.14688985161657717	0.0010690256284900952	(-5.61065, -5.06645)	(-0.00209994, 0.00190766)
9ed241a051fe72047261df3b7e08b675	-6.870523010000008	-0.0012478115678850002	0.12070425952194029	0.0008795998694102996	(-7.10615, -6.65928)	(-0.00282653, 0.000403353)
04c8be5a3a6ba2d70446812e99318905	-5.891483669999997	-0.0007308908657639991	0.11744401372071332	0.0008491077660706176	(-6.10952, -5.66796)	(-0.00231912, 0.000854891)
e0b7bd623a1b4cd1640883066e8d96bd	-9.54698472999999	7.796264092999981e-05	0.18587481998411476	0.0013149403774756283	(-9.91196, -9.21609)	(-0.00242502, 0.0024407)
6a17479edbe461431433bddb084f731e	-6.437636820000002	-0.0001665738069795002	0.16080989685397978	0.001174148697218334	(-6.74491, -6.14475)	(-0.00224665, 0.00211586)
35513c8de34a49ef37dde85737e6aef9	-7.130070400000008	-0.0050689559197000045	0.23819396479684385	0.0017460554503245078	(-7.57893, -6.67457)	(-0.00849068, -0.0019261)
69536042153447ceb692aa53159ce0c2	-7.486475379999988	0.0012830751923494975	0.10379992972230576	0.0007613449339197884	(-7.6826, -7.29257)	(-0.000204999, 0.00266659)
0f92fcc184a951ff8b0914467ad2f8f9	-6.901710574999996	-0.0006201814711790503	0.1316221789347045	0.0009659851546910856	(-7.15054, -6.66236)	(-0.00257276, 0.00103389)
e9d9bafcf863ec0908ce4e20e6386ff9	-9.703506319999988	0.0017426788671849997	0.17103468045065484	0.0012203503904813587	(-10.0176, -9.39996)	(-0.000478527, 0.00397613)
979578981da3916b394bf24c32bace21	-6.774931355000012	-0.00015861283401499986	0.21840185093838854	0.0016117834333900295	(-7.16059, -6.36574)	(-0.00310888, 0.00289662)
5860dac317300b1fe6094e958240cc7f	-7.489521670000014	-0.0011595983034549985	0.10951898907957058	0.0008043900166360525	(-7.69035, -7.27338)	(-0.00262885, 0.000404762)
3a1461e8439091ad6b93af0ddb3849eb	-6.979978065000021	-0.0006475331798419989	0.29008023320747955	0.0021650944809335332	(-7.54666, -6.46567)	(-0.00488259, 0.0032276)
d32627161d829a1488c2a047669cb29f	-6.792277239999997	0.004314005494400007	0.35389413547201143	0.002587104746906474	(-7.4718, -6.15761)	(-0.000517325, 0.00920821)
e2c3ff4f647112723741aa72087f1bfa	-3.875332454999997	0.0043618715124999945	0.13738175729340113	0.0010263000625463667	(-4.12964, -3.62939)	(0.00248888, 0.00630302)
426bd7119a31b73ef734771a071a216c	-5.52922147	-0.0023669475010000027	0.16722550880424636	0.0012083939475819512	(-5.86759, -5.2301)	(-0.00460028, 4.04154e-05)
aed0d8840bb7da5eacd80c6f9a1f91ed	-9.847292354999986	0.0010502196145649994	0.17987710038997165	0.0013103930459160858	(-10.2334, -9.54229)	(-0.00120932, 0.00365947)
0b05a2e48cdc5f9e766bb0f4c209d4b4	-8.365671240000005	-0.0032524217095000036	0.1215573145942373	0.0008942860745341083	(-8.60809, -8.15391)	(-0.00496045, -0.0016232)
31c0a0bcf172474d82c69979df243e78	-6.172113794999994	0.000363208991124949	0.10960534548163241	0.0008081893920460197	(-6.36565, -5.94723)	(-0.0010991, 0.00187458)
f9b9b7db378357774e672fe5ba242b12	-9.754798765000007	-0.0013152955190249987	0.16305449747775977	0.001210204336436726	(-10.0782, -9.47527)	(-0.0036067, 0.000849646)
95f975f50235610bca818dcc9d97f7d6	-8.79508237000001	-0.0001833505889050005	0.28553546317661305	0.002075396654319569	(-9.29286, -8.21471)	(-0.00409683, 0.00375555)
ecaa9f4e15a28f212d9bd60f749191ab	-7.198473969999998	-0.0011734139005794997	0.1634835778068828	0.001195089229818393	(-7.49107, -6.90285)	(-0.00345242, 0.000893942)
a6fa2de5f4576d1d77b1616786e3dd52	-8.741183339999992	-0.00017662968470450038	0.11267192134309419	0.0008228812821775204	(-8.9537, -8.52658)	(-0.00182186, 0.00126365)
1fa555f9a74d47a6ca7a65a347bc885f	-5.8672313700000025	-0.0005245528383999998	0.11915018979935825	0.0008717301415117079	(-6.09071, -5.64677)	(-0.00217129, 0.00109346)
149e7d5e484d157f2ac6140a2111618e	-4.432212905000003	0.0016898480160649969	0.12567498763004106	0.0009343521686553624	(-4.67532, -4.20705)	(-5.85369e-06, 0.00344648)
605c54065160b61d47c4d5f87ffbe6bb	-9.087365304999988	0.0011073907846400025	0.1897516642641295	0.0013838107294135249	(-9.44969, -8.73965)	(-0.00160538, 0.0035783)
5034598009be77942a505e7c9978b06b	-7.709031504999988	-0.003058212047600001	0.15151367559426768	0.0011231782602485402	(-7.98506, -7.42321)	(-0.00514799, -0.000926853)
8526f1f5fd2dcff7e7a73db743c829d2	-6.412924569999988	-0.00022352284221899992	0.1400945261215265	0.0010123628214502376	(-6.68624, -6.16245)	(-0.00213196, 0.00169999)
24ef07664cfa04a819d7797a89e653b6	-9.373360220000007	-0.0012395232967794983	0.22558782935333974	0.0016667677523342218	(-9.77945, -8.93957)	(-0.0043899, 0.00182404)
03fdbec0c9b63a05ae79f92c6d3a4cfc	-6.534266225000001	-0.004672028800350004	0.3053885720224309	0.0021946649102284116	(-7.12926, -5.96793)	(-0.00902668, -0.000783795)
aa3e2d76e864d7909b51110e211ef36c	-8.764155274999988	-0.0002471898068949999	0.2590057366963605	0.001890058155712796	(-9.29265, -8.33078)	(-0.00372064, 0.00323554)
7efeb75fc542932a033b37b887994dc8	-7.390759425000017	-0.007274882137999996	0.2979912727086473	0.0022478575472962316	(-7.99756, -6.87289)	(-0.011581, -0.003117)
2371e52106292ac4c33aec6f57cace35	-7.181266030000004	-0.0040393739220000125	0.14475369831662013	0.0010647636419314698	(-7.47341, -6.94388)	(-0.00599959, -0.00207591)
913d55d109820d0f3fad120be103c64f	-8.625391845000012	0.0019126820871030012	0.20778953937781827	0.0015328631150668842	(-9.01163, -8.24916)	(-0.000687754, 0.00494055)
c82032c40c98975f71892e4be561c87a	-6.689405720000016	-0.002835437493519998	0.11164446257598985	0.0008267299864327727	(-6.91283, -6.49969)	(-0.0043413, -0.00129452)
ac9166cff57e7ff3581eaf798edc726c	-7.567774009999993	0.002916366966114996	0.29956578557992897	0.0022150507112425485	(-8.10606, -7.01338)	(-0.00118757, 0.00697616)
949af2c28ba6c0345ae58b9aed00a2c0	-7.14527627500001	-0.002894873765045006	0.2614120370418592	0.0018446248271937577	(-7.6306, -6.68429)	(-0.00615017, 0.000654593)
8a261f382a739bbc5f9494b2c64c2744	-5.095836705000002	-0.0011398096926799992	0.10070512256431126	0.0007400161415939279	(-5.2825, -4.90892)	(-0.00253857, 0.000166947)
e91f1c5b67ffecb5ca3ca3b393a50f00	-4.500989360000001	-0.0010051229825623518	0.1728451885575366	0.0012156304423775782	(-4.8043, -4.18795)	(-0.00323281, 0.00125352)
99b02f389bd0b7abad0d4d8affb09e22	-9.733393544999991	-0.00012040502719999976	0.21642342145706642	0.0015921795790300793	(-10.1555, -9.34499)	(-0.0030593, 0.00290895)
d3d99580d90cca486a23372a474e9571	-8.992341799999995	0.00041675727391099937	0.19209908344955737	0.0014022672259989995	(-9.34171, -8.60154)	(-0.00211766, 0.00327046)
7076b69bea6fb40b94f8b32fd85fdb46	-9.675423689999986	-0.0011242555350680001	0.20931622029834143	0.001521816834536738	(-10.0673, -9.28184)	(-0.00411941, 0.00159938)
e82ab12c51a893c6d7938a16632199a8	-7.57767955000001	0.00023454515622750024	0.25017204074096205	0.0017956611221830313	(-8.04957, -7.11448)	(-0.00341408, 0.00328557)
2ae945b550c248752a5b463c9aca1a6a	-8.934507715000022	-0.0044433248422999965	0.2151604109698826	0.001588363109114802	(-9.35515, -8.55223)	(-0.0073287, -0.001394)
b423592b0ae631882095792b27729b9c	-8.276358285000004	-0.003964569598750004	0.264845103756722	0.0019556773653040655	(-8.79825, -7.81228)	(-0.00722191, -8.27507e-06)
3f1ed51e954b35a8108c12dd882b696b	-6.825746334999996	-0.001881270521577999	0.196206701831303	0.0014499973263190095	(-7.1841, -6.43686)	(-0.00452434, 0.00106795)
1fb601d8edb6994ffb112ad1a34828d5	-8.787797104999989	-0.0030136606630249987	0.1936004692033803	0.0014072995207081052	(-9.15903, -8.4539)	(-0.00560786, -0.000316486)
9f74473636e6874853d88dfcbcecff49	-6.523865589999999	-0.0007628974441239997	0.2213281884504362	0.0016083555581221326	(-6.96166, -6.12793)	(-0.00367531, 0.00229497)
4c731267e801c2afe253b5cbb58bdd24	-4.81651825000001	0.0011582534440604995	0.09214251390393849	0.0006746439484325615	(-4.99626, -4.65677)	(-0.00010306, 0.00245797)
14387daaf0161dd3c971efd0f8806ffd	-7.9991301849999905	2.028062132149999e-05	0.13725121893489972	0.0010084760865820075	(-8.23867, -7.72887)	(-0.00194776, 0.00185646)
c97220e6c4063a029dec2f8160977f83	-7.047757865	0.0004341408483444998	0.1779762086220847	0.0013105329979697822	(-7.39707, -6.72906)	(-0.00193433, 0.00296853)
8a20667bca2eaf2a0687995af876a84c	-6.598897999999985	-0.00021210512378499986	0.31596820111017504	0.002280625773209679	(-7.17539, -5.98008)	(-0.00472998, 0.00384759)
131d3b899e72f19fcae1b0f9f8f3a009	-5.706103109999996	0.0017586189299599972	0.3387558638844908	0.0024470828895203412	(-6.35311, -5.06585)	(-0.00275745, 0.00651271)
c0c365b5a32a28b8d2602de07c5d0b06	-7.642437555000015	9.439849873050018e-05	0.2960543405077382	0.002149464786590134	(-8.22494, -7.11841)	(-0.0038307, 0.00414223)
a650f349bbdffb95b3624519d1ba72b8	-4.575168919999994	-0.003186626991499997	0.10309430838864778	0.0007448638864770864	(-4.78903, -4.39842)	(-0.00453636, -0.00172216)
0f6da5f59be656db2dadef7bf2d1a2e6	-8.430185234999998	-0.0007965415880760003	0.15535854003930635	0.0011321129216150972	(-8.7219, -8.12388)	(-0.00288843, 0.00138154)
e84bea8ae61342674744560dd7de4721	-6.4384037199999975	-0.002832626590340006	0.25148913409760176	0.0018461341654540892	(-6.93693, -5.98587)	(-0.00627246, 0.000644565)
010f0ac2691bc0be12d0633d4b5d2cc4	-4.394548785000005	-0.0015046662917274965	0.13626796177669118	0.0009927096564271585	(-4.65486, -4.13677)	(-0.00329334, 0.000417056)
c8fce068920feb387167d44c01689295	-6.268057734999999	-0.000598991239975	0.2231283453351901	0.0016230574635947353	(-6.6779, -5.85385)	(-0.0037606, 0.00238205)
86deb5cf8d6f29d383136e0d09863b69	-9.754447955000002	-0.0019216473413834968	0.20508157868191845	0.001523161040570601	(-10.1177, -9.36477)	(-0.00481645, 0.000891869)
79db4c4f494c95856ce31b42f267c4c4	-8.209460649999976	0.0018102445500399978	0.2945748907544184	0.002169935416067919	(-8.71561, -7.62361)	(-0.00245714, 0.00558956)
dde2f514908a4fcaa80827346c7b7a19	-7.976605860000001	0.0001623195542600001	0.12498914666106167	0.000908858635031571	(-8.22267, -7.75854)	(-0.00140722, 0.00205062)
7dfa96abfa7484bb6c9cfa90dc9b606f	-5.500317475000002	-0.002123024368598499	0.1399032474393444	0.0010026239567855959	(-5.7748, -5.26216)	(-0.00394688, -0.000275739)
25f9cac7332bfbe3973f03bae0ee15cc	-9.43248938999999	-0.00043780179592400024	0.1770816225465756	0.0012819115700650528	(-9.75644, -9.10634)	(-0.00283037, 0.00190672)
447b9d6a5c17543a456c597e65b37139	-4.393819290000006	0.00012002499792999991	0.08021997994948575	0.000585106734872736	(-4.53876, -4.24636)	(-0.000975464, 0.00117656)
ccce7fe8aa849bed027f6898300e0c45	-8.48343455000001	-0.000829639199540001	0.19163996600552186	0.0013954213264764375	(-8.84381, -8.15804)	(-0.00342095, 0.00170121)
363c1c39d58bce4fc3218659d0944258	-6.462791460000007	0.0014434759410799985	0.14544289419826736	0.0010626654766389444	(-6.75412, -6.19826)	(-0.00055167, 0.00352928)
7be9bac1b13acbd8acf0de464d7c20e6	-7.632313979999996	-0.0020965245379250003	0.1307547719655371	0.0009630693357619824	(-7.87331, -7.38539)	(-0.0038223, -0.000216427)
2ab8310e1e510f8045c7f4d191fa36be	-8.978537054999991	-0.0006834115939050001	0.25283606809191	0.0018506655700920272	(-9.45099, -8.52066)	(-0.00409764, 0.00272611)
a66dd8d31584930c2b0f811f572dddcf	-6.855531859999997	0.0002060086876035002	0.20980740029498596	0.0015220701962813973	(-7.23313, -6.44395)	(-0.00281511, 0.00282947)
10155b2834300619ce0102110a37b057	-6.7991093750000084	-0.0012120377542654997	0.09477729719642441	0.0006936700682871595	(-6.97967, -6.6295)	(-0.00241486, 0.000210233)
fca904abacabcc0591dd00b0427f9180	-9.961954570000009	-0.0009126341725000002	0.18754008149277063	0.0013809458869738832	(-10.301, -9.6027)	(-0.00350507, 0.0016935)
ef6752ce31dcb9e16b1155bbaa1a268d	-8.313735779999998	-0.0037646018095500006	0.24542323564363577	0.0018035660995532866	(-8.7541, -7.82833)	(-0.00718912, -0.000352266)
a24dae6b87885a55d81df1ea6d1abaf5	-5.444253145000008	-0.002608943996850998	0.1543299889780305	0.0011328816351125475	(-5.70521, -5.15211)	(-0.00459294, -0.00040792)
79280cea51a6fe8a3432b2f266dd34db	-3.667030725000001	0.00010874838914699997	0.0817557896838162	0.0005846206428981144	(-3.81609, -3.51436)	(-0.000933795, 0.00120104)
cba33b3578113908d449fc66ccb245d4	-6.180710415000013	2.4775778214999985e-05	0.11372333880553187	0.0008221903090589359	(-6.37905, -5.96052)	(-0.00147142, 0.00152511)
ef1616938612ecae94c31842853cb904	-8.846453525000003	-4.106688287950005e-05	0.12304058452569366	0.0008974936462347184	(-9.06602, -8.60142)	(-0.00170255, 0.00170165)
a378e30f9be477f7777e409c8faea14c	-8.485880185000001	-0.0021150431543649996	0.17471141573525115	0.0012760030338217713	(-8.81517, -8.16706)	(-0.00447789, 0.000248711)
322498f1025a569812be6e3fe4f63ff7	-7.839741485000002	-0.0007140889996050008	0.23653617828536247	0.0017434512428368093	(-8.28414, -7.3981)	(-0.0038079, 0.00258919)
d75b7080930e7a77ef3de8c6154895b9	-4.898781399999996	0.0012328719170650012	0.36108363784536124	0.002634451557350393	(-5.5685, -4.22877)	(-0.00342332, 0.00631802)
9bf0d2dbffe7925240ea811d2a4cd625	-8.504614220000011	-0.004042526333500001	0.1492120176047881	0.0011047701895269685	(-8.76284, -8.21325)	(-0.00615732, -0.00205286)
a167e4d4418792dcaba877443ed0e66d	-8.70731655000001	0.0008711180371400004	0.24419783845664472	0.0017829902564893687	(-9.13504, -8.25015)	(-0.00248962, 0.00400643)
ac0202d177961ffb380b6859272bde53	-7.702436210000003	-0.00255223864983	0.2258725596559615	0.0015911300952745448	(-8.09012, -7.26027)	(-0.00557856, 0.000244288)
e3ab3e4772986724760dbd52b7af55f7	-8.240516869999999	0.0005189194547694999	0.1643134718119701	0.0012152926125746626	(-8.55874, -7.93781)	(-0.00168907, 0.00280369)
481e48328fe7a9837c7233de8f60fc23	-8.755963449999992	-0.003352200755398	0.2374316421440021	0.0017860374675557498	(-9.19721, -8.31357)	(-0.00652266, 6.98006e-05)
be17b29b03ed02bed133932284568d16	-6.440000485000003	-0.0004319588467375	0.1306948623141505	0.0009583264885829894	(-6.70181, -6.20831)	(-0.00221731, 0.00141316)
5f9d6c173705f19cd3a1e5145c52789a	-8.430897944999993	-0.00383878189525	0.25347428059277916	0.001841188162135153	(-8.90869, -7.97061)	(-0.00727984, -0.000422192)
1ef782a559e3e0a4ab42516e0a2c828f	-7.604021794999994	-0.008408453355000012	0.2170725919620623	0.0015847236304123479	(-8.02486, -7.20532)	(-0.0111996, -0.0052019)
97f56e68f535e44ceb53d05f269e82d6	-6.838212769999998	0.00025948403512580026	0.10201549995528668	0.0007489236652607057	(-7.03573, -6.65203)	(-0.00106328, 0.00171776)
3f38509af22157cdcb4006457529d25e	-8.692193140000004	-0.0014148712918880012	0.25591292214392064	0.0018958015793600555	(-9.18619, -8.20832)	(-0.00479717, 0.00223332)
ccee9fc92f4182805278384a02a4d7d3	-9.393484279999974	-0.0026730372817350026	0.19174129757118483	0.0014449053684277837	(-9.76637, -9.03312)	(-0.00551179, -0.000105294)
b3bf877149e7a31ad9a7397a3ca8b011	-9.154064869999992	-0.0014278439686309968	0.2376855649120978	0.0017328497652438304	(-9.6186, -8.73829)	(-0.00451541, 0.00196793)
33852dc244bb69590e8e756a83bb2f4c	-9.04178609999999	-0.0039099131389999965	0.18384054575280714	0.0013870778048597412	(-9.39743, -8.70372)	(-0.00644903, -0.0012108)
8f5959f21dc9ce9a281656f8d699ec07	-6.709392409999993	-0.0011746632480967984	0.16219845020033924	0.0011850993222355256	(-7.02723, -6.43467)	(-0.00342197, 0.000993604)
2086666afdd5de098b04a94247040c11	-7.5963751250000024	-0.0023954241583250013	0.20822340961353125	0.0015242662773919796	(-8.00514, -7.21355)	(-0.00534542, 0.000214836)
96169c3701e79f42346c41eb7b5bf2af	-9.04029882500001	-0.003416848824830002	0.19264613382279278	0.0014262930924062434	(-9.41204, -8.70381)	(-0.00605811, -0.000757509)
d05c86b5bfc092d8677507fb1eae8d66	-4.832298335000005	-0.006958949910000004	0.20138430330410023	0.001509791420885381	(-5.19485, -4.44652)	(-0.00971334, -0.00401766)
25dd2ae928b2e5e1ac2e28dbe2112991	-6.2085602499999855	-0.0010681976767000008	0.10688354745440237	0.0008048398333444298	(-6.39574, -6.00548)	(-0.00241773, 0.00053731)
cebcb0fe524fb1cf0bfb5463ae228bed	-8.782994924999995	-0.00019470802810750027	0.21581376093635554	0.0015841798898794095	(-9.18862, -8.38852)	(-0.00325664, 0.00260485)
90104f2fbcc925a6619e805c7a625c57	-8.499542824999997	-0.00043694914546400034	0.2146611951950545	0.0015531259466460296	(-8.89662, -8.10295)	(-0.00321871, 0.00259466)
4c2189b6b5ced3cb80093414e9449de9	-5.9818042400000015	0.00027260254130599974	0.09387076040185464	0.0006859762159675131	(-6.15211, -5.80625)	(-0.000903546, 0.00159033)
c4e57b91cc2be5a2232b3612abdf4c0c	-8.252834944999998	0.001270226725360002	0.35895705181357945	0.002716433414674614	(-8.91147, -7.58419)	(-0.00399087, 0.0060265)
1600415004247da005dd77bd44c633d9	-7.945674169999997	-0.00047355508503799966	0.1145200748362971	0.00082822478161674	(-8.14504, -7.72734)	(-0.00195816, 0.00106747)
3b092a59cd0e2d57483420cc994ec49c	-5.682963554999986	-4.118298945800007e-05	0.16044491809749534	0.0011819300339459737	(-5.96736, -5.37637)	(-0.00248479, 0.0019804)
2c5c5d710e1b9229efa72f98ca7b4e71	-8.48181486000001	-0.0027920789652649963	0.29962940447823266	0.0022266674798183477	(-9.03618, -7.95911)	(-0.00686928, 0.00138583)
db093685d2f3295cfa4da0a44d3d9ad0	-7.948100420000006	-0.0008740602514200001	0.17034305918358866	0.0012469511661739614	(-8.27566, -7.64293)	(-0.00319307, 0.00144304)
63a2de21003c952fd04b694d8444e66f	-7.060077864999994	-0.000420307311305	0.1928757042410777	0.0014122943656998638	(-7.41029, -6.69507)	(-0.00324031, 0.00202713)
59196a586276f0be745d0e334fc071c6	-3.506035794999989	0.0008883404339639993	0.07408067046246253	0.0005397127290808644	(-3.62913, -3.35437)	(-6.81947e-05, 0.00191433)
8507091bac6b1be88f3d360d6d535d0e	-7.939208005000014	-0.0009665125757349993	0.11333557883458288	0.0008066201910397333	(-8.15212, -7.72618)	(-0.00236369, 0.000669897)
8f649d1053a0ead08b37f8e06fbb2818	-8.21032937	-0.0013773770370499978	0.1457069940644686	0.0010556443274020303	(-8.49297, -7.95474)	(-0.00345681, 0.000463934)
8a70333f85e6869971ef357eceadf3ef	-7.979347080000013	-0.0003456086165149992	0.18857179067340252	0.0014051637464956917	(-8.30708, -7.61441)	(-0.0029499, 0.00221126)
8e0da29b36fbc3879561566e87f11ea7	-8.873244754999996	0.0010396904293900008	0.21347672740029533	0.0015436159483352269	(-9.24757, -8.44215)	(-0.00180554, 0.00397233)
5093cebf67405c910fb68525ffa6dc3d	-9.935779320000004	-0.001736521930409498	0.18029783473335909	0.001332485315002012	(-10.2924, -9.62923)	(-0.00425264, 0.000675879)
bde648dc2bd51d522327b0bb99e98340	-9.556038575000018	-0.0013080894892830005	0.16715180299182955	0.001219857839823893	(-9.84647, -9.24324)	(-0.00371352, 0.000729916)
8720f9ecd2331ce68e2896df1bf2d977	-3.7143970649999973	0.00036200102762329897	0.11673473674847502	0.0008644764605976592	(-3.92257, -3.48599)	(-0.001185, 0.00197913)
3af2ddaf4af4b5ae4100439a9c3d4099	-8.555466570000004	-0.0032371725015	0.1638056210050043	0.0011961527927701195	(-8.85054, -8.22954)	(-0.00559687, -0.00106024)
de24ab68045830f7ea823f771a1f7dd3	-6.35089802	-9.217001619000009e-05	0.15342222615605458	0.001128676000765741	(-6.64759, -6.06781)	(-0.00236765, 0.00188737)
aec9d6920c8746590e4dff84ba121b90	-7.613129795000001	-0.002412146517645002	0.16140824173445417	0.0011649778314749913	(-7.90886, -7.31955)	(-0.00464966, -0.000286103)
192522c9b7c41f7a761f8a2ba792268a	-6.299683499999998	-0.0042348072815	0.1509376840416269	0.0011100750947834416	(-6.56035, -6.00533)	(-0.00646087, -0.00231131)
458157e555a80f9ba01d9da37ef787eb	-4.930279119999994	-0.0005228870559200002	0.19813385368741426	0.001470259060997204	(-5.32844, -4.5852)	(-0.00324247, 0.00243976)
3017f87a3b0f5200ed54eca17eef3cbb	-7.934482770000003	-0.006315924114999999	0.220354086083801	0.0016476644532957285	(-8.31607, -7.54042)	(-0.00916115, -0.00324678)
c5e3c5422835403541b0af331a2cc649	-8.392782860000006	-0.0012342595617649988	0.38876256847981205	0.0029251372452918103	(-9.14094, -7.66569)	(-0.00726763, 0.0038516)
be7fc30c58dc772f88007fdefcf21a96	-7.778802774999985	-0.001136798591154002	0.12738904686529914	0.0009247957844980002	(-8.02482, -7.53993)	(-0.00277175, 0.000713452)
3d766867c97f511431bf97e059d6498f	-5.702808520000001	-0.00025352992855449995	0.1307797387683183	0.000951490860548815	(-5.94966, -5.45715)	(-0.00199024, 0.00156725)
9099a7f671b923c7b07c12508f17270a	-8.07796371999999	-0.00018049199470999993	0.1688646639855763	0.001250297537219576	(-8.40609, -7.77664)	(-0.00250277, 0.002164)
4973330392dab23937c67af9843e5359	-7.593129484999992	-0.003450706938020001	0.16280611083551122	0.0011777541797698713	(-7.88813, -7.29687)	(-0.00573908, -0.0014273)
2cf53730a41137e7ad95ed3680541d80	-8.92870410499999	-0.0018518851596505	0.2838707581629339	0.002099227095211214	(-9.47908, -8.41709)	(-0.00569469, 0.00218899)
2a0968119cb66a61a416f8d924c224ac	-6.065512915000004	-0.001087375650954999	0.3393381530005911	0.0024424343824288684	(-6.66776, -5.39501)	(-0.00533984, 0.00373299)
a4e2a4e1321a599651edf92f6999e78e	-7.282371254999986	-0.002070479024980001	0.30770021956292964	0.002232082352831704	(-7.87221, -6.71707)	(-0.00633837, 0.00194421)
782772ed674928794b78f5a59ee3d08c	-9.434666850000024	0.00018510656932699978	0.17815821001872884	0.0012997613612364082	(-9.75605, -9.09266)	(-0.00204081, 0.0027194)
ab5c396eaf731e031c9764a05b798753	-8.070846430000007	-0.0038631749395000013	0.18094220368851238	0.001316139010045924	(-8.4203, -7.75787)	(-0.0062371, -0.00138981)
04195686f2b70585790ec75320de0d6f	-5.173717350000002	-0.0058002741965	0.2169148744617977	0.0015905635405127942	(-5.52057, -4.70697)	(-0.00896673, -0.00309624)
9f4d14b114e7499772a797790d81c1db	-4.976719455	5.125160320645001e-05	0.08423036988671598	0.0006042062886513622	(-5.12943, -4.81637)	(-0.0011557, 0.00109936)
b1f2146bef78066448576fceeb6b644b	-4.411168670000003	-0.0018316921730200041	0.11587557103044242	0.0008464068938092117	(-4.64003, -4.20163)	(-0.00338636, -0.000237773)
3bff9ab82e7f2a76cc22e687ac7b72fd	-6.6141415249999875	-0.0008325109375249995	0.24528287766398268	0.0017837378490543035	(-7.05624, -6.15162)	(-0.00409083, 0.00255864)
c1365ec008032ee718dcafaf5ac17adb	-6.779950445000007	-0.0015450617626649968	0.11917571580465529	0.0008748554516678786	(-6.99806, -6.55688)	(-0.00303515, 0.000245504)
cc968157f7691aab95df444e8cd103e2	-5.331373034999992	-7.210337542664993e-05	0.0853226647072089	0.0006201181857549582	(-5.48622, -5.17129)	(-0.00133947, 0.000937814)
09ee2c2d76be17c9ede2d4c57412adeb	-8.972751905	-0.0002571282570729996	0.24150057857885363	0.0017812830749884643	(-9.43776, -8.53186)	(-0.00373053, 0.00296433)
d9b76ee51ff2b6961430bf352cc578f2	-9.32193534500001	-0.001323282903671999	0.19005879461756303	0.0014067248712490176	(-9.6347, -8.92513)	(-0.00396604, 0.00125909)
d2cccbadb958c9c6547274fa10531f74	-7.013441450000004	-0.00043041707374500077	0.13763162039261723	0.0010158917350381533	(-7.2404, -6.73838)	(-0.0024085, 0.00133694)
2268b83b6cb307bfd1cd008dae1ce4b3	-7.701052434999999	0.0028040663067150015	0.22308339496166213	0.0016117158241957198	(-8.11286, -7.25237)	(-0.000284539, 0.00596652)
e9ad916c93ff127ade2a8283db7603a1	-5.9755440299999965	-0.0016220286728589977	0.3418691956650365	0.0024478443371762273	(-6.62985, -5.34869)	(-0.00630136, 0.00286604)
624d0040eafc828499b5009791d96b85	-8.686394414999997	-0.002294564663879991	0.14553836937439477	0.0010771795838744665	(-8.95497, -8.41079)	(-0.00410327, 2.84878e-05)
bc5146d3526a9ef5179457a2077b1b46	-8.930730444999991	-0.0016285519897835023	0.1282055163612393	0.0009205356545706739	(-9.17223, -8.69365)	(-0.00338992, 1.805e-05)
7bbb537e486b770d58232a6c683a3a9f	-7.027882749999998	-0.0014966607636749992	0.11848027298431378	0.0008692313150444136	(-7.23999, -6.80836)	(-0.00310451, 5.58458e-05)
30c16856bd5bae4cd2f1182341b30ffc	-8.883785125000001	-0.0014544411586357494	0.2191192667304373	0.0015667059902832311	(-9.2711, -8.46947)	(-0.00442566, 0.00140545)
ac5402de1ddf427ab8d2b0a8a0a44f19	-3.6657497199999973	0.0002837614654876502	0.12539258133008338	0.00091960962912628	(-3.89487, -3.44263)	(-0.00146953, 0.00193929)
d0037fe3397f56b52e971759e3f2f7a8	-8.861853969999999	0.0001833761049684998	0.25337028240272996	0.0018374899766119182	(-9.3065, -8.3428)	(-0.00305508, 0.00380397)
3d7f3a3956e66e4728521a97abd9f07b	-7.256467804999992	-0.0019860171142745023	0.2843034167823733	0.0020793211219073977	(-7.81187, -6.74699)	(-0.00587724, 0.00185411)
3e15d94435169ddada1e508dd8b83a55	-8.1259504	0.00043633780545550017	0.16759869586586876	0.001204147799361613	(-8.42757, -7.79809)	(-0.00192401, 0.00269642)
ed1528f4822674c9e1da64b84c778e9f	-5.933433849999985	-0.0001423084375334	0.1680917116391451	0.001226430022113665	(-6.23781, -5.62434)	(-0.00229208, 0.00218129)
477734397215c70bdacce28d5685cc6e	-5.950498735000004	-0.002004319818136998	0.3405610968827031	0.0024919925859941505	(-6.56143, -5.32724)	(-0.00694356, 0.00241433)
1243750138937650754b619370565800	-5.903563469999992	-0.001711089645550003	0.19127112229073973	0.0013837031411551382	(-6.23553, -5.52902)	(-0.0044385, 0.000743446)
997c1b9bc29e50b9096303c708bb54e8	-9.160423175000007	-0.002754453632649997	0.1829769155395548	0.00133080434276265	(-9.48953, -8.82254)	(-0.00515823, -0.000268414)
8aff935557eab67b0baa4553b8518105	-8.626453605000012	-0.0012319843641350038	0.23130564091619957	0.0016962352315888763	(-9.05178, -8.20075)	(-0.00431166, 0.00202003)
39bb3fb5b2257fd2eacca408dc42c5d1	-5.51137588500001	0.000999216408909998	0.16127606454498067	0.0012086524430787078	(-5.8206, -5.24026)	(-0.00131872, 0.00313813)
b9024a1f377b62508864cfea59b16a31	-7.744744280000011	0.0008790527056300008	0.12438366061497633	0.0009070169363525557	(-7.97337, -7.5129)	(-0.000864214, 0.00250358)
7ab1bc6052053650189083370055ae66	-5.931584360000005	-0.001531154118985002	0.20500816729191637	0.0015119725118194333	(-6.30759, -5.55198)	(-0.0044972, 0.00107138)
8183f1e3f9806994e125b1d5c6932498	-6.372716510000024	-0.00035676779487575015	0.18166263515929715	0.001324355142392746	(-6.6961, -6.03112)	(-0.00295275, 0.00193874)
92f000f936d3f349c5e7719a5edc5078	-7.297044569999992	-5.7873451468999995e-05	0.1044539851600459	0.000762805247445257	(-7.49234, -7.11153)	(-0.00147164, 0.00138038)
6509bd0f539df985ac2f40c335cdb999	-8.163921754999992	-0.0028503932203464933	0.19682039599104048	0.001439669944472749	(-8.54378, -7.81654)	(-0.00559621, -0.000175683)
c4f9ef34bd2919511069f409c25de6f1	-4.423823694999989	-0.0022064810426025033	0.23297715265771662	0.0016832892844595153	(-4.85828, -3.99468)	(-0.00547607, 0.000848822)
74923f4bbde849e27fc4eda25d757e2a	-8.700561730000008	0.002176581199125006	0.34297090239014033	0.0024974352226762933	(-9.3459, -8.08626)	(-0.00230307, 0.00682893)
3edf7e19ca2ce44d4d3daa243e8725f7	-9.46028930000001	-0.0008506244861195005	0.16241282450382413	0.0011819115454053373	(-9.74384, -9.14555)	(-0.00294419, 0.00133449)
ebab7cfc7858bfb00c486bba21d6ca6d	-5.943963910000003	0.002276137445789898	0.17391533625247632	0.0012866663617353477	(-6.27758, -5.63367)	(-2.02843e-05, 0.00468282)
8937656c16c20701c107e715bad86732	-3.6311066249999913	0.003097317624900001	0.1395031554494713	0.0010162642520115	(-3.87941, -3.36343)	(0.00111216, 0.00484487)
6a6880faba39965be0e4b7d88966d1c9	-6.144906494999993	-0.0015423414415200042	0.17951816217632408	0.0012837191655235088	(-6.49947, -5.81885)	(-0.00403634, 0.000813644)
85c05d873041801d03eed489230b23f6	-7.872396875000007	-0.0017521885031149972	0.12566938674985395	0.0009217468155422836	(-8.09904, -7.63048)	(-0.00349981, -9.44471e-05)
6d8fe4ac153ead767024e041ff1f0ec6	-8.367470910000005	0.0002459354111980003	0.2510196219698212	0.0018194376115838109	(-8.85404, -7.901)	(-0.00304953, 0.00372912)
ed5952d1e022067b212146b9b3bc6812	-4.697576529999998	-0.0003075758504500008	0.2794336185899238	0.002071977591934057	(-5.20407, -4.15318)	(-0.00415203, 0.00342649)
7029eddc845e01d613a3bbc113ebeaba	-6.290836704999994	-0.001683962166589998	0.16583346738789775	0.001216088212659534	(-6.5783, -5.95191)	(-0.00391342, 0.000694961)
41d23d8bc82f57b26b6896d5e2e947e8	-9.393983684999998	-0.001995306248724998	0.1908911072718442	0.0014094447412938546	(-9.73489, -9.00686)	(-0.0047203, 0.000590903)
0021d135d4ac12982cc8abdf2b38e23f	-6.42036080000002	-0.0023732990414699973	0.39027853123744843	0.0028235890100356447	(-7.17923, -5.70794)	(-0.00723189, 0.00349073)
e4c0082e2ab8c9772768fc29bb86caa3	-6.501500895000023	-0.0012092303916673528	0.1257204124128178	0.0009077667153889629	(-6.74238, -6.27236)	(-0.00276746, 0.000590557)
46d8ab5615f60d7b522f3590976668be	-8.826488855000003	-0.0012157112291999984	0.12529348282388417	0.0009182243576624174	(-9.05464, -8.58768)	(-0.00288409, 0.000542499)
28bb502265419a0e86626d75a1183ce7	-8.325127404999995	0.0002050939535382999	0.2682106012196684	0.0019163039115544565	(-8.86465, -7.87703)	(-0.00317823, 0.00389922)
ea3af29626a95b6c7b89d631bf1a739c	-5.054930590000002	-0.002531115871200002	0.13853112546518903	0.0010276900859010694	(-5.30965, -4.8075)	(-0.00454116, -0.00071061)
94b000e59b7ac160b0416c9ab45ff0bf	-7.193187559999997	-0.0021825875289904952	0.26438626040879354	0.0019297254829651112	(-7.64926, -6.68596)	(-0.00557152, 0.00148015)
75878b49cacdd2ffdcea1186a43be92d	-8.021584249999993	-0.00012940780085500002	0.13888132216586052	0.0010105692498919134	(-8.27562, -7.77451)	(-0.00192661, 0.00183763)
aea50462b44fe88301c739b72353e16f	-8.353607350000011	-0.0008600053614180002	0.1470992155824683	0.0010834794973841799	(-8.63366, -8.07437)	(-0.00292443, 0.0011732)
2d575dfaf20c70d49b09be32a1492254	-8.681684464999996	-0.0011366093630995025	0.127221222848288	0.0009230774566399855	(-8.89745, -8.44372)	(-0.00287427, 0.000503828)
b955f67a541a149dd3b179dc62d37a72	-7.822547204999996	-0.00020792617539600023	0.17389600863803037	0.0012789667424344179	(-8.12759, -7.48707)	(-0.00261134, 0.00211177)
ad7bc2bb6e1ec90a9bc3c8949bce80d6	-5.493799434999994	-0.006301335403249999	0.4876129230723187	0.003652982653775114	(-6.37234, -4.61251)	(-0.0132673, -2.41469e-05)
8f1c11c7b732265cbfc1bb7dbd0241e7	-5.711213424999999	0.0002074912198285002	0.13460222878696834	0.000995660644999831	(-5.96981, -5.47389)	(-0.00163198, 0.00209837)
1fd31ccf4d6163405f70131e32d5065a	-6.917799745000013	-0.00030728133889500024	0.2570364207609202	0.0019077342077043766	(-7.42826, -6.45952)	(-0.00385182, 0.00333937)
5093ad88995f6fe457c7fe96bb0ed33b	-6.297601944999993	0.002219013387454997	0.16611937587670786	0.0012012100511908865	(-6.61721, -6.00133)	(-0.000113704, 0.00433148)
f9b52205cb2d03153fd394a290212a10	-4.843849910000011	-0.0032096620522050036	0.2287631814665372	0.0016481055743980436	(-5.26376, -4.41465)	(-0.00640661, -0.000310087)
9d4e16844252e2dfbaf80a4a6fc4d55d	-9.17508492000001	-0.002526411053424995	0.2303187702044572	0.0017111794310571643	(-9.61263, -8.75418)	(-0.00561776, 0.000819563)
148c7eb0139bbc1b8c87dd31464742e4	-5.843051270000001	0.0013649270692450003	0.132768409688401	0.0009803181695850825	(-6.08586, -5.58405)	(-0.000505752, 0.00315592)
eea6b86c0c75e740670ccc50613b1b23	-3.2574944200000058	-0.0007674850606329999	0.06210360599646054	0.0004574234849125216	(-3.37026, -3.14193)	(-0.00161886, 7.58337e-05)
3fe55dd5e59267f275e972017302459f	-6.281949469999994	0.0003095911862037402	0.3814020803091132	0.0028753877879803707	(-6.96901, -5.53036)	(-0.00506, 0.0056788)
f11bd4248a2f95e53507c5bbf8dda43a	-6.713809944999997	-0.0005249790235539998	0.15936498289350448	0.001168616499915183	(-7.01436, -6.40572)	(-0.0027383, 0.00173856)
09a55cd0bdf9fa4929eab3f0ed841bf5	-8.920327529999998	-0.0003107280936030001	0.17737728592268834	0.0012928564507930713	(-9.23399, -8.58398)	(-0.00265787, 0.00209859)
bfb7bb16ab570748b3a5d099e9426af1	-8.23854965000001	-0.0011091668813100028	0.1221268888716875	0.000899170726038209	(-8.4865, -8.01767)	(-0.00271263, 0.000664264)
ad52a0f6646c574417ce0b13b84acfa9	-3.8507397650000006	0.0018796687113449974	0.1855317016986444	0.0013861009994734308	(-4.19028, -3.48327)	(-0.000816113, 0.00436626)
180b74e94caf35fac5e1f0f4b7ad9d9f	-6.246488180000002	-0.0011558450442849982	0.08025860341912025	0.0005827018550645144	(-6.40219, -6.09082)	(-0.00227148, -8.22807e-05)
810926a593979f3574e3bbe7defd3559	-9.613134745	0.0014495529773865016	0.23565223753029604	0.0016970744727117988	(-10.0653, -9.19028)	(-0.00143033, 0.00490048)
5d62137a2d05df0be8d6b7e163a3ef08	-5.44404823	0.002170843536934496	0.31605952696915685	0.0023111065000685723	(-6.00278, -4.85158)	(-0.00222664, 0.00633052)
f9765bd9332162f70268554ab318197e	-6.719279755000005	-0.0017098119749849982	0.21631440824339443	0.001561077962451863	(-7.11586, -6.35036)	(-0.00438145, 0.00118348)
bc5b6cc17572b4fd6ebd80081410427e	-9.672211014999988	-0.0012431247137334996	0.16326030743821277	0.00121258860183924	(-9.98075, -9.37516)	(-0.00338059, 0.000995339)
a29679284280410db95e5cb8c0b2d73d	-8.58624441000002	-0.002265181436619997	0.1913976588915128	0.0013505058376487807	(-8.97373, -8.25338)	(-0.00472065, 0.000277321)
1c86153e1b13ab5322c96f2602b73513	-5.444671755000006	-0.00010963189041500005	0.3020991662190912	0.0021896356438007693	(-5.96204, -4.84037)	(-0.00427778, 0.00386198)
fec0355651c9ad579f01f3e332311725	-7.176075210000004	0.000772421060029999	0.15022850803977217	0.001105706340814733	(-7.46332, -6.89938)	(-0.00129699, 0.002798)
f10155af1849a17996f302d71b32398c	-6.997030155000004	-0.010473970060000002	0.27048932703570017	0.0019205921736442906	(-7.53643, -6.53154)	(-0.0141275, -0.00693684)
0cc26190e976fc496119a5eb4cd0fee7	-10.010146175000004	-0.00010000223686199976	0.19976469954053291	0.0014480367320516747	(-10.4115, -9.66217)	(-0.0028638, 0.00253973)
9c25197937d1f54e2634026fbca6b55f	-6.739426254999997	-0.0024257415629399984	0.30003991933478624	0.002106962862661661	(-7.26599, -6.16585)	(-0.00603692, 0.00162518)
40ced57decad1424c32de76ae039c050	-9.425418344999995	-0.00045648821180849935	0.15317401404092978	0.00112489987628861	(-9.71283, -9.14378)	(-0.00241535, 0.00183837)
2ad31c7624bd7744a56a5ccac67ed01a	-8.568814914999995	-0.0006257508431025005	0.14428283409883783	0.0010303699001552927	(-8.82152, -8.29997)	(-0.00257431, 0.00127211)
41df3b4c55182503ecd97c6dbe47966a	-6.996240344999986	0.002256011919200001	0.12999628480241643	0.0009454787096383662	(-7.2255, -6.72126)	(0.000507977, 0.00408746)
fea3411c847e6627afb5e78b88e2e9af	-5.273456484999985	-0.0029183766397150044	0.23649322189292182	0.001739485568800421	(-5.70283, -4.80851)	(-0.00604431, 0.000314982)
8bb5ff097e0707dca3fe5860af20f4a6	-6.760123335000004	0.00028980965532884976	0.1289256224667067	0.0009352741195678633	(-7.00257, -6.52739)	(-0.00156332, 0.00192575)
bda6b6e7da7508c68057140e7bd6cd8d	-6.236496870000003	0.00011670836177800021	0.15207131276839533	0.0011144418245625238	(-6.53093, -5.96006)	(-0.00193404, 0.0023273)
1a5526b9f7147b6893f1a034a107cc65	-9.534178980000005	-0.0026159836926749965	0.22715345191887276	0.0016874113283297108	(-9.96303, -9.1187)	(-0.00561127, 0.000542945)
97f26830027d30dfbd60b54895af0660	-8.823410664999994	-0.0019064820313649984	0.2052428889287221	0.0015008402813943048	(-9.24241, -8.4527)	(-0.00483664, 0.000806048)
d061a99148d649c4eca4836c5f4b5b68	-4.621479930000007	-0.0005482266973309998	0.09110756369037153	0.0006661737053056576	(-4.79571, -4.44847)	(-0.00189361, 0.000556485)
f9f5f08e8da4cc9740518223846563db	-7.9781081650000205	-0.003979623449994998	0.2180920121015046	0.0016358298955507905	(-8.37352, -7.55843)	(-0.00688246, -0.000835111)
40c85a458df8d5a935122ba778d4f334	-5.300138840000007	-0.0010555745367850004	0.26939083179658246	0.0019233049463239242	(-5.84756, -4.80946)	(-0.00459182, 0.00265115)
7ebc04cb539befd9f2e7faa131628c66	-8.536151379999989	0.001699794693179999	0.1820676653576785	0.0013339485474585758	(-8.87483, -8.19865)	(-0.000888463, 0.00411112)
f7ef98bb6d0061b9368a72b1ff40aad0	-8.385826915000006	-0.003956275714668498	0.29101797310274974	0.002162960374460768	(-8.90952, -7.83952)	(-0.00784058, 8.60951e-05)
362b97b08074732371b6e76cd1a894e1	-7.083493975000018	1.7407389050000015e-05	0.3442461468236782	0.0024518351401622697	(-7.69574, -6.41355)	(-0.00428402, 0.00488775)
2fad39e365933a7f925040cb3c2a5ef8	-5.713567944999998	-0.003178236694525005	0.24391966659338274	0.0017968813345053572	(-6.16815, -5.27324)	(-0.00653289, 0.000225875)
4c855814a58f4f324e8f0cfaab222e1f	-8.643649859999993	-0.001307592743960201	0.3378227866377288	0.002529223117493178	(-9.27726, -8.03958)	(-0.00597556, 0.00325296)
2f61368750bbc7603f01c928568e7ad3	-6.641934539999993	-0.0026287868774999973	0.11268398310180737	0.0008221116229581432	(-6.86398, -6.44737)	(-0.00413526, -0.00106163)
599ba6458e91e2527f358f547ea39261	-4.000828675000003	-0.001826768881150002	0.08026321674836097	0.00057723748989887	(-4.16356, -3.86629)	(-0.00293025, -0.000800988)
4b548f1f6fc22f32237396b7d4ffee6e	-7.373353235000018	-0.0020692476623999988	0.10200146354824895	0.0007558619798608943	(-7.57969, -7.18628)	(-0.00361108, -0.000740479)
eb3543a838a705addef1d704eda7cad3	-8.013822855000004	-0.00011307479439999981	0.28394233326786444	0.0020692890369339496	(-8.53244, -7.4749)	(-0.00393545, 0.00371513)
2281740c4ae82360612b5bc7e9538337	-6.521235384999992	0.00044781914176999973	0.20572075305362808	0.0015129780956957108	(-6.91935, -6.17014)	(-0.00225346, 0.003226)
96936173022b85940115c9ea103505bd	-7.699738785	-0.003531761001000005	0.1587629039847589	0.0011692693380059656	(-8.02768, -7.41165)	(-0.00574515, -0.00135298)
f45b62ab6ec22fb20364a7e05088158f	-6.954521775000005	-0.0023507675670800024	0.206407667924424	0.001510061158126438	(-7.30284, -6.5481)	(-0.00493223, 0.000602071)
c16907f7272c334959e9f980842194cf	-7.872901119999995	-0.0017424203308299972	0.2513005264199531	0.0018400110776933731	(-8.33966, -7.39873)	(-0.00519011, 0.00179693)
266c2a374ca451985731e1e1b5961bd2	-8.068066655	-0.002508582830220005	0.16328670760647043	0.0011651285481830238	(-8.38889, -7.78559)	(-0.00467602, -0.000337399)
2ad8a4ebf774763b765f4ab5b516ff21	-9.183746359999988	-0.0015693300229500018	0.2074741277881424	0.001519082923094334	(-9.5746, -8.79399)	(-0.00435977, 0.00129415)
f12011ad5219b22b6ca790103333a755	-8.626042644999993	-0.004392263994999998	0.1302738315643398	0.0009894731794199833	(-8.84418, -8.35954)	(-0.00621248, -0.00255084)
b9fefd4224e459a6a0d21db63b1c0d03	-9.019354369999993	0.0006863456842029998	0.24916201003323757	0.001834781317412271	(-9.49133, -8.55293)	(-0.00267125, 0.00424693)
0cc2420a6a4698f8bf664d50b17d26b4	-5.967098519999998	-0.0017887275191445045	0.14772912194421792	0.0010530567408836798	(-6.23293, -5.68145)	(-0.00371316, 0.000235948)
33f9226b33e1f59f71edc044bb947764	-4.690077044999998	0.0028898095560499965	0.27242467289806555	0.002013721606380351	(-5.2196, -4.19629)	(-0.000857687, 0.0067211)
b4ef8e75d847b17325effd2f3873cc9c	-7.05359945500001	-0.00297042613215	0.2257359106003142	0.001619763428505134	(-7.47771, -6.63531)	(-0.00597432, 9.33411e-05)
8ffd2b3caa54b2922e98a0d5aab5adde	-6.813558195000012	-0.0014809745449435017	0.20193671690629206	0.0014716976683388733	(-7.18739, -6.42603)	(-0.00433272, 0.00124011)
42608e863ede290f764f14c074e8e4fb	-9.063616590000008	0.00048358493468000094	0.17272109815037626	0.0012538360928536648	(-9.36, -8.72202)	(-0.00206111, 0.0026405)
2a8a90cd5770804a5f23f425004de7e5	-6.512297620000005	0.0016388575849930031	0.32022315983253863	0.0022438340963032493	(-7.08606, -5.93008)	(-0.00257622, 0.00586717)
f19fa34c0c987ab3bd8aa42d8a4d21ec	-9.122899105000004	0.001458520535909997	0.18054008431550317	0.001316331096438445	(-9.45112, -8.80192)	(-0.000869472, 0.00400574)
340a5698fe78713b785c3bcce89df73b	-8.514899154999995	-1.753892592500009e-05	0.18591498527454953	0.0013630514679938586	(-8.86841, -8.16628)	(-0.00251502, 0.00261491)
376917760e5aa918592416e980809536	-5.917060420000011	-0.00022977035990499965	0.28666607786433945	0.0021222272595208765	(-6.4549, -5.39972)	(-0.00400763, 0.00384843)
589c1370b3324a2d6cff6d1ff85341d1	-7.481984365000005	-0.0020510762526650002	0.25283938230919806	0.0018257125081252222	(-7.95145, -7.02294)	(-0.00522716, 0.00138363)
e5a43b018c81cedd19e9a5354d32d469	-6.1032791300000095	-0.0025001083173600007	0.23180478217142775	0.001664422805595442	(-6.55239, -5.64957)	(-0.00583567, 0.000448908)
f4dfb45b33372cdc0dc2fd20c0d0b448	-7.849815130000018	-0.002952380537095001	0.3082172201123476	0.0022196713782877634	(-8.4172, -7.29738)	(-0.00695178, 0.00118326)
e1b3393309a8b247e0c358c26176d13c	-6.676278794999998	-0.00027075514883949934	0.10400316578305664	0.0007484684362474059	(-6.8702, -6.48446)	(-0.00160589, 0.00115422)
b47757a69204f053308f7f5f0022edab	-7.528520849999994	-0.0013995824124964982	0.22071636629569938	0.0016103603594403752	(-7.94399, -7.12955)	(-0.00443002, 0.00165048)
03569e3fd843f501355f7853b0ec9361	-6.222406180000005	-0.0005236690449885012	0.1996075137659091	0.0014719796717879057	(-6.56011, -5.81277)	(-0.00341852, 0.00211531)
25e04b2be57def00437d44ab461e8773	-7.43962579	-0.003331372060954997	0.2393166867647882	0.0017069219164235466	(-7.89138, -7.00471)	(-0.00626188, 0.000146884)
4d04d759f5a6615dac43060726239891	-4.981403880000007	-0.002620617900244996	0.15280388320964094	0.0010971302057057465	(-5.28771, -4.71654)	(-0.00468678, -0.000666479)
237135dc8b20f922cabee934f7d410a1	-6.798599654999989	0.0015991015684249984	0.1981116622307507	0.0014562573760928457	(-7.18785, -6.44639)	(-0.00109606, 0.00427617)
9dd9cefe38347b087dd318d82962cc03	-6.030671364999994	0.0020156016827484976	0.1627679825831443	0.0011967805012420725	(-6.32723, -5.71643)	(-0.000273752, 0.00427781)
c764eda12e92f19526c7e5a78a38c615	-9.21025913500002	-0.005514122206000007	0.2014227377130043	0.0015149550875814533	(-9.55481, -8.80457)	(-0.00845736, -0.00278511)
6fc765c81c8b663cedcd799094894748	-8.618821564999987	-0.0007470919156049996	0.2540813385335505	0.001829817719746826	(-9.07864, -8.13455)	(-0.00440932, 0.00240064)
1a389bf765c8ff0f92600f684fbe7ad7	-6.188810535000006	0.0024158372602949975	0.17380307049089716	0.0012778862061476866	(-6.50836, -5.86144)	(2.86119e-06, 0.00478054)
b0645cbec7653c887cb868a248d95874	-3.769352545000008	-0.00019395891075900013	0.10538043338529682	0.0007609700791135466	(-3.96044, -3.57393)	(-0.00161081, 0.00125717)
d6c46ad81c01997055a3b713c0d5ee1b	-5.989805640000002	-0.003330414300905	0.2511210207230576	0.0018078453000832662	(-6.49092, -5.56709)	(-0.00649872, 0.000271045)
fe2a1f2b6f247658881254d63fd68b74	-5.650995679999995	-0.0029217210066150028	0.26797147347271416	0.001974213435491004	(-6.141, -5.13873)	(-0.00696556, 0.000443897)
89aabf43d24dd5bd0fd0f5aca189d341	-5.1828022949999975	-0.0007386745171184486	0.06483340760813812	0.00047212563322461375	(-5.30539, -5.06699)	(-0.00155713, 0.000179108)
2ae8a432208b85a14e86eb821c86ce2b	-4.401067849999992	0.0007531577907360003	0.11114615419787355	0.0008084891014036536	(-4.60405, -4.19139)	(-0.000802912, 0.00220331)
f596fa835cdfdb22d6494b012f61fff2	-5.819732399999992	0.0011580405623399985	0.13334617159048848	0.0009715320186026331	(-6.10774, -5.60029)	(-0.000618161, 0.00294669)
f7895578be91c3e9c71c7b89e3e798db	-8.402248829999994	-0.003926926220849994	0.27393510919126646	0.001979417639968043	(-8.95944, -7.92846)	(-0.00726172, 0.000224531)
8b40296c81e6ffbc10306d4a2ccab530	-9.102351115000005	-0.002546357504499996	0.12120732994875667	0.0009031151431748711	(-9.33874, -8.89675)	(-0.00420385, -0.00081535)
40a6b537d995aeb12b0100e2cb6ad879	-7.693447804999993	0.004379356222000005	0.16960416337440526	0.001225027535695281	(-7.98422, -7.35233)	(0.00209261, 0.00663838)
9ac5fec396208e598ab2e2d26985d0df	-7.977322489999998	-0.0012265496276999968	0.10185142611863564	0.0007514048468605962	(-8.15635, -7.78752)	(-0.00258961, 0.000164834)
19cb3add28813b2bf3e1f40a000d33c2	-4.384267904999997	-0.0002140461138849997	0.16078048185884067	0.0011843834382013851	(-4.70409, -4.10903)	(-0.00245524, 0.00196104)
686d42b9552375c3b61301ae5605e3a2	-6.261695110000001	-0.0018745007600359975	0.23535182291558293	0.0016862351107557309	(-6.69754, -5.82785)	(-0.00498428, 0.00128567)
51625f89e7332f46ab0641e10cede6ea	-7.463995840000003	0.00024197379315199992	0.24595261497206009	0.001752475833960017	(-7.96449, -7.02118)	(-0.00316805, 0.00358321)
ddd87ec4b9d332c2d8c02f5d1b08dbb4	-7.475748545000001	0.00017712187528399988	0.12227384489224578	0.0008804604375773033	(-7.7018, -7.24111)	(-0.00141924, 0.00183803)
588a23811b3e98af68f4f0fb24a0daa8	-5.428742869999993	-0.0003412025881215001	0.1772999641028252	0.00129285194313185	(-5.7534, -5.09915)	(-0.00262679, 0.00224165)
7c82a2ef7685c5c6dc3080f56033cee9	-8.535081260000004	-0.0030606774012499967	0.25094834229381235	0.0018233944231935155	(-9.01578, -8.05655)	(-0.00661758, 0.000239248)
b835514e2678e3c7ba13bfe0a0d79bb4	-8.140003385000004	-0.0032747699571580033	0.2348112876026017	0.0017298917593305317	(-8.58326, -7.69432)	(-0.00624723, 0.000142554)
c162a4f3943238810eba8a25f0563cca	-5.324387460000012	0.00036526128981750026	0.11458621662900133	0.0008380775800662363	(-5.52127, -5.10914)	(-0.00108963, 0.00200797)
5b00db3216a94bcd5c4842499bf6bf6e	-7.694350975000005	-0.002090612582489996	0.13646343112606898	0.001009434302567575	(-7.93723, -7.44845)	(-0.00392891, -0.000296183)
beef5a54aaee13f217ecede427cb3071	-7.515632070000001	-0.0007360922872560005	0.2716270968379539	0.0019551701492254566	(-8.04352, -7.00918)	(-0.00416403, 0.00307805)
f7686a74ca2d3729eb66305e8a26309b	-3.707536255000001	-0.00019674826404264992	0.07457948143641777	0.000548026353181484	(-3.8466, -3.57232)	(-0.00122096, 0.000813618)
5ca5ea401c8d3569e69626d2f81d5578	-6.106663104999992	0.0009987443987199986	0.31504934713106253	0.0023309717485980592	(-6.6869, -5.49266)	(-0.00364873, 0.00507078)
b6d740387526e21887b761f90fbc914a	-8.078966765000006	-0.0030167294112355054	0.22983038294530336	0.0017006656445897762	(-8.51639, -7.66237)	(-0.00597732, 0.000474374)
5e69d50b5a886d1b222f36de84a9dc98	-9.035637334999997	-0.0014410454978039978	0.25618848274356076	0.001886946727796222	(-9.51011, -8.57119)	(-0.00481154, 0.00207904)
208c8722c4dd18b60b2b2684272ff26c	-7.408369460000007	-0.008341229465000004	0.26899800059667417	0.0019898331579475117	(-7.96379, -6.95457)	(-0.0118341, -0.00436443)
95fb1be2ae50b6d347649ea76c2a1874	-8.725986775000004	-0.0023188669609349975	0.18453340697540188	0.0013464608123619332	(-9.05389, -8.36258)	(-0.00489708, 0.000216729)
ea2b0e4a93c24c6c3661cbe347f93b74	-4.169131324999999	-0.0016354712074850024	0.1012767858603064	0.0007252640372092652	(-4.3351, -3.95466)	(-0.00303195, -0.000307203)
04b5dd98584b9ead93ed64c586994296	-7.622689764999993	-0.0009482906150200001	0.15068616807157462	0.0010867125579332017	(-7.90583, -7.34431)	(-0.00278705, 0.00125717)
ec6c9ea52e88226c339487585ea02f42	-5.610216459999985	0.0009025851313150009	0.17718074379477125	0.001262941684975585	(-5.90157, -5.25356)	(-0.00137729, 0.00330663)
4ce0afbaae4138f34580aa9f62b7a0fd	-8.68033479500001	0.0019048119674300007	0.22519827841295337	0.0016651776483500805	(-9.07391, -8.23074)	(-0.00126473, 0.00506928)
f655279fdb3e9fe733677c83df662486	-8.487843799999988	-0.0010276570379950003	0.14313101612844095	0.0010375025972213401	(-8.74742, -8.21609)	(-0.00286439, 0.00100029)
