Feature	Intercept_mean	folate_eaten_mean	Intercept_std	folate_eaten_std	Intercept_hdi	folate_eaten_hdi
7e9ed2c841e64976eace4b578ff56a26	-4.963838935	-0.13569224242000047	0.10701073873409048	5.076331369839671	(-5.16213, -4.76352)	(-9.38792, 9.59438)
a6099802840e60febef8e896967b7747	-6.933455439999979	-0.010820437450000026	0.03498482427719765	5.167940796299872	(-6.99798, -6.86973)	(-9.89683, 9.31478)
904ad13c7b8512200836d5cd9fb09e1b	-8.93160599	-0.01061972004649998	0.08530058428885408	4.8710076609123645	(-9.07978, -8.76432)	(-9.34066, 8.43989)
1aab913302590e21a7be28b1494a3320	-9.104837245000013	0.14611725580499965	0.04857736161793861	4.972769041468847	(-9.19515, -9.0153)	(-8.94749, 9.35371)
e644522cf6d7222c9da7f9ecf614cd89	-8.758083265000005	0.16862024374499987	0.08235243477147336	4.9634847890292475	(-8.9171, -8.61002)	(-9.18198, 9.36519)
bad4f7c5ada34a1f813946abcfe5c556	-4.6924872199999985	0.20949651835050012	0.03291211385298129	5.1624196303485	(-4.75091, -4.62683)	(-9.37842, 9.80847)
399bcf0feb12a20ca0731d8d65268dae	-6.292984990000002	-0.18241726332000005	0.06666841506815574	4.950126119438032	(-6.4223, -6.17531)	(-9.47108, 8.88337)
32f7e6bfc42fe19c17f9459bd9be4b67	-7.180498630000016	-0.10795639206399997	0.06905362948696545	4.965759959628546	(-7.30217, -7.04042)	(-9.93872, 8.58072)
c942f59feffce9c3ab527135de234101	-5.227329244999997	0.039513041107000144	0.04784865911475448	4.927185313780811	(-5.31226, -5.13557)	(-8.80928, 9.83213)
29bb5fa7f45e47bbabab8cc1b1b3d18e	-8.809202540000003	-0.1288905714890004	0.10344988848639901	5.047022309991613	(-9.00902, -8.62148)	(-9.74373, 8.78273)
7b2ff5940de11da4dc3bb208805dff11	-8.390661395000002	-0.045523968334000055	0.04896962479950176	4.927144152784837	(-8.48159, -8.30085)	(-8.90815, 9.46795)
6c7fa77831ae630967a6fbfc8ee47901	-3.462674309999992	0.12636487346500014	0.02635087532177821	4.967987930320633	(-3.51626, -3.41506)	(-8.94866, 9.37809)
6c83fec6e8d03fad51eabc871853c991	-8.376460289999995	-0.01592642009499994	0.08693414149812437	4.980026034914073	(-8.53838, -8.2167)	(-9.77517, 8.79436)
23597fea41001255f06321d42aefd3bd	-8.398474870000003	0.13161749197499997	0.05747947491307745	4.8694517038385845	(-8.50806, -8.29554)	(-8.81713, 9.36249)
ee02d6d3506da57909d5e603709a295f	-6.76149530000001	-0.2643928470200001	0.03817125579293925	4.8603007981201225	(-6.83516, -6.69065)	(-9.38047, 8.68886)
e6a34eb113dba66df0b8bbec907a8f5d	-5.501723445000006	0.06970676934999992	0.044695580850705734	4.85859124735625	(-5.58063, -5.41694)	(-8.82203, 9.25716)
6c4de756c45fa6e7e5adfe196f9f0039	-5.454701370000005	0.13099816272500003	0.10090484920023955	5.0954345773243945	(-5.63294, -5.26195)	(-9.32032, 10.1281)
60c57911662a9159dfdd0fc05d975a55	-4.258297179999994	0.022743759095000007	0.03727523045331307	5.22744185822476	(-4.32564, -4.18602)	(-9.96154, 10.0656)
1986030e3c5cd5df6d869054bc96e536	-7.773101915000001	0.1046809551664999	0.06984012277181911	5.135291018412558	(-7.89444, -7.63118)	(-8.93742, 10.0673)
ea3433f2c148c6fae4cc2e9ae197f5b8	-5.221930565000002	-0.12257255913499997	0.05195722807493463	5.051914686702575	(-5.32418, -5.12955)	(-9.05549, 9.46627)
059c8f8bb468064b134ea6d3661761ea	-4.910912655	0.06761548696900009	0.053555389548587684	5.096597004418521	(-5.019, -4.81653)	(-9.29787, 9.79262)
8a9f7499cdb85b8efa497bb56256cb43	-6.4141430349999995	0.25429746496000016	0.03400473613099764	4.927694842049907	(-6.47804, -6.35382)	(-8.4804, 9.75226)
8dccd839cf4868a3343e411c063932a6	-9.167060860000008	-0.2201524691311005	0.07251444690446457	4.983133983946674	(-9.30122, -9.03076)	(-9.28434, 9.75213)
f402919ff0fe53fec5b6ef190f9e42b7	-6.957002150000012	0.3692338034440009	0.04213091181279491	4.972603221001102	(-7.03419, -6.87448)	(-9.6733, 9.35458)
f9382b37fc2cfd3cf606824a235802de	-9.761518124999997	0.16452137011499993	0.06831098422460606	4.945261652432687	(-9.88724, -9.63622)	(-9.01738, 9.52034)
1664c7d0b9dec6e07df8542c0c4049c7	-8.48603412500002	0.04299597022599995	0.05258538958241514	5.037629871336788	(-8.57966, -8.38451)	(-10.1094, 8.80241)
3e5f388f7ad4f160c2a1cdd1441d00c0	-6.544673800000002	-0.15863238947790032	0.040107236134642794	4.9197093435716015	(-6.62003, -6.46889)	(-9.68218, 8.65176)
f5706d9ec821f971e4c08ee992995b40	-7.902438974999988	-0.2300810811404999	0.08134636922444284	5.104678813931054	(-8.03969, -7.73449)	(-9.33974, 9.29935)
138eb7703e1255cf29760a4440de2a47	-8.609015874999981	0.035566110462500126	0.06817255740130602	5.069611827384656	(-8.73245, -8.48243)	(-8.96102, 9.70965)
56c3d1a8e4dc5c2aa7afbc1563559448	-7.488927709999999	0.06410759219500006	0.11917211500664031	4.905858914137768	(-7.71937, -7.27011)	(-8.79013, 9.16947)
de61860db8d93da85692dffb5cf32ab9	-5.099279499999997	0.15837678646000017	0.09353669637714393	4.944538361213607	(-5.26955, -4.92472)	(-8.7822, 9.60138)
5c02713fbed5c1964b4410d9f8166555	-6.091278585000006	-0.10456959251000009	0.040338388354615416	4.941702451125625	(-6.1682, -6.02026)	(-9.88167, 8.67433)
12bb0c9249480c4cec2cc9f692018806	-8.383242005000008	0.026145777330000047	0.04868513277921685	5.129684602701763	(-8.47372, -8.2943)	(-9.19979, 10.3082)
b10627ff6db16c65eed2f21380dd700f	-6.11853707	-0.19642670709000007	0.1073423081651177	5.100640432250054	(-6.32407, -5.92359)	(-9.59999, 9.31805)
3f5f0d10bd5495e2c89d229c508dcdec	-7.054817255000006	0.08105284797000013	0.07723580374809971	5.0099629751291115	(-7.20268, -6.91468)	(-9.11196, 9.08405)
de6891b6f7a1f35bd9ccbc058b9e1a77	-6.575233439999997	0.2608612445350002	0.027985552781147637	4.963708905676679	(-6.62476, -6.52018)	(-8.76877, 9.69535)
828c563319c7cee475b9b8ab6a0a048b	-7.427134079999996	0.26871243641000014	0.040029672311344244	5.086379729525008	(-7.49672, -7.3479)	(-9.37236, 9.52553)
6a129e8ae637c96e7bb56223913911f7	-6.008859435	-0.01747300396499991	0.054682295253864165	4.979780718784369	(-6.11481, -5.90962)	(-9.76596, 8.54876)
1527fd8b14037f53b8edb26b111e1f72	-5.805980570000005	-0.22570564526749912	0.043263595621204395	4.979963527748741	(-5.8864, -5.72242)	(-8.76209, 9.40862)
b3d06445a910a9a444919e41f5da39c3	-9.963804725000001	-0.07809234980999998	0.07494130904797686	4.948341178084204	(-10.0961, -9.82164)	(-9.24297, 9.50292)
992072d045462445dc239b35300af2cc	-3.817056430000001	-0.027990442649999957	0.11648523600119932	4.965051621141706	(-4.04103, -3.60575)	(-9.49825, 8.89003)
2403a466dd6d1e4f551d80394c2aa994	-6.970777175000013	-0.06210754054000002	0.12907725090955954	4.970325318556949	(-7.20244, -6.72645)	(-8.88227, 9.03807)
cae14798faeabb8e1b8840e712839921	-7.20427499499999	0.05702385496499981	0.07547319440105864	5.077104265296085	(-7.34339, -7.06393)	(-9.41126, 9.45298)
4311a44a7d56ce4086afad3e75bedd6e	-8.132688500000008	-0.12075667180499991	0.05953065727295469	5.006093333731869	(-8.24829, -8.0272)	(-8.89737, 10.1809)
ab153c3e19553cead3d76fb9e00684c2	-6.9071340800000085	0.17441809175500017	0.09003697109273287	5.154232241577877	(-7.06953, -6.72788)	(-9.69591, 9.60698)
fc1856f132cd513b1251fa39ad4ccd01	-8.076954160000001	-0.09871511869249995	0.036660709642536864	5.087929622245076	(-8.14356, -8.00753)	(-9.33649, 9.35386)
8ef31508d9a2fc6f83935de5607a686c	-7.3075364999999906	-0.10017357696000011	0.11540834987101233	5.002999055311845	(-7.52871, -7.08522)	(-8.78919, 9.83391)
21ce8465657612a85e2f89e74d285ce1	-10.148167109999973	0.008522484434999832	0.07011894813064373	5.010087176844148	(-10.2795, -10.0202)	(-8.43258, 10.2239)
69d052e452e79d571cba042af265d50c	-5.105933259999997	0.042081926195499976	0.09552398953860967	4.861794168754703	(-5.29541, -4.93714)	(-9.55682, 8.8421)
79d5bee84cddbb27acb4dd7df378c789	-7.294325714999991	-0.12705688264999992	0.07909427875952077	5.11325982256593	(-7.43518, -7.15042)	(-10.332, 8.97429)
0f0a1f8c92368be6e8d3145bd4e94cd1	-5.203190134999998	0.15718310351000006	0.06414023279293407	5.231062091513543	(-5.32351, -5.08138)	(-9.74085, 10.3553)
64d05989cb6f8053633b2127793200b3	-7.436354605000012	-0.10772972145500026	0.05045479264890476	5.040852402885943	(-7.52858, -7.34176)	(-9.21661, 9.5372)
bac3d8ea4685e825ef8d12b2a6979577	-7.462995969999993	-0.05410687888000001	0.11728744810361902	4.936209122062297	(-7.68022, -7.24783)	(-8.90103, 9.30173)
a8d23fd98a311df2db65e5842634aba3	-7.248250025000005	0.19593156536000012	0.04072182045598374	5.102084609701468	(-7.32477, -7.17069)	(-9.47618, 9.40318)
41239266f2952a56a313fc4798f28a1c	-6.827788975000008	-0.02575862963999991	0.05196768423933644	5.034010929955742	(-6.92423, -6.72893)	(-9.58278, 9.52709)
2b982979f2401a8bc447d7141879e9b2	-3.8726095099999966	-0.21425755946999953	0.025899802793841912	4.969756656872177	(-3.92061, -3.8258)	(-9.1253, 9.12654)
251429848560a80abcb96640ceb102db	-5.371579449999998	-0.06385796746500008	0.04963579394345882	4.891169101894032	(-5.4657, -5.27977)	(-9.53203, 8.66477)
7b34b797cadb639f63827c6d332dd4e9	-8.193101869999994	0.06508817646700006	0.048746216272682115	4.969719406108657	(-8.28192, -8.09958)	(-9.43835, 9.20263)
2a99ec1157a90661db7ff643b82f1914	-6.410572564999988	-0.033902085188000156	0.12783642928512495	5.044439622955621	(-6.64776, -6.16796)	(-9.24183, 9.50971)
2a7f11895ae7fe9fdffa52016207c561	-5.999842585000006	-0.0846875246265	0.05942612748756041	5.0249355464896395	(-6.11049, -5.88779)	(-9.29349, 9.21446)
0cfd41d10227f0de9092d5cda028c12d	-8.59638569	-0.04756819941000004	0.05786392976910495	5.089460222995747	(-8.70226, -8.48793)	(-9.79518, 9.4944)
a9387e76477da8688775569cf540191b	-6.065408414999992	0.2730663212750001	0.07453785632574753	5.169611220647728	(-6.21516, -5.93426)	(-8.86968, 10.8095)
bb769f42c78f86faa2801cb2c2abb8dc	-8.616248715000005	-0.06946302076000006	0.07726118460714139	4.984233099359739	(-8.76496, -8.46677)	(-8.69378, 9.88151)
68ee181a51a55ca3814763c9214cfd8a	-8.679737530000004	-0.07483180916000008	0.06606492233779657	5.031761022234259	(-8.80734, -8.56226)	(-9.08389, 9.57828)
88956ab21ebb7e44b2dd317dd412818a	-8.493877839999987	-0.01920402400700032	0.07307000688062376	4.976076921828459	(-8.62794, -8.35496)	(-9.5077, 9.0674)
ca9dec36ad0aa5a1473144ddcb74951d	-5.16424560499999	0.0830318103995002	0.04323589132924142	4.99188775763006	(-5.24841, -5.08404)	(-9.09345, 9.32233)
ae171d16e3cb68ad19636a58839a1ef1	-8.950438190000018	-0.011670968674999924	0.08907199956846085	4.848760533824139	(-9.10242, -8.77656)	(-9.20659, 8.72654)
77f4d90aa6eb8080927f59ee8bbac375	-9.171080995000015	0.29595690959999976	0.04917115867314878	5.076069998572039	(-9.26374, -9.08023)	(-10.2062, 9.36874)
a7b427a226422d10e62536b8d41e02fe	-8.158542730000013	0.2590129839000002	0.10587316720135984	4.9198469773929965	(-8.36224, -7.9706)	(-8.63352, 9.47158)
2480f3aa1e7784b461d9b5b83a6bfc81	-7.927670684999984	0.011673410569999983	0.07396875580865725	5.231201293867611	(-8.07249, -7.79282)	(-8.9309, 10.5066)
9000b563231e32a7003bf2ef20bf9a60	-7.434252430000003	-0.045058595074999985	0.055096896287314574	4.983532670630916	(-7.54349, -7.33814)	(-9.03435, 9.14144)
a186bb74dfce512f83043f7b366c60c4	-6.34083681	0.00454411424199985	0.13725956238646508	5.060092350384428	(-6.58261, -6.06339)	(-10.0076, 8.90139)
aad2c8fbb5e1201340fe4357731fc9ee	-7.989794825000022	-0.007511813604999993	0.08929047519119482	5.082431634736143	(-8.1534, -7.82502)	(-9.33238, 9.39118)
490d2aec117bd7289577684ba3cc1b64	-6.8384945450000165	0.04295247103500016	0.08977957770279935	5.099464364748842	(-7.00791, -6.67174)	(-9.04035, 9.78741)
457d3865cf0a4bc602a07d8d5324388f	-8.642640290000013	-0.09183378848	0.09247775277230691	4.931333060792868	(-8.80981, -8.45631)	(-9.22693, 8.97808)
552e00cb506f739acaf08aa5641f9d84	-6.649253249999986	0.028285419669999954	0.06108704670089644	4.997175885642314	(-6.76258, -6.53925)	(-9.91046, 9.29805)
9dc78fd8f2f7cb10e190e77af61c7ecd	-8.147089410000012	0.1815395169649999	0.043601489539371215	4.817643948069877	(-8.22767, -8.06684)	(-8.04635, 9.58979)
a3607a88a8ed64e24a374847b23e404f	-6.442303299999987	-0.11033904641999995	0.05437811502350921	4.928583226136561	(-6.53587, -6.33553)	(-9.7491, 9.05591)
5bb151262388870fd53a84ea6f1ffdf2	-9.429963905000026	-0.03331838000700017	0.09057035116416956	4.989477535451656	(-9.59897, -9.26044)	(-9.26374, 9.51455)
f7962a90f4519ec1d1a9c7b8ef7bf396	-9.058895264999993	0.11737527212500001	0.06523263971609439	4.861133519396951	(-9.19117, -8.94656)	(-8.34682, 9.52484)
77ad88eed91eef009bf64f101c96baa6	-5.1960177200000075	0.027702922594999728	0.09857645201163209	4.7906164257316375	(-5.38936, -5.0198)	(-9.32287, 8.52985)
08be83d0a527ddd1da0861135192e593	-8.521667125000004	0.12268721780600049	0.11150509833449043	4.993009648429419	(-8.72977, -8.31977)	(-9.01896, 9.57953)
b61862b15d33865612e76c1db7b995a1	-8.982328765000004	0.059504013947199924	0.05284950856748592	4.872992214998152	(-9.07954, -8.87982)	(-8.54441, 9.23789)
14f11556b1fc9132c5ab27b67a2479bf	-9.193790660000012	-0.020443483919999988	0.06531918239739685	4.832235004440874	(-9.31994, -9.07934)	(-8.93543, 9.01595)
514b34f09e4acd2397d38273c630d338	-8.520336074999985	0.032753735745000054	0.1000849212241502	4.976865885633277	(-8.70946, -8.34096)	(-9.38, 9.08886)
ba88d4e4e6a24ecc2a5aab6bdfbb77f5	-7.799103455000008	0.1594648508700001	0.04326967023808908	5.1105942627421905	(-7.88027, -7.71519)	(-8.92859, 10.682)
1c94105978b1aa2095e3c0096774f240	-8.212518615000004	-0.09763887044500022	0.06577832866553976	4.954541118634155	(-8.33061, -8.088)	(-9.40295, 9.09644)
27b636c66fa117272ed27920bad78969	-8.397922699999993	-0.10111615154499969	0.07756043719713035	5.071276302324044	(-8.53834, -8.24658)	(-9.77025, 9.45718)
7201d53bd647437ec3de879774eba498	-6.7282852399999955	-0.025732790029999973	0.1129419273310066	5.045603767180864	(-6.9497, -6.51308)	(-9.85425, 8.94181)
f8529e2e737999b4a7d06420482d4af3	-8.485537584999996	-0.04979610034000004	0.10741352846321449	5.170070225601479	(-8.71148, -8.30525)	(-9.82513, 9.53863)
959d48a11e3b26c9268f0bd1dae6ec40	-4.2196172400000025	0.1334960138300003	0.03244019121063254	4.857424738622503	(-4.27945, -4.15814)	(-9.55243, 9.17606)
bd0f4e14387ee1ac7e5fe586cadbbed4	-8.884684320000007	0.15354280438499984	0.04050110535575046	5.017796359996798	(-8.95842, -8.8068)	(-9.04173, 9.02028)
66047b69a772cae3e37186eb74254da7	-8.84350370499998	0.12908319556215012	0.08668832541192022	5.101963114468986	(-9.00487, -8.67762)	(-9.56493, 9.71572)
4207ad1746e5fbce9c5ed5efe1e357d9	-7.391595554999987	-0.1961670000550003	0.043610281311773004	4.947960567285201	(-7.46767, -7.30771)	(-9.72954, 8.69056)
30207d209491dfb7de83344e77fd6fbd	-6.313581795000011	0.08278745193799995	0.04383923449181079	4.831355853568371	(-6.38988, -6.22745)	(-9.50321, 8.17813)
3e93fd55a231bb99b67a666bad8446a8	-8.263932130000004	-0.0038430338999997996	0.04720728900459233	4.81533351990547	(-8.35927, -8.18173)	(-8.50043, 9.41647)
d39f37b814ebd81091a949f8bd9d1710	-6.240001189999998	-0.04581070246500001	0.0632212766992561	4.911515197780738	(-6.36187, -6.12227)	(-9.59366, 8.60446)
706b0d627a9ba61b18e6b7b39622ac1f	-9.001849889999985	0.04262239881199993	0.07550867582396019	4.943919288852412	(-9.14058, -8.8584)	(-8.99103, 9.32092)
32382a0f5831da5faee464d011b5616c	-5.90605250000001	0.03851540995999999	0.12172642514856837	4.960704687923214	(-6.13201, -5.67893)	(-9.33787, 8.87227)
fcd575ef43a2ae77d9b7c10639e80fd8	-9.823194834999992	-0.07198835731499988	0.08293527233314403	5.029018294797857	(-9.98214, -9.67388)	(-9.4143, 9.45337)
fdb1c35a8dab336d65ed22d796e71e4b	-6.734647554999994	-0.18955737551099988	0.12043274972768811	5.138656273475903	(-6.96912, -6.51189)	(-10.4572, 8.76197)
25def15fb42bed6855ede4893d27a21d	-5.278902850000001	-0.03759834383999988	0.08325773239331889	5.211538598696845	(-5.44075, -5.13047)	(-9.05522, 10.5019)
2a13ecb6c618ddf8154298c69336dd8e	-8.549941160000005	-0.050699026824999646	0.09954972558050776	4.780517885876487	(-8.75011, -8.38205)	(-8.53759, 9.58845)
9ad89cc951aa3031c19c59c95e401614	-9.648525629999975	0.16297251479499988	0.07406011918234476	5.001135917056552	(-9.78347, -9.5133)	(-9.90078, 8.98205)
55d4d3011e1f3bb8e4e5089b801b61a4	-9.422273500000015	-0.07152950335000016	0.08209193891028525	4.967739399693729	(-9.56367, -9.2661)	(-9.22941, 8.68029)
4ed55370307d6700d110b6d3f1196136	-7.668764524999995	0.046454935344999795	0.10876271804563542	5.064312062301199	(-7.86129, -7.45297)	(-9.33595, 9.25642)
154c25181234441402124e02c204074c	-9.486382989999989	-0.022374243030000063	0.08254057791692464	4.959245720476018	(-9.63964, -9.33037)	(-8.51044, 10.0744)
370829fece3190f1a8efccf50b7d0921	-7.657767145000007	-0.09379427324499999	0.057553548930530544	5.062997808472667	(-7.76968, -7.55228)	(-9.6505, 9.17187)
b1a153ff5a21342991138e7f7dd2658e	-6.6784696799999965	0.2454425899399999	0.1006715076866222	5.111494952412756	(-6.86152, -6.49447)	(-8.66795, 10.4362)
e39b1ae9776ee98190c8cb02bc9de792	-9.189432119999994	-0.19661180778999995	0.06800625674013827	5.073931858502888	(-9.31585, -9.0647)	(-9.57529, 9.45887)
e71461ffe18aa4dc3b1f7ba4a1011cff	-7.460272454999997	0.10925895168999997	0.06079467151505118	4.955117278878266	(-7.57645, -7.3495)	(-8.98261, 9.56497)
90c2b51afe404951ec89bd52c7ae1f58	-8.979821735000009	0.11096983425000004	0.09079891417324207	5.0634191310611225	(-9.14314, -8.80075)	(-9.3178, 9.67095)
c5af8314e36eaed98fc88f181f539e8f	-7.300503114999999	-0.13100441882500033	0.04781438902931603	5.054639207150931	(-7.38948, -7.21381)	(-9.58803, 9.15707)
10cd502b01abafc87e2ecbad86389286	-6.090530394999996	-0.14429714222900017	0.03517986785640292	5.08924746106854	(-6.15394, -6.02115)	(-9.88292, 8.9656)
433cf7e272a09b91cc85082a1338b8e1	-7.723586780000011	-0.008097506989999944	0.040960914260201736	4.742493801939789	(-7.7996, -7.64566)	(-8.43104, 9.06522)
877f27b47c85f6b2d3cf8a6aa86def40	-5.346855134999999	0.11739740301500014	0.05679812232267692	5.0038479224374655	(-5.45963, -5.24557)	(-9.51524, 9.36103)
9ed241a051fe72047261df3b7e08b675	-7.027964564999998	-0.08974044254500012	0.04665903023114366	5.004857974973057	(-7.11901, -6.94417)	(-9.15918, 9.3926)
04c8be5a3a6ba2d70446812e99318905	-5.983703450000002	-0.19796866293499987	0.04896450348872637	4.989962785642077	(-6.07795, -5.89806)	(-9.64438, 8.71712)
e0b7bd623a1b4cd1640883066e8d96bd	-9.533125815000014	-0.04468247765000006	0.07071363121800334	4.932565873629953	(-9.66314, -9.39576)	(-8.99517, 9.44776)
6a17479edbe461431433bddb084f731e	-6.466320939999995	-0.2328899579259998	0.05966858119828555	4.844105786966472	(-6.58068, -6.35827)	(-9.39245, 8.68504)
35513c8de34a49ef37dde85737e6aef9	-7.754169135000005	-0.13747878734799998	0.08354571236575692	4.790463622685382	(-7.9152, -7.60487)	(-8.60555, 9.48971)
69536042153447ceb692aa53159ce0c2	-7.319735965000017	-0.061262570550000055	0.037666070630857876	4.966301839380554	(-7.39007, -7.24956)	(-9.29066, 9.11157)
0f92fcc184a951ff8b0914467ad2f8f9	-6.985653944999993	-0.22764403244399978	0.04697228882742435	4.975654434111827	(-7.07085, -6.89498)	(-9.48938, 8.7623)
e9d9bafcf863ec0908ce4e20e6386ff9	-9.475721644999986	0.2054367453600004	0.06212861961402306	4.90739724116385	(-9.58784, -9.35381)	(-9.12491, 9.39168)
979578981da3916b394bf24c32bace21	-6.79435474500001	0.09573562945600006	0.07726229963335914	4.995850923863788	(-6.93979, -6.65117)	(-9.30063, 9.10418)
5860dac317300b1fe6094e958240cc7f	-7.632893225000006	0.1469899247149999	0.04308850056858994	4.980529665344447	(-7.71312, -7.55136)	(-8.41862, 10.2638)
3a1461e8439091ad6b93af0ddb3849eb	-7.072800810000005	0.06469933219500008	0.10618389845143156	4.962552120179327	(-7.25453, -6.8598)	(-8.89422, 9.57517)
d32627161d829a1488c2a047669cb29f	-6.2235216400000075	-0.01081111726499998	0.11220764281728056	5.069147041237991	(-6.43166, -6.00125)	(-9.66107, 9.36819)
e2c3ff4f647112723741aa72087f1bfa	-3.301825929999988	0.05944902176950008	0.044779271220455344	5.016702331154543	(-3.38658, -3.22125)	(-9.64613, 9.35053)
426bd7119a31b73ef734771a071a216c	-5.8262836800000075	-0.18741801789499998	0.06087206904860059	4.979006083722877	(-5.93937, -5.71628)	(-9.14807, 9.25516)
aed0d8840bb7da5eacd80c6f9a1f91ed	-9.708500545000012	-0.14155141118999992	0.07085738009094729	4.931551803409402	(-9.84088, -9.57732)	(-9.59256, 8.54853)
0b05a2e48cdc5f9e766bb0f4c209d4b4	-8.765153130000009	-0.1482269781000002	0.044068032555392114	5.222126836147747	(-8.84482, -8.67703)	(-10.7293, 8.67909)
31c0a0bcf172474d82c69979df243e78	-6.126900990000004	0.16439581239500012	0.03962831054713159	4.837890422135345	(-6.20223, -6.0539)	(-9.20815, 8.86582)
f9b9b7db378357774e672fe5ba242b12	-9.918748420000005	-0.05368413417149996	0.06782812528150554	4.911884792990585	(-10.0423, -9.79006)	(-9.47607, 8.93888)
95f975f50235610bca818dcc9d97f7d6	-8.828527164999999	-0.04829239842500017	0.1044162260552103	5.042023899935726	(-9.03588, -8.64129)	(-9.33528, 9.46675)
ecaa9f4e15a28f212d9bd60f749191ab	-7.350816234999995	-0.01938589013500002	0.05604818157152626	5.034265519801699	(-7.45739, -7.25013)	(-9.54399, 9.55173)
a6fa2de5f4576d1d77b1616786e3dd52	-8.758935514999983	0.022768510235000063	0.03981283164175559	5.039431002645832	(-8.8385, -8.69103)	(-9.28153, 9.35588)
1fa555f9a74d47a6ca7a65a347bc885f	-5.9347701	0.2905335136449999	0.04686919246786742	4.882125392260286	(-6.02719, -5.85187)	(-9.38397, 9.06915)
149e7d5e484d157f2ac6140a2111618e	-4.219851314999991	-0.019608012065000006	0.043631930456040746	4.917369145126298	(-4.29949, -4.1388)	(-9.45267, 8.9913)
605c54065160b61d47c4d5f87ffbe6bb	-8.943068475000011	0.0453976676599999	0.06671505158826135	5.101251857126	(-9.06174, -8.81088)	(-9.5224, 9.2727)
5034598009be77942a505e7c9978b06b	-8.085393440000008	-0.012762871500000087	0.062051123999218555	5.005654143056867	(-8.20133, -7.97049)	(-9.427, 9.15591)
8526f1f5fd2dcff7e7a73db743c829d2	-6.441350774999993	0.12352660255000042	0.05395634080021893	4.9343393021086115	(-6.54376, -6.33912)	(-8.49717, 9.88446)
24ef07664cfa04a819d7797a89e653b6	-9.534970169999985	0.0771306499500001	0.07663171525922607	5.097067488953616	(-9.66726, -9.38084)	(-9.16595, 9.4887)
03fdbec0c9b63a05ae79f92c6d3a4cfc	-7.110632965000003	0.04555888623999996	0.1021958656788952	5.014255473297116	(-7.30604, -6.91877)	(-9.9517, 9.13951)
aa3e2d76e864d7909b51110e211ef36c	-8.793297944999978	-0.06020092450999997	0.09543966039507347	5.165869018740334	(-8.97201, -8.60909)	(-9.62431, 9.0416)
7efeb75fc542932a033b37b887994dc8	-8.272465720000003	0.1397020457140001	0.09925608344470183	5.100592933379809	(-8.46931, -8.09931)	(-9.3831, 9.66024)
2371e52106292ac4c33aec6f57cace35	-7.686990604999988	-0.20289376471399972	0.051679473442402375	4.9891771011775985	(-7.7915, -7.59505)	(-8.83868, 9.85515)
913d55d109820d0f3fad120be103c64f	-8.377535610000008	0.004874509699999995	0.07794659168191957	5.1120517557373235	(-8.52559, -8.23083)	(-9.03879, 9.98819)
c82032c40c98975f71892e4be561c87a	-7.03781033999999	-0.21744422094499996	0.03995462094782525	5.103568934788572	(-7.11185, -6.96387)	(-10.2189, 8.85998)
ac9166cff57e7ff3581eaf798edc726c	-7.19567108500002	0.07312221642499997	0.10540723543368724	5.046517038090179	(-7.38, -6.99048)	(-9.7807, 8.88852)
949af2c28ba6c0345ae58b9aed00a2c0	-7.5134292749999885	-0.07587045849500007	0.11520123964057137	4.933468045153739	(-7.74038, -7.30632)	(-8.86706, 9.51964)
8a261f382a739bbc5f9494b2c64c2744	-5.239860169999996	-0.16889288680199993	0.03758009005272744	5.123752193831358	(-5.31193, -5.16875)	(-9.90221, 8.78584)
e91f1c5b67ffecb5ca3ca3b393a50f00	-4.629661659999996	0.2524418369899998	0.06688350406673083	5.003902317830276	(-4.75102, -4.50444)	(-8.97544, 9.86655)
99b02f389bd0b7abad0d4d8affb09e22	-9.746791254999989	0.006789476020000138	0.08746502505901985	4.914602045896637	(-9.90949, -9.572)	(-8.75613, 9.65583)
d3d99580d90cca486a23372a474e9571	-8.940274294999982	0.036559132439999836	0.06831519960596602	4.957832486800989	(-9.06037, -8.80325)	(-9.27986, 8.92196)
7076b69bea6fb40b94f8b32fd85fdb46	-9.814370105000002	0.14582858268500007	0.07339953222016458	4.847769794957612	(-9.94453, -9.67399)	(-8.94069, 9.11054)
e82ab12c51a893c6d7938a16632199a8	-7.547290185000006	0.018858776295000015	0.09811112170246433	4.886394690047989	(-7.7295, -7.36165)	(-8.72699, 9.50286)
2ae945b550c248752a5b463c9aca1a6a	-9.47844703000002	-0.09129597859999974	0.08490698421672443	5.0710780108548414	(-9.64386, -9.32341)	(-10.7155, 8.57376)
b423592b0ae631882095792b27729b9c	-8.756782599999994	0.1332529426850539	0.09961767379004594	5.122961673071976	(-8.94944, -8.57959)	(-8.86549, 10.0904)
3f1ed51e954b35a8108c12dd882b696b	-7.063620845000002	-0.062207696230000054	0.06754470405321189	5.15859819428429	(-7.18438, -6.93411)	(-9.91982, 9.01483)
1fb601d8edb6994ffb112ad1a34828d5	-9.155749129999997	0.029620238760000018	0.07009489061153536	4.971496969174787	(-9.29053, -9.03066)	(-9.27756, 9.27228)
9f74473636e6874853d88dfcbcecff49	-6.615872759999994	0.11228497576600001	0.0764007653416011	5.0214584879344235	(-6.76406, -6.48263)	(-9.19012, 9.58208)
4c731267e801c2afe253b5cbb58bdd24	-4.666963919999999	-0.10214120140250017	0.03369609836366222	4.958679217198454	(-4.72701, -4.60259)	(-9.09455, 9.36057)
14387daaf0161dd3c971efd0f8806ffd	-7.995644604999993	-0.077058647135	0.05094660307070508	5.114682416725011	(-8.08649, -7.90199)	(-9.96914, 9.27763)
c97220e6c4063a029dec2f8160977f83	-6.995364130000009	0.08054762227999984	0.062018231660078034	4.796003696744315	(-7.10884, -6.87885)	(-9.4495, 8.61342)
8a20667bca2eaf2a0687995af876a84c	-6.631818130000008	0.06841996049999999	0.11930549162508441	5.0067782726205525	(-6.84583, -6.40057)	(-9.69327, 9.00489)
131d3b899e72f19fcae1b0f9f8f3a009	-5.494211539999998	-0.04173122174000001	0.14260710629252818	4.969706199777752	(-5.75118, -5.22507)	(-9.94462, 8.52498)
c0c365b5a32a28b8d2602de07c5d0b06	-7.628583265000009	0.07482739087500004	0.10444271946808822	4.803876898408614	(-7.82053, -7.43073)	(-8.23479, 9.43703)
a650f349bbdffb95b3624519d1ba72b8	-4.975104494999997	-0.2115873266499997	0.03967537308135833	5.155103625771059	(-5.04758, -4.90233)	(-10.3546, 8.85249)
0f6da5f59be656db2dadef7bf2d1a2e6	-8.53224126999999	0.18935043034999988	0.05874034571729303	5.062446638245719	(-8.638, -8.41839)	(-7.97962, 10.909)
e84bea8ae61342674744560dd7de4721	-6.792828985	0.2246296169150002	0.09842155792162498	4.727368479905298	(-6.97606, -6.60092)	(-8.67605, 8.73701)
010f0ac2691bc0be12d0633d4b5d2cc4	-4.583714739999998	0.02198365066999998	0.049736619715581784	5.081789625499914	(-4.68156, -4.49109)	(-9.17406, 9.77253)
c8fce068920feb387167d44c01689295	-6.35098055500001	0.15244088403000003	0.08476194981559813	4.999177874546318	(-6.5068, -6.19538)	(-9.06867, 9.46863)
86deb5cf8d6f29d383136e0d09863b69	-9.994572405000001	0.02954503695499998	0.07646163160347787	5.08669566871014	(-10.1457, -9.85459)	(-8.96586, 9.94378)
79db4c4f494c95856ce31b42f267c4c4	-7.976253064999986	0.025308858544499886	0.10651898492032215	4.9481736983009235	(-8.17379, -7.78947)	(-8.4179, 10.5004)
dde2f514908a4fcaa80827346c7b7a19	-7.954000215000001	0.14380183924500026	0.0455924108970317	4.917542404605333	(-8.04251, -7.87078)	(-9.32423, 8.61961)
7dfa96abfa7484bb6c9cfa90dc9b606f	-5.763441840000001	0.07109757260999985	0.056366335818592996	5.190851827045268	(-5.86706, -5.66097)	(-9.48727, 9.59858)
25f9cac7332bfbe3973f03bae0ee15cc	-9.48905933499999	0.1086327642899999	0.06930043472163634	5.097340850957555	(-9.62076, -9.35895)	(-8.62543, 9.91498)
447b9d6a5c17543a456c597e65b37139	-4.377957895000002	0.0355470632799997	0.028171292485773065	4.873063817359974	(-4.4315, -4.32617)	(-8.7411, 9.38888)
ccce7fe8aa849bed027f6898300e0c45	-8.586903789999996	0.19422836380499992	0.07168845582962369	4.91826035939109	(-8.71506, -8.44811)	(-8.93032, 9.40819)
363c1c39d58bce4fc3218659d0944258	-6.272721949999998	0.03446452587649994	0.049214519802569474	4.884310051170844	(-6.36605, -6.18095)	(-9.0498, 9.06899)
7be9bac1b13acbd8acf0de464d7c20e6	-7.893223804999994	0.061378876642999985	0.053421336282163306	4.9988614220099725	(-7.99629, -7.79554)	(-9.28928, 9.04677)
2ab8310e1e510f8045c7f4d191fa36be	-9.065524500000013	-0.08425128164500013	0.09332955868774903	5.073041853368655	(-9.2428, -8.89573)	(-9.57254, 9.57562)
a66dd8d31584930c2b0f811f572dddcf	-6.82819303	0.09216264326999989	0.07298302079743686	5.026545368757943	(-6.95534, -6.68243)	(-9.21898, 9.44351)
10155b2834300619ce0102110a37b057	-6.9501526499999855	-0.12501183237500044	0.03280099542357673	5.130787177805799	(-7.01119, -6.88788)	(-9.93149, 9.13942)
fca904abacabcc0591dd00b0427f9180	-10.08158101499999	0.12510665107999966	0.0686211776612714	5.115272545623456	(-10.2136, -9.95875)	(-9.80341, 9.03926)
ef6752ce31dcb9e16b1155bbaa1a268d	-8.78641403999999	0.1384890079700002	0.08404823817712313	4.960333516377877	(-8.94478, -8.63113)	(-9.60506, 9.05346)
a24dae6b87885a55d81df1ea6d1abaf5	-5.76968454000001	0.07854075772000013	0.060791498346301626	5.261648561180501	(-5.88738, -5.66153)	(-9.59317, 9.72455)
79280cea51a6fe8a3432b2f266dd34db	-3.655963465	-0.011195288670000003	0.02835171769300363	4.875688277552687	(-3.70893, -3.60261)	(-8.81552, 9.57024)
cba33b3578113908d449fc66ccb245d4	-6.184512140000004	0.021426727679999844	0.03957484685782627	5.114028607851034	(-6.25668, -6.10786)	(-10.0396, 9.06807)
ef1616938612ecae94c31842853cb904	-8.854335379999991	0.06244301218600012	0.046101099035224746	4.990703043366229	(-8.93597, -8.76165)	(-9.71415, 9.34026)
a378e30f9be477f7777e409c8faea14c	-8.754621664999993	-0.048783569406	0.06215697857101619	4.837467795349483	(-8.87963, -8.64304)	(-9.32144, 9.01742)
322498f1025a569812be6e3fe4f63ff7	-7.928754055000002	-0.022928755434999875	0.07844143968979012	5.037450657488687	(-8.0837, -7.78721)	(-9.48251, 9.33332)
d75b7080930e7a77ef3de8c6154895b9	-4.746450149999992	0.08366717639499992	0.12567634946988843	5.204981949864841	(-4.97337, -4.50033)	(-9.27053, 9.89192)
9bf0d2dbffe7925240ea811d2a4cd625	-9.006769590000005	-0.015284836020000003	0.053895999013209704	4.92521590232454	(-9.11831, -8.91116)	(-9.71204, 8.31951)
a167e4d4418792dcaba877443ed0e66d	-8.599852320000007	-0.07108938910000007	0.09274107052712736	4.991943903571563	(-8.80115, -8.44794)	(-9.00181, 9.28192)
ac0202d177961ffb380b6859272bde53	-8.016516174999996	-0.23618217600700017	0.0859064955723336	4.935964825476226	(-8.18013, -7.85869)	(-9.82123, 8.27879)
e3ab3e4772986724760dbd52b7af55f7	-8.174741384999994	-0.15865064505999987	0.06116863127969907	5.080149620587083	(-8.29246, -8.06826)	(-9.0591, 9.72546)
481e48328fe7a9837c7233de8f60fc23	-9.173049789999977	-0.15823138020499994	0.07211639158440954	5.071335002612511	(-9.31864, -9.04635)	(-9.8563, 8.78128)
be17b29b03ed02bed133932284568d16	-6.494734385000001	0.0593901010000001	0.048391752055714714	5.129647020051127	(-6.58669, -6.40552)	(-9.48383, 9.37624)
5f9d6c173705f19cd3a1e5145c52789a	-8.894355454999989	0.24932466638000014	0.09337896753548391	4.8935326776845285	(-9.0691, -8.72685)	(-8.92501, 9.04119)
1ef782a559e3e0a4ab42516e0a2c828f	-8.5818365	-0.19193778768115	0.08748500943390246	5.162287519089922	(-8.7329, -8.40559)	(-10.1496, 10.0379)
97f56e68f535e44ceb53d05f269e82d6	-6.806499710000023	0.010059313154999923	0.03773552494289564	5.030366905484093	(-6.88075, -6.74421)	(-8.82489, 10.0559)
3f38509af22157cdcb4006457529d25e	-8.870733179999998	0.02093040809649978	0.0841641476222958	4.841374585365858	(-9.02323, -8.71545)	(-8.50096, 9.77673)
ccee9fc92f4182805278384a02a4d7d3	-9.722270104999984	-0.020867607400000026	0.0700409722029826	4.94297521070081	(-9.85578, -9.592)	(-9.62191, 8.77548)
b3bf877149e7a31ad9a7397a3ca8b011	-9.331138639999988	0.16405305392499983	0.08515192683639289	4.988962204191704	(-9.50294, -9.18434)	(-8.37072, 10.0424)
33852dc244bb69590e8e756a83bb2f4c	-9.521502619999987	0.19870628815000022	0.0658786612419803	4.768636057410933	(-9.6456, -9.39937)	(-8.89819, 8.71232)
8f5959f21dc9ce9a281656f8d699ec07	-6.857700915	-0.13986343349999966	0.06264672096217624	5.138283928390451	(-6.97636, -6.7355)	(-9.24849, 10.307)
2086666afdd5de098b04a94247040c11	-7.897842820000005	-0.058311542010000085	0.07204425936289166	5.009673576350584	(-8.04004, -7.76804)	(-10.0658, 9.24698)
96169c3701e79f42346c41eb7b5bf2af	-9.456730560000011	0.21307457900000024	0.07179804542316173	5.016602809771742	(-9.59492, -9.32426)	(-9.49857, 9.2429)
d05c86b5bfc092d8677507fb1eae8d66	-5.669350384999998	-0.13418992956999978	0.08411528481317637	4.828778662371252	(-5.81885, -5.50038)	(-9.82792, 8.31611)
25dd2ae928b2e5e1ac2e28dbe2112991	-6.34183181	0.2554848867199999	0.040972044574610886	5.052253084136857	(-6.41362, -6.25946)	(-8.93695, 9.83497)
cebcb0fe524fb1cf0bfb5463ae228bed	-8.811420374999992	0.08562893672914997	0.07777797348806006	4.881202738077493	(-8.96401, -8.67046)	(-8.78282, 9.04249)
90104f2fbcc925a6619e805c7a625c57	-8.556213774999986	0.07961263301000011	0.08176945311300161	4.988595184051196	(-8.6943, -8.39335)	(-9.9349, 8.70315)
4c2189b6b5ced3cb80093414e9449de9	-5.945868414999998	-0.08867435184750004	0.035349375307603015	5.130809984552889	(-6.01523, -5.8853)	(-9.47071, 9.5567)
c4e57b91cc2be5a2232b3612abdf4c0c	-8.094507349999999	0.3142594236350002	0.10876398417480627	4.870945337065667	(-8.28758, -7.88999)	(-8.94824, 9.35502)
1600415004247da005dd77bd44c633d9	-8.00778837999999	0.4882006540419997	0.042839820314464414	5.133890714830012	(-8.08327, -7.92043)	(-9.66777, 9.38405)
3b092a59cd0e2d57483420cc994ec49c	-5.6847717450000115	0.17618777434500005	0.06079432135245015	5.0043235399642665	(-5.79353, -5.57119)	(-9.20342, 9.17802)
2c5c5d710e1b9229efa72f98ca7b4e71	-8.83457881500002	0.0424988088515	0.10121351943216778	4.99784921647603	(-9.02422, -8.64283)	(-9.09732, 9.84176)
db093685d2f3295cfa4da0a44d3d9ad0	-8.055581680000007	0.08609856175499972	0.06410802665873906	4.931681830170154	(-8.19298, -7.94852)	(-8.39067, 9.95245)
63a2de21003c952fd04b694d8444e66f	-7.113648259999989	0.14539103117300015	0.07099464584440433	4.942553879415149	(-7.24779, -6.97997)	(-8.41757, 9.95808)
59196a586276f0be745d0e334fc071c6	-3.392143524999997	-0.047145710770000016	0.024955711008191626	5.002203630211317	(-3.44016, -3.34545)	(-9.28863, 9.04125)
8507091bac6b1be88f3d360d6d535d0e	-8.058202834999998	0.4075604996050008	0.046423386072245665	4.899965348582997	(-8.14737, -7.97219)	(-8.33686, 10.2624)
8f649d1053a0ead08b37f8e06fbb2818	-8.387947355000009	-0.20616530287999973	0.05532844329686107	5.130535730873542	(-8.48778, -8.28475)	(-9.03741, 10.5203)
8a70333f85e6869971ef357eceadf3ef	-8.022910040000008	-0.09061405899500004	0.06632578518795236	4.946220912818567	(-8.1371, -7.88856)	(-9.41038, 9.33213)
8e0da29b36fbc3879561566e87f11ea7	-8.740751130000012	0.11973927698450017	0.07979016357561318	4.9264765658955465	(-8.89923, -8.59701)	(-9.389, 8.99427)
5093cebf67405c910fb68525ffa6dc3d	-10.151691509999997	-0.11560229661000006	0.06849267141322421	5.127668407442746	(-10.2817, -10.0284)	(-9.9776, 9.08821)
bde648dc2bd51d522327b0bb99e98340	-9.72117128999999	-0.06582629510499996	0.06473138533768528	4.9140430978731295	(-9.8328, -9.59147)	(-9.57407, 8.8782)
8720f9ecd2331ce68e2896df1bf2d977	-3.67404737	0.026115372084999713	0.04485662552715153	4.885337184626274	(-3.75755, -3.59154)	(-8.45665, 9.5548)
3af2ddaf4af4b5ae4100439a9c3d4099	-8.951370334999995	-0.2541835709414994	0.06322651449303346	4.930535558684182	(-9.06278, -8.8226)	(-9.66235, 8.60663)
de24ab68045830f7ea823f771a1f7dd3	-6.361924864999999	-0.3046128670049999	0.0552720136179403	5.110429995667209	(-6.4681, -6.25834)	(-9.95166, 9.2939)
aec9d6920c8746590e4dff84ba121b90	-7.915217184999992	0.04883108147499975	0.06517583382915614	5.004216911261663	(-8.03832, -7.79597)	(-9.03325, 9.72835)
192522c9b7c41f7a761f8a2ba792268a	-6.814148580000003	-0.08890697162000022	0.05843338959947125	4.962207986221014	(-6.91564, -6.69971)	(-9.87782, 8.92197)
458157e555a80f9ba01d9da37ef787eb	-4.994252205000003	0.08435533600499988	0.0750732674597821	5.009165735744262	(-5.13586, -4.85251)	(-8.58147, 10.5991)
3017f87a3b0f5200ed54eca17eef3cbb	-8.69370996	0.0011673245849999141	0.07763997572641554	4.933893643988401	(-8.83438, -8.54488)	(-9.34347, 9.66721)
c5e3c5422835403541b0af331a2cc649	-8.545658840000016	-0.1893294159019999	0.10251133585635491	5.031219217210589	(-8.72641, -8.34946)	(-9.95777, 9.11125)
be7fc30c58dc772f88007fdefcf21a96	-7.919182954999997	0.09180568044500004	0.04812997514458086	5.036188182733808	(-8.00422, -7.83103)	(-8.83972, 9.81944)
3d766867c97f511431bf97e059d6498f	-5.735411135000013	-0.05975743802050012	0.04664521214188846	5.082872025646627	(-5.82442, -5.64896)	(-9.08593, 9.74429)
9099a7f671b923c7b07c12508f17270a	-8.097287379999996	-0.16825792096499984	0.05744513934995373	5.001283462492271	(-8.20934, -7.99272)	(-9.3109, 8.9432)
4973330392dab23937c67af9843e5359	-8.025031910000012	0.06911505343499989	0.06373473969470575	4.93156731551857	(-8.15546, -7.91572)	(-9.28518, 9.33158)
2cf53730a41137e7ad95ed3680541d80	-9.17522168499998	-0.02465895145499998	0.09180505806005892	4.97578746431835	(-9.34871, -8.99909)	(-9.25134, 9.20248)
2a0968119cb66a61a416f8d924c224ac	-6.225002589999995	0.08189771711999995	0.1211544986762435	4.93471983555072	(-6.44627, -5.98849)	(-8.97412, 9.19197)
a4e2a4e1321a599651edf92f6999e78e	-7.53963071499999	0.058104527015000164	0.11029478216189001	5.118573172810186	(-7.73906, -7.33521)	(-9.95895, 9.18963)
782772ed674928794b78f5a59ee3d08c	-9.415293270000001	0.06825956241500006	0.0685274486662615	4.983686083965688	(-9.54407, -9.28551)	(-9.13383, 9.38357)
ab5c396eaf731e031c9764a05b798753	-8.554740489999984	0.019969082655000133	0.06548284743625542	5.058556231608041	(-8.67622, -8.43315)	(-9.20342, 9.65176)
04195686f2b70585790ec75320de0d6f	-5.870279254999988	0.07664705539999996	0.08296388785004578	4.987441167574396	(-6.01967, -5.71447)	(-9.85727, 8.94698)
9f4d14b114e7499772a797790d81c1db	-4.970475250000001	0.1334746941100001	0.03216196811822155	5.0146360877737335	(-5.03162, -4.91229)	(-9.58953, 9.21043)
b1f2146bef78066448576fceeb6b644b	-4.639793889999997	-0.08204138660499988	0.04557752723840884	4.982609427973389	(-4.72222, -4.5561)	(-9.15502, 8.97319)
3bff9ab82e7f2a76cc22e687ac7b72fd	-6.729947310000009	0.025705358912000043	0.10000174932751876	4.913158664927744	(-6.90192, -6.5392)	(-9.31171, 8.79563)
c1365ec008032ee718dcafaf5ac17adb	-6.970097805000014	0.26871226676999976	0.04698863452508462	5.16235173583932	(-7.05695, -6.88077)	(-8.97553, 10.3148)
cc968157f7691aab95df444e8cd103e2	-5.338555670000011	0.1383952848199999	0.032013487842643795	4.977300617887385	(-5.4007, -5.28044)	(-9.60081, 8.97903)
09ee2c2d76be17c9ede2d4c57412adeb	-9.004934100000009	0.01602766779000003	0.09015957409720826	4.983152311636455	(-9.17865, -8.84239)	(-9.40298, 9.15424)
d9b76ee51ff2b6961430bf352cc578f2	-9.490269914999997	0.015915291750000025	0.07099055550242422	4.929360157561296	(-9.63603, -9.36228)	(-9.18617, 9.08961)
d2cccbadb958c9c6547274fa10531f74	-7.071470529999994	0.002225995500000009	0.051953190948382605	4.991599932313268	(-7.17013, -6.97518)	(-9.51497, 8.7563)
2268b83b6cb307bfd1cd008dae1ce4b3	-7.333006495000001	0.03784666764000018	0.085796372907396	5.038005957656792	(-7.48903, -7.16811)	(-9.71396, 9.14435)
e9ad916c93ff127ade2a8283db7603a1	-6.180990494999999	-0.09925176084499963	0.13841978542934172	5.117569946959864	(-6.43379, -5.92714)	(-8.94866, 9.90117)
624d0040eafc828499b5009791d96b85	-8.97683308	0.021620584950000063	0.05454602591769267	5.069146531557181	(-9.08373, -8.87755)	(-9.51542, 9.58388)
bc5146d3526a9ef5179457a2077b1b46	-9.13107864499999	-0.05986077732999998	0.046622623760508936	5.031574451821288	(-9.22329, -9.04857)	(-9.56667, 9.15297)
7bbb537e486b770d58232a6c683a3a9f	-7.213553360000017	0.01692693487499997	0.04975056289340253	4.921422093488593	(-7.30539, -7.12194)	(-10.2767, 8.0677)
30c16856bd5bae4cd2f1182341b30ffc	-9.065422919999994	0.0031992400800000026	0.08680714144454706	4.768960649784532	(-9.23098, -8.90819)	(-8.56994, 9.33506)
ac5402de1ddf427ab8d2b0a8a0a44f19	-3.630055975	0.351998824495	0.0471589867326407	4.938430384675244	(-3.71629, -3.5383)	(-8.59799, 9.76746)
d0037fe3397f56b52e971759e3f2f7a8	-8.839862474999999	-0.011836133395000045	0.08924280119272575	5.128013580286095	(-9.00278, -8.67084)	(-9.82142, 9.09929)
3d7f3a3956e66e4728521a97abd9f07b	-7.5054558799999995	-0.10317056726000004	0.10440220441698357	5.019764172053996	(-7.70171, -7.31915)	(-9.48771, 9.11239)
3e15d94435169ddada1e508dd8b83a55	-8.0660715	0.1601551883085005	0.07133916664182446	4.748136353399026	(-8.19957, -7.9349)	(-8.47309, 8.99621)
ed1528f4822674c9e1da64b84c778e9f	-5.953727265000005	0.24317827435500003	0.068119348231393	4.9850082497733785	(-6.07396, -5.8215)	(-9.24127, 9.57695)
477734397215c70bdacce28d5685cc6e	-6.22423677500001	0.08503518676999995	0.12386346540101872	4.924528407659449	(-6.46382, -6.00001)	(-9.67091, 9.17233)
1243750138937650754b619370565800	-6.118820765000005	0.17815691525999983	0.07104826544937437	5.010763399499197	(-6.25817, -5.98937)	(-9.22637, 9.34472)
997c1b9bc29e50b9096303c708bb54e8	-9.503713085000015	-0.05877135631000008	0.06713737699547682	5.1197791782973585	(-9.62673, -9.3739)	(-9.765, 8.86009)
8aff935557eab67b0baa4553b8518105	-8.783744245	0.017331691150000043	0.08156908060735989	4.999987477545855	(-8.93802, -8.63788)	(-9.40873, 9.00383)
39bb3fb5b2257fd2eacca408dc42c5d1	-5.381283020000002	-0.14923492087999973	0.06132900339871504	5.022905170058683	(-5.4865, -5.2605)	(-8.83907, 9.68245)
b9024a1f377b62508864cfea59b16a31	-7.629621200000008	0.05198274222000001	0.048022635593644815	4.915415314778616	(-7.71793, -7.54027)	(-9.77471, 8.8924)
7ab1bc6052053650189083370055ae66	-6.123559739999999	0.02063195760500004	0.08030234732952952	5.109359151620574	(-6.26835, -5.96701)	(-9.44615, 9.51538)
8183f1e3f9806994e125b1d5c6932498	-6.418458765000011	-0.03508380522500008	0.06716927474690176	4.880237888636994	(-6.54048, -6.28508)	(-8.72722, 9.26144)
92f000f936d3f349c5e7719a5edc5078	-7.305193945000012	-0.20602592621499988	0.03761831737713656	5.097900162321049	(-7.37191, -7.23284)	(-9.19511, 9.88047)
6509bd0f539df985ac2f40c335cdb999	-8.516576615000007	0.1547226260449999	0.06968338795072875	5.174330304784685	(-8.64225, -8.37874)	(-9.63658, 9.39118)
c4f9ef34bd2919511069f409c25de6f1	-4.701903740000004	0.05272044349500001	0.09593619555158737	5.046794897127375	(-4.87943, -4.52033)	(-9.09875, 10.2554)
74923f4bbde849e27fc4eda25d757e2a	-8.419456270000001	-0.10601996734399982	0.10046591269225147	5.185129070177336	(-8.59461, -8.23113)	(-10.1174, 9.65387)
3edf7e19ca2ce44d4d3daa243e8725f7	-9.565173255000007	0.18896718533500015	0.05793065953236655	5.013885355371294	(-9.67169, -9.45519)	(-9.18457, 9.24266)
ebab7cfc7858bfb00c486bba21d6ca6d	-5.642985475	-0.06221171059500012	0.06329841207466724	4.880992097226432	(-5.75583, -5.52729)	(-9.89895, 8.74429)
8937656c16c20701c107e715bad86732	-3.224934810000001	-0.17569135033000005	0.051662766040581856	5.048041528867039	(-3.32121, -3.12885)	(-9.49197, 9.35573)
6a6880faba39965be0e4b7d88966d1c9	-6.351703199999991	-0.08411763123500005	0.06725683836205808	5.076616890523555	(-6.47985, -6.23039)	(-9.55914, 9.36372)
85c05d873041801d03eed489230b23f6	-8.096950265	0.18125974878999984	0.04352761842071969	4.891700870574745	(-8.18305, -8.02082)	(-9.02683, 8.94882)
6d8fe4ac153ead767024e041ff1f0ec6	-8.33690880000002	-0.15669820178999996	0.09865188835780095	4.930101017080292	(-8.50339, -8.13783)	(-9.62637, 8.87008)
ed5952d1e022067b212146b9b3bc6812	-4.741570735	0.11821797405450013	0.09887553416598963	4.888938938440031	(-4.92259, -4.55571)	(-9.05412, 9.2098)
7029eddc845e01d613a3bbc113ebeaba	-6.503307695000009	0.018394328250000064	0.06366727904376758	4.7411497799620275	(-6.62292, -6.3833)	(-8.96513, 8.87934)
41d23d8bc82f57b26b6896d5e2e947e8	-9.65005570999999	-0.03791410588149987	0.06854928219825426	4.893994547318102	(-9.76528, -9.51301)	(-8.95844, 9.35264)
0021d135d4ac12982cc8abdf2b38e23f	-6.722743579999998	0.021528972150000027	0.12390444070243647	5.102395950029827	(-6.9612, -6.4826)	(-9.00452, 9.63224)
e4c0082e2ab8c9772768fc29bb86caa3	-6.651975379999995	-0.018231336915000045	0.04785854081515229	5.06511320624836	(-6.73797, -6.55874)	(-9.72267, 9.12624)
46d8ab5615f60d7b522f3590976668be	-8.976464629999994	0.05391873245000005	0.04439214755407873	4.838732312044523	(-9.06044, -8.89796)	(-9.32122, 8.82107)
28bb502265419a0e86626d75a1183ce7	-8.29614364000001	0.15594994015	0.09748490426189274	4.909105823892419	(-8.47651, -8.11305)	(-8.91773, 9.17635)
ea3af29626a95b6c7b89d631bf1a739c	-5.374857760000003	0.23323344596499965	0.05102968083755172	5.003747774182121	(-5.46778, -5.27736)	(-8.37594, 9.84824)
94b000e59b7ac160b0416c9ab45ff0bf	-7.465871895000001	-0.1676108752649997	0.11196392036660284	4.94050799620214	(-7.67155, -7.25249)	(-9.44805, 9.03753)
75878b49cacdd2ffdcea1186a43be92d	-8.040077675000003	-0.01881242741999992	0.058403709095778994	5.0682425991188484	(-8.16238, -7.93749)	(-9.80773, 9.26059)
aea50462b44fe88301c739b72353e16f	-8.459381135000005	-0.1570879893849998	0.052739775531962366	4.90626491519033	(-8.56086, -8.36753)	(-9.23958, 8.67231)
2d575dfaf20c70d49b09be32a1492254	-8.8242405	0.01517414512000005	0.04702909692148038	5.139075484517368	(-8.91225, -8.73649)	(-9.22541, 9.57723)
b955f67a541a149dd3b179dc62d37a72	-7.8519504299999845	-0.05925753201999994	0.061520269577718056	5.168485265416596	(-7.97264, -7.74307)	(-10.2891, 9.13925)
ad7bc2bb6e1ec90a9bc3c8949bce80d6	-6.273464365000015	-0.01684191729000013	0.14232281030178112	4.903483118705172	(-6.53162, -6.00215)	(-8.63789, 10.0517)
8f1c11c7b732265cbfc1bb7dbd0241e7	-5.677964434999996	-0.23679755118500004	0.04730551940504169	5.138534050860682	(-5.76499, -5.5866)	(-9.58083, 10.0087)
1fd31ccf4d6163405f70131e32d5065a	-6.944445459999996	0.0034350100700001403	0.09819079375118839	5.298072858536359	(-7.11547, -6.7471)	(-10.5186, 9.24284)
5093ad88995f6fe457c7fe96bb0ed33b	-6.010575730000007	-0.0036417331299998814	0.05775648293366813	5.14933067251834	(-6.12433, -5.9085)	(-9.47403, 9.93504)
f9b52205cb2d03153fd394a290212a10	-5.236609204999995	-0.016928848524999946	0.09047416401779	5.158576230613547	(-5.40862, -5.07531)	(-9.13852, 9.79623)
9d4e16844252e2dfbaf80a4a6fc4d55d	-9.493837830000002	0.07592516132999982	0.08392293631416327	5.089523535724852	(-9.65036, -9.33349)	(-9.04295, 9.89919)
148c7eb0139bbc1b8c87dd31464742e4	-5.666334289999999	0.06254865958499987	0.0468915625864174	5.032233729281146	(-5.76027, -5.58296)	(-9.75957, 9.2201)
eea6b86c0c75e740670ccc50613b1b23	-3.3533942550000044	-0.05432681890349995	0.024202590236273767	4.742515865830282	(-3.40029, -3.31029)	(-8.66928, 9.21572)
3fe55dd5e59267f275e972017302459f	-6.249382195000001	-0.15001623535900013	0.13155506689493934	4.932197122207893	(-6.49254, -6.00335)	(-9.74817, 8.33641)
f11bd4248a2f95e53507c5bbf8dda43a	-6.790453260000004	0.1526389024949997	0.058867279059528516	5.000272217698828	(-6.91027, -6.6874)	(-9.83057, 8.79326)
09a55cd0bdf9fa4929eab3f0ed841bf5	-8.964687869999981	0.10482659000500011	0.06660497112500759	5.155221485761521	(-9.0939, -8.84697)	(-9.95069, 9.56724)
bfb7bb16ab570748b3a5d099e9426af1	-8.383025004999974	-0.21431231174999993	0.046568288117558865	5.014784855343088	(-8.47368, -8.29822)	(-8.70409, 10.2398)
ad52a0f6646c574417ce0b13b84acfa9	-3.613635845000003	-0.14155558842499993	0.06902937911922705	4.986077168004953	(-3.74029, -3.48521)	(-9.39539, 9.42376)
180b74e94caf35fac5e1f0f4b7ad9d9f	-6.389606235000007	-0.21153819443499947	0.029947627441498176	5.04437320240378	(-6.44499, -6.33289)	(-9.46575, 9.65404)
810926a593979f3574e3bbe7defd3559	-9.423743414999992	0.03617382604499976	0.08699603445955326	5.180873079749762	(-9.58031, -9.24415)	(-9.52784, 10.2519)
5d62137a2d05df0be8d6b7e163a3ef08	-5.171977539999994	0.033667987259999976	0.11455968556236705	4.82522062977541	(-5.37227, -4.94583)	(-8.40474, 9.59801)
f9765bd9332162f70268554ab318197e	-6.931206540000001	-0.1154010575049997	0.07947676543511575	4.9120688902660365	(-7.07129, -6.77845)	(-9.09989, 8.81919)
bc5b6cc17572b4fd6ebd80081410427e	-9.827393039999992	-0.11801214547999998	0.05933292423822038	4.800876423062623	(-9.935, -9.71294)	(-8.6667, 9.35888)
a29679284280410db95e5cb8c0b2d73d	-8.863144635000019	0.11779022474999994	0.08264669801550922	4.909968368623231	(-9.01165, -8.6983)	(-9.00967, 9.65474)
1c86153e1b13ab5322c96f2602b73513	-5.467630065000001	0.006965508438999972	0.10728018102261835	5.050292440715764	(-5.66616, -5.25736)	(-9.57829, 9.60676)
fec0355651c9ad579f01f3e332311725	-7.084247885000009	0.10803147764350021	0.04855086619491746	4.813073675272965	(-7.16773, -6.98736)	(-9.52598, 8.66905)
f10155af1849a17996f302d71b32398c	-8.168506285000017	-0.07537117122499976	0.10478441373386009	4.949951663016707	(-8.37425, -7.97852)	(-9.3587, 9.22673)
0cc26190e976fc496119a5eb4cd0fee7	-10.024611315000012	0.0574502804	0.07347926844369626	4.852828165240261	(-10.1575, -9.88543)	(-9.04719, 8.81954)
9c25197937d1f54e2634026fbca6b55f	-7.047657614999992	0.019960617630000135	0.12735226099155747	5.187530178034004	(-7.27801, -6.81144)	(-10.3522, 9.08986)
40ced57decad1424c32de76ae039c050	-9.481505810000012	-0.1592185376749999	0.057777255286521736	4.861232310973426	(-9.5963, -9.37685)	(-9.87102, 8.25904)
2ad31c7624bd7744a56a5ccac67ed01a	-8.647171329999981	0.000679712870000011	0.05669880399030565	4.984521154010608	(-8.74533, -8.52919)	(-9.06607, 9.48177)
41df3b4c55182503ecd97c6dbe47966a	-6.706133884999997	0.028346240819999917	0.04797131920279839	4.862319705307833	(-6.79814, -6.61566)	(-9.6027, 8.5444)
fea3411c847e6627afb5e78b88e2e9af	-5.633637194999999	-0.25490155724500024	0.07516285104080328	5.067352780070835	(-5.77664, -5.4949)	(-9.96062, 8.92773)
8bb5ff097e0707dca3fe5860af20f4a6	-6.720863469999999	-0.09470184404999991	0.047579138701316394	4.8903058903186905	(-6.81511, -6.6344)	(-9.39419, 9.02438)
bda6b6e7da7508c68057140e7bd6cd8d	-6.227790009999994	-0.0672674719304999	0.0596398940852505	4.9455526268749495	(-6.34218, -6.11699)	(-9.57949, 9.07118)
1a5526b9f7147b6893f1a034a107cc65	-9.857574750000008	-0.1103955320675001	0.07488672572183602	5.183843283160527	(-9.99957, -9.72208)	(-9.81237, 9.36547)
97f26830027d30dfbd60b54895af0660	-9.079356704999999	-0.056695563930000095	0.07537632590205606	5.144955690550402	(-9.23295, -8.94798)	(-9.15622, 9.80732)
d061a99148d649c4eca4836c5f4b5b68	-4.6903035750000095	0.023424255561000067	0.03463871679738403	4.8473945589152265	(-4.75859, -4.63094)	(-9.05825, 8.96685)
f9f5f08e8da4cc9740518223846563db	-8.465905120000013	0.18900801232900039	0.08021548289941045	5.015053286561786	(-8.61628, -8.31835)	(-9.19249, 9.14053)
40c85a458df8d5a935122ba778d4f334	-5.4314261900000025	-0.06941420802500002	0.09652419339670182	4.974301586602318	(-5.6111, -5.24737)	(-9.65625, 8.55464)
7ebc04cb539befd9f2e7faa131628c66	-8.313300995000002	0.009722463003000085	0.06213782147098475	4.95157307772274	(-8.43095, -8.19639)	(-9.16581, 9.33474)
f7ef98bb6d0061b9368a72b1ff40aad0	-8.875726014999994	-0.049993631659999586	0.09605534401775757	4.798809747143772	(-9.05222, -8.69)	(-9.26593, 8.44355)
362b97b08074732371b6e76cd1a894e1	-7.088500014999984	-0.09294602267700011	0.13353018645141543	5.032865065950575	(-7.33325, -6.83493)	(-10.0207, 8.66733)
2fad39e365933a7f925040cb3c2a5ef8	-6.101689229999988	-0.2258940111394997	0.09116181785269048	4.919851989808912	(-6.27466, -5.92824)	(-9.65995, 8.5101)
4c855814a58f4f324e8f0cfaab222e1f	-8.811651720000006	-0.12167577015000038	0.10066970710169763	5.0157695520032926	(-8.99284, -8.61881)	(-9.40589, 9.71327)
2f61368750bbc7603f01c928568e7ad3	-6.968936390000011	0.1305374072805	0.045450723193013104	4.884887269132386	(-7.05314, -6.88427)	(-9.74559, 8.68337)
599ba6458e91e2527f358f547ea39261	-4.231296569999997	-0.028371486299999978	0.029673796511991833	4.979981585488155	(-4.2874, -4.17382)	(-8.19237, 10.2762)
4b548f1f6fc22f32237396b7d4ffee6e	-7.632913435000008	-0.18700481255249954	0.037660882478385664	4.877694364556878	(-7.7005, -7.55691)	(-8.61429, 9.61295)
eb3543a838a705addef1d704eda7cad3	-8.035933210000005	-0.031501102989999974	0.10905178266445668	4.848321986223535	(-8.24371, -7.83883)	(-8.72598, 9.37768)
2281740c4ae82360612b5bc7e9538337	-6.469534050000011	0.03982544259000005	0.07661309568342417	4.898915342934883	(-6.61299, -6.32585)	(-8.65493, 9.49087)
96936173022b85940115c9ea103505bd	-8.13825041	0.16657961869200003	0.05941182234818165	5.01688573389863	(-8.24423, -8.02746)	(-9.32131, 9.53509)
f45b62ab6ec22fb20364a7e05088158f	-7.248040089999997	0.000399112494999899	0.08602186849279604	5.238083426498877	(-7.39936, -7.08005)	(-9.49262, 10.0191)
c16907f7272c334959e9f980842194cf	-8.088148525000001	0.1534382648649998	0.099809263029913	4.818262497954902	(-8.2615, -7.89128)	(-8.98741, 9.26749)
266c2a374ca451985731e1e1b5961bd2	-8.37592746500002	0.1512890909370002	0.07052351809448935	5.046485364448469	(-8.51566, -8.24859)	(-8.69861, 9.58739)
2ad8a4ebf774763b765f4ab5b516ff21	-9.380250060000023	-0.023757977209999937	0.07544216909657622	4.965381521319583	(-9.53813, -9.25511)	(-9.32544, 9.12041)
f12011ad5219b22b6ca790103333a755	-9.162966710000012	-0.28223477692000004	0.04722262170057803	4.9896493428316315	(-9.2517, -9.07838)	(-9.44654, 8.91542)
b9fefd4224e459a6a0d21db63b1c0d03	-8.935680080000013	-0.19111184230385025	0.09617628333114964	4.937033691115655	(-9.10269, -8.73514)	(-10.1402, 8.41175)
0cc2420a6a4698f8bf664d50b17d26b4	-6.188673915000001	-0.06965644570000006	0.058604893816325276	5.028975670203382	(-6.3053, -6.0854)	(-10.3537, 8.57702)
33f9226b33e1f59f71edc044bb947764	-4.317030729999996	0.011291759294999997	0.0887384995752526	5.045127666867762	(-4.48094, -4.15375)	(-9.31917, 9.31724)
b4ef8e75d847b17325effd2f3873cc9c	-7.4209380649999845	0.29105946965499896	0.09177281754313635	5.057379942188224	(-7.59963, -7.25708)	(-9.14449, 9.2394)
8ffd2b3caa54b2922e98a0d5aab5adde	-6.996771219999992	-0.0059609236125000254	0.07634521656863384	5.293484440211229	(-7.13736, -6.85046)	(-10.4385, 9.61437)
42608e863ede290f764f14c074e8e4fb	-8.99897020499999	-0.1475857895020001	0.062297924916548925	4.837504460188286	(-9.11678, -8.88307)	(-8.93424, 9.03518)
2a8a90cd5770804a5f23f425004de7e5	-6.306726195000005	0.12884070366	0.1256137007968159	4.889534012678624	(-6.54747, -6.09058)	(-9.74654, 8.57229)
f19fa34c0c987ab3bd8aa42d8a4d21ec	-8.934287140000007	0.017021720759999994	0.06366117895562724	4.9025683873358386	(-9.0589, -8.82276)	(-9.13481, 9.21528)
340a5698fe78713b785c3bcce89df73b	-8.51759246	0.13581394793724996	0.06393724590133987	4.985018718986475	(-8.6322, -8.39489)	(-8.94339, 9.45158)
376917760e5aa918592416e980809536	-5.948875214999999	0.06427218184809981	0.10158144228427647	4.8121635295229845	(-6.14163, -5.75605)	(-9.41201, 8.43919)
589c1370b3324a2d6cff6d1ff85341d1	-7.740718439999999	-0.1157577293824998	0.09535432919205285	5.000496845955385	(-7.92987, -7.56824)	(-9.22519, 9.33446)
e5a43b018c81cedd19e9a5354d32d469	-6.419587274999995	0.08236421756999988	0.09263832547938457	4.944250030865621	(-6.5824, -6.23882)	(-8.51007, 10.1416)
f4dfb45b33372cdc0dc2fd20c0d0b448	-8.218169849999976	0.001383967975000228	0.11587177071434401	5.032333553943332	(-8.42934, -8.01025)	(-9.72953, 9.05605)
e1b3393309a8b247e0c358c26176d13c	-6.7119941750000045	-0.13520286893500047	0.037685408809237785	4.947268866471351	(-6.7847, -6.63804)	(-9.34622, 8.98149)
b47757a69204f053308f7f5f0022edab	-7.706272390000016	0.19059706553499997	0.07689126585372295	4.994911479015633	(-7.85174, -7.56765)	(-8.74697, 9.75895)
03569e3fd843f501355f7853b0ec9361	-6.282593915000004	-0.03742941119500004	0.07234379680057422	4.97626607950302	(-6.42107, -6.15443)	(-9.1077, 9.5144)
25e04b2be57def00437d44ab461e8773	-7.848456485000008	0.11724982711000001	0.10763994698389066	4.847619536364398	(-8.0524, -7.65656)	(-9.05489, 9.189)
4d04d759f5a6615dac43060726239891	-5.32061059	0.15946297353880007	0.055309613013940905	5.069298031478027	(-5.41955, -5.21788)	(-9.18675, 10.0988)
237135dc8b20f922cabee934f7d410a1	-6.597694549999993	-0.024294815725000106	0.07249312718318549	4.995581105123384	(-6.72713, -6.45838)	(-9.66235, 9.25653)
9dd9cefe38347b087dd318d82962cc03	-5.771345334999995	-0.011417533124999974	0.05889009836710894	5.23289690705297	(-5.87736, -5.65829)	(-10.091, 9.8136)
c764eda12e92f19526c7e5a78a38c615	-9.880282494999976	-0.026959211465500055	0.07542700097395472	5.027265519926128	(-10.0314, -9.74557)	(-9.44645, 9.27332)
6fc765c81c8b663cedcd799094894748	-8.711043964999998	0.05627874232499997	0.08150120116065017	5.047699785011251	(-8.86767, -8.55742)	(-10.4424, 8.56217)
1a389bf765c8ff0f92600f684fbe7ad7	-5.884928085000003	0.29539280115499983	0.06344161620326817	5.063828138451695	(-5.99479, -5.7634)	(-9.06911, 9.68506)
b0645cbec7653c887cb868a248d95874	-3.7895102	-0.1603176908580001	0.03919092176844023	4.891345299308643	(-3.86525, -3.71902)	(-9.86864, 8.74674)
d6c46ad81c01997055a3b713c0d5ee1b	-6.407792704999998	0.0820659149249999	0.09136595267786017	4.792413225185736	(-6.5817, -6.24427)	(-8.96991, 8.78373)
fe2a1f2b6f247658881254d63fd68b74	-6.02311781	0.08565657734449995	0.09611576630295317	5.106729266921247	(-6.20498, -5.84088)	(-9.28312, 9.68267)
89aabf43d24dd5bd0fd0f5aca189d341	-5.274564505000008	-0.2684969710949998	0.023366006897948412	5.05041295133127	(-5.31934, -5.23097)	(-9.87077, 9.1702)
2ae8a432208b85a14e86eb821c86ce2b	-4.305445660000004	-0.08608033447000005	0.040428604454821396	4.8979145412300795	(-4.3794, -4.22941)	(-9.0015, 9.19114)
f596fa835cdfdb22d6494b012f61fff2	-5.672626409999996	0.10649503718500024	0.04572954766135238	5.019599138068314	(-5.75865, -5.58446)	(-8.33556, 9.82766)
f7895578be91c3e9c71c7b89e3e798db	-8.887735939999978	0.08330116717999995	0.10406862344682188	4.930494494307225	(-9.08709, -8.69926)	(-9.11356, 9.35902)
8b40296c81e6ffbc10306d4a2ccab530	-9.41858803000001	-0.1452463628500003	0.05007717279678533	5.055477945316187	(-9.5124, -9.32575)	(-9.36846, 9.31729)
40a6b537d995aeb12b0100e2cb6ad879	-7.110966500000014	-0.039992340942500246	0.05998226397986326	4.905555723350219	(-7.2084, -6.98443)	(-8.89834, 9.29468)
9ac5fec396208e598ab2e2d26985d0df	-8.130025150000007	-0.3258679175950001	0.03515883925241983	5.045129224026936	(-8.19631, -8.06588)	(-9.30023, 9.24541)
19cb3add28813b2bf3e1f40a000d33c2	-4.416094644999998	-0.020234510390000335	0.059070286563330444	4.991007362229221	(-4.53193, -4.31405)	(-10.1077, 8.59238)
686d42b9552375c3b61301ae5605e3a2	-6.491238394999999	0.13203537571500018	0.09438434371639186	4.986395219114249	(-6.67067, -6.3203)	(-8.66311, 9.67715)
51625f89e7332f46ab0641e10cede6ea	-7.426648109999997	0.24520838878199985	0.1077912581767552	5.10775036413684	(-7.60315, -7.19712)	(-9.20695, 9.93775)
ddd87ec4b9d332c2d8c02f5d1b08dbb4	-7.453280520000012	-0.070863386595	0.04253302647155038	4.93304574532964	(-7.52719, -7.37157)	(-9.55535, 8.85168)
588a23811b3e98af68f4f0fb24a0daa8	-5.467531725000001	0.10778136985749981	0.06502782637282578	4.82262875145062	(-5.58078, -5.33491)	(-8.67295, 9.47364)
7c82a2ef7685c5c6dc3080f56033cee9	-8.916023409999998	0.073947142698	0.0879035424085508	4.886230904259994	(-9.07349, -8.74625)	(-8.52213, 9.75073)
b835514e2678e3c7ba13bfe0a0d79bb4	-8.54574216999999	-0.07548045862050003	0.09441536150643652	5.110323421636866	(-8.72703, -8.38369)	(-9.44461, 9.90482)
c162a4f3943238810eba8a25f0563cca	-5.271423589999992	0.042751872549999966	0.04211889204397355	5.093525998829472	(-5.34915, -5.19094)	(-9.3735, 9.34357)
5b00db3216a94bcd5c4842499bf6bf6e	-7.957267069999998	0.1187264968709998	0.05348212359859226	4.938130178530413	(-8.06008, -7.86219)	(-8.96404, 9.75983)
beef5a54aaee13f217ecede427cb3071	-7.613538665	0.1900859272350002	0.09496348221957622	5.024216778084623	(-7.79235, -7.43442)	(-9.7049, 8.73397)
f7686a74ca2d3729eb66305e8a26309b	-3.7320944499999933	0.050214883604999726	0.026951334432593503	5.090551972338484	(-3.78089, -3.68239)	(-9.22902, 9.78684)
5ca5ea401c8d3569e69626d2f81d5578	-5.977959840000003	0.08164446374499988	0.11323306693883373	4.9111254442763705	(-6.19694, -5.77542)	(-9.19562, 9.15098)
b6d740387526e21887b761f90fbc914a	-8.452504580000008	-0.20040507978000027	0.08327747404564806	5.050987861837198	(-8.60602, -8.29199)	(-9.2622, 9.24287)
5e69d50b5a886d1b222f36de84a9dc98	-9.219887784999994	0.08610677695000023	0.08636740379589844	4.895451106860241	(-9.37591, -9.06163)	(-9.22073, 9.24187)
208c8722c4dd18b60b2b2684272ff26c	-8.389608244999987	-0.1888760779920498	0.105872645921267	4.964978082350549	(-8.58772, -8.19314)	(-9.80328, 8.90439)
95fb1be2ae50b6d347649ea76c2a1874	-9.014789450000016	0.0002226592408500121	0.06853271798343842	5.039454206527093	(-9.14372, -8.88811)	(-9.19661, 9.60255)
ea2b0e4a93c24c6c3661cbe347f93b74	-4.373411234999995	0.2823995436700002	0.03758581761149777	4.840112666578703	(-4.44121, -4.30018)	(-8.50315, 9.20829)
04b5dd98584b9ead93ed64c586994296	-7.747894219999997	0.1418611795505004	0.06004776293744507	4.829990167399394	(-7.85241, -7.63095)	(-9.40064, 8.9995)
ec6c9ea52e88226c339487585ea02f42	-5.495363550000008	-0.003837252678999889	0.06586737073314453	4.955213232456784	(-5.62018, -5.37217)	(-10.0016, 8.68411)
4ce0afbaae4138f34580aa9f62b7a0fd	-8.435001175000004	-0.031066709094999905	0.08644075440768302	5.167869066294775	(-8.60031, -8.2797)	(-9.21872, 10.1274)
f655279fdb3e9fe733677c83df662486	-8.618310909999991	0.16588641434999987	0.05655110778730951	5.128158933584758	(-8.72898, -8.51748)	(-9.75377, 9.60109)
