	Feature	Intercept_mean	daily_HEI_mean	Intercept_std	daily_HEI_std	Intercept_hdi	daily_HEI_hdi	lower	upper	credible	Taxon
0	74923f4bbde849e27fc4eda25d757e2a	-2.63708214885	-0.1040728065499998	1.0313140249258197	0.0178930583935469	(-4.43549, -0.701688)	(-0.1362, -0.0716307)	0.03212719345000019	0.032442106549999794	yes	d__Bacteria; p__Bacillota_I; c__Bacilli_A; o__Erysipelotrichales; f__Erysipelotrichaceae; g__Clostridium_AQ; s__Clostridium_AQ innocuum
1	fea3411c847e6627afb5e78b88e2e9af	-1.305601256624997	-0.0774775521499999	0.6629530352656783	0.0115910282023781	(-2.55705, -0.0518141)	(-0.0976394, -0.053765)	0.020161847850000095	0.023712552149999906	yes	d__Bacteria; p__Bacillota_A_368345; c__Clostridia_258483; o__Lachnospirales; f__Lachnospiraceae; g__Mediterraneibacter_A_155507; s__Mediterraneibacter_A_155507 torques
2	ad7bc2bb6e1ec90a9bc3c8949bce80d6	-2.4986875869599965	-0.0686378086	1.037414957139705	0.017995324372981	(-4.40377, -0.642063)	(-0.103254, -0.0361395)	0.034616191399999996	0.032498308600000005	yes	d__Bacteria; p__Bacillota_A_368345; c__Clostridia_258483; o__Lachnospirales; f__Lachnospiraceae; g__Ruminococcus_B; s__Ruminococcus_B gnavus
3	b6d740387526e21887b761f90fbc914a	-4.817792594999994	-0.0647909488499999	0.7251404492733228	0.0126736560854801	(-6.15625, -3.46001)	(-0.088074, -0.0410138)	0.023283051150000095	0.023777148849999902	yes	d__Bacteria; p__Bacillota_A_368345; c__Clostridia_258483; o__Lachnospirales; f__Lachnospiraceae; g__Mediterraneibacter_A_155507; s__Mediterraneibacter_A_155507 torques
4	c5e3c5422835403541b0af331a2cc649	-5.047322295	-0.062146926025	1.0444994886333756	0.0182111340144944	(-7.06311, -3.16101)	(-0.0959161, -0.0273071)	0.033769173975000004	0.034839826025	yes	d__Bacteria; p__Bacillota_A_368345; c__Clostridia_258483; o__Oscillospirales; f__Acutalibacteraceae; g__Acutalibacter; s__
5	9d4e16844252e2dfbaf80a4a6fc4d55d	-6.036580620000013	-0.06136219255	0.8318914523840331	0.0144859674188871	(-7.58434, -4.48)	(-0.0900158, -0.0351944)	0.028653607450000007	0.02616779255	yes	d__Bacteria; p__Bacillota_I; c__Bacilli_A; o__Staphylococcales; f__Gemellaceae; g__Gemella; s__Gemella taiwanensis
6	f7ef98bb6d0061b9368a72b1ff40aad0	-5.742280244999993	-0.055726648515	0.8584301164334759	0.0149061247580646	(-7.36711, -4.17355)	(-0.0827204, -0.0271813)	0.026993751485000002	0.028545348515	yes	d__Bacteria; p__Bacillota_A_368345; c__Clostridia_258483; o__Oscillospirales; f__Oscillospiraceae_88309; g__Lawsonibacter; s__Lawsonibacter sp000177015
7	370829fece3190f1a8efccf50b7d0921	-4.817743565000002	-0.05058317915	0.4943463224700279	0.0085798549595596	(-5.70326, -3.90572)	(-0.0656313, -0.0341106)	0.015048120850000006	0.01647257915	yes	d__Bacteria; p__Bacillota_A_368345; c__Clostridia_258483; o__Oscillospirales; f__Oscillospiraceae_88309; g__Lawsonibacter; s__
8	7efeb75fc542932a033b37b887994dc8	-5.494099700000005	-0.0491767251679999	0.9097909427846106	0.0157771605717373	(-7.30354, -3.82658)	(-0.0773469, -0.0180179)	0.028170174832000093	0.031158825167999903	yes	d__Bacteria; p__Bacillota_A_368345; c__Clostridia_258483; o__Christensenellales; f__Aristaeellaceae; g__SFMI01; s__
9	3f38509af22157cdcb4006457529d25e	-6.687219680000006	-0.038613320487925	0.7319232362891599	0.012744614499298	(-7.96701, -5.23876)	(-0.0637685, -0.0160235)	0.025155179512075007	0.022589820487925	yes	d__Bacteria; p__Bacillota_A_368345; c__Clostridia_258483; o__Christensenellales; f__Aristaeellaceae; g__; s__
10	04195686f2b70585790ec75320de0d6f	-3.711846039999999	-0.0380306807324001	0.8499968955906951	0.0147641724960231	(-5.26444, -2.12754)	(-0.0661879, -0.0120303)	0.02815721926759989	0.026000380732400102	yes	d__Bacteria; p__Pseudomonadota; c__Gammaproteobacteria; o__Enterobacterales_737866; f__Enterobacteriaceae_A_725029; g__Escherichia; s__Escherichia fergusonii
11	c942f59feffce9c3ab527135de234101	-3.1517429300000037	-0.0367479933499999	0.4327882817212304	0.007493670166686	(-3.90295, -2.25301)	(-0.0515668, -0.0231219)	0.014818806650000106	0.013626093349999896	yes	d__Bacteria; p__Bacillota_A_368345; c__Clostridia_258483; o__Lachnospirales; f__Lachnospiraceae; g__Roseburia_A_166204; s__Roseburia_A_166204 inulinivorans
12	c4e57b91cc2be5a2232b3612abdf4c0c	-6.082278875000004	-0.0355463814084	0.9069865103452672	0.0156674113762427	(-7.74429, -4.32654)	(-0.0657044, -0.00633153)	0.030158018591599993	0.0292148514084	yes	d__Bacteria; p__Bacillota_I; c__Bacilli_A; o__Erysipelotrichales; f__Erysipelotrichaceae; g__Merdibacter; s__Merdibacter massiliensis
13	2a7f11895ae7fe9fdffa52016207c561	-4.117784425000005	-0.03326588275	0.454764225662342	0.0078751114180129	(-4.96722, -3.2531)	(-0.0483079, -0.0189783)	0.015042017249999998	0.014287582750000003	yes	d__Bacteria; p__Actinomycetota; c__Actinomycetes; o__Actinomycetales; f__Bifidobacteriaceae; g__Bifidobacterium_388775; s__Bifidobacterium breve
14	75878b49cacdd2ffdcea1186a43be92d	-6.178117265000001	-0.0328995128999999	0.4816396605481839	0.0083804567977074	(-7.07194, -5.22836)	(-0.0486904, -0.0168995)	0.015790887100000102	0.0160000128999999	yes	d__Bacteria; p__Bacillota_A_368345; c__Clostridia_258483; o__Lachnospirales; f__Lachnospiraceae; g__Roseburia_A_166204; s__Roseburia_A_166204 inulinivorans
15	e2c3ff4f647112723741aa72087f1bfa	-1.5532227160000005	-0.03089763805	0.3739842283060387	0.00647628615833	(-2.22874, -0.873954)	(-0.042209, -0.0186932)	0.011311361950000005	0.012204438049999999	yes	d__Bacteria; p__Actinomycetota; c__Actinomycetes; o__Actinomycetales; f__Bifidobacteriaceae; g__Bifidobacterium_388775; s__Bifidobacterium breve
16	457d3865cf0a4bc602a07d8d5324388f	-6.937655575	-0.0300495429175	0.8245129174988521	0.014308066321798	(-8.39525, -5.37161)	(-0.0574793, -0.00460315)	0.027429757082499995	0.0254463929175	yes	d__Bacteria; p__Bacillota_A_368345; c__Clostridia_258483; o__Lachnospirales; f__Lachnospiraceae; g__Alitiscatomonas; s__Alitiscatomonas aceti
17	c82032c40c98975f71892e4be561c87a	-5.375028269999996	-0.029405071	0.3275634095945501	0.0056899491997125	(-6.03857, -4.81745)	(-0.0391052, -0.0178083)	0.009700128999999998	0.011596771000000002	yes	d__Bacteria; p__Bacillota_A_368345; c__Clostridia_258483; o__Oscillospirales; f__Oscillospiraceae_88309; g__Dysosmobacter; s__Dysosmobacter welbionis
18	9099a7f671b923c7b07c12508f17270a	-6.441330905000001	-0.0292187360104999	0.565192247403687	0.009787379315781	(-7.48468, -5.36302)	(-0.0475723, -0.011)	0.018353563989500096	0.018218736010499902	yes	d__Bacteria; p__Bacillota_A_368345; c__Clostridia_258483; o__Oscillospirales; f__Acutalibacteraceae; g__Clostridium_A_51961; s__Clostridium_A_51961 leptum
19	4c855814a58f4f324e8f0cfaab222e1f	-7.166852150000003	-0.028999110673555	0.8027800299824833	0.0139044726704708	(-8.6859, -5.78065)	(-0.0529297, -0.00240801)	0.023930589326445	0.026591100673555003	yes	d__Bacteria; p__Bacillota_A_368345; c__Clostridia_258483; o__Oscillospirales; f__Ruminococcaceae; g__Negativibacillus; s__Negativibacillus massiliensis
20	ccee9fc92f4182805278384a02a4d7d3	-8.103606920000006	-0.0286684942024999	0.534232591373658	0.0093363185604293	(-9.16337, -7.13381)	(-0.0455413, -0.0101892)	0.0168728057975001	0.0184792942024999	yes	d__Bacteria; p__Bacillota_A_368345; c__Clostridia_258483; o__Oscillospirales; f__Oscillospiraceae_88309; g__Dysosmobacter; s__Dysosmobacter welbionis
21	b1f2146bef78066448576fceeb6b644b	-3.0357503449999994	-0.0283657045849999	0.3645159675715608	0.0062863992798024	(-3.69677, -2.35433)	(-0.0396005, -0.0165397)	0.011234795415000096	0.0118260045849999	yes	d__Bacteria; p__Bacillota_A_368345; c__Clostridia_258483; o__Lachnospirales; f__Lachnospiraceae; g__Mediterraneibacter_A_155507; s__Mediterraneibacter_A_155507 faecis
22	bfb7bb16ab570748b3a5d099e9426af1	-6.786535885000011	-0.0281097605	0.3887248854420269	0.0067783231034655	(-7.57358, -6.07887)	(-0.0418466, -0.0160532)	0.013736839499999997	0.0120565605	yes	d__Bacteria; p__Bacillota_A_368345; c__Clostridia_258483; o__Oscillospirales; f__Ruminococcaceae; g__Merdimmobilis; s__
24	2a13ecb6c618ddf8154298c69336dd8e	-6.974715394999998	-0.027653961534	0.8039853195006388	0.0139962503887431	(-8.51983, -5.44613)	(-0.054625, -0.000498617)	0.026971038466	0.027155344534000002	yes	d__Bacteria; p__Bacillota_I; c__Bacilli_A; o__Erysipelotrichales; f__Coprobacillaceae; g__Thomasclavelia; s__Thomasclavelia spiroformis
25	d9b76ee51ff2b6961430bf352cc578f2	-7.926749029999998	-0.0275561828004999	0.6129646865187733	0.0107191576564663	(-9.12446, -6.82677)	(-0.0482767, -0.00796122)	0.020720517199500098	0.019594962800499903	yes	d__Bacteria; p__Bacillota_I; c__Bacilli_A; o__Lactobacillales; f__Streptococcaceae; g__Streptococcus; s__Streptococcus infantis
26	64d05989cb6f8053633b2127793200b3	-5.948409055000005	-0.0262731616999999	0.3974144407346777	0.0068950415725691	(-6.67133, -5.22717)	(-0.0392843, -0.0141568)	0.0130111383000001	0.012116361699999901	yes	d__Bacteria; p__Bacillota_A_368345; c__Clostridia_258483; o__Lachnospirales; f__Lachnospiraceae; g__Mediterraneibacter_A_155507; s__Mediterraneibacter_A_155507 faecis
27	8720f9ecd2331ce68e2896df1bf2d977	-2.2063318994999976	-0.0258146312894999	0.4281632180760584	0.0074160443252062	(-2.98793, -1.39981)	(-0.0392395, -0.0114122)	0.013424868710500096	0.0144024312894999	yes	d__Bacteria; p__Actinomycetota; c__Coriobacteriia; o__Coriobacteriales; f__Coriobacteriaceae; g__Collinsella; s__Collinsella aerofaciens_F
28	e3ab3e4772986724760dbd52b7af55f7	-6.712087029999998	-0.0257852151775	0.5199773237142938	0.0090268533819711	(-7.73085, -5.78566)	(-0.0411063, -0.00713579)	0.015321084822499997	0.0186494251775	yes	d__Bacteria; p__Bacillota_A_368345; c__Clostridia_258483; o__Lachnospirales; f__Lachnospiraceae; g__Oliverpabstia; s__Oliverpabstia tarda
29	39bb3fb5b2257fd2eacca408dc42c5d1	-3.961239630000005	-0.0250333883258499	0.5345730153958984	0.0092580913153095	(-4.96965, -2.98982)	(-0.0417126, -0.00709251)	0.016679211674150103	0.0179408783258499	yes	d__Bacteria; p__Bacillota_A_368345; c__Clostridia_258483; o__Lachnospirales; f__Lachnospiraceae; g__Oliverpabstia; s__Oliverpabstia tarda
30	40c85a458df8d5a935122ba778d4f334	-4.023384830000004	-0.02495037839355	0.7171554052752245	0.0124184253922929	(-5.37086, -2.82356)	(-0.0455228, -0.00094073)	0.020572421606450002	0.02400964839355	yes	d__Bacteria; p__Bacteroidota; c__Bacteroidia; o__Bacteroidales; f__Bacteroidaceae; g__Bacteroides_H_857956; s__Bacteroides_H_857956 stercoris
32	b3d06445a910a9a444919e41f5da39c3	-8.595828400000016	-0.024082953925	0.5856328620752417	0.0102341196428528	(-9.57454, -7.35175)	(-0.0437974, -0.00515629)	0.019714446075	0.018926663925	yes	d__Bacteria; p__Bacillota_I; c__Bacilli_A; o__Lactobacillales; f__Aerococcaceae; g__Granulicatella; s__Granulicatella adiacens
33	ef6752ce31dcb9e16b1155bbaa1a268d	-7.429649179999997	-0.023759850943	0.7264979568827616	0.0125743437683589	(-8.80462, -6.05152)	(-0.0469031, -0.000533208)	0.023143249057000003	0.023226642943	yes	d__Bacteria; p__Bacillota_A_368345; c__Clostridia_258483; o__Lachnospirales; f__Lachnospiraceae; g__Mediterraneibacter_A_155507; s__Mediterraneibacter_A_155507 faecis
34	de24ab68045830f7ea823f771a1f7dd3	-5.025679825000004	-0.023531172647	0.4969082043531973	0.0085883113300815	(-5.9115, -4.1196)	(-0.0384784, -0.00715997)	0.014947227353000001	0.016371202647000004	yes	d__Bacteria; p__Actinomycetota; c__Coriobacteriia; o__Coriobacteriales; f__Coriobacteriaceae; g__Collinsella; s__Collinsella aerofaciens_F
35	481e48328fe7a9837c7233de8f60fc23	-7.887701604999996	-0.02269094494048	0.5624423191476386	0.0098449223894018	(-9.00743, -6.86144)	(-0.0397767, -0.00193676)	0.017085755059519998	0.02075418494048	yes	d__Bacteria; p__Bacillota_A_368345; c__Clostridia_258483; o__Peptostreptococcales; f__Anaerovoracaceae; g__Hominibacterium; s__Hominibacterium faecale
37	9ac5fec396208e598ab2e2d26985d0df	-6.876398945	-0.02207959566	0.3203209191082232	0.0055619790658401	(-7.44768, -6.25437)	(-0.0320905, -0.0114311)	0.010010904340000001	0.01064849566	yes	d__Bacteria; p__Actinomycetota; c__Actinomycetes; o__Actinomycetales; f__Actinomycetaceae; g__Pauljensenia; s__Pauljensenia odontolytica_A
39	399bcf0feb12a20ca0731d8d65268dae	-5.0848446150000015	-0.0211851333037	0.5815257688152364	0.010076293653054	(-6.17614, -4.01163)	(-0.0405081, -0.00311641)	0.019322966696299997	0.0180687233037	yes	d__Bacteria; p__Bacillota_A_368345; c__Clostridia_258483; o__Oscillospirales; f__Oscillospiraceae_88309; g__Vescimonas; s__Vescimonas fastidiosa
41	1527fd8b14037f53b8edb26b111e1f72	-4.629126560000002	-0.020772862395	0.3580551045245222	0.0062143557920943	(-5.29327, -3.94056)	(-0.0328186, -0.00946513)	0.012045737605000002	0.011307732395	yes	d__Bacteria; p__Bacillota_A_368345; c__Clostridia_258483; o__Lachnospirales; f__Lachnospiraceae; g__Enterocloster; s__Enterocloster sp000431375
44	4c731267e801c2afe253b5cbb58bdd24	-3.5123105200000024	-0.020312118185	0.2912030168577063	0.0050482613297579	(-4.07392, -3.00489)	(-0.0290476, -0.0104519)	0.008735481815000001	0.009860218184999998	yes	d__Bacteria; p__Bacillota_A_368345; c__Clostridia_258483; o__Lachnospirales; f__Lachnospiraceae; g__Bariatricus; s__Bariatricus comes
47	a650f349bbdffb95b3624519d1ba72b8	-3.8659366949999927	-0.01938226776075	0.350257706779918	0.0060751093776168	(-4.48299, -3.18496)	(-0.0309285, -0.00846512)	0.011546232239250002	0.01091714776075	yes	d__Bacteria; p__Bacillota_I; c__Bacilli_A; o__Lactobacillales; f__Streptococcaceae; g__Streptococcus; s__Streptococcus thermophilus
50	69536042153447ceb692aa53159ce0c2	-6.27425621499999	-0.018413302086	0.3287531066712885	0.0057014024745555	(-6.95815, -5.71981)	(-0.0277569, -0.00626888)	0.009343597914	0.012144422086	yes	d__Bacteria; p__Bacillota_A_368345; c__Clostridia_258483; o__Lachnospirales; f__Lachnospiraceae; g__Enterocloster; s__Enterocloster sp000431375
51	0cfd41d10227f0de9092d5cda028c12d	-7.551728340000006	-0.0183818606037	0.473647594901995	0.0082020777369116	(-8.39327, -6.63706)	(-0.0344529, -0.00403135)	0.016071039396300002	0.0143505106037	yes	d__Bacteria; p__Bacillota_A_368345; c__Clostridia_258483; o__Lachnospirales; f__Lachnospiraceae; g__Enterocloster; s__Enterocloster sp000431375
52	0b05a2e48cdc5f9e766bb0f4c209d4b4	-7.7260139899999825	-0.01832000173245	0.4060188281060123	0.0070803018840477	(-8.51957, -7.01965)	(-0.031784, -0.00570946)	0.01346399826755	0.01261054173245	yes	d__Bacteria; p__Bacillota_A_368345; c__Clostridia_258483; o__Oscillospirales; f__Oscillospiraceae_88309; g__Dysosmobacter; s__Dysosmobacter welbionis
53	2371e52106292ac4c33aec6f57cace35	-6.641352214999998	-0.0182318918711499	0.4714484548775653	0.0081879047415495	(-7.52022, -5.75446)	(-0.0329896, -0.00191905)	0.014757708128850102	0.0163128418711499	yes	d__Bacteria; p__Bacillota_I; c__Bacilli_A; o__Lactobacillales; f__Streptococcaceae; g__Streptococcus; s__Streptococcus thermophilus
57	ddd87ec4b9d332c2d8c02f5d1b08dbb4	-6.532578994999998	-0.01618860473635	0.3410725231918275	0.0059305148797696	(-7.13801, -5.87344)	(-0.0274986, -0.00565933)	0.011309995263650001	0.01052927473635	yes	d__Bacteria; p__Bacillota_A_368345; c__Clostridia_258483; o__Lachnospirales; f__Lachnospiraceae; g__Bariatricus; s__Bariatricus comes
60	ac5402de1ddf427ab8d2b0a8a0a44f19	-2.769533564999997	-0.0151073691988	0.3807620093456549	0.0066072772993093	(-3.5149, -2.09803)	(-0.0264298, -0.00184236)	0.0113224308012	0.0132650091988	yes	d__Bacteria; p__Bacteroidota; c__Bacteroidia; o__Bacteroidales; f__Bacteroidaceae; g__Phocaeicola_A; s__Phocaeicola_A vulgatus
61	8f649d1053a0ead08b37f8e06fbb2818	-7.527939060000011	-0.0150149910411649	0.4415947370399881	0.0076409111136561	(-8.29555, -6.65928)	(-0.0291544, -0.000715426)	0.0141394089588351	0.0142995650411649	yes	d__Bacteria; p__Bacteroidota; c__Bacteroidia; o__Bacteroidales; f__Tannerellaceae; g__Parabacteroides_B_862066; s__Parabacteroides_B_862066 johnsonii
62	2b982979f2401a8bc447d7141879e9b2	-3.019330224999997	-0.0149745934849999	0.2124911087542238	0.0036910461125795	(-3.39487, -2.61663)	(-0.022067, -0.00847395)	0.007092406515000101	0.0065006434849999	yes	d__Bacteria; p__Bacillota_A_368345; c__Clostridia_258483; o__Lachnospirales; f__Lachnospiraceae; g__Dorea_A; s__Dorea_A longicatena
68	3d766867c97f511431bf97e059d6498f	-4.964890479999986	-0.0135478023859	0.3850135099672084	0.0066929637662518	(-5.75851, -4.34975)	(-0.0256891, -0.00126542)	0.012141297614099999	0.0122823823859	yes	d__Bacteria; p__Bacteroidota; c__Bacteroidia; o__Bacteroidales; f__Tannerellaceae; g__Parabacteroides_B_862066; s__Parabacteroides_B_862066 johnsonii
69	bd0f4e14387ee1ac7e5fe586cadbbed4	-8.124351665000018	-0.0133831754354749	0.3500182590434073	0.006103891164596	(-8.74419, -7.44464)	(-0.0256655, -0.00279684)	0.012282324564525101	0.0105863354354749	yes	d__Bacteria; p__Bacillota_A_368345; c__Clostridia_258483; o__Christensenellales; f__; g__; s__
72	6c7fa77831ae630967a6fbfc8ee47901	-2.7101798549999985	-0.0131244389514999	0.2310509876744286	0.0040081177679822	(-3.15695, -2.2909)	(-0.020457, -0.00530223)	0.007332561048500099	0.0078222089514999	yes	d__Bacteria; p__Bacillota_A_368345; c__Clostridia_258483; o__Lachnospirales; f__Lachnospiraceae; g__Fusicatenibacter; s__Fusicatenibacter saccharivorans
351	bda6b6e7da7508c68057140e7bd6cd8d	-8.391257380000003	0.0373382718649999	0.5476449835542507	0.0094825175047436	(-9.42245, -7.33701)	(0.0195458, 0.0554763)	0.0177924718649999	0.018138028135000102	yes	d__Bacteria; p__Bacillota_A_368345; c__Clostridia_258483; o__Oscillospirales; f__Oscillospiraceae_88309; g__Hominicoprocola; s__Hominicoprocola sp900317525
352	913d55d109820d0f3fad120be103c64f	-10.560153099999988	0.0375655871815	0.6659216536581392	0.011528502882025	(-11.7138, -9.17088)	(0.0118332, 0.0562808)	0.025732387181499998	0.0187152128185	yes	d__Bacteria; p__Bacillota_A_368345; c__Clostridia_258483; o__Clostridiales; f__Clostridiaceae_222000; g__Clostridium_T; s__
353	a9387e76477da8688775569cf540191b	-8.242487564999998	0.03760811614	0.6564413336320472	0.0113685135433561	(-9.39053, -6.88615)	(0.0158503, 0.0590434)	0.02175781614	0.02143528386	yes	d__Bacteria; p__Bacillota_A_368345; c__Clostridia_258483; o__Peptostreptococcales; f__Peptostreptococcaceae_256921; g__Terrisporobacter; s__
354	2ae945b550c248752a5b463c9aca1a6a	-11.693112330000003	0.0382424422975	0.8316587853830272	0.014396605903495	(-13.1619, -10.0727)	(0.00982024, 0.0631616)	0.028422202297499997	0.0249191577025	yes	d__Bacteria; p__Bacillota_A_368345; c__Clostridia_258483; o__Oscillospirales; f__Ruminococcaceae; g__Paludihabitans; s__Paludihabitans psychrotolerans
355	25f9cac7332bfbe3973f03bae0ee15cc	-11.718434989999997	0.0383901517149999	0.592041923855144	0.0101910628418278	(-12.9801, -10.6932)	(0.0165556, 0.0558722)	0.021834551714999897	0.0174820482850001	yes	d__Bacteria; p__Bacillota_A_368345; c__Clostridia_258483; o__Oscillospirales; f__Butyricicoccaceae; g__Agathobaculum; s__Agathobaculum butyriciproducens
356	55d4d3011e1f3bb8e4e5089b801b61a4	-11.653792304999993	0.0384745204975	0.7178306259109712	0.0123386590956292	(-12.9655, -10.2825)	(0.0152032, 0.0616015)	0.023271320497499998	0.0231269795025	yes	d__Bacteria; p__Bacillota_A_368345; c__Clostridia_258483; o__Lachnospirales; f__Lachnospiraceae; g__UBA3402; s__UBA3402 sp003478355
357	4d04d759f5a6615dac43060726239891	-7.545819734999994	0.0385505082	0.4989334532913981	0.0086518751685823	(-8.49362, -6.61221)	(0.0225993, 0.0549321)	0.0159512082	0.016381591799999998	yes	d__Bacteria; p__Bacillota_A_368345; c__Clostridia_258483; o__Lachnospirales; f__Lachnospiraceae; g__Lachnospira; s__Lachnospira eligens
358	95fb1be2ae50b6d347649ea76c2a1874	-11.265493345	0.038602567975	0.5981840389162527	0.0103037461430361	(-12.39, -10.1395)	(0.0206917, 0.0593436)	0.017910867975	0.020741032025	yes	d__Bacteria; p__Bacillota_A_368345; c__Clostridia_258483; o__Lachnospirales; f__Lachnospiraceae; g__Mediterraneibacter_A_155590; s__Mediterraneibacter_A_155590 butyricigenes
359	09a55cd0bdf9fa4929eab3f0ed841bf5	-11.208327159999971	0.0386039307445	0.6326083850113231	0.010887922631634	(-12.3743, -9.9568)	(0.0174689, 0.0591407)	0.0211350307445	0.0205367692555	yes	d__Bacteria; p__Bacillota_A_368345; c__Clostridia_258483; o__Oscillospirales; f__Oscillospiraceae_88309; g__Hominicoprocola; s__Hominicoprocola sp900317525
360	d05c86b5bfc092d8677507fb1eae8d66	-7.935570675000007	0.0390038892299999	0.6579447524078257	0.0113975270568375	(-9.18492, -6.72189)	(0.016103, 0.0586521)	0.0229008892299999	0.019648210770000098	yes	d__Bacteria; p__Bacillota_A_368345; c__Clostridia_258483; o__Oscillospirales; f__Ruminococcaceae; g__Ruminiclostridium_E; s__Ruminiclostridium_E siraeum
361	979578981da3916b394bf24c32bace21	-9.06048091500002	0.0391422840494999	0.785747027141186	0.0136397346846467	(-10.4529, -7.62651)	(0.014536, 0.0633262)	0.024606284049499896	0.024183915950500103	yes	d__Bacteria; p__Bacillota_A_368345; c__Clostridia_258483; o__Oscillospirales; f__Ruminococcaceae; g__Ruminiclostridium_E; s__Ruminiclostridium_E siraeum
362	4ed55370307d6700d110b6d3f1196136	-9.983153224999992	0.03996912807035	0.8995751397876949	0.0155492344610667	(-11.6357, -8.30451)	(0.0123685, 0.070255)	0.027600628070350006	0.030285871929649995	yes	d__Bacteria; p__Bacillota_A_368345; c__Clostridia_258483; o__Lachnospirales; f__Lachnospiraceae; g__Coprococcus_A_121497; s__Coprococcus_A_121497 sp000154245
363	a4e2a4e1321a599651edf92f6999e78e	-9.885937214999997	0.0401795270958	0.9345461837938748	0.0161292936243561	(-11.448, -7.95228)	(0.00663184, 0.0671361)	0.0335476870958	0.026956572904200005	yes	d__Bacteria; p__Bacillota_I; c__Bacilli_A; o__MOL361; f__Turicibacteraceae; g__Turicibacter; s__Turicibacter bilis
364	28bb502265419a0e86626d75a1183ce7	-10.698778640000016	0.0412122737699999	0.7950236221004064	0.0137784517740813	(-12.169, -9.26149)	(0.0178566, 0.0682131)	0.023355673769999898	0.0270008262300001	yes	d__Bacteria; p__Bacillota_A_368345; c__Clostridia_258483; o__Christensenellales; f__Aristaeellaceae; g__; s__
365	f655279fdb3e9fe733677c83df662486	-11.020938430000015	0.0412615422499999	0.4743999507824959	0.0081622161140813	(-11.8971, -10.1466)	(0.0261017, 0.056138)	0.015159842249999902	0.0148764577500001	yes	d__Bacteria; p__Bacillota_A_368345; c__Clostridia_258483; o__Oscillospirales; f__Oscillospiraceae_88309; g__Dysosmobacter; s__Dysosmobacter sp000403435
366	03fdbec0c9b63a05ae79f92c6d3a4cfc	-9.55728852500001	0.042000232794	0.8663568644108355	0.0149655855136397	(-11.0806, -7.84413)	(0.0131749, 0.0682843)	0.028825332794000003	0.026284067206000003	yes	d__Bacteria; p__Bacillota_A_368345; c__Clostridia_258483; o__Lachnospirales; f__Lachnospiraceae; g__COE1; s__
367	cebcb0fe524fb1cf0bfb5463ae228bed	-11.273937944999998	0.0422831386899999	0.67045390811899	0.011561745406904	(-12.5429, -10.0381)	(0.0201975, 0.0631764)	0.022085638689999902	0.02089326131000009	yes	d__Bacteria; p__Bacillota_A_368345; c__Clostridia_258483; o__Lachnospirales; f__Lachnospiraceae; g__Lachnospira; s__Lachnospira sp000437735
368	1986030e3c5cd5df6d869054bc96e536	-10.26436542999998	0.0428850943949999	0.6228219905937127	0.0107478181951762	(-11.5218, -9.16862)	(0.0227139, 0.0637764)	0.0201711943949999	0.020891305605000098	yes	d__Bacteria; p__Pseudomonadota; c__Gammaproteobacteria; o__Enterobacterales_737866; f__Pasteurellaceae; g__Haemophilus_D_735815; s__Haemophilus_D_735815 parainfluenzae_P
369	208c8722c4dd18b60b2b2684272ff26c	-10.996474280000005	0.04462682746	0.8085002829721094	0.0139306815221462	(-12.597, -9.60047)	(0.0207965, 0.072471)	0.02383032746	0.027844172539999996	yes	d__Bacteria; p__Bacillota_A_368345; c__Clostridia_258483; o__Oscillospirales; f__Ruminococcaceae; g__Ruminiclostridium_E; s__Ruminiclostridium_E siraeum
370	cae14798faeabb8e1b8840e712839921	-9.806441734999996	0.044687301635	0.6780439471584713	0.0117890655409999	(-10.9452, -8.40707)	(0.0237567, 0.067927)	0.020930601635000004	0.023239698365	yes	d__Bacteria; p__Bacteroidota; c__Bacteroidia; o__Bacteroidales; f__Rikenellaceae; g__Alistipes_A_871400; s__Alistipes_A_871400 finegoldii
371	362b97b08074732371b6e76cd1a894e1	-9.748171680000006	0.0456388310734999	1.250004496746983	0.0216526521834788	(-12.0194, -7.31897)	(0.00325204, 0.0846353)	0.0423867910734999	0.0389964689265001	yes	d__Bacteria; p__Bacillota_A_368345; c__Clostridia_258483; o__Oscillospirales; f__Oscillospiraceae_88309; g__Limivicinus; s__Limivicinus sp002320035
372	e82ab12c51a893c6d7938a16632199a8	-10.257551009999986	0.046547961815	0.9510908432956234	0.0164822700873287	(-12.0602, -8.51972)	(0.0150637, 0.076546)	0.031484261815	0.029998038185000006	yes	d__Bacteria; p__Bacillota_A_368345; c__Clostridia_258483; o__Lachnospirales; f__Lachnospiraceae; g__Acetatifactor; s__Acetatifactor acetigignens
373	f4dfb45b33372cdc0dc2fd20c0d0b448	-10.935224575000005	0.0467999707483	1.0628969874136536	0.0184417612598896	(-13.0068, -8.99957)	(0.0100532, 0.0785649)	0.0367467707483	0.03176492925169999	yes	d__Bacteria; p__Bacillota_A_368345; c__Clostridia_258483; o__Oscillospirales; f__CAG-272; g__Avispirillum; s__Avispirillum sp011957885
374	09ee2c2d76be17c9ede2d4c57412adeb	-11.728799470000006	0.0468350771625	0.8806993278192148	0.0152482740003915	(-13.322, -10.0089)	(0.0177068, 0.0755274)	0.0291282771625	0.028692322837499992	yes	d__Bacteria; p__Bacillota_A_368345; c__Clostridia_258483; o__Christensenellales; f__Aristaeellaceae; g__; s__
375	490d2aec117bd7289577684ba3cc1b64	-9.57071623	0.0468756115999999	0.8016853826005491	0.0138983624153212	(-10.9439, -8.01293)	(0.0193546, 0.0707349)	0.027521011599999902	0.023859288400000102	yes	d__Bacteria; p__Bacillota_A_368345; c__Clostridia_258483; o__Oscillospirales; f__Ruminococcaceae; g__Angelakisella; s__Angelakisella massiliensis
376	3bff9ab82e7f2a76cc22e687ac7b72fd	-9.487892465000016	0.0471419907399999	0.7265325316723077	0.0125289534897127	(-10.985, -8.20679)	(0.0243545, 0.0715673)	0.022787490739999902	0.024425309260000097	yes	d__Bacteria; p__Bacillota_A_368345; c__Clostridia_258483; o__Lachnospirales; f__Lachnospiraceae; g__Butyribacter; s__Butyribacter intestini
377	c8fce068920feb387167d44c01689295	-9.105221079999994	0.047219519755	0.6866349168443403	0.0118667038272236	(-10.3429, -7.81384)	(0.024019, 0.0679565)	0.023200519755000003	0.020736980245	yes	d__Bacteria; p__Bacillota_A_368345; c__Clostridia_258483; o__Oscillospirales; f__Butyricicoccaceae; g__Agathobaculum; s__Agathobaculum butyriciproducens
378	90104f2fbcc925a6619e805c7a625c57	-11.335497614999994	0.04780427443	0.7745735829901262	0.013455445885395	(-12.6546, -9.80565)	(0.0204396, 0.0702205)	0.027364674430000003	0.022416225570000003	yes	d__Bacteria; p__Bacillota_A_368345; c__Clostridia_258483; o__Christensenellales; f__Aristaeellaceae; g__; s__
379	7c82a2ef7685c5c6dc3080f56033cee9	-11.777748734999998	0.049077929675	0.8288334253905592	0.0143347689001575	(-13.3225, -10.1675)	(0.0231396, 0.0778047)	0.025938329675	0.028726770325000005	yes	d__Bacteria; p__Pseudomonadota; c__Gammaproteobacteria; o__Burkholderiales; f__Burkholderiaceae_A_595421; g__Oxalobacter; s__Oxalobacter paraformigenes
380	6fc765c81c8b663cedcd799094894748	-11.576820519999997	0.04911883915	0.7410788810348254	0.0127890466448517	(-12.9521, -10.1784)	(0.0252604, 0.0729624)	0.023858439150000004	0.023843560849999994	yes	d__Bacteria; p__Bacillota_A_368345; c__Clostridia_258483; o__Christensenellales; f__Aristaeellaceae; g__SFMI01; s__
381	69d052e452e79d571cba042af265d50c	-8.039994345000002	0.05035478906	0.8428973653225359	0.0146206387993947	(-9.54995, -6.40437)	(0.0215138, 0.0757934)	0.028840989060000002	0.025438610939999995	yes	d__Bacteria; p__Bacillota_A_368345; c__Clostridia_258483; o__Lachnospirales; f__Lachnospiraceae; g__Coprococcus_A_121497; s__Coprococcus_A_121497 eutactus
382	bb769f42c78f86faa2801cb2c2abb8dc	-11.554734415000006	0.0504018007999999	0.6878037861272341	0.0118947889911065	(-12.7444, -10.1337)	(0.0267979, 0.0723743)	0.023603900799999904	0.0219724992000001	yes	d__Bacteria; p__Bacillota_A_368345; c__Clostridia_258483; o__Christensenellales; f__Aristaeellaceae; g__; s__
383	25e04b2be57def00437d44ab461e8773	-10.910286810000022	0.052357582475	0.8910151238111644	0.0155181378442188	(-12.6739, -9.29783)	(0.0251885, 0.0842524)	0.027169082475	0.03189481752500001	yes	d__Bacteria; p__Bacillota_A_368345; c__Clostridia_258483; o__Lachnospirales; f__Lachnospiraceae; g__Coprococcus_A_121497; s__Coprococcus_A_121497 eutactus
384	8f5959f21dc9ce9a281656f8d699ec07	-9.931120664999996	0.0526822499999999	0.5287168900389957	0.0091786899527089	(-10.9293, -8.9701)	(0.0352791, 0.0692436)	0.017403149999999902	0.0165613500000001	yes	d__Bacteria; p__Bacillota_A_368345; c__Clostridia_258483; o__Lachnospirales; f__Lachnospiraceae; g__Blautia_A_141781; s__
385	e91f1c5b67ffecb5ca3ca3b393a50f00	-7.7090502599999935	0.0527558158499999	0.5785565245358771	0.0100478906844015	(-8.71074, -6.52621)	(0.0328704, 0.0704469)	0.0198854158499999	0.017691084150000105	yes	d__Bacteria; p__Bacillota_A_368345; c__Clostridia_258483; o__Christensenellales; f__Aristaeellaceae; g__SFMI01; s__
386	79d5bee84cddbb27acb4dd7df378c789	-10.371854274999992	0.0527708742499998	0.6760878873300237	0.0117416174732517	(-11.5792, -9.11589)	(0.031603, 0.0740093)	0.021167874249999802	0.0212384257500002	yes	d__Bacteria; p__Bacillota_A_368345; c__Clostridia_258483; o__Christensenellales; f__Aristaeellaceae; g__SFMI01; s__
387	f8529e2e737999b4a7d06420482d4af3	-11.597589084999983	0.053163420595	0.8632930693170848	0.0148967872600967	(-13.1128, -9.87761)	(0.0244325, 0.0794976)	0.028730920594999997	0.026334179405000005	yes	d__Bacteria; p__Bacillota_A_368345; c__Clostridia_258483; o__Lachnospirales; f__Lachnospiraceae; g__; s__
388	30c16856bd5bae4cd2f1182341b30ffc	-12.25293221	0.0542816346499999	0.6753880450042892	0.0116239404642912	(-13.5363, -10.9637)	(0.0332342, 0.0775925)	0.021047434649999905	0.02331086535000009	yes	d__Bacteria; p__Bacillota_A_368345; c__Clostridia_258483; o__Lachnospirales; f__Lachnospiraceae; g__Roseburia_A_166204; s__Roseburia_A_166204 hominis
389	51625f89e7332f46ab0641e10cede6ea	-10.728139184999993	0.0563571272599999	0.9339808918730544	0.0161602548732725	(-12.4788, -8.9166)	(0.0254493, 0.0876075)	0.030907827259999902	0.0312503727400001	yes	d__Bacteria; p__Bacillota_A_368345; c__Clostridia_258483; o__Lachnospirales; f__Lachnospiraceae; g__Roseburia_D; s__Roseburia_D yibonii
390	96169c3701e79f42346c41eb7b5bf2af	-12.788018450000004	0.05694377935	0.6455744447347636	0.0110651945647606	(-13.8932, -11.546)	(0.0360229, 0.0763312)	0.020920879350000005	0.01938742065	yes	d__Bacteria; p__Bacillota_A_368345; c__Clostridia_258483; o__Lachnospirales; f__Lachnospiraceae; g__Blautia_A_141781; s__
391	6d8fe4ac153ead767024e041ff1f0ec6	-11.728147570000004	0.0578171857899999	0.8642157780777292	0.014908296851519	(-13.4841, -10.1799)	(0.0325741, 0.0891971)	0.025243085789999897	0.0313799142100001	yes	d__Bacteria; p__Bacillota_A_368345; c__Clostridia_258483; o__Oscillospirales; f__CAG-272; g__Avispirillum; s__
392	686d42b9552375c3b61301ae5605e3a2	-9.894261250000012	0.0580584794999998	0.7889159121552424	0.0136818421082239	(-11.3137, -8.37929)	(0.0334085, 0.0848197)	0.0246499794999998	0.026761220500000196	yes	d__Bacteria; p__Bacillota_A_368345; c__Clostridia_258483; o__Lachnospirales; f__Lachnospiraceae; g__Roseburia_A_166204; s__Roseburia_A_166204 hominis
393	1243750138937650754b619370565800	-9.55429732	0.0586906876999999	0.6154874843990066	0.0106291139803846	(-10.7482, -8.47185)	(0.0404562, 0.0791364)	0.0182344876999999	0.0204457123000001	yes	d__Bacteria; p__Bacillota_A_368345; c__Clostridia_258483; o__Lachnospirales; f__Lachnospiraceae; g__Lachnospira; s__Lachnospira sp000437735
394	b423592b0ae631882095792b27729b9c	-12.75709342499999	0.0677635938499999	0.7878817859698366	0.0136296396144027	(-14.2204, -11.1719)	(0.0408475, 0.0937572)	0.0269160938499999	0.025993606150000098	yes	d__Bacteria; p__Bacillota_A_368345; c__Clostridia_258483; o__Oscillospirales; f__Oscillospiraceae_88309; g__Dysosmobacter; s__Dysosmobacter sp000403435
395	7dfa96abfa7484bb6c9cfa90dc9b606f	-10.152779554999997	0.0745825552499999	0.4833036168782027	0.0083573438603812	(-11.0, -9.16107)	(0.0577643, 0.0892124)	0.016818255249999907	0.014629844750000093	yes	d__Bacteria; p__Bacillota_A_368345; c__Clostridia_258483; o__Lachnospirales; f__Lachnospiraceae; g__Eubacterium_J; s__Eubacterium_J plexicaudatum
396	9c25197937d1f54e2634026fbca6b55f	-11.647812344999984	0.0781450529699998	1.1134432596881392	0.0192766637118504	(-13.8302, -9.74334)	(0.0415013, 0.112773)	0.0366437529699998	0.0346279470300002	yes	d__Bacteria; p__Bacillota_A_368345; c__Clostridia_258483; o__Lachnospirales; f__Lachnospiraceae; g__Jutongia; s__
397	f45b62ab6ec22fb20364a7e05088158f	-12.048079029999997	0.0815423423500001	0.7192541874557689	0.0124212344001448	(-13.4712, -10.795)	(0.0603331, 0.106298)	0.0212092423500001	0.0247556576499999	yes	d__Bacteria; p__Bacillota_A_368345; c__Clostridia_258483; o__Lachnospirales; f__Lachnospiraceae; g__Muricoprocola; s__Muricoprocola aceti
398	266c2a374ca451985731e1e1b5961bd2	-13.285127000000037	0.08306288305	0.5752270030266303	0.0099304072702728	(-14.3688, -12.2696)	(0.0653764, 0.101914)	0.017686483049999993	0.01885111695000001	yes	d__Bacteria; p__Bacillota_A_368345; c__Clostridia_258483; o__Lachnospirales; f__Lachnospiraceae; g__Eubacterium_J; s__Eubacterium_J plexicaudatum
399	b10627ff6db16c65eed2f21380dd700f	-11.474260375000007	0.0908963142	1.032487351895416	0.0178742142107427	(-13.3711, -9.51745)	(0.0569722, 0.124177)	0.033924114199999994	0.0332806858	yes	d__Bacteria; p__Bacillota_A_368345; c__Clostridia_258483; o__Oscillospirales; f__Oscillospiraceae_88309; g__Limivicinus; s__Limivicinus sp002320035
400	f10155af1849a17996f302d71b32398c	-13.675337699999972	0.09375048205	1.097280932582312	0.0189976770299087	(-15.7563, -11.6953)	(0.059621, 0.129997)	0.03412948205	0.03624651795	yes	d__Bacteria; p__Bacillota_A_368345; c__Clostridia_258483; o__Lachnospirales; f__Lachnospiraceae; g__Suilimivivens; s__Suilimivivens aceti
