Feature	Intercept_mean	protein_eaten_mean	Intercept_std	protein_eaten_std	Intercept_hdi	protein_eaten_hdi
7e9ed2c841e64976eace4b578ff56a26	-5.1610455700000015	0.0024855087771399995	0.4703599501511318	0.005522294267923194	(-6.04399, -4.28912)	(-0.00812234, 0.0123706)
a6099802840e60febef8e896967b7747	-6.803280575000001	-0.0015860729731949992	0.15749081392804912	0.0018524920659633163	(-7.09321, -6.51455)	(-0.0046881, 0.00194215)
904ad13c7b8512200836d5cd9fb09e1b	-9.034470275000011	0.0012725204003304993	0.38142874630456775	0.004435839851693864	(-9.75843, -8.36787)	(-0.00715923, 0.00933868)
1aab913302590e21a7be28b1494a3320	-9.613466480000021	0.005942244770094999	0.20603945855202027	0.002384562763623286	(-10.0115, -9.24151)	(0.00146283, 0.0103945)
e644522cf6d7222c9da7f9ecf614cd89	-8.329503024999985	-0.005149014061424998	0.340500018275623	0.003933438938380623	(-8.98792, -7.71683)	(-0.0123455, 0.00231997)
bad4f7c5ada34a1f813946abcfe5c556	-4.638330260000012	-0.0006830906917090006	0.14275803510041882	0.0016745728780745183	(-4.90842, -4.37031)	(-0.00389791, 0.00246944)
399bcf0feb12a20ca0731d8d65268dae	-6.150364565000007	-0.0016759353696100007	0.29962997096704247	0.0034919057959647837	(-6.70172, -5.57163)	(-0.00859256, 0.00457605)
32f7e6bfc42fe19c17f9459bd9be4b67	-7.332137529999984	0.0019166913700799989	0.3017236486440846	0.0035440955147936024	(-7.89853, -6.76072)	(-0.00530016, 0.00816382)
c942f59feffce9c3ab527135de234101	-5.663514204999995	0.005163149392649998	0.20828935806245116	0.0024384332160815587	(-6.03718, -5.26825)	(0.000710231, 0.00981799)
29bb5fa7f45e47bbabab8cc1b1b3d18e	-8.146292669999998	-0.007807108983500004	0.5094545005491374	0.006031977627414293	(-9.09045, -7.18222)	(-0.0194303, 0.00339568)
7b2ff5940de11da4dc3bb208805dff11	-8.360550705	-0.0003920865116950002	0.21830604665366704	0.0025791440163683284	(-8.74366, -7.96013)	(-0.00507515, 0.00450644)
6c7fa77831ae630967a6fbfc8ee47901	-3.5837840400000074	0.0015043925589899954	0.12375562711520786	0.001452850634007766	(-3.80068, -3.35365)	(-0.00127064, 0.00408873)
6c83fec6e8d03fad51eabc871853c991	-8.279904650000006	-0.0010652912873950027	0.42323649999164475	0.0049605240913892035	(-9.03746, -7.43515)	(-0.010009, 0.00877643)
23597fea41001255f06321d42aefd3bd	-8.770511984999988	0.004379650152949996	0.2607189291212086	0.0030657423090452284	(-9.25641, -8.28992)	(-0.00106869, 0.0101883)
ee02d6d3506da57909d5e603709a295f	-7.064866385000022	0.0035626983956770055	0.16999278782195956	0.001997914184395566	(-7.40312, -6.76112)	(-0.000229349, 0.00740186)
e6a34eb113dba66df0b8bbec907a8f5d	-5.410380919999997	-0.0010946825510160007	0.18958407025632099	0.0021960935354653	(-5.76187, -5.04044)	(-0.00544957, 0.00287467)
6c4de756c45fa6e7e5adfe196f9f0039	-5.7095211300000015	0.003183781087564999	0.44962451304752354	0.0053244742117371175	(-6.50317, -4.79544)	(-0.00673388, 0.0134208)
60c57911662a9159dfdd0fc05d975a55	-4.516341870000002	0.00304629162181	0.17496251803230056	0.0020343976279309376	(-4.83548, -4.18666)	(-0.000551482, 0.00698349)
1986030e3c5cd5df6d869054bc96e536	-7.629987700000003	-0.0016696856106384972	0.29392217602727766	0.0034445701682155397	(-8.17359, -7.10212)	(-0.00847459, 0.00418321)
ea3433f2c148c6fae4cc2e9ae197f5b8	-5.606024680000005	0.004569560458429997	0.2601733827116019	0.0030612750493280083	(-6.14341, -5.14909)	(-0.00121315, 0.010368)
059c8f8bb468064b134ea6d3661761ea	-5.2452826950000055	0.0040530468669000026	0.23125006563736786	0.002717623141381718	(-5.64522, -4.77558)	(-0.00102368, 0.00909413)
8a9f7499cdb85b8efa497bb56256cb43	-6.3041524699999965	-0.0013213880474099997	0.14582123642494302	0.0017114470516046737	(-6.57791, -6.02722)	(-0.00456337, 0.00189068)
8dccd839cf4868a3343e411c063932a6	-9.311987325000011	0.0017933227947700017	0.3405063463681616	0.0040084643702942915	(-9.91052, -8.66003)	(-0.00564241, 0.00918649)
f402919ff0fe53fec5b6ef190f9e42b7	-6.4742990749999985	-0.005867453837100009	0.17686986180832037	0.002085530422964941	(-6.78687, -6.11659)	(-0.0100907, -0.00223965)
f9382b37fc2cfd3cf606824a235802de	-9.35072249999997	-0.005014483167046008	0.3336547843521057	0.003943448708578142	(-10.0169, -8.77737)	(-0.0120023, 0.00250989)
1664c7d0b9dec6e07df8542c0c4049c7	-8.638527055	0.0018475139416299976	0.22385139496857487	0.0026074486705516572	(-9.09475, -8.26105)	(-0.00284096, 0.00686839)
3e5f388f7ad4f160c2a1cdd1441d00c0	-6.549604069999982	0.00011939180078499997	0.18452850597735607	0.002173298102714741	(-6.87726, -6.21173)	(-0.00393641, 0.00395424)
f5706d9ec821f971e4c08ee992995b40	-7.374044750000014	-0.006446324940535	0.3590372975074282	0.004196614945574491	(-8.12307, -6.76004)	(-0.0140678, 0.00156735)
138eb7703e1255cf29760a4440de2a47	-8.692894265000005	0.001069960957807	0.30755413012502353	0.0035857144045088655	(-9.308, -8.12804)	(-0.00559179, 0.00828587)
56c3d1a8e4dc5c2aa7afbc1563559448	-8.720271705000012	0.014442440460350005	0.5489306973569097	0.00641303696541833	(-9.74661, -7.73537)	(0.00278279, 0.0262122)
de61860db8d93da85692dffb5cf32ab9	-4.568143815000002	-0.006319674281999994	0.41654990780649037	0.00491417604377018	(-5.43657, -3.85579)	(-0.0159455, 0.00289503)
5c02713fbed5c1964b4410d9f8166555	-5.992545204999986	-0.0011861256983550005	0.16906732985310302	0.001978300438428809	(-6.31208, -5.68489)	(-0.00495653, 0.00249795)
12bb0c9249480c4cec2cc9f692018806	-8.049211439999986	-0.004059421383055004	0.2321552676424258	0.0027168974848187726	(-8.49248, -7.62649)	(-0.00882634, 0.00135661)
b10627ff6db16c65eed2f21380dd700f	-6.075598265000008	-0.0005289056475549993	0.49373384596211334	0.005816349458081771	(-6.94442, -5.09638)	(-0.0109925, 0.0107094)
3f5f0d10bd5495e2c89d229c508dcdec	-7.328546034999993	0.0033989973581125066	0.36451787241591976	0.004288701726288585	(-8.04567, -6.67505)	(-0.00440031, 0.0117493)
de6891b6f7a1f35bd9ccbc058b9e1a77	-6.5792925449999995	6.634649855500004e-05	0.1291369166968649	0.0015068408016594254	(-6.80114, -6.3311)	(-0.00270844, 0.00280082)
828c563319c7cee475b9b8ab6a0a048b	-7.371037874999991	-0.0006922784432009987	0.1900033243049561	0.0022280629157346524	(-7.71226, -7.00217)	(-0.00478975, 0.00356326)
6a129e8ae637c96e7bb56223913911f7	-5.39987828	-0.007286639063400001	0.2600447534647479	0.0030445975867251468	(-5.93571, -4.95267)	(-0.0128539, -0.00139422)
1527fd8b14037f53b8edb26b111e1f72	-5.512261139999996	-0.0035683015365689926	0.208680535478277	0.002463021488924586	(-5.92068, -5.12991)	(-0.00819499, 0.00124618)
b3d06445a910a9a444919e41f5da39c3	-10.198659590000014	0.002838974275285003	0.3251015633221899	0.003802177553465709	(-10.8587, -9.60936)	(-0.00463428, 0.00976314)
992072d045462445dc239b35300af2cc	-4.526763315000005	0.008454035228449994	0.5066005049236141	0.005933355247246537	(-5.45166, -3.56126)	(-0.00249142, 0.0196029)
2403a466dd6d1e4f551d80394c2aa994	-6.81437883499999	-0.0017788193127250003	0.575154231141085	0.006648738222005291	(-7.90935, -5.74524)	(-0.0141495, 0.0107442)
cae14798faeabb8e1b8840e712839921	-6.4437387149999905	-0.009319969383899968	0.29629341258201947	0.0034294449883005736	(-6.97748, -5.8738)	(-0.0156669, -0.00299253)
4311a44a7d56ce4086afad3e75bedd6e	-7.86173661499998	-0.0033031936605149997	0.2633567751681961	0.0030957951201436226	(-8.35131, -7.3523)	(-0.00885591, 0.00284235)
ab153c3e19553cead3d76fb9e00684c2	-6.8528676299999995	-0.0006598506278350005	0.38350400335926466	0.004509949535338972	(-7.58599, -6.13911)	(-0.00925329, 0.00783011)
fc1856f132cd513b1251fa39ad4ccd01	-8.303821035000006	0.0026987382493665044	0.15619805067182743	0.0018216005873303758	(-8.58967, -8.00727)	(-0.000604962, 0.00625071)
8ef31508d9a2fc6f83935de5607a686c	-7.522831030000004	0.002657573897230757	0.5388507121228836	0.006344304352368515	(-8.56269, -6.54775)	(-0.00916453, 0.0144753)
21ce8465657612a85e2f89e74d285ce1	-9.529610310000049	-0.007535051508050004	0.33568423020973714	0.0040159061127840795	(-10.1513, -8.89027)	(-0.0151452, -0.00037188)
69d052e452e79d571cba042af265d50c	-5.34757013999999	0.0029538867294200024	0.485231121891188	0.005707649566384987	(-6.22827, -4.43003)	(-0.00732793, 0.013635)
79d5bee84cddbb27acb4dd7df378c789	-7.148894130000009	-0.001750881684214002	0.36041874094134285	0.0042234569130232555	(-7.8249, -6.47901)	(-0.0103998, 0.00557174)
0f0a1f8c92368be6e8d3145bd4e94cd1	-5.566905865000003	0.004367545500044997	0.2615191167088018	0.0030583417865558695	(-6.00334, -5.02135)	(-0.00126746, 0.010288)
64d05989cb6f8053633b2127793200b3	-8.365640164999993	0.010834821345000004	0.19879396467705654	0.0023347246907529915	(-8.7496, -8.0218)	(0.00680469, 0.015316)
bac3d8ea4685e825ef8d12b2a6979577	-6.599606309999995	-0.010614318725600005	0.4327334933640841	0.0049825061717301816	(-7.50462, -5.85575)	(-0.0187942, 0.000687171)
a8d23fd98a311df2db65e5842634aba3	-7.530871409999987	0.0033794064021499953	0.18299701310680433	0.002132117358282455	(-7.87236, -7.17216)	(-0.000430944, 0.00757329)
41239266f2952a56a313fc4798f28a1c	-7.104263154999987	0.0032496521258499993	0.2513583002948104	0.002941487043161742	(-7.58858, -6.65556)	(-0.00226549, 0.00864558)
2b982979f2401a8bc447d7141879e9b2	-4.126038995000004	0.003034214506049994	0.11326595067291849	0.0013192162425925123	(-4.31934, -3.90715)	(0.000572437, 0.00551583)
251429848560a80abcb96640ceb102db	-5.773692025000007	0.004783467866684999	0.23284082846088053	0.0027392289113374424	(-6.24136, -5.36427)	(-0.000322212, 0.00994114)
7b34b797cadb639f63827c6d332dd4e9	-8.16521766500003	-0.0003580261827050001	0.20537685765051003	0.002417822151912632	(-8.60583, -7.80503)	(-0.00537043, 0.00401734)
2a99ec1157a90661db7ff643b82f1914	-6.255387965000002	-0.001762275193310998	0.4601966710936843	0.0053420246928222994	(-7.15547, -5.41885)	(-0.0111781, 0.00891051)
2a7f11895ae7fe9fdffa52016207c561	-5.797653895000002	-0.0023676594636450007	0.25767403093905106	0.002998722430234749	(-6.29666, -5.34051)	(-0.00804004, 0.00308588)
0cfd41d10227f0de9092d5cda028c12d	-8.474062894999992	-0.0014924493654934995	0.27035242153098765	0.003157195018837382	(-8.9758, -7.9719)	(-0.0073799, 0.00432222)
a9387e76477da8688775569cf540191b	-6.668057524999978	0.007178870518149989	0.33858794658821534	0.003954482345011983	(-7.29806, -6.02659)	(-0.000538299, 0.0140857)
bb769f42c78f86faa2801cb2c2abb8dc	-8.364520234999995	-0.0029848018321500026	0.3487253733452659	0.004085622956534452	(-9.07125, -7.75037)	(-0.0106163, 0.00467622)
68ee181a51a55ca3814763c9214cfd8a	-8.642695155000002	-0.00031197793828400015	0.2663543929875682	0.00308191913542692	(-9.12819, -8.17936)	(-0.0061344, 0.00509355)
88956ab21ebb7e44b2dd317dd412818a	-8.635976470000015	0.0017779088895300008	0.33758488278689097	0.003967471284905485	(-9.26633, -8.03628)	(-0.00553744, 0.00911168)
ca9dec36ad0aa5a1473144ddcb74951d	-5.4425637000000044	0.003280570061568501	0.1966577734609287	0.0023057648424299835	(-5.80946, -5.08154)	(-0.00087782, 0.00759346)
ae171d16e3cb68ad19636a58839a1ef1	-9.87379419	0.010798152181339999	0.416435854982306	0.004854449516710299	(-10.6571, -9.09143)	(0.00171322, 0.0198901)
77f4d90aa6eb8080927f59ee8bbac375	-9.361401209999988	0.0022871242052785027	0.22794717987339927	0.0026458195642008256	(-9.77842, -8.93191)	(-0.00237056, 0.00742663)
a7b427a226422d10e62536b8d41e02fe	-8.251310219999993	0.0012838083882050011	0.5186921803561831	0.006062633316416866	(-9.28043, -7.31385)	(-0.0100466, 0.0129045)
2480f3aa1e7784b461d9b5b83a6bfc81	-7.588885555000001	-0.004147713055734998	0.26720337780142656	0.00307474276555314	(-8.0643, -7.0762)	(-0.0102161, 0.00127877)
9000b563231e32a7003bf2ef20bf9a60	-7.225985654999986	-0.0023967791597749905	0.23979378270791565	0.002789447495707884	(-7.64752, -6.72645)	(-0.00768279, 0.00307143)
a186bb74dfce512f83043f7b366c60c4	-5.800659114999983	-0.0065560541861200035	0.549624655370433	0.006450795145221582	(-6.71423, -4.68646)	(-0.0196282, 0.00400752)
aad2c8fbb5e1201340fe4357731fc9ee	-8.37692523000002	0.004577587621055008	0.4360749392283936	0.005124829583157208	(-9.18356, -7.55032)	(-0.00457876, 0.0144894)
490d2aec117bd7289577684ba3cc1b64	-7.166359185000011	0.0039014862729	0.40122123276091215	0.004704933769296315	(-7.9088, -6.43241)	(-0.00484209, 0.0122515)
457d3865cf0a4bc602a07d8d5324388f	-8.508178130000013	-0.001608376355750001	0.41139401081153737	0.004833612003532894	(-9.28081, -7.71341)	(-0.0109962, 0.00739447)
552e00cb506f739acaf08aa5641f9d84	-6.849914669999997	0.0024146458736286503	0.267174774690634	0.003099952216019162	(-7.31408, -6.30476)	(-0.00322607, 0.00849571)
9dc78fd8f2f7cb10e190e77af61c7ecd	-8.345060355000003	0.0023283168295178016	0.19556643172416868	0.0022800373734661607	(-8.70399, -7.96717)	(-0.00188798, 0.00676043)
a3607a88a8ed64e24a374847b23e404f	-5.831815079999992	-0.007493681207499998	0.22026860993476477	0.002561488389360439	(-6.24244, -5.42769)	(-0.0121682, -0.00274886)
5bb151262388870fd53a84ea6f1ffdf2	-9.608827719999985	0.0022297214309149956	0.4133837565359844	0.004856851269221793	(-10.3832, -8.80302)	(-0.0065958, 0.0119241)
f7962a90f4519ec1d1a9c7b8ef7bf396	-9.044260585000004	-0.00011686106608299997	0.29158541575892927	0.0034304614127119454	(-9.60592, -8.51069)	(-0.00655844, 0.00624036)
77ad88eed91eef009bf64f101c96baa6	-5.203654425000001	-9.916664715000073e-06	0.4253641800137489	0.004965602047071365	(-6.05057, -4.42742)	(-0.00988934, 0.0091922)
08be83d0a527ddd1da0861135192e593	-8.424384695000002	-0.001124310998435	0.5188155828611998	0.006043864850196266	(-9.43405, -7.49576)	(-0.0122894, 0.0101189)
b61862b15d33865612e76c1db7b995a1	-9.164504195	0.0021246563677950023	0.22547653099148018	0.0026106127756696396	(-9.57855, -8.75142)	(-0.00286581, 0.00674698)
14f11556b1fc9132c5ab27b67a2479bf	-8.843083715000004	-0.004201852316609994	0.2757606870589946	0.00324024901578374	(-9.33059, -8.29664)	(-0.0101281, 0.00178975)
514b34f09e4acd2397d38273c630d338	-6.898893349999986	-0.020081703350000008	0.4890515663670627	0.005761301111261643	(-7.7972, -6.00619)	(-0.0306737, -0.00894794)
ba88d4e4e6a24ecc2a5aab6bdfbb77f5	-8.241929460000001	0.005214599384600004	0.20392522569733343	0.0023835009285136854	(-8.62788, -7.85137)	(0.000966885, 0.00984969)
1c94105978b1aa2095e3c0096774f240	-8.26197027999999	0.0005739324962100007	0.3169253121242003	0.0036819828618125604	(-8.90543, -7.71933)	(-0.00662254, 0.00741426)
27b636c66fa117272ed27920bad78969	-8.796473545000008	0.00473117372486	0.3407414330287454	0.004023601410261151	(-9.46596, -8.21031)	(-0.00244069, 0.0122195)
7201d53bd647437ec3de879774eba498	-6.690421575000001	-0.00023908947439999992	0.5146299121063301	0.006070168374151674	(-7.6403, -5.71624)	(-0.0112919, 0.0114495)
f8529e2e737999b4a7d06420482d4af3	-7.962050229999997	-0.00626763689160001	0.5104112923587674	0.005970295116616793	(-8.86024, -6.99494)	(-0.0169105, 0.004704)
959d48a11e3b26c9268f0bd1dae6ec40	-3.9940007650000053	-0.002717921131955	0.14580820433797542	0.0017158513896872595	(-4.26602, -3.70925)	(-0.00580161, 0.000712199)
bd0f4e14387ee1ac7e5fe586cadbbed4	-8.914848499999996	0.00032917419264644974	0.19499640411081934	0.0022578558543290533	(-9.27082, -8.55343)	(-0.00388061, 0.00440731)
66047b69a772cae3e37186eb74254da7	-9.359919395000022	0.006081196552500013	0.3846326140920503	0.004487013569052911	(-10.087, -8.65269)	(-0.00269666, 0.0140635)
4207ad1746e5fbce9c5ed5efe1e357d9	-7.6039214600000005	0.002514269758835003	0.19099443351042578	0.0022225501952831436	(-7.98134, -7.26659)	(-0.00163672, 0.00672105)
30207d209491dfb7de83344e77fd6fbd	-5.983882950000011	-0.003931495286065004	0.19695316273748303	0.002306269936939952	(-6.36166, -5.60972)	(-0.00775463, 0.000914864)
3e93fd55a231bb99b67a666bad8446a8	-8.460148885000011	0.0023890617740140027	0.20408039781984658	0.0023954265247775534	(-8.85586, -8.08468)	(-0.00241137, 0.00670437)
d39f37b814ebd81091a949f8bd9d1710	-6.066277824999993	-0.0021360632865050043	0.29768172793189557	0.0035045907204868045	(-6.53716, -5.4568)	(-0.00878275, 0.00411219)
706b0d627a9ba61b18e6b7b39622ac1f	-9.023068145000014	0.0002721713146895008	0.31551516730041523	0.0036874206461825175	(-9.58434, -8.41066)	(-0.00644571, 0.00715855)
32382a0f5831da5faee464d011b5616c	-5.172716814999997	-0.009012063865275005	0.5914893354118952	0.006974919109173347	(-6.32151, -4.1554)	(-0.0212207, 0.00420942)
fcd575ef43a2ae77d9b7c10639e80fd8	-9.34705747500001	-0.005842503934830002	0.360655293043197	0.004242010569900438	(-10.0323, -8.67649)	(-0.0140324, 0.0022419)
fdb1c35a8dab336d65ed22d796e71e4b	-6.282840089999995	-0.005306184228710008	0.5709132570938349	0.006683404376757632	(-7.38462, -5.25225)	(-0.0172129, 0.00738806)
25def15fb42bed6855ede4893d27a21d	-4.448830889999997	-0.010263240449950015	0.359432212556565	0.004167864117497107	(-5.11994, -3.80086)	(-0.0179911, -0.00274396)
2a13ecb6c618ddf8154298c69336dd8e	-8.55126482499999	9.776970129500002e-05	0.47837971671159835	0.005595887077095606	(-9.41893, -7.63466)	(-0.0105708, 0.0104825)
9ad89cc951aa3031c19c59c95e401614	-9.120002155000002	-0.006455377933205005	0.3282148176400723	0.0038638556547002686	(-9.77221, -8.528)	(-0.0139233, 0.000806486)
55d4d3011e1f3bb8e4e5089b801b61a4	-9.730156265000005	0.0037327177660649987	0.35737398101932355	0.004147674420793594	(-10.407, -9.06675)	(-0.00398423, 0.0114864)
4ed55370307d6700d110b6d3f1196136	-7.934138370000004	0.00332819446632001	0.4913743667759265	0.005759703467039865	(-8.76922, -6.95716)	(-0.00695617, 0.0139436)
154c25181234441402124e02c204074c	-9.729659934999997	0.002900005439195001	0.36893157020760065	0.0042971954461611395	(-10.3957, -9.00393)	(-0.00524931, 0.0108696)
370829fece3190f1a8efccf50b7d0921	-7.4217826349999925	-0.0028656222794899992	0.23581810847008083	0.0027405804869458537	(-7.8527, -6.97802)	(-0.00788828, 0.00228549)
b1a153ff5a21342991138e7f7dd2658e	-6.385577420000002	-0.0035156996199554977	0.4955422932747963	0.005844087847363716	(-7.28358, -5.4642)	(-0.0146094, 0.00695998)
e39b1ae9776ee98190c8cb02bc9de792	-9.261243145000005	0.0008678196641750496	0.3117403124016191	0.00363308621944148	(-9.92008, -8.70468)	(-0.00639977, 0.00760209)
e71461ffe18aa4dc3b1f7ba4a1011cff	-7.594673470000003	0.0016408982124240027	0.29090200214240386	0.0034155180942502393	(-8.13103, -7.04284)	(-0.00468344, 0.00823624)
90c2b51afe404951ec89bd52c7ae1f58	-8.187980704999987	-0.009676351657415417	0.4689270716563002	0.005580356369347074	(-9.14687, -7.37713)	(-0.0194997, 0.00149705)
c5af8314e36eaed98fc88f181f539e8f	-7.467298934999993	0.0019933010529700006	0.22296208776990728	0.0026299264463562648	(-7.87034, -7.05587)	(-0.00246736, 0.00710468)
10cd502b01abafc87e2ecbad86389286	-6.623728074999986	0.0063063047649999995	0.17300439884246985	0.002035691599320171	(-6.92567, -6.29895)	(0.00230468, 0.00964886)
433cf7e272a09b91cc85082a1338b8e1	-7.816520570000011	0.0010548329031195007	0.18341568436062125	0.0021460355796735185	(-8.16876, -7.46837)	(-0.00354095, 0.00472447)
877f27b47c85f6b2d3cf8a6aa86def40	-5.461145129999994	0.0013760457089449988	0.27307355401902833	0.00318792326292745	(-5.98165, -4.97243)	(-0.00470127, 0.00717082)
9ed241a051fe72047261df3b7e08b675	-7.402441240000018	0.0044114360869	0.18854332210625319	0.0022249395410646397	(-7.77751, -7.07051)	(0.000180698, 0.00843514)
04c8be5a3a6ba2d70446812e99318905	-6.10374544500001	0.0014545512063444974	0.19058423003491679	0.002210381804073005	(-6.44813, -5.72673)	(-0.00270922, 0.00552035)
e0b7bd623a1b4cd1640883066e8d96bd	-9.64019306000001	0.0012288099281349998	0.3184676935381928	0.0037316344224562945	(-10.2137, -9.02173)	(-0.00574673, 0.00822556)
6a17479edbe461431433bddb084f731e	-6.522909975000002	0.0007852983080999999	0.2795419061032699	0.0032735446050231503	(-6.99832, -5.96542)	(-0.00533417, 0.00679658)
35513c8de34a49ef37dde85737e6aef9	-7.913396245000009	0.0019412143839749986	0.3651777599133739	0.0042804809243032265	(-8.5427, -7.18246)	(-0.00590404, 0.0102808)
69536042153447ceb692aa53159ce0c2	-7.439072765000014	0.0014219984528325012	0.16927663879727994	0.001978600786926192	(-7.75901, -7.12999)	(-0.00239173, 0.00505872)
0f92fcc184a951ff8b0914467ad2f8f9	-6.987074519999998	6.649322065999999e-05	0.22184915890796075	0.0025978890743925333	(-7.38415, -6.55546)	(-0.00451099, 0.00516553)
e9d9bafcf863ec0908ce4e20e6386ff9	-9.394591669999988	-0.0010124381213305004	0.27428532754763074	0.00320645233627166	(-9.92653, -8.93096)	(-0.00694517, 0.00477935)
979578981da3916b394bf24c32bace21	-6.946132909999987	0.0018233057281099997	0.38243517204401073	0.004489021057644191	(-7.67014, -6.26713)	(-0.0068053, 0.00969508)
5860dac317300b1fe6094e958240cc7f	-7.666368879999994	0.00036014564366049993	0.18855128355608092	0.00220503839987846	(-8.03514, -7.34393)	(-0.00351691, 0.00455487)
3a1461e8439091ad6b93af0ddb3849eb	-6.719973485000005	-0.0041431033530300075	0.49172219977961606	0.005766524778999593	(-7.65581, -5.87679)	(-0.014029, 0.00699984)
d32627161d829a1488c2a047669cb29f	-6.474379435000006	0.003008733951935008	0.5542782924061076	0.006541061645944293	(-7.60965, -5.5208)	(-0.00868448, 0.0154668)
e2c3ff4f647112723741aa72087f1bfa	-2.946914870000002	-0.004283186676869997	0.2075570373588502	0.0024272900137086288	(-3.33188, -2.55743)	(-0.00867211, 0.000345058)
426bd7119a31b73ef734771a071a216c	-5.702683739999987	-0.001443424267780001	0.2789585483795261	0.0032633357100764968	(-6.23573, -5.19432)	(-0.0082135, 0.00411597)
aed0d8840bb7da5eacd80c6f9a1f91ed	-9.213246125	-0.006013403028390004	0.3030381774744468	0.003551445480679758	(-9.82261, -8.69538)	(-0.0132499, 6.25624e-05)
0b05a2e48cdc5f9e766bb0f4c209d4b4	-8.832499214999986	0.0007783077062100007	0.19667814731188066	0.002297148547015786	(-9.18096, -8.45343)	(-0.00359342, 0.00495466)
31c0a0bcf172474d82c69979df243e78	-6.3672671999999855	0.0029016039500045026	0.18693830029627426	0.002181210068328967	(-6.70552, -6.01519)	(-0.00100226, 0.00704437)
f9b9b7db378357774e672fe5ba242b12	-10.221903814999974	0.0035968762609890066	0.30886469141777234	0.003589420331997594	(-10.8003, -9.61428)	(-0.00334649, 0.0100545)
95f975f50235610bca818dcc9d97f7d6	-8.63751836	-0.002136464643340001	0.47262122003556967	0.005538040517755456	(-9.56535, -7.79857)	(-0.0119973, 0.00829259)
ecaa9f4e15a28f212d9bd60f749191ab	-7.533187019999989	0.0022127164860203494	0.24954748936729354	0.002921816112007607	(-7.95657, -7.0129)	(-0.00355077, 0.007609)
a6fa2de5f4576d1d77b1616786e3dd52	-8.321523420000007	-0.0053652531008000015	0.17449636352974124	0.002080463560622287	(-8.63049, -7.9854)	(-0.00922303, -0.00140925)
1fa555f9a74d47a6ca7a65a347bc885f	-5.892031404999998	-0.0004946936989849998	0.21912579326422507	0.0025912593785912498	(-6.27884, -5.49747)	(-0.00551365, 0.00393446)
149e7d5e484d157f2ac6140a2111618e	-3.9208742849999947	-0.0035324325866549996	0.1993986054740324	0.002347620004858958	(-4.31025, -3.5733)	(-0.00750823, 0.00128833)
605c54065160b61d47c4d5f87ffbe6bb	-8.630274714999997	-0.0038225067550650034	0.32589163154923	0.003838766878974685	(-9.28454, -8.06667)	(-0.0115302, 0.00275642)
5034598009be77942a505e7c9978b06b	-7.70379963999999	-0.004600329717424999	0.24081970390412488	0.0028438817058796767	(-8.12727, -7.23118)	(-0.0103097, 0.000235506)
8526f1f5fd2dcff7e7a73db743c829d2	-6.500277860000009	0.0007144719063	0.24818901535668433	0.0029100134360930323	(-6.96158, -6.02513)	(-0.00443474, 0.00651775)
24ef07664cfa04a819d7797a89e653b6	-9.517805770000002	-0.00010756085573499984	0.33381927901277203	0.003893036428739783	(-10.157, -8.91483)	(-0.00713809, 0.00711874)
03fdbec0c9b63a05ae79f92c6d3a4cfc	-6.939296830000013	-0.0020844305157435004	0.3884634645521389	0.004522685225775028	(-7.68334, -6.21836)	(-0.0101337, 0.00680952)
aa3e2d76e864d7909b51110e211ef36c	-9.54939962499999	0.008902242726050011	0.43745302695101956	0.005061560498494696	(-10.3625, -8.65926)	(-0.00136715, 0.018317)
7efeb75fc542932a033b37b887994dc8	-6.8418430999999975	-0.017557176108699963	0.5503516046678616	0.006499321026950362	(-7.8655, -5.80898)	(-0.0300753, -0.00574893)
2371e52106292ac4c33aec6f57cace35	-8.10265523000001	0.00504600412749999	0.24435969380433228	0.0028781860803543547	(-8.55372, -7.63769)	(-0.000451584, 0.0105586)
913d55d109820d0f3fad120be103c64f	-8.846270404999993	0.005524198775869999	0.390023267313613	0.0045605213362317	(-9.59612, -8.11142)	(-0.00350828, 0.0138542)
c82032c40c98975f71892e4be561c87a	-6.815689899999992	-0.002716043754865006	0.1656506440919865	0.0019251736278749476	(-7.09536, -6.46095)	(-0.00655397, 0.000819509)
ac9166cff57e7ff3581eaf798edc726c	-6.90647062499999	-0.003394728977780002	0.5199667463294736	0.006100210112277431	(-7.82622, -5.89786)	(-0.0150174, 0.00764707)
949af2c28ba6c0345ae58b9aed00a2c0	-6.870761925000007	-0.007714491519349999	0.5199349065842225	0.00612169612134043	(-7.87916, -5.88465)	(-0.0187595, 0.00429031)
8a261f382a739bbc5f9494b2c64c2744	-5.095893930000004	-0.0017670498580099976	0.1655028516774109	0.0019341346997472108	(-5.39701, -4.78931)	(-0.00531663, 0.00180155)
e91f1c5b67ffecb5ca3ca3b393a50f00	-4.4282449900000005	-0.0024110768469850024	0.35011998855006843	0.004058992111080858	(-5.08407, -3.778)	(-0.00977531, 0.00537824)
99b02f389bd0b7abad0d4d8affb09e22	-9.330265945000004	-0.005058458693589998	0.3673697144935971	0.004329800428199193	(-10.0749, -8.71584)	(-0.0131607, 0.0028609)
d3d99580d90cca486a23372a474e9571	-9.129193519999987	0.002262233756244999	0.30165207977786196	0.0035434975824214583	(-9.68182, -8.55578)	(-0.0038906, 0.00933021)
7076b69bea6fb40b94f8b32fd85fdb46	-9.47029379999999	-0.004217675163270006	0.3175354785128109	0.003701614925477813	(-10.0679, -8.90706)	(-0.0115965, 0.00199719)
e82ab12c51a893c6d7938a16632199a8	-7.068656060000005	-0.005838595844815006	0.4551260078846032	0.005320821444724171	(-7.87724, -6.18731)	(-0.0158862, 0.00373051)
2ae945b550c248752a5b463c9aca1a6a	-8.768368245000001	-0.008598699412724982	0.4030741225952988	0.004784691208996212	(-9.5135, -8.00134)	(-0.0171499, 0.00085305)
b423592b0ae631882095792b27729b9c	-8.55758447499999	-0.002448140237009997	0.48796259168344436	0.005740984064381608	(-9.60254, -7.72641)	(-0.0140962, 0.00784488)
3f1ed51e954b35a8108c12dd882b696b	-7.21013058500001	0.0017654543462550015	0.30635880917138286	0.003587985527071963	(-7.761, -6.63169)	(-0.00511731, 0.00812519)
1fb601d8edb6994ffb112ad1a34828d5	-9.533071404999994	0.004451985473270003	0.28896973137488935	0.003361013912235421	(-10.0606, -8.98003)	(-0.00163297, 0.0108924)
9f74473636e6874853d88dfcbcecff49	-7.539413284999989	0.010719939436000003	0.31392083739465065	0.0036686469074945615	(-8.15767, -6.97091)	(0.00358887, 0.0173691)
4c731267e801c2afe253b5cbb58bdd24	-5.282445384999997	0.007284045697500006	0.15210398620533191	0.00178601026556924	(-5.55815, -4.98074)	(0.00383918, 0.0105918)
14387daaf0161dd3c971efd0f8806ffd	-8.033594724999974	0.00043755440987000024	0.2469311755844621	0.0028973702390206286	(-8.52092, -7.59204)	(-0.00485053, 0.00609388)
c97220e6c4063a029dec2f8160977f83	-6.662727730000007	-0.0039758311093550025	0.3030777092365044	0.003588889881116783	(-7.20541, -6.10733)	(-0.0106559, 0.00235653)
8a20667bca2eaf2a0687995af876a84c	-6.4053483300000105	-0.0026498849941100043	0.5417098143538768	0.006335787306941712	(-7.40751, -5.39904)	(-0.0145539, 0.00923378)
131d3b899e72f19fcae1b0f9f8f3a009	-6.8827617650000095	0.0162338164672	0.650960378368941	0.0075769452819185465	(-8.09479, -5.64934)	(0.00194142, 0.0300227)
c0c365b5a32a28b8d2602de07c5d0b06	-7.573767084999991	-0.0006660014652650006	0.4573716972375451	0.005396841115848454	(-8.47033, -6.73737)	(-0.0106881, 0.0100189)
a650f349bbdffb95b3624519d1ba72b8	-5.244270689999997	0.003280986988218056	0.1870986434224574	0.002199142964445807	(-5.58923, -4.89817)	(-0.00072647, 0.00743314)
0f6da5f59be656db2dadef7bf2d1a2e6	-8.663699980000006	0.0015650879648464984	0.2617127997465917	0.003068609334855824	(-9.17227, -8.19741)	(-0.00412297, 0.00734548)
e84bea8ae61342674744560dd7de4721	-6.92153638500001	0.0015431106510050024	0.4228357788538975	0.004952683208495788	(-7.69287, -6.16073)	(-0.00749437, 0.0105611)
010f0ac2691bc0be12d0633d4b5d2cc4	-4.233936175000001	-0.004243668258399998	0.20463101975902712	0.002404408710337761	(-4.59547, -3.83556)	(-0.0091974, -9.56007e-05)
c8fce068920feb387167d44c01689295	-6.459577144999993	0.0013268822936950008	0.3968157460715222	0.00466851877430953	(-7.17092, -5.7255)	(-0.00727571, 0.00989537)
86deb5cf8d6f29d383136e0d09863b69	-10.19131368499998	0.0023474344950150023	0.34415319982919024	0.004033106156933236	(-10.7662, -9.46787)	(-0.00535846, 0.00979897)
79db4c4f494c95856ce31b42f267c4c4	-8.293440655000001	0.003816923334594996	0.46881090690930083	0.00548502025590366	(-9.20731, -7.4733)	(-0.00575786, 0.0143384)
dde2f514908a4fcaa80827346c7b7a19	-8.264216864999996	0.0036979472962000008	0.20498714832721035	0.0023833079061614695	(-8.65514, -7.89099)	(-0.000952014, 0.00779126)
7dfa96abfa7484bb6c9cfa90dc9b606f	-5.287590040000006	-0.005792854326700004	0.2580740501220499	0.0029954625185543227	(-5.78395, -4.81535)	(-0.011313, -0.000126321)
25f9cac7332bfbe3973f03bae0ee15cc	-9.486456684999997	1.856864015999997e-05	0.28439277079483005	0.0033075211245051197	(-10.0072, -8.95899)	(-0.00600636, 0.00606474)
447b9d6a5c17543a456c597e65b37139	-4.472597850000006	0.001119667716835001	0.12278404971280872	0.0014354655756018458	(-4.7053, -4.24496)	(-0.00163413, 0.00376879)
ccce7fe8aa849bed027f6898300e0c45	-8.384247844999974	-0.002422229479889999	0.32314136071494476	0.0037778560712821434	(-8.94828, -7.74993)	(-0.00939182, 0.00480098)
363c1c39d58bce4fc3218659d0944258	-6.475392585000011	0.0024132235924600024	0.22233370516583348	0.0026095882786796075	(-6.92583, -6.0869)	(-0.00216635, 0.00773587)
7be9bac1b13acbd8acf0de464d7c20e6	-7.759543919999998	-0.0015780204882399984	0.25505393050281266	0.003025122240433397	(-8.23367, -7.3003)	(-0.00683614, 0.00407519)
2ab8310e1e510f8045c7f4d191fa36be	-8.655785070000004	-0.004913066384180006	0.4033421643679164	0.004730763284451738	(-9.37159, -7.91973)	(-0.0137641, 0.00358313)
a66dd8d31584930c2b0f811f572dddcf	-7.082969814999995	0.003045566071509994	0.3323079324611673	0.003941871308717829	(-7.64863, -6.42192)	(-0.00386147, 0.0106637)
10155b2834300619ce0102110a37b057	-6.830137974999998	-0.0014724006947844973	0.14937530860503462	0.0017530972715151592	(-7.13062, -6.55631)	(-0.00498572, 0.00171444)
fca904abacabcc0591dd00b0427f9180	-10.080935094999997	1.6139726485000117e-05	0.2984291912222913	0.003468356780517056	(-10.5814, -9.48703)	(-0.00623364, 0.00670421)
ef6752ce31dcb9e16b1155bbaa1a268d	-8.507358535000007	-0.003273190776325006	0.4135043299178425	0.00483101193587526	(-9.2539, -7.7428)	(-0.0126572, 0.00495997)
a24dae6b87885a55d81df1ea6d1abaf5	-5.504700194999996	-0.0032097350346950034	0.29403809208351234	0.003475299208378664	(-6.05468, -4.91545)	(-0.0096208, 0.00352619)
79280cea51a6fe8a3432b2f266dd34db	-3.5809789199999944	-0.0008889333764453986	0.11835491180991858	0.001380904391988076	(-3.81288, -3.36341)	(-0.00359208, 0.00152544)
cba33b3578113908d449fc66ccb245d4	-6.342601885000006	0.0019912714673274994	0.18622279582155546	0.0021612860706578486	(-6.68411, -6.00043)	(-0.00186238, 0.00625848)
ef1616938612ecae94c31842853cb904	-8.853782165000002	3.991509990000006e-06	0.21411058607776215	0.002500514125828182	(-9.26928, -8.48631)	(-0.00452319, 0.00471777)
a378e30f9be477f7777e409c8faea14c	-8.341294289999992	-0.004923344982925002	0.26928408272528087	0.0031865394730698233	(-8.84597, -7.85289)	(-0.0106371, 0.00117589)
322498f1025a569812be6e3fe4f63ff7	-7.351282175000004	-0.007131342573299999	0.37140001775258363	0.004308036901067805	(-8.0801, -6.70448)	(-0.0149153, 0.00108218)
d75b7080930e7a77ef3de8c6154895b9	-3.919475514999998	-0.010130791511145015	0.494716257138003	0.005826937251296731	(-4.93256, -3.04128)	(-0.0216587, 0.000591182)
9bf0d2dbffe7925240ea811d2a4cd625	-8.43879715499999	-0.006807102363454986	0.2572338950625596	0.0030696700217034793	(-8.91342, -7.96958)	(-0.0124715, -0.00119561)
a167e4d4418792dcaba877443ed0e66d	-8.307684250000007	-0.0034124709793700047	0.4390761407443325	0.005074047602206615	(-9.15385, -7.52849)	(-0.0129135, 0.00611546)
ac0202d177961ffb380b6859272bde53	-7.309835005000009	-0.008664122338800002	0.40104389984950534	0.004669396161039155	(-8.02727, -6.51226)	(-0.0177752, -0.000148104)
e3ab3e4772986724760dbd52b7af55f7	-8.525033715000005	0.004198533297185008	0.2871350436474948	0.0033356617257614303	(-9.02674, -7.97897)	(-0.00222866, 0.0103252)
481e48328fe7a9837c7233de8f60fc23	-9.272362525	0.0011643616738949997	0.32285345617783673	0.0037926838609066995	(-9.89302, -8.68965)	(-0.00553269, 0.00857935)
be17b29b03ed02bed133932284568d16	-6.314136399999991	-0.0022033252998630007	0.22125293649902136	0.0025939201126136693	(-6.72481, -5.91007)	(-0.0070124, 0.00248998)
5f9d6c173705f19cd3a1e5145c52789a	-8.861061565000012	-0.0004002489624149998	0.4603797901769807	0.005426877392408052	(-9.66716, -7.93489)	(-0.0114949, 0.00887209)
1ef782a559e3e0a4ab42516e0a2c828f	-9.917915814999983	0.015476055314999983	0.41689885014861366	0.004844959023509761	(-10.6878, -9.16049)	(0.00615122, 0.0239232)
97f56e68f535e44ceb53d05f269e82d6	-6.614207085000006	-0.002290191601490001	0.1622615386749206	0.001904245145600447	(-6.93315, -6.3278)	(-0.00580245, 0.00131719)
3f38509af22157cdcb4006457529d25e	-7.5353666900000045	-0.016487717912500012	0.4054150321636383	0.004781120280653082	(-8.33909, -6.83911)	(-0.0249391, -0.00732788)
ccee9fc92f4182805278384a02a4d7d3	-9.709555090000004	-0.0001906770037800003	0.32422091681505044	0.003792116028136937	(-10.3317, -9.10508)	(-0.00776203, 0.0067042)
b3bf877149e7a31ad9a7397a3ca8b011	-9.125313769999979	-0.002511509992579993	0.36079032081984563	0.004201829082092308	(-9.84307, -8.48902)	(-0.0100678, 0.00569143)
33852dc244bb69590e8e756a83bb2f4c	-8.947208005000006	-0.0070336760053000165	0.33302949447079	0.003917151798146181	(-9.60655, -8.36451)	(-0.01413, 0.000502376)
8f5959f21dc9ce9a281656f8d699ec07	-6.1181368699999945	-0.009031301637699997	0.2856036691282225	0.0033329483671329474	(-6.61775, -5.56538)	(-0.0150537, -0.00263016)
2086666afdd5de098b04a94247040c11	-7.515233545000012	-0.00461387601345	0.3393779669719043	0.003966911463342232	(-8.16579, -6.88558)	(-0.0115035, 0.00365465)
96169c3701e79f42346c41eb7b5bf2af	-8.817893065000016	-0.007795188004285017	0.33771981955202973	0.003998362597476225	(-9.44639, -8.17741)	(-0.015005, 0.000239755)
d05c86b5bfc092d8677507fb1eae8d66	-4.959052835000008	-0.008608669753300022	0.38333685170475423	0.0044763964555972115	(-5.61411, -4.15941)	(-0.0173666, -0.00053486)
25dd2ae928b2e5e1ac2e28dbe2112991	-6.00089636999999	-0.004146515439350002	0.16661712418092886	0.0019512507415965444	(-6.33225, -5.69551)	(-0.00768547, -0.000400739)
cebcb0fe524fb1cf0bfb5463ae228bed	-8.620586764999999	-0.0022622210938799993	0.3212631407497361	0.0037591445169801864	(-9.19087, -8.02005)	(-0.00956818, 0.00438551)
90104f2fbcc925a6619e805c7a625c57	-9.026182635000023	0.005593664324819995	0.4059483323455171	0.00476152666068343	(-9.82772, -8.32379)	(-0.00279089, 0.0151405)
4c2189b6b5ced3cb80093414e9449de9	-6.13540581	0.0022736259575249964	0.15305111622442968	0.001789831595504046	(-6.42585, -5.8414)	(-0.000805646, 0.00598182)
c4e57b91cc2be5a2232b3612abdf4c0c	-7.735416584999988	-0.0042864605095100025	0.49155988741026047	0.005698121153258801	(-8.70572, -6.89856)	(-0.0142784, 0.00707006)
1600415004247da005dd77bd44c633d9	-8.174611535000013	0.002019203015223496	0.1882599249245408	0.002197415443975475	(-8.50748, -7.83453)	(-0.0017209, 0.00620667)
3b092a59cd0e2d57483420cc994ec49c	-5.968380479999999	0.0033770650588650034	0.27891997940819846	0.003275089984174011	(-6.49254, -5.46825)	(-0.00250646, 0.00967608)
2c5c5d710e1b9229efa72f98ca7b4e71	-8.446324670000013	-0.004662329916654996	0.47893605926375066	0.005651744407295939	(-9.37234, -7.60672)	(-0.0144026, 0.00642715)
db093685d2f3295cfa4da0a44d3d9ad0	-7.455768769999996	-0.007287785206638504	0.29249391299527416	0.003435235343452311	(-8.05449, -6.96302)	(-0.0132038, -0.000518923)
63a2de21003c952fd04b694d8444e66f	-6.696049215000014	-0.0050121430568049906	0.31963104538957643	0.003745107167913264	(-7.26686, -6.07707)	(-0.0121635, 0.00180159)
59196a586276f0be745d0e334fc071c6	-3.5229481099999975	0.0015702039760099999	0.11596179491982651	0.0013418134803420963	(-3.74072, -3.30038)	(-0.00102474, 0.0040006)
8507091bac6b1be88f3d360d6d535d0e	-8.140977159999993	0.0009679044703504998	0.2129459937076403	0.0024721334285245857	(-8.56958, -7.74583)	(-0.00346866, 0.00606276)
8f649d1053a0ead08b37f8e06fbb2818	-8.175195860000011	-0.0025125985835399976	0.24327553597158175	0.002865616180990767	(-8.65923, -7.74406)	(-0.00795986, 0.00287708)
8a70333f85e6869971ef357eceadf3ef	-8.544359965000002	0.006152513860024982	0.29651117956368683	0.0035009129936432407	(-9.08277, -7.98489)	(-0.000201228, 0.0127039)
8e0da29b36fbc3879561566e87f11ea7	-9.30459828000001	0.00672039957424498	0.3742129145404279	0.00438968205243968	(-10.0401, -8.65139)	(-0.00119138, 0.0152168)
5093cebf67405c910fb68525ffa6dc3d	-9.887729810000016	-0.0032100357590350024	0.3204953778622459	0.003779214909870297	(-10.4865, -9.28235)	(-0.010414, 0.00378806)
bde648dc2bd51d522327b0bb99e98340	-10.230367810000018	0.00605185096200001	0.2768861830207568	0.0032525540960307497	(-10.738, -9.70833)	(0.000255092, 0.0122166)
8720f9ecd2331ce68e2896df1bf2d977	-3.9231193449999977	0.003026144824254992	0.19729364314650627	0.002313903322758498	(-4.25464, -3.51211)	(-0.00118019, 0.00743956)
3af2ddaf4af4b5ae4100439a9c3d4099	-8.54399039999999	-0.004958030249959997	0.2696004488190625	0.0031398392838089878	(-9.04683, -8.00442)	(-0.0107718, 0.0012245)
de24ab68045830f7ea823f771a1f7dd3	-6.793600324999986	0.005148572874840003	0.258899335289499	0.003017587449979866	(-7.30594, -6.31629)	(-0.00117802, 0.0103036)
aec9d6920c8746590e4dff84ba121b90	-8.419819344999992	0.006018712701482012	0.27226791565573966	0.0031943326389809873	(-8.881, -7.88962)	(4.36043e-05, 0.0117269)
192522c9b7c41f7a761f8a2ba792268a	-6.9049594899999995	0.0010469407726755	0.26488087598699905	0.003106470417876744	(-7.39876, -6.45188)	(-0.00420229, 0.0070885)
458157e555a80f9ba01d9da37ef787eb	-4.529499065000004	-0.005653239812790008	0.35021062104007605	0.004114707151708586	(-5.22322, -3.9222)	(-0.0125997, 0.00238611)
3017f87a3b0f5200ed54eca17eef3cbb	-8.419631854999992	-0.0033687469872189938	0.33109289260464225	0.003844269840862772	(-8.95134, -7.68959)	(-0.0104109, 0.00399737)
c5e3c5422835403541b0af331a2cc649	-6.762464620000006	-0.022128584072999974	0.5068646932855511	0.006029900468652557	(-7.84402, -5.91397)	(-0.0331657, -0.0104806)
be7fc30c58dc772f88007fdefcf21a96	-8.114175454999998	0.0022938246543900017	0.20898355243820724	0.002455172078482913	(-8.50953, -7.73493)	(-0.00260958, 0.0064722)
3d766867c97f511431bf97e059d6498f	-5.583548290000018	-0.0017936004392999992	0.21887217796461916	0.002534836142085659	(-5.96811, -5.17221)	(-0.00652869, 0.00280764)
9099a7f671b923c7b07c12508f17270a	-7.339436404999999	-0.009335416537599998	0.2498655435303675	0.0029382776423532886	(-7.74927, -6.83046)	(-0.0150217, -0.00427554)
4973330392dab23937c67af9843e5359	-8.26402168	0.002932559814703653	0.2882839864270602	0.0033980340187173895	(-8.82671, -7.75027)	(-0.00323283, 0.00934181)
2cf53730a41137e7ad95ed3680541d80	-8.626124069999994	-0.006519742483850004	0.3915747861428704	0.004593425768580606	(-9.40906, -7.93534)	(-0.0151134, 0.0022367)
2a0968119cb66a61a416f8d924c224ac	-5.635094160000012	-0.006906504887889998	0.5073201258023324	0.005961356498671469	(-6.51943, -4.67863)	(-0.0181903, 0.00385156)
a4e2a4e1321a599651edf92f6999e78e	-7.574387954999994	0.0004281826738499998	0.5286458386168073	0.006201085826433028	(-8.50171, -6.55276)	(-0.0106664, 0.0121852)
782772ed674928794b78f5a59ee3d08c	-9.444671064999996	0.00043002972707400025	0.30722069257817836	0.003597185625540123	(-9.97858, -8.88141)	(-0.00606988, 0.00674946)
ab5c396eaf731e031c9764a05b798753	-8.545365984999997	-2.7553037434999977e-05	0.2985367634197331	0.0035091486055256467	(-9.10462, -7.95327)	(-0.00726936, 0.0061208)
04195686f2b70585790ec75320de0d6f	-5.272457089999999	-0.007273364631865002	0.39571131612140176	0.004637159113007082	(-5.97328, -4.51289)	(-0.0158721, 0.0012231)
9f4d14b114e7499772a797790d81c1db	-4.889362474999994	-0.0009937091685299998	0.14377176232843641	0.001693813728601392	(-5.17392, -4.62592)	(-0.00409115, 0.00222171)
b1f2146bef78066448576fceeb6b644b	-5.3396217550000005	0.008220143618299992	0.18794922515634366	0.0021968040805160935	(-5.70709, -4.99926)	(0.00400244, 0.0123035)
3bff9ab82e7f2a76cc22e687ac7b72fd	-7.094824275000011	0.004458231876870504	0.4609602913753788	0.005397448313925769	(-7.94134, -6.24872)	(-0.005849, 0.0143171)
c1365ec008032ee718dcafaf5ac17adb	-6.559798699999999	-0.005003735315989998	0.23109609556613026	0.0027206291625738064	(-6.99051, -6.13415)	(-0.00980879, 0.000281439)
cc968157f7691aab95df444e8cd103e2	-5.469211300000009	0.0015450472457454983	0.14408820331730848	0.0016788584293972266	(-5.72253, -5.18122)	(-0.00161573, 0.0047313)
09ee2c2d76be17c9ede2d4c57412adeb	-8.578450914999992	-0.005190072899645	0.4813737000634877	0.005691968889582368	(-9.45954, -7.67616)	(-0.016254, 0.00478968)
d9b76ee51ff2b6961430bf352cc578f2	-10.0613756	0.006793365210275008	0.3325799357404773	0.0038758768963940283	(-10.661, -9.40997)	(-4.00849e-05, 0.0142292)
d2cccbadb958c9c6547274fa10531f74	-7.730578030000011	0.007811835621000015	0.25407832302268385	0.003003671532926111	(-8.21439, -7.25257)	(0.00258266, 0.0138868)
2268b83b6cb307bfd1cd008dae1ce4b3	-7.456687680000015	0.0015519198062800027	0.36917682840221333	0.004324497131911156	(-8.09483, -6.67995)	(-0.00631542, 0.0100087)
e9ad916c93ff127ade2a8283db7603a1	-6.94773515	0.009102166353126509	0.5936004052067161	0.006932749626190521	(-8.08016, -5.85072)	(-0.00372553, 0.0224162)
624d0040eafc828499b5009791d96b85	-8.864374239999997	-0.0012863851896249986	0.24259773625720923	0.002855037869948487	(-9.26003, -8.38517)	(-0.00665983, 0.00378285)
bc5146d3526a9ef5179457a2077b1b46	-9.224489314999982	0.0010831753740090004	0.20931154015385947	0.0024408234734649608	(-9.58545, -8.8129)	(-0.00342927, 0.00556471)
7bbb537e486b770d58232a6c683a3a9f	-7.319439489999996	0.0012729726992649982	0.2073285565954191	0.002412183312526557	(-7.71514, -6.92358)	(-0.00320203, 0.00594078)
30c16856bd5bae4cd2f1182341b30ffc	-8.977080085000027	-0.0010018851809400003	0.39929798277807854	0.0046946748478729795	(-9.74576, -8.27627)	(-0.00940544, 0.0079826)
ac5402de1ddf427ab8d2b0a8a0a44f19	-3.504607459999999	-0.0014777041908820008	0.22888529481914838	0.0026724173973410033	(-3.96909, -3.08167)	(-0.00616428, 0.00402654)
d0037fe3397f56b52e971759e3f2f7a8	-8.94244141499999	0.0012467766904799963	0.44037337140652316	0.005138714179678078	(-9.80024, -8.10678)	(-0.00859088, 0.01113)
3d7f3a3956e66e4728521a97abd9f07b	-6.908572190000002	-0.0071824202023149895	0.5331896541182166	0.006231047637144916	(-7.86687, -5.92505)	(-0.0193861, 0.00359881)
3e15d94435169ddada1e508dd8b83a55	-8.050462829999994	-0.00020851809337600006	0.3187426405338498	0.0037302467146988908	(-8.65703, -7.47605)	(-0.0068686, 0.00689286)
ed1528f4822674c9e1da64b84c778e9f	-6.199580629999997	0.002917883720909999	0.3205146697567883	0.0037396362366793625	(-6.78462, -5.58526)	(-0.00415975, 0.0098756)
477734397215c70bdacce28d5685cc6e	-6.066226974999997	-0.0015906644750820014	0.5244506668637189	0.0060866354449936	(-6.98642, -5.04005)	(-0.0137975, 0.00931918)
1243750138937650754b619370565800	-5.890272544999995	-0.0027592047380650023	0.3291834742318831	0.0038440860744495212	(-6.45827, -5.26847)	(-0.0101138, 0.00392534)
997c1b9bc29e50b9096303c708bb54e8	-9.770473994999993	0.0031805198724800024	0.29110312582620945	0.0034068733061288752	(-10.3214, -9.24545)	(-0.00319015, 0.00930856)
8aff935557eab67b0baa4553b8518105	-9.211152679999998	0.0051179283770099926	0.4191293583294039	0.004912231741420323	(-10.0198, -8.45081)	(-0.00480657, 0.0137944)
39bb3fb5b2257fd2eacca408dc42c5d1	-5.695468630000009	0.003723665819999998	0.2644776336938969	0.003108130081872425	(-6.19811, -5.21292)	(-0.00183613, 0.00957837)
b9024a1f377b62508864cfea59b16a31	-7.856641865000009	0.0027049381744650007	0.21620522006827647	0.0025200994163197474	(-8.25887, -7.44466)	(-0.00196314, 0.00747533)
7ab1bc6052053650189083370055ae66	-5.72023616999999	-0.004883507280354998	0.3849020226194337	0.004512200629649945	(-6.41568, -4.9833)	(-0.012733, 0.00393145)
8183f1e3f9806994e125b1d5c6932498	-6.461947674999996	0.0005290676277149988	0.2934043066128109	0.003412062309465139	(-6.99563, -5.88931)	(-0.00555302, 0.00729642)
92f000f936d3f349c5e7719a5edc5078	-7.315559425000001	0.00013114693849249979	0.1661511101353807	0.0019475926298521886	(-7.62533, -7.02914)	(-0.00344078, 0.00368312)
6509bd0f539df985ac2f40c335cdb999	-8.654143289999991	0.0016439134128999984	0.32360832259905764	0.003796744024119816	(-9.24492, -8.0398)	(-0.00584689, 0.00837396)
c4f9ef34bd2919511069f409c25de6f1	-4.638802479999998	-0.0007434454536150016	0.37215943348765085	0.004359009855744645	(-5.28074, -3.94102)	(-0.00941162, 0.00663275)
74923f4bbde849e27fc4eda25d757e2a	-8.145330555000006	-0.003339278740464302	0.4167630144892203	0.004883599986923045	(-8.92258, -7.36276)	(-0.0130179, 0.00494444)
3edf7e19ca2ce44d4d3daa243e8725f7	-9.228485309999993	-0.004135969307782483	0.2535300704673981	0.0030075638448695177	(-9.69978, -8.77784)	(-0.0100381, 0.00108578)
ebab7cfc7858bfb00c486bba21d6ca6d	-6.115566355000012	0.005571343399294986	0.3012293229265105	0.003549556354149048	(-6.63803, -5.49902)	(-0.00129173, 0.0121404)
8937656c16c20701c107e715bad86732	-3.5854102999999977	0.004297512971854994	0.2339926468996624	0.002753820817073621	(-4.00964, -3.14195)	(-0.000968045, 0.00916983)
6a6880faba39965be0e4b7d88966d1c9	-6.2558192399999974	-0.0009772527442600005	0.3090937729754878	0.0036162001536959444	(-6.83822, -5.69295)	(-0.00784878, 0.00546163)
85c05d873041801d03eed489230b23f6	-8.176852215000013	0.000989197114157999	0.20275496561969514	0.0023701899318971337	(-8.53465, -7.78678)	(-0.00350144, 0.0052431)
6d8fe4ac153ead767024e041ff1f0ec6	-8.671360319999998	0.003911030133395002	0.4831251009815138	0.005684766667723685	(-9.57563, -7.68497)	(-0.006405, 0.0157215)
ed5952d1e022067b212146b9b3bc6812	-4.435882305000003	-0.0037082463153850034	0.4422864086393985	0.00517839275644352	(-5.25173, -3.59846)	(-0.0141337, 0.00545905)
7029eddc845e01d613a3bbc113ebeaba	-6.734120890000007	0.0027917310169619986	0.2714732519844408	0.0031781494953181185	(-7.20798, -6.21164)	(-0.00300008, 0.00904043)
41d23d8bc82f57b26b6896d5e2e947e8	-9.521875224999992	-0.00147633389123	0.3154730888380963	0.0036869908636522988	(-10.1073, -8.95166)	(-0.00824721, 0.00539158)
0021d135d4ac12982cc8abdf2b38e23f	-5.869225304999997	-0.010389067051549987	0.5990155118671863	0.007065694971600018	(-6.98034, -4.76285)	(-0.0238522, 0.00247896)
e4c0082e2ab8c9772768fc29bb86caa3	-6.75870959000001	0.0012598078099064994	0.20446035826666228	0.0023979467324193064	(-7.13037, -6.3621)	(-0.0039176, 0.00539665)
46d8ab5615f60d7b522f3590976668be	-8.93817663500001	-0.0004868487303499993	0.20599034931090038	0.0024256270194358406	(-9.3395, -8.56391)	(-0.00498726, 0.0040613)
28bb502265419a0e86626d75a1183ce7	-8.282260264999996	-0.0001498800965249997	0.49193268934375545	0.005738285312046412	(-9.19699, -7.33034)	(-0.0110375, 0.0107052)
ea3af29626a95b6c7b89d631bf1a739c	-4.865691779999992	-0.006165338375000006	0.24005362404207028	0.002805744647836039	(-5.35297, -4.47822)	(-0.0112376, -0.000964681)
94b000e59b7ac160b0416c9ab45ff0bf	-8.318715644999985	0.010059528091100002	0.5270279946816719	0.00617538370153994	(-9.2629, -7.30019)	(-0.00234014, 0.0209287)
75878b49cacdd2ffdcea1186a43be92d	-8.470038584999989	0.0050863787716900035	0.23496815624132503	0.002736707709042048	(-8.91988, -8.05837)	(-0.000290248, 0.0098774)
aea50462b44fe88301c739b72353e16f	-9.232171890000005	0.009085011178549996	0.24271939495913364	0.0028270937658230856	(-9.67899, -8.79493)	(0.00384268, 0.0141684)
2d575dfaf20c70d49b09be32a1492254	-9.366064369999997	0.006418839947250006	0.22438965358011273	0.0026520150182732217	(-9.79762, -8.96931)	(0.00164702, 0.0114533)
b955f67a541a149dd3b179dc62d37a72	-7.845604694999999	-6.182176994500008e-05	0.27678054371994243	0.003224515533891965	(-8.36406, -7.30938)	(-0.00604123, 0.00639433)
ad7bc2bb6e1ec90a9bc3c8949bce80d6	-5.9498074799999925	-0.003893049808667404	0.619626965687138	0.007272864445294215	(-7.11684, -4.83479)	(-0.0162053, 0.0105692)
8f1c11c7b732265cbfc1bb7dbd0241e7	-6.285363454999994	0.0071461475688500194	0.22437750224501776	0.002648833438898769	(-6.68573, -5.8432)	(0.00192011, 0.0119183)
1fd31ccf4d6163405f70131e32d5065a	-7.703143634999992	0.008849292341050008	0.45444558452683514	0.005321888306380696	(-8.60546, -6.90688)	(-0.000745418, 0.0190411)
5093ad88995f6fe457c7fe96bb0ed33b	-6.509109145000018	0.00595629756663	0.26964151078982435	0.003143511672157449	(-7.02946, -6.00805)	(-0.000405551, 0.0113879)
f9b52205cb2d03153fd394a290212a10	-5.649614275000001	0.004900447061460004	0.402818602643763	0.004750499331974079	(-6.43452, -4.95803)	(-0.00344507, 0.0141043)
9d4e16844252e2dfbaf80a4a6fc4d55d	-9.45114602500001	-0.0005162974045799999	0.3422325661211237	0.003993869207160743	(-10.0484, -8.80848)	(-0.00800936, 0.00658203)
148c7eb0139bbc1b8c87dd31464742e4	-5.841529950000002	0.0021148137686280008	0.2085671083387732	0.002446143349571271	(-6.24064, -5.45228)	(-0.00264162, 0.00664366)
eea6b86c0c75e740670ccc50613b1b23	-3.2666856549999976	-0.001042861698125001	0.10427714680154505	0.0012166835255982664	(-3.46641, -3.0723)	(-0.00329535, 0.00131999)
3fe55dd5e59267f275e972017302459f	-6.944709264999986	0.00824356665962999	0.5663553220857996	0.006629573060021938	(-8.0948, -5.98143)	(-0.00407851, 0.0204657)
f11bd4248a2f95e53507c5bbf8dda43a	-6.146567375000004	-0.007732263735000009	0.27360289973254914	0.003209208631064641	(-6.65503, -5.61634)	(-0.0137669, -0.00154968)
09a55cd0bdf9fa4929eab3f0ed841bf5	-8.791521264999986	-0.002071306417294597	0.29593944826678625	0.0034599825761870203	(-9.35155, -8.25646)	(-0.00848145, 0.0042816)
bfb7bb16ab570748b3a5d099e9426af1	-8.682490415000016	0.003611397576582998	0.19697490239920862	0.0022899913432025357	(-9.07924, -8.32305)	(-0.000580112, 0.00814528)
ad52a0f6646c574417ce0b13b84acfa9	-3.2946828800000003	-0.003764802030644998	0.3241093194241808	0.0037939805475585837	(-3.86842, -2.67247)	(-0.0110763, 0.00302555)
180b74e94caf35fac5e1f0f4b7ad9d9f	-6.257738830000008	-0.001626307874391498	0.14644713194470935	0.001712971322717997	(-6.51345, -5.98973)	(-0.00480687, 0.00137557)
810926a593979f3574e3bbe7defd3559	-9.336625275000005	-0.001049608176543001	0.41759263987649975	0.004926480145860613	(-10.053, -8.48451)	(-0.010515, 0.0078513)
5d62137a2d05df0be8d6b7e163a3ef08	-5.341768040000003	0.0021218521619279966	0.49708139071359164	0.0058218540853785024	(-6.37301, -4.46991)	(-0.00958347, 0.0125496)
f9765bd9332162f70268554ab318197e	-6.539232560000006	-0.004753725860950006	0.352325388109268	0.0041268568496674665	(-7.20571, -5.91452)	(-0.0125629, 0.00271662)
bc5b6cc17572b4fd6ebd80081410427e	-9.991120825000012	0.0019053842260539026	0.2683664532646909	0.0031154346267929377	(-10.4803, -9.48559)	(-0.00397998, 0.00783827)
a29679284280410db95e5cb8c0b2d73d	-8.041110620000007	-0.010179283752549975	0.31158389487073224	0.003649512757108635	(-8.58778, -7.43717)	(-0.0169083, -0.00337077)
1c86153e1b13ab5322c96f2602b73513	-4.840311274999989	-0.007564792266850017	0.5438026108524354	0.006462939113731506	(-5.83259, -3.80273)	(-0.019488, 0.00465583)
fec0355651c9ad579f01f3e332311725	-6.8916994949999975	-0.0022597829067749985	0.22087271421657081	0.0025777271109363553	(-7.28585, -6.46437)	(-0.00731355, 0.002262)
f10155af1849a17996f302d71b32398c	-8.259409335000012	0.001118599152479999	0.5939355783609094	0.007031839481448696	(-9.38097, -7.10299)	(-0.0122474, 0.0144963)
0cc26190e976fc496119a5eb4cd0fee7	-10.213428659999984	0.0022584414314984953	0.3360151891644254	0.003923675223243358	(-10.8247, -9.56316)	(-0.00532975, 0.00955695)
9c25197937d1f54e2634026fbca6b55f	-6.6135980100000005	-0.005061351577224497	0.5840032085022642	0.006868325687528845	(-7.77059, -5.50694)	(-0.0187289, 0.00784303)
40ced57decad1424c32de76ae039c050	-9.984204619999987	0.005932817254464995	0.2589115989550404	0.0029930360561077267	(-10.4894, -9.50136)	(-0.000199724, 0.0113609)
2ad31c7624bd7744a56a5ccac67ed01a	-9.007620670000007	0.004272386283649996	0.23421312669692762	0.0026986240198998883	(-9.44856, -8.56667)	(-0.000749091, 0.00931853)
41df3b4c55182503ecd97c6dbe47966a	-6.567820905000002	-0.0016278731583399962	0.20602297677912285	0.002381716244568129	(-6.96745, -6.18355)	(-0.00611369, 0.00295486)
fea3411c847e6627afb5e78b88e2e9af	-5.592231100000004	-0.0005419976342049997	0.3754326234659025	0.004438909536451292	(-6.30036, -4.89551)	(-0.00876731, 0.00786546)
8bb5ff097e0707dca3fe5860af20f4a6	-6.688815405000005	-0.0003763563327150008	0.21489166411993724	0.0025163064162176288	(-7.07407, -6.25896)	(-0.00493909, 0.00464046)
bda6b6e7da7508c68057140e7bd6cd8d	-6.1267303100000055	-0.0011811873864580008	0.257190346126568	0.002984761948214558	(-6.57758, -5.63877)	(-0.00634273, 0.0045752)
1a5526b9f7147b6893f1a034a107cc65	-9.002405820000007	-0.010453536719050026	0.3630586570918364	0.004326836017941453	(-9.62164, -8.27717)	(-0.0186148, -0.00241157)
97f26830027d30dfbd60b54895af0660	-9.204552335000008	0.0016914068619699992	0.3184666881075599	0.003680442454514499	(-9.78905, -8.5962)	(-0.00491591, 0.0087752)
d061a99148d649c4eca4836c5f4b5b68	-4.765329344999995	0.000883470462223001	0.14859735997628298	0.0017337224039555028	(-5.04251, -4.48907)	(-0.00242477, 0.00400228)
f9f5f08e8da4cc9740518223846563db	-7.546839379999998	-0.011330194270650025	0.3617317092010532	0.004257558755588445	(-8.19354, -6.84431)	(-0.0193885, -0.0032646)
40c85a458df8d5a935122ba778d4f334	-6.125455690000001	0.008128759462115012	0.46012942647892463	0.0054172374791852575	(-6.96224, -5.29814)	(-0.00134044, 0.0185266)
7ebc04cb539befd9f2e7faa131628c66	-8.384192355	0.0008139087320949982	0.30020698103409216	0.0035208589631448802	(-8.99331, -7.87421)	(-0.00535628, 0.0078598)
f7ef98bb6d0061b9368a72b1ff40aad0	-8.427303720000001	-0.0054267985267000135	0.41013369029483737	0.004802770088969943	(-9.13721, -7.63612)	(-0.0146476, 0.00283991)
362b97b08074732371b6e76cd1a894e1	-7.823145645000001	0.008738872703114997	0.6684874837256004	0.007915576233040237	(-9.20749, -6.64394)	(-0.00665714, 0.0237986)
2fad39e365933a7f925040cb3c2a5ef8	-6.497321764999993	0.004702051820820005	0.40226440954232373	0.004716414858912407	(-7.26185, -5.74575)	(-0.0035164, 0.014341)
4c855814a58f4f324e8f0cfaab222e1f	-8.859489854999984	0.00063476358915	0.5032319577616557	0.00589756556512621	(-9.7406, -7.88581)	(-0.0103798, 0.011311)
2f61368750bbc7603f01c928568e7ad3	-6.845574594999987	-0.0014752951109259988	0.185114503842989	0.0021710423431659416	(-7.19025, -6.49945)	(-0.00557362, 0.00262575)
599ba6458e91e2527f358f547ea39261	-3.7274788700000028	-0.006106618635000003	0.13020039062815097	0.0015163828604294425	(-3.94915, -3.47818)	(-0.00895092, -0.00338666)
4b548f1f6fc22f32237396b7d4ffee6e	-7.574437245000005	-0.0006965881194654996	0.17383956579921617	0.0020312421771208284	(-7.89959, -7.24195)	(-0.00464185, 0.0029328)
eb3543a838a705addef1d704eda7cad3	-7.456759655000013	-0.006924640723605007	0.5357855533971885	0.006296573504843961	(-8.44041, -6.49637)	(-0.0184732, 0.00455265)
2281740c4ae82360612b5bc7e9538337	-6.158132800000007	-0.0037103729541705047	0.33630102173151355	0.003941368461644206	(-6.79585, -5.56326)	(-0.0111871, 0.00341299)
96936173022b85940115c9ea103505bd	-7.696077240000029	-0.0052701151541099936	0.2663260408480224	0.003092069008574047	(-8.23417, -7.23158)	(-0.0108132, 0.000839339)
f45b62ab6ec22fb20364a7e05088158f	-7.385514565000008	0.001644363682640496	0.39006067359541774	0.004567009972358574	(-8.13949, -6.67503)	(-0.00670963, 0.0102608)
c16907f7272c334959e9f980842194cf	-8.782812869999981	0.008170551878450005	0.4430899684302985	0.00522138818542368	(-9.63889, -7.98736)	(-0.00136044, 0.0181276)
266c2a374ca451985731e1e1b5961bd2	-8.177872225000003	-0.002411288437604999	0.3136024774242058	0.003670111307848767	(-8.82267, -7.62174)	(-0.00890534, 0.00484389)
2ad8a4ebf774763b765f4ab5b516ff21	-9.517370304999986	0.0016174917941699962	0.3197026547685474	0.003731190990901338	(-10.0899, -8.89122)	(-0.00540072, 0.00868569)
f12011ad5219b22b6ca790103333a755	-9.076455594999999	-0.001035516593800001	0.22097422318190393	0.002590209977775927	(-9.48503, -8.67344)	(-0.00609229, 0.00352515)
b9fefd4224e459a6a0d21db63b1c0d03	-8.905747650000016	-0.00028071618274199973	0.4132208801256024	0.0048073339865575765	(-9.70584, -8.13813)	(-0.0102104, 0.00777918)
0cc2420a6a4698f8bf664d50b17d26b4	-5.434746204999986	-0.009334004790000001	0.22712386236159332	0.002662001413513271	(-5.84965, -5.00039)	(-0.0146312, -0.00462562)
33f9226b33e1f59f71edc044bb947764	-4.538144124999999	0.002702697151769994	0.40879077934872005	0.004822272672935631	(-5.33294, -3.8128)	(-0.00685548, 0.0111828)
b4ef8e75d847b17325effd2f3873cc9c	-7.5219226750000034	0.0012417542846599983	0.3829560337759342	0.004458996120379103	(-8.221, -6.83905)	(-0.00712167, 0.00917583)
8ffd2b3caa54b2922e98a0d5aab5adde	-7.270254975000005	0.0032618703942749972	0.37572712103825995	0.004376969003375698	(-7.94156, -6.56733)	(-0.00476474, 0.0111946)
42608e863ede290f764f14c074e8e4fb	-9.27724709500002	0.0032505690158700033	0.2969868894424649	0.003507630112930476	(-9.856, -8.72349)	(-0.00354373, 0.00992676)
2a8a90cd5770804a5f23f425004de7e5	-6.877713769999999	0.006794910015949991	0.5088448452859551	0.005954102135969746	(-7.76252, -5.88947)	(-0.00479897, 0.0173508)
f19fa34c0c987ab3bd8aa42d8a4d21ec	-8.820640285	-0.0013921364732854987	0.28543517574883587	0.0033432723134493	(-9.33726, -8.30734)	(-0.00766514, 0.0044416)
340a5698fe78713b785c3bcce89df73b	-7.749649129999992	-0.0093571236935	0.2897544768721323	0.003416261587447256	(-8.23565, -7.172)	(-0.016169, -0.00356703)
376917760e5aa918592416e980809536	-5.302098319999988	-0.00783722592739999	0.47502234011715433	0.005626690030772284	(-6.19554, -4.48925)	(-0.0182304, 0.00257825)
589c1370b3324a2d6cff6d1ff85341d1	-7.727792785000007	-0.00016154085938000016	0.4269155417805659	0.005044047020657173	(-8.59152, -6.97276)	(-0.00906213, 0.00966367)
e5a43b018c81cedd19e9a5354d32d469	-6.1217546000000045	-0.003604245768164999	0.37942162653641676	0.004446855728073084	(-6.82144, -5.4112)	(-0.0113474, 0.0052869)
f4dfb45b33372cdc0dc2fd20c0d0b448	-8.505163105000014	0.0035093758572499975	0.5959324062650139	0.006966735753391704	(-9.7488, -7.435)	(-0.0107409, 0.0162835)
e1b3393309a8b247e0c358c26176d13c	-7.144377435	0.005143227990650002	0.18656987940787972	0.0021758051767189757	(-7.50631, -6.80449)	(0.00087302, 0.00901706)
b47757a69204f053308f7f5f0022edab	-7.4010382700000035	-0.003706392849514999	0.3483889015050667	0.004106681809685796	(-8.04731, -6.72593)	(-0.0113064, 0.00462443)
03569e3fd843f501355f7853b0ec9361	-6.344865794999999	0.0007090578570399995	0.3158557068212758	0.0037036160785203494	(-6.91383, -5.77916)	(-0.00592585, 0.0073786)
25e04b2be57def00437d44ab461e8773	-7.830890710000003	-0.00014290407117849955	0.49995542521758496	0.0058346272366514365	(-8.78721, -6.94676)	(-0.0108802, 0.0107276)
4d04d759f5a6615dac43060726239891	-5.295785765000001	-0.00012913244347000023	0.2645517843895874	0.003080110852571657	(-5.74742, -4.73552)	(-0.00582754, 0.005753)
237135dc8b20f922cabee934f7d410a1	-6.545130284999992	-0.0005318810578199991	0.33596453121255043	0.003914296508211087	(-7.1116, -5.87426)	(-0.00785811, 0.00677148)
9dd9cefe38347b087dd318d82962cc03	-5.697350829999999	-0.0009029505810250005	0.2574339400036661	0.003035037037838778	(-6.20585, -5.25262)	(-0.00630798, 0.00493119)
c764eda12e92f19526c7e5a78a38c615	-9.375847889999994	-0.006085206309350004	0.3530193853874712	0.004147019040445084	(-10.0019, -8.67482)	(-0.0138529, 0.00162607)
6fc765c81c8b663cedcd799094894748	-8.13742439000001	-0.007034872534749993	0.3815964940094808	0.004450183059182471	(-8.78338, -7.39064)	(-0.015393, 0.00117399)
1a389bf765c8ff0f92600f684fbe7ad7	-5.766505905000001	-0.0013013514031049974	0.25112897436234044	0.002914248070267723	(-6.2295, -5.31964)	(-0.00629889, 0.00414554)
b0645cbec7653c887cb868a248d95874	-3.8591473049999943	0.0007993960931974981	0.17520882370870192	0.0020405809218467263	(-4.18458, -3.53278)	(-0.00308543, 0.00456399)
d6c46ad81c01997055a3b713c0d5ee1b	-6.2181821650000035	-0.002215615974495002	0.43931639970386127	0.005146494117345483	(-7.08028, -5.40925)	(-0.0113784, 0.0079143)
fe2a1f2b6f247658881254d63fd68b74	-5.603634910000004	-0.004984668239545003	0.4600261803895428	0.005417093109811514	(-6.50862, -4.79215)	(-0.0152026, 0.00496475)
89aabf43d24dd5bd0fd0f5aca189d341	-5.356773419999997	0.0009645748958050005	0.11512493257589165	0.0013489482899867703	(-5.56175, -5.13082)	(-0.00134994, 0.00376926)
2ae8a432208b85a14e86eb821c86ce2b	-4.917815525000003	0.007284750383400005	0.19635353021915425	0.0023152010763126747	(-5.27767, -4.55172)	(0.00274869, 0.0113506)
f596fa835cdfdb22d6494b012f61fff2	-5.8212408099999875	0.0018192205920899986	0.20963403256829236	0.0024707309618844514	(-6.24464, -5.46654)	(-0.00278382, 0.00636302)
f7895578be91c3e9c71c7b89e3e798db	-8.828206830000012	-0.000680850475125	0.49117176335264967	0.005764559674185457	(-9.70774, -7.87065)	(-0.0112893, 0.0101195)
8b40296c81e6ffbc10306d4a2ccab530	-9.597126399999988	0.0021292720401499977	0.2202217570646462	0.0025607435495214534	(-10.0305, -9.16728)	(-0.00279676, 0.00716382)
40a6b537d995aeb12b0100e2cb6ad879	-6.709141525000002	-0.004868516396345002	0.2611184910340978	0.003063111159506092	(-7.19209, -6.19914)	(-0.010786, 0.000848107)
9ac5fec396208e598ab2e2d26985d0df	-8.38461307499999	0.003019672895147504	0.15498712084200533	0.0018204141251415623	(-8.65999, -8.09669)	(-0.000370297, 0.00645946)
19cb3add28813b2bf3e1f40a000d33c2	-4.398564499999992	-0.00015930683598999986	0.2650183517410636	0.0030936564590778063	(-4.85809, -3.89844)	(-0.00577251, 0.00538721)
686d42b9552375c3b61301ae5605e3a2	-6.048979075000008	-0.005386592559494996	0.44012090097619144	0.005193178267609354	(-6.811, -5.12476)	(-0.0156455, 0.00419202)
51625f89e7332f46ab0641e10cede6ea	-6.757781454999993	-0.008252008550555022	0.43063312851350966	0.005046504614486871	(-7.53176, -5.95722)	(-0.0174553, 0.00110866)
ddd87ec4b9d332c2d8c02f5d1b08dbb4	-8.145631569999987	0.008197870982500006	0.18745309710280877	0.0021872627357609194	(-8.46784, -7.78869)	(0.00418951, 0.0122165)
588a23811b3e98af68f4f0fb24a0daa8	-4.792924524999994	-0.00826250517860001	0.29719118157538654	0.0034919967190622536	(-5.3557, -4.24492)	(-0.0147106, -0.0016075)
7c82a2ef7685c5c6dc3080f56033cee9	-8.264064565	-0.007928944348490011	0.41449118816497277	0.004910534916557383	(-9.00901, -7.46111)	(-0.0173713, 0.000873312)
b835514e2678e3c7ba13bfe0a0d79bb4	-8.632446755	0.0011055994967999986	0.3691745453619736	0.00432275710664638	(-9.34943, -7.92468)	(-0.00686305, 0.00969545)
c162a4f3943238810eba8a25f0563cca	-5.069177119999995	-0.0024900843438700037	0.19480917282434512	0.0022896110700961264	(-5.43013, -4.70227)	(-0.00678504, 0.00164437)
5b00db3216a94bcd5c4842499bf6bf6e	-7.715722799999983	-0.002905017772112494	0.24580223006710086	0.0029046300873385262	(-8.20118, -7.30112)	(-0.00807245, 0.00270311)
beef5a54aaee13f217ecede427cb3071	-7.275824480000009	-0.004113997939235001	0.4374384377242464	0.00513461999681243	(-8.0645, -6.42018)	(-0.0144092, 0.00466776)
f7686a74ca2d3729eb66305e8a26309b	-3.339919510000005	-0.004760689396999995	0.11424564100113364	0.0013409427013147558	(-3.55251, -3.12913)	(-0.00725784, -0.00230184)
5ca5ea401c8d3569e69626d2f81d5578	-5.986173034999995	8.669985390500011e-05	0.5259066735410751	0.006171594392101837	(-6.96534, -4.97422)	(-0.012141, 0.0114451)
b6d740387526e21887b761f90fbc914a	-8.871562355000002	0.004964110159120009	0.4279753565538605	0.0049742302237876694	(-9.65933, -8.04391)	(-0.00439402, 0.0144781)
5e69d50b5a886d1b222f36de84a9dc98	-8.445261920000025	-0.009464555271277496	0.38959273651880827	0.004620964110399133	(-9.15781, -7.74908)	(-0.018168, -0.000849629)
208c8722c4dd18b60b2b2684272ff26c	-7.987579824999988	-0.004855415054199996	0.48228916393530913	0.005656612846741114	(-8.80639, -6.98249)	(-0.0158327, 0.00548704)
95fb1be2ae50b6d347649ea76c2a1874	-8.889748614999984	-0.0015146472417064988	0.3232685326084673	0.0038000543794006318	(-9.48144, -8.26587)	(-0.00910352, 0.00508438)
ea2b0e4a93c24c6c3661cbe347f93b74	-4.1694434099999995	-0.002481652150715004	0.1623517260045975	0.0018998383754449226	(-4.48622, -3.88141)	(-0.00598028, 0.00103286)
04b5dd98584b9ead93ed64c586994296	-8.157114074999983	0.004965826458650003	0.2619180798346011	0.003067991727606516	(-8.67188, -7.69421)	(-0.00103832, 0.0103881)
ec6c9ea52e88226c339487585ea02f42	-4.984447745000009	-0.006192354574745004	0.3011243179423825	0.0035292701694445198	(-5.51812, -4.40677)	(-0.012919, 1.0671e-05)
4ce0afbaae4138f34580aa9f62b7a0fd	-8.24970100999999	-0.002191200065810003	0.3742951518165572	0.004400575969111963	(-8.92494, -7.4864)	(-0.0106537, 0.00578555)
f655279fdb3e9fe733677c83df662486	-8.96442226999999	0.004123574491699996	0.2526101322256236	0.002950077230846311	(-9.39608, -8.47647)	(-0.0012346, 0.0096277)
