Feature	Intercept_mean	CV_vegetables_fg_eaten_mean	Intercept_std	CV_vegetables_fg_eaten_std	Intercept_hdi	CV_vegetables_fg_eaten_hdi
7e9ed2c841e64976eace4b578ff56a26	-4.369082454999991	-0.009402638129349996	0.3762066035873414	0.0056256128924779105	(-5.09472, -3.71086)	(-0.0194054, 0.00105377)
a6099802840e60febef8e896967b7747	-6.892906225000005	-0.0006724398477900004	0.11882037191323451	0.0017619596341091582	(-7.11225, -6.6848)	(-0.00390839, 0.00254557)
904ad13c7b8512200836d5cd9fb09e1b	-9.239848040000018	0.004790060259399998	0.3129609178189162	0.004657968243395351	(-9.80615, -8.6328)	(-0.00403904, 0.0132443)
1aab913302590e21a7be28b1494a3320	-9.301960589999986	0.002959076222905	0.1662666525980239	0.0024414323975031535	(-9.61336, -9.00501)	(-0.00157638, 0.00749463)
e644522cf6d7222c9da7f9ecf614cd89	-8.709493465000003	-0.0007793674628069989	0.24874593188380742	0.0036794227076611076	(-9.20259, -8.25026)	(-0.00830636, 0.00581443)
bad4f7c5ada34a1f813946abcfe5c556	-4.3664623350000005	-0.005213405786579993	0.11399864759986306	0.0017122635994737182	(-4.58608, -4.15079)	(-0.00840598, -0.00190343)
399bcf0feb12a20ca0731d8d65268dae	-6.6354687150000045	0.005320844313159982	0.2352613348723051	0.0035269197695454043	(-7.07653, -6.22264)	(-0.00137652, 0.0117082)
32f7e6bfc42fe19c17f9459bd9be4b67	-7.278512085000001	0.0016233254325449988	0.23190209796183983	0.003494791861862691	(-7.69672, -6.83398)	(-0.00472461, 0.00822505)
c942f59feffce9c3ab527135de234101	-5.915134185000005	0.010438088970000021	0.15858302620373876	0.0023838486906993966	(-6.24215, -5.63932)	(0.00594162, 0.0149278)
29bb5fa7f45e47bbabab8cc1b1b3d18e	-9.76541693499999	0.014884878779350005	0.4683960931949108	0.007059616753966361	(-10.6071, -8.91027)	(0.00167199, 0.0274357)
7b2ff5940de11da4dc3bb208805dff11	-8.787739875	0.00599489897980001	0.15980230327700048	0.00236320777467661	(-9.0948, -8.49005)	(0.00172087, 0.0104426)
6c7fa77831ae630967a6fbfc8ee47901	-3.573938250000003	0.0017999223546350022	0.10125086507056381	0.001509043198164452	(-3.74903, -3.38013)	(-0.00108157, 0.00439998)
6c83fec6e8d03fad51eabc871853c991	-7.679671040000001	-0.011097813047699991	0.2943842868150714	0.004430406574608663	(-8.20345, -7.11332)	(-0.0190196, -0.00264816)
23597fea41001255f06321d42aefd3bd	-8.05802964	-0.005420102631900001	0.1824603166619263	0.0027166574100100814	(-8.42677, -7.7212)	(-0.0104027, -0.000208749)
ee02d6d3506da57909d5e603709a295f	-6.942701025000004	0.002750874439763502	0.13093805538535921	0.001960331496669945	(-7.18391, -6.70032)	(-0.000663571, 0.00656289)
e6a34eb113dba66df0b8bbec907a8f5d	-5.776931745000009	0.004221470203199999	0.154049335088487	0.002331313345872851	(-6.07324, -5.50237)	(-0.00015037, 0.00853855)
6c4de756c45fa6e7e5adfe196f9f0039	-5.258032209999986	-0.002924570240325	0.3555191179510824	0.005349760498803186	(-5.91795, -4.59291)	(-0.0128514, 0.00716052)
60c57911662a9159dfdd0fc05d975a55	-4.337847505000002	0.0011977225953049991	0.14068549745167405	0.002105953872854374	(-4.59209, -4.06824)	(-0.00250038, 0.00535404)
1986030e3c5cd5df6d869054bc96e536	-7.0115441850000115	-0.012143169373499978	0.25664663343425287	0.003889943563905096	(-7.49294, -6.52949)	(-0.019865, -0.00498341)
ea3433f2c148c6fae4cc2e9ae197f5b8	-5.1291153849999995	-0.0014900583120399978	0.18480820281619478	0.0027534182016156817	(-5.5026, -4.82074)	(-0.00665993, 0.00367016)
059c8f8bb468064b134ea6d3661761ea	-4.896360620000012	-0.00017497357159000022	0.18908777078149608	0.0028387776049830678	(-5.24994, -4.54737)	(-0.0049791, 0.00563141)
8a9f7499cdb85b8efa497bb56256cb43	-6.175110369999987	-0.0037390904147999965	0.11723878093388343	0.0017383047122568715	(-6.38979, -5.96752)	(-0.00686956, -0.000450393)
8dccd839cf4868a3343e411c063932a6	-8.964681095000003	-0.0031420297490250024	0.2437812388871445	0.003633681856853173	(-9.4289, -8.52106)	(-0.00976003, 0.0040835)
f402919ff0fe53fec5b6ef190f9e42b7	-6.930260519999996	-0.00041477842875500007	0.14349824911137282	0.0021322176972207872	(-7.2018, -6.67211)	(-0.00440149, 0.00338918)
f9382b37fc2cfd3cf606824a235802de	-9.19343198499999	-0.009122410749450015	0.23198927657266769	0.003489092516389308	(-9.60516, -8.74354)	(-0.0158279, -0.00281228)
1664c7d0b9dec6e07df8542c0c4049c7	-8.272944535000013	-0.0032991616793599963	0.20355146916341285	0.003048323898804422	(-8.63799, -7.8822)	(-0.00881476, 0.00241419)
3e5f388f7ad4f160c2a1cdd1441d00c0	-6.5258385999999975	-0.0002596139189050003	0.14338670624168753	0.002137056957267005	(-6.81243, -6.27121)	(-0.00435033, 0.00365729)
f5706d9ec821f971e4c08ee992995b40	-7.715073374999997	-0.0029974449671499983	0.25609639914016596	0.003798782670343494	(-8.19543, -7.24204)	(-0.00984202, 0.0043139)
138eb7703e1255cf29760a4440de2a47	-8.238640040000009	-0.005820346478274995	0.20469813605550582	0.0030323115243752153	(-8.6477, -7.90121)	(-0.0119632, -0.000651693)
56c3d1a8e4dc5c2aa7afbc1563559448	-7.074402469999999	-0.006436180798214995	0.43407934079704735	0.006509394635028584	(-7.91254, -6.30529)	(-0.0173298, 0.00690869)
de61860db8d93da85692dffb5cf32ab9	-4.599853730000001	-0.007758379266029985	0.33499919365483133	0.0050442342896530904	(-5.16494, -3.89058)	(-0.017242, 0.00191377)
5c02713fbed5c1964b4410d9f8166555	-6.1838379199999975	0.0014350309238774994	0.137999356734637	0.0020431443639262973	(-6.45019, -5.93577)	(-0.00236779, 0.00518965)
12bb0c9249480c4cec2cc9f692018806	-8.318686165000006	-0.0009955538446549993	0.15897496931228755	0.0023717674179760447	(-8.61449, -8.03466)	(-0.00512647, 0.00356178)
b10627ff6db16c65eed2f21380dd700f	-5.864480759999995	-0.004010477913925005	0.35365585091105506	0.0053216376487328805	(-6.51434, -5.20918)	(-0.0138075, 0.00590226)
3f5f0d10bd5495e2c89d229c508dcdec	-7.132384735000004	0.001334724293959498	0.2654920315889532	0.003971426770959245	(-7.58881, -6.63085)	(-0.00572078, 0.00858301)
de6891b6f7a1f35bd9ccbc058b9e1a77	-6.615717744999997	0.000658946578395	0.09545151269395878	0.0014233553659258554	(-6.79842, -6.45448)	(-0.00202672, 0.00323154)
828c563319c7cee475b9b8ab6a0a048b	-7.114126710000004	-0.004971353263590003	0.14158210317577546	0.0021164068088420237	(-7.38634, -6.87357)	(-0.00865364, -0.000807251)
6a129e8ae637c96e7bb56223913911f7	-5.877175690000008	-0.001922060596485498	0.18742884005382937	0.0028032947089074805	(-6.22133, -5.52706)	(-0.00689823, 0.00362778)
1527fd8b14037f53b8edb26b111e1f72	-6.022081455000004	0.0032904151011240545	0.15572031739831826	0.002319901625565104	(-6.3416, -5.74759)	(-0.00139555, 0.00745354)
b3d06445a910a9a444919e41f5da39c3	-10.675035000000012	0.010778214596949998	0.2526000719605995	0.0036927433917238114	(-11.1369, -10.2068)	(0.00426479, 0.0178303)
992072d045462445dc239b35300af2cc	-3.972302080000004	0.0025029693738550037	0.38421513640677074	0.005755410819742961	(-4.72683, -3.26977)	(-0.00875477, 0.0134306)
2403a466dd6d1e4f551d80394c2aa994	-6.922762159999992	-0.0007590540288999996	0.45312146199858416	0.006802452288875513	(-7.73338, -6.04274)	(-0.0124559, 0.0131261)
cae14798faeabb8e1b8840e712839921	-6.815262810000001	-0.006156222812475491	0.22545354442612792	0.003351287013426534	(-7.22178, -6.36164)	(-0.0123719, 0.0001393)
4311a44a7d56ce4086afad3e75bedd6e	-8.375117724999999	0.0036870819939446046	0.1909234251349855	0.002828942992534482	(-8.70954, -8.00482)	(-0.00167872, 0.00895879)
ab153c3e19553cead3d76fb9e00684c2	-6.590691619999997	-0.005009500278719999	0.30803491652599296	0.004582940185553469	(-7.15846, -5.98625)	(-0.0134761, 0.00365688)
fc1856f132cd513b1251fa39ad4ccd01	-8.31712225000002	0.0036680918128049983	0.1189341240453617	0.001774029093660469	(-8.53366, -8.08551)	(0.000366938, 0.0069158)
8ef31508d9a2fc6f83935de5607a686c	-7.0493148599999875	-0.004038053428699996	0.4105780910362611	0.00617844094780456	(-7.7897, -6.29468)	(-0.0158198, 0.00666309)
21ce8465657612a85e2f89e74d285ce1	-10.119475684999975	-0.0005053137693675001	0.23974794347299574	0.0036017223562155912	(-10.5363, -9.65348)	(-0.00703696, 0.00632911)
69d052e452e79d571cba042af265d50c	-4.393960394999999	-0.011489084503990006	0.33470699015974253	0.0049650380559206125	(-5.02194, -3.78569)	(-0.0201529, -0.00193809)
79d5bee84cddbb27acb4dd7df378c789	-6.600037610000006	-0.01124664611000001	0.24430900190493984	0.0035986225410572126	(-7.02892, -6.12864)	(-0.0178243, -0.0047356)
0f0a1f8c92368be6e8d3145bd4e94cd1	-5.392595499999999	0.0030262898303150027	0.2027907713451231	0.002968355406952249	(-5.76848, -5.01021)	(-0.00232571, 0.0085655)
64d05989cb6f8053633b2127793200b3	-7.927462164999995	0.007459485529650008	0.16349094566294098	0.002400167929123008	(-8.2261, -7.60317)	(0.00315578, 0.0121904)
bac3d8ea4685e825ef8d12b2a6979577	-7.732208230000023	0.004213752269859992	0.3928299809628427	0.005901079107978254	(-8.44737, -6.98936)	(-0.00752313, 0.0147787)
a8d23fd98a311df2db65e5842634aba3	-6.992423175000008	-0.0040126493532000014	0.1363327586622869	0.002038245763071774	(-7.24672, -6.73749)	(-0.00788311, -0.000281479)
41239266f2952a56a313fc4798f28a1c	-6.6179378050000075	-0.0033559541695200026	0.18539834503288294	0.0028116776295520813	(-6.98225, -6.30106)	(-0.00818565, 0.00219624)
2b982979f2401a8bc447d7141879e9b2	-4.042821545000001	0.0026613695576299975	0.08685267260000115	0.0012956727854592483	(-4.20693, -3.88299)	(0.000128757, 0.00489512)
251429848560a80abcb96640ceb102db	-5.493950480000004	0.0019365789320299942	0.18505512782430417	0.0027834142577444626	(-5.82996, -5.1487)	(-0.00284175, 0.00735715)
7b34b797cadb639f63827c6d332dd4e9	-8.50652275999999	0.004812812975964998	0.17481467953888316	0.0025968471561043384	(-8.82584, -8.16133)	(-0.000566972, 0.0094045)
2a99ec1157a90661db7ff643b82f1914	-6.233788155000003	-0.0027010355984650016	0.31990043125501716	0.004596268893395638	(-6.79719, -5.58667)	(-0.0113013, 0.00591798)
2a7f11895ae7fe9fdffa52016207c561	-6.296750590000017	0.004663023441105002	0.1949713191932391	0.002931867101007301	(-6.67908, -5.9594)	(-0.00108371, 0.0098216)
0cfd41d10227f0de9092d5cda028c12d	-8.796735610000011	0.0031115122560600086	0.20797154042471272	0.0030824817106291924	(-9.17013, -8.37682)	(-0.00302075, 0.00892123)
a9387e76477da8688775569cf540191b	-5.829671365000005	-0.003638836582370001	0.2880989256104349	0.004326527504651344	(-6.38305, -5.31523)	(-0.0115393, 0.00429365)
bb769f42c78f86faa2801cb2c2abb8dc	-8.057883070000015	-0.008867378861050003	0.2520957207173004	0.0037433306028217673	(-8.58314, -7.61945)	(-0.0155169, -0.00151111)
68ee181a51a55ca3814763c9214cfd8a	-7.939846980000001	-0.011729516463549984	0.2224646704874274	0.003324915052681199	(-8.37967, -7.55296)	(-0.0178017, -0.00555405)
88956ab21ebb7e44b2dd317dd412818a	-8.427570565	-0.0009672707650539996	0.2566992340807245	0.0038636926639221696	(-8.8786, -7.93202)	(-0.00756913, 0.00674102)
ca9dec36ad0aa5a1473144ddcb74951d	-5.181350984999993	0.00021248090998550006	0.14387656571582405	0.0021326086635937774	(-5.42836, -4.89144)	(-0.00393369, 0.00400977)
ae171d16e3cb68ad19636a58839a1ef1	-8.831093239999998	-0.001901916744070499	0.35635881404197384	0.0052962921831374975	(-9.57303, -8.21592)	(-0.0118018, 0.00793513)
77f4d90aa6eb8080927f59ee8bbac375	-8.905494259999976	-0.0041732650428599905	0.1707470500991229	0.002583401025957388	(-9.25974, -8.62212)	(-0.00873914, 0.000799885)
a7b427a226422d10e62536b8d41e02fe	-7.897023055000023	-0.0038799336804150007	0.3967492910969308	0.005968652320405774	(-8.63229, -7.14841)	(-0.0150678, 0.00732347)
2480f3aa1e7784b461d9b5b83a6bfc81	-8.677864940000001	0.011137901282149984	0.2288434622299626	0.003278714789526477	(-9.11743, -8.27995)	(0.00493209, 0.0172706)
9000b563231e32a7003bf2ef20bf9a60	-7.42516499	-3.0007559879999834e-05	0.15932781828921114	0.002355714305043973	(-7.71547, -7.12111)	(-0.00453726, 0.00446062)
a186bb74dfce512f83043f7b366c60c4	-6.730412810000018	0.006017890639059991	0.4903174274923376	0.0074330014119736824	(-7.65718, -5.78671)	(-0.0077845, 0.0206744)
aad2c8fbb5e1201340fe4357731fc9ee	-8.474335195000005	0.007380512160450008	0.32659739032601254	0.0048798306558819025	(-9.08746, -7.8609)	(-0.00135772, 0.0169824)
490d2aec117bd7289577684ba3cc1b64	-6.049506300000012	-0.01277781192199998	0.3032067267423494	0.004501222355370334	(-6.59041, -5.44454)	(-0.0218853, -0.00469563)
457d3865cf0a4bc602a07d8d5324388f	-9.045691370000018	0.006203692046949997	0.3137479916643659	0.004665137584238181	(-9.61637, -8.45529)	(-0.00252487, 0.0146707)
552e00cb506f739acaf08aa5641f9d84	-5.993605000000003	-0.01049852384003002	0.19923156733836134	0.002983944683370326	(-6.36584, -5.62504)	(-0.0158327, -0.00477444)
9dc78fd8f2f7cb10e190e77af61c7ecd	-7.854843385000007	-0.004646822639740008	0.1487066748279706	0.0022461711599704045	(-8.13664, -7.58221)	(-0.00900542, -0.000655428)
a3607a88a8ed64e24a374847b23e404f	-6.5106684950000036	0.0010265973838679992	0.17722696834845705	0.0026821899538080427	(-6.83786, -6.16355)	(-0.00397255, 0.00599012)
5bb151262388870fd53a84ea6f1ffdf2	-9.01129813000001	-0.006534852035630005	0.3180178175610655	0.0047507586855979785	(-9.61413, -8.42852)	(-0.0159633, 0.00153593)
f7962a90f4519ec1d1a9c7b8ef7bf396	-8.66593171	-0.006152418250499994	0.22350447323996872	0.0033606341694143354	(-9.09459, -8.25124)	(-0.0131513, -0.00047737)
77ad88eed91eef009bf64f101c96baa6	-5.905314684999996	0.010690794647150018	0.3429185355016564	0.005092491692539796	(-6.54688, -5.2854)	(0.0013615, 0.0205329)
08be83d0a527ddd1da0861135192e593	-8.458689299999989	-0.0009950408297249996	0.3224055937914386	0.004738993307061716	(-9.03031, -7.78206)	(-0.010502, 0.00742826)
b61862b15d33865612e76c1db7b995a1	-8.585193374999998	-0.0063537070687	0.18567658770846518	0.002804708564285786	(-8.93403, -8.2434)	(-0.0115066, -0.00110267)
14f11556b1fc9132c5ab27b67a2479bf	-9.079147235000018	-0.0017538010610209966	0.23408850238660747	0.003542658317098629	(-9.49473, -8.60822)	(-0.00796782, 0.00515714)
514b34f09e4acd2397d38273c630d338	-9.085829069999992	0.00864625730746	0.3653233260736785	0.0054833444016488524	(-9.77632, -8.44893)	(-0.00177021, 0.0186491)
ba88d4e4e6a24ecc2a5aab6bdfbb77f5	-7.761717405000009	-0.0006313206607015002	0.1542654681577054	0.002315597320065458	(-8.06175, -7.48945)	(-0.00504133, 0.00349078)
1c94105978b1aa2095e3c0096774f240	-8.469300819999996	0.003968347710145	0.21452730689268365	0.003178204993691104	(-8.8574, -8.07994)	(-0.00163346, 0.0100785)
27b636c66fa117272ed27920bad78969	-8.27721937000001	-0.001866694611994998	0.26667093173048134	0.003965397500644494	(-8.74651, -7.74241)	(-0.00982769, 0.00519327)
7201d53bd647437ec3de879774eba498	-6.776200649999997	0.0010351123231510002	0.32393109847231016	0.004783248394487666	(-7.37314, -6.11947)	(-0.00881511, 0.00931215)
f8529e2e737999b4a7d06420482d4af3	-7.956647275000024	-0.008347403275664982	0.37876990564289065	0.005694986036046885	(-8.65273, -7.27111)	(-0.018481, 0.0026024)
959d48a11e3b26c9268f0bd1dae6ec40	-3.8748706000000053	-0.005448358312199993	0.11171399299613285	0.0016729308502245693	(-4.07147, -3.6679)	(-0.0085059, -0.00235767)
bd0f4e14387ee1ac7e5fe586cadbbed4	-9.018076285000001	0.0020564900041350038	0.1412761345647196	0.002104149455396521	(-9.28934, -8.76733)	(-0.00195087, 0.00584839)
66047b69a772cae3e37186eb74254da7	-8.368951084999994	-0.007641567990849999	0.29965971990638435	0.004531013613767622	(-8.93016, -7.83368)	(-0.0160048, 0.000287425)
4207ad1746e5fbce9c5ed5efe1e357d9	-7.410112869999993	0.00031578644772500033	0.1556431885700853	0.002312166720535735	(-7.70061, -7.10626)	(-0.00405639, 0.00464464)
30207d209491dfb7de83344e77fd6fbd	-6.063539769999998	-0.003910248032949999	0.1627263443107695	0.002436513812363056	(-6.40214, -5.77666)	(-0.00920257, 0.000362786)
3e93fd55a231bb99b67a666bad8446a8	-8.514623264999988	0.003922302082655004	0.16451872986772592	0.002471272305315775	(-8.82521, -8.21229)	(-0.000720461, 0.00848298)
d39f37b814ebd81091a949f8bd9d1710	-6.215631600000012	-0.00037256650524999967	0.23937547033612294	0.003601159860926952	(-6.6543, -5.77306)	(-0.0072055, 0.00586325)
706b0d627a9ba61b18e6b7b39622ac1f	-9.307767014999989	0.0047660402690250046	0.28886755850344253	0.004304861599693008	(-9.8911, -8.82164)	(-0.00302818, 0.0128454)
32382a0f5831da5faee464d011b5616c	-6.429707155000004	0.007945232728479997	0.43367965449217943	0.006511063513219246	(-7.27315, -5.64052)	(-0.00361168, 0.0209282)
fcd575ef43a2ae77d9b7c10639e80fd8	-9.88144886000001	0.0009195556113350003	0.2733422985845781	0.004062350852318558	(-10.3724, -9.36323)	(-0.00624929, 0.00846071)
fdb1c35a8dab336d65ed22d796e71e4b	-6.434476939999996	-0.004510183413379999	0.4594383339266938	0.006910780891266272	(-7.29495, -5.61247)	(-0.0172331, 0.00782599)
25def15fb42bed6855ede4893d27a21d	-5.2073065800000045	-0.0011998069192200003	0.2725169089089768	0.004017579417686411	(-5.7724, -4.72067)	(-0.00959804, 0.00566842)
2a13ecb6c618ddf8154298c69336dd8e	-8.739105704999997	0.0030525838150199987	0.34357658547200665	0.0051545754594057155	(-9.36046, -8.12389)	(-0.00612573, 0.0124937)
9ad89cc951aa3031c19c59c95e401614	-10.16113700500001	0.007741488475250504	0.23859636623968114	0.0035094691206371317	(-10.6022, -9.69441)	(0.00126741, 0.0145242)
55d4d3011e1f3bb8e4e5089b801b61a4	-9.187552579999998	-0.003603648597499999	0.2578491383511752	0.0038807203906684076	(-9.7002, -8.73118)	(-0.0116396, 0.00293371)
4ed55370307d6700d110b6d3f1196136	-7.044007304999994	-0.00972456804690001	0.4195130010324913	0.006344115321273122	(-7.8181, -6.23417)	(-0.0224484, 0.00139979)
154c25181234441402124e02c204074c	-9.660840124999998	0.0026868835266049967	0.2752255904833969	0.004068449104133768	(-10.2074, -9.18484)	(-0.00425998, 0.0104537)
370829fece3190f1a8efccf50b7d0921	-8.308418410000005	0.009869499809999998	0.19663152831901579	0.0029441642799568914	(-8.66387, -7.91623)	(0.00417544, 0.0153574)
b1a153ff5a21342991138e7f7dd2658e	-6.180131105000008	-0.008055270382500004	0.28966440411660666	0.004231905603167885	(-6.75194, -5.66798)	(-0.0162798, -0.00051262)
e39b1ae9776ee98190c8cb02bc9de792	-9.239949504999997	0.0007663815957549989	0.2433436783826631	0.003616866376932833	(-9.7036, -8.80032)	(-0.00591367, 0.00774405)
e71461ffe18aa4dc3b1f7ba4a1011cff	-7.159938080000004	-0.004781295311699992	0.20383107693654945	0.0030075613567941335	(-7.53074, -6.76803)	(-0.0104492, 0.000854877)
90c2b51afe404951ec89bd52c7ae1f58	-8.765889914999994	-0.0034317362576649995	0.3012111878781111	0.004517589339251722	(-9.3632, -8.20066)	(-0.0120156, 0.00533173)
c5af8314e36eaed98fc88f181f539e8f	-7.212258049999995	-0.0014021461828250435	0.17058507160826686	0.0025919054859932233	(-7.54689, -6.90589)	(-0.00611705, 0.00352122)
10cd502b01abafc87e2ecbad86389286	-6.275521184999997	0.0028533170366595033	0.132745850531931	0.001986728084968538	(-6.53317, -6.05241)	(-0.000614202, 0.00664699)
433cf7e272a09b91cc85082a1338b8e1	-7.501104665000005	-0.0035572615893899994	0.13104688283048851	0.0019717646713112162	(-7.73937, -7.25141)	(-0.00721843, 6.64818e-06)
877f27b47c85f6b2d3cf8a6aa86def40	-5.095983835000004	-0.003960672904069995	0.21183556388728228	0.003143614776247874	(-5.46848, -4.6796)	(-0.0101829, 0.0015214)
9ed241a051fe72047261df3b7e08b675	-7.055009699999996	0.0003841954444400003	0.1622545775662738	0.0024395053577859994	(-7.35598, -6.7775)	(-0.00404255, 0.00485944)
04c8be5a3a6ba2d70446812e99318905	-6.503186379999989	0.007899463646999989	0.16144135813321064	0.0023933637379193688	(-6.8313, -6.20869)	(0.00302661, 0.0123746)
e0b7bd623a1b4cd1640883066e8d96bd	-9.140233110000002	-0.006333873140799991	0.2613951519143535	0.0039386755502153524	(-9.64654, -8.68867)	(-0.0135822, 0.00113582)
6a17479edbe461431433bddb084f731e	-6.119678595000011	-0.005354119750289997	0.21417972498132481	0.003191937933752994	(-6.56643, -5.76119)	(-0.0110593, 0.000820588)
35513c8de34a49ef37dde85737e6aef9	-7.81443577999999	0.001059669241450001	0.2953261781562749	0.004408867377412378	(-8.36007, -7.26562)	(-0.00740608, 0.00881985)
69536042153447ceb692aa53159ce0c2	-7.722164099999993	0.006147527865300001	0.1357516289596187	0.0020487100009982913	(-7.95297, -7.4615)	(0.00260313, 0.0100603)
0f92fcc184a951ff8b0914467ad2f8f9	-7.0333892499999955	0.0008507851525764989	0.15633143944625302	0.0023228239133794115	(-7.30802, -6.7095)	(-0.00359805, 0.00533449)
e9d9bafcf863ec0908ce4e20e6386ff9	-9.061970850000007	-0.006632948695700014	0.20820487263793203	0.0031564339508882724	(-9.41471, -8.65155)	(-0.0126353, -0.00109979)
979578981da3916b394bf24c32bace21	-6.56616447999999	-0.0036063516404650033	0.2635605577144077	0.0039041496222276765	(-7.03229, -6.06184)	(-0.0104764, 0.00384365)
5860dac317300b1fe6094e958240cc7f	-7.248319475000004	-0.006158005137000002	0.15191142309541567	0.002274047463918072	(-7.53431, -6.97143)	(-0.0103563, -0.00195844)
3a1461e8439091ad6b93af0ddb3849eb	-7.076283385000011	0.00022427289580499992	0.30351469684875504	0.0044780118818328685	(-7.66089, -6.54204)	(-0.00749527, 0.00874477)
d32627161d829a1488c2a047669cb29f	-6.1062579100000125	-0.0017925552278299985	0.4099635959104565	0.006102432648546925	(-6.88877, -5.30465)	(-0.0130265, 0.00994069)
e2c3ff4f647112723741aa72087f1bfa	-3.674952714999998	0.005787909064969991	0.15778367024055048	0.002352420054646155	(-3.94768, -3.36068)	(0.00157835, 0.0104974)
426bd7119a31b73ef734771a071a216c	-5.326714245000006	-0.007875825341149991	0.20613470569127862	0.0031198171865435506	(-5.70761, -4.9445)	(-0.0133553, -0.00160784)
aed0d8840bb7da5eacd80c6f9a1f91ed	-9.746410795000006	0.0005735951077665008	0.2344542814700085	0.0035085931434506675	(-10.1739, -9.32112)	(-0.00630312, 0.00663446)
0b05a2e48cdc5f9e766bb0f4c209d4b4	-9.267305065000004	0.007571734295499995	0.145052004461489	0.0021286903439650577	(-9.51851, -8.98046)	(0.00355823, 0.0115521)
31c0a0bcf172474d82c69979df243e78	-6.087721109999993	-0.0005754194738769999	0.13484863538526415	0.0020163087463462384	(-6.33307, -5.83393)	(-0.00439906, 0.00310715)
f9b9b7db378357774e672fe5ba242b12	-9.625989264999983	-0.004629325617129996	0.22746715550098612	0.003437784206402481	(-10.0398, -9.21773)	(-0.0103584, 0.00225149)
95f975f50235610bca818dcc9d97f7d6	-8.64614679500001	-0.0025869524760680053	0.3498194551297538	0.00522757133324247	(-9.36609, -8.04178)	(-0.012718, 0.00702035)
ecaa9f4e15a28f212d9bd60f749191ab	-6.706698880000017	-0.010319998610000033	0.17831135000707507	0.0026626666429944755	(-7.03848, -6.38589)	(-0.0153112, -0.00553246)
a6fa2de5f4576d1d77b1616786e3dd52	-8.838140269999991	0.0011290130006099974	0.13526366740639229	0.0020111668423832742	(-9.09365, -8.59315)	(-0.00268967, 0.00478454)
1fa555f9a74d47a6ca7a65a347bc885f	-5.471688480000004	-0.007399348100500016	0.15165739010806434	0.002247621368969194	(-5.74669, -5.19292)	(-0.0115856, -0.00320651)
149e7d5e484d157f2ac6140a2111618e	-4.198022264999998	-0.00019788625008549998	0.1527575688521514	0.002248173860679585	(-4.50636, -3.93144)	(-0.00420822, 0.00397895)
605c54065160b61d47c4d5f87ffbe6bb	-8.756127165	-0.00302701516615	0.2651570917613041	0.004014345754105558	(-9.24438, -8.26157)	(-0.0106153, 0.004228)
5034598009be77942a505e7c9978b06b	-7.737569510000011	-0.005486623981949999	0.18312408110693656	0.0027707420280024715	(-8.06149, -7.37341)	(-0.010633, -0.000360965)
8526f1f5fd2dcff7e7a73db743c829d2	-6.415924849999997	-0.0003594258945150001	0.20824557244195502	0.003103578682882612	(-6.77432, -6.01762)	(-0.00569038, 0.0055861)
24ef07664cfa04a819d7797a89e653b6	-9.714459904999993	0.002901214665539999	0.258566784764287	0.0038560125344087146	(-10.1949, -9.22401)	(-0.0041543, 0.0103131)
03fdbec0c9b63a05ae79f92c6d3a4cfc	-6.737419020000007	-0.005936900568899995	0.2666191094965617	0.003871572979256379	(-7.2172, -6.23886)	(-0.0131614, 0.00113021)
aa3e2d76e864d7909b51110e211ef36c	-8.237927040000004	-0.008935264769250014	0.29383417021653274	0.004388081851338535	(-8.72587, -7.62483)	(-0.0166655, -0.000623338)
7efeb75fc542932a033b37b887994dc8	-9.573339865000007	0.019390688830000006	0.3633086249662012	0.005465074178691951	(-10.2485, -8.88699)	(0.00978165, 0.0302974)
2371e52106292ac4c33aec6f57cace35	-8.010423155000007	0.005105665841654992	0.1974978633190648	0.0029392710635536123	(-8.36976, -7.63761)	(-0.000368594, 0.010708)
913d55d109820d0f3fad120be103c64f	-7.432336235000003	-0.015498873729499991	0.25683891541562565	0.0038950220955523674	(-7.92201, -6.97286)	(-0.0228152, -0.00807459)
c82032c40c98975f71892e4be561c87a	-7.529375894999998	0.007458542489999996	0.13651765401111665	0.0020160735906727474	(-7.79118, -7.27435)	(0.00372787, 0.0113641)
ac9166cff57e7ff3581eaf798edc726c	-6.981773470000005	-0.003195610109725003	0.41045167405062294	0.006243269560713067	(-7.7732, -6.24173)	(-0.0140263, 0.00968791)
949af2c28ba6c0345ae58b9aed00a2c0	-7.438560914999988	-0.001065132504100001	0.3096755628460416	0.004576977632953229	(-7.99994, -6.83304)	(-0.00923142, 0.00811014)
8a261f382a739bbc5f9494b2c64c2744	-5.1108399	-0.002044495639105501	0.12372027745115179	0.0018647866772112645	(-5.33056, -4.86867)	(-0.00568502, 0.00134239)
e91f1c5b67ffecb5ca3ca3b393a50f00	-3.9906782749999943	-0.010329389680000014	0.20691333586183935	0.003050845581448627	(-4.35814, -3.54896)	(-0.0166594, -0.00494402)
99b02f389bd0b7abad0d4d8affb09e22	-9.978330520000004	0.0036325844887750047	0.25313342386522075	0.0036975410729929345	(-10.4557, -9.51412)	(-0.00332536, 0.01073)
d3d99580d90cca486a23372a474e9571	-8.651105219999987	-0.004560843037899996	0.21849116194128218	0.0032576935281088855	(-9.05092, -8.23715)	(-0.0107033, 0.00147897)
7076b69bea6fb40b94f8b32fd85fdb46	-9.22139755500002	-0.009598121198900014	0.24127259025295833	0.003662181319384993	(-9.69417, -8.79427)	(-0.0162504, -0.00261678)
e82ab12c51a893c6d7938a16632199a8	-7.038069144999997	-0.00828998010485001	0.2944721109900206	0.004298398595370729	(-7.52912, -6.42386)	(-0.0159635, -4.24075e-05)
2ae945b550c248752a5b463c9aca1a6a	-9.235290770000011	-0.0037599171091129966	0.28527538014961445	0.004308990466371901	(-9.78958, -8.70995)	(-0.011891, 0.00450375)
b423592b0ae631882095792b27729b9c	-7.907520784999984	-0.014307070649999988	0.24749350496353187	0.003635693263021909	(-8.36616, -7.45024)	(-0.0208129, -0.00728914)
3f1ed51e954b35a8108c12dd882b696b	-7.383749824999991	0.004908856736024996	0.2300504283571743	0.0034575912642766785	(-7.84282, -6.98374)	(-0.000937083, 0.0120865)
1fb601d8edb6994ffb112ad1a34828d5	-8.735240799999998	-0.006723859871315004	0.2516639242532787	0.003825230674947109	(-9.15286, -8.21591)	(-0.0137481, 0.000156698)
9f74473636e6874853d88dfcbcecff49	-7.043081470000005	0.006429989446325015	0.2031115277305528	0.003010489523222473	(-7.41109, -6.66429)	(0.000622158, 0.0118328)
4c731267e801c2afe253b5cbb58bdd24	-4.9497522200000015	0.004365619077700002	0.11363264877081589	0.0017135369653421112	(-5.15277, -4.74021)	(0.00129107, 0.00761189)
14387daaf0161dd3c971efd0f8806ffd	-8.06160824499999	0.0010071642587480007	0.18219792156682244	0.002730395518932502	(-8.3961, -7.72586)	(-0.00441095, 0.00578464)
c97220e6c4063a029dec2f8160977f83	-6.7048507050000055	-0.004565548828785001	0.21043757182226963	0.0031345529763512113	(-7.12526, -6.33436)	(-0.0108752, 0.00109048)
8a20667bca2eaf2a0687995af876a84c	-6.005782410000005	-0.009937576791359988	0.43365353933260065	0.0066243484270590335	(-6.77171, -5.18325)	(-0.0219838, 0.00231395)
131d3b899e72f19fcae1b0f9f8f3a009	-5.63333952	0.002430694389050002	0.5340376080755638	0.008169256726896456	(-6.66835, -4.68721)	(-0.0127277, 0.0174129)
c0c365b5a32a28b8d2602de07c5d0b06	-7.645711704999979	0.00022887881672000002	0.36102043065613737	0.00540803969486352	(-8.32008, -6.98991)	(-0.00980475, 0.00990953)
a650f349bbdffb95b3624519d1ba72b8	-5.244053404999995	0.004220656346349999	0.1457294225156883	0.0021876068676033797	(-5.49342, -4.92835)	(0.000281274, 0.00826427)
0f6da5f59be656db2dadef7bf2d1a2e6	-7.817041145000008	-0.011522014769999995	0.19946458514442847	0.0030238963921194353	(-8.1703, -7.44338)	(-0.0166741, -0.00567569)
e84bea8ae61342674744560dd7de4721	-6.7985958900000005	0.0001250211604600001	0.3041858786148823	0.004529163436557581	(-7.4092, -6.24871)	(-0.00835629, 0.00854142)
010f0ac2691bc0be12d0633d4b5d2cc4	-4.623079720000009	0.0006134458466500002	0.15578305179775362	0.0022995612966449815	(-4.91263, -4.32133)	(-0.00364545, 0.00494403)
c8fce068920feb387167d44c01689295	-5.894289070000001	-0.007297601791250003	0.25697810513336544	0.0038654614919548798	(-6.35458, -5.3948)	(-0.0144069, -0.000126812)
86deb5cf8d6f29d383136e0d09863b69	-10.358966169999995	0.005549750788950004	0.2693684873082429	0.003980715240971429	(-10.842, -9.82326)	(-0.00190498, 0.0128788)
79db4c4f494c95856ce31b42f267c4c4	-8.045302949999982	0.0011263401412384987	0.3876742516046141	0.005795111521949894	(-8.74095, -7.29597)	(-0.00963125, 0.0118232)
dde2f514908a4fcaa80827346c7b7a19	-7.985873329999997	0.0004814848618650003	0.16916604363349957	0.0025338792443554536	(-8.30681, -7.68064)	(-0.00425744, 0.00509647)
7dfa96abfa7484bb6c9cfa90dc9b606f	-5.295289050000005	-0.00748321279804999	0.1867352621558057	0.0027802241929595897	(-5.64605, -4.95357)	(-0.0126311, -0.00224155)
25f9cac7332bfbe3973f03bae0ee15cc	-8.504987354999994	-0.016025058555000016	0.2417423469710137	0.0037048201904343165	(-8.93839, -8.05486)	(-0.0228718, -0.00890488)
447b9d6a5c17543a456c597e65b37139	-4.274083014999989	-0.0016292750402400003	0.09848417473919238	0.0014678220298651298	(-4.4577, -4.09267)	(-0.00426073, 0.00128425)
ccce7fe8aa849bed027f6898300e0c45	-7.9435319399999935	-0.010365478539300012	0.24233012718384075	0.0036594887712162595	(-8.40755, -7.51452)	(-0.016851, -0.00320875)
363c1c39d58bce4fc3218659d0944258	-6.4483806500000025	0.0026538927158699984	0.17228452916317677	0.0025684840779831414	(-6.76723, -6.12554)	(-0.00224473, 0.00726105)
7be9bac1b13acbd8acf0de464d7c20e6	-8.398131270000002	0.0077347450080999984	0.19013115677733386	0.002825189885184008	(-8.78321, -8.06192)	(0.00226838, 0.0128945)
2ab8310e1e510f8045c7f4d191fa36be	-8.896755975000001	-0.0026700877540600057	0.3128450089206306	0.004593570988336995	(-9.47602, -8.32807)	(-0.0123656, 0.0051996)
a66dd8d31584930c2b0f811f572dddcf	-7.03091745000002	0.003163573689435	0.24803430454091918	0.0036584899890515785	(-7.48958, -6.56206)	(-0.00362543, 0.0100445)
10155b2834300619ce0102110a37b057	-7.0719773700000035	0.0018523595509460035	0.11794646719670367	0.0017841912017674622	(-7.30682, -6.85971)	(-0.00176119, 0.00503569)
fca904abacabcc0591dd00b0427f9180	-10.476802730000005	0.006081429026900004	0.24659381334382058	0.003634156720444819	(-10.9009, -9.99743)	(-0.000554636, 0.0128034)
ef6752ce31dcb9e16b1155bbaa1a268d	-9.225336100000016	0.006832590816180006	0.3036011634649808	0.004568893154582274	(-9.82319, -8.6467)	(-0.00208474, 0.0152425)
a24dae6b87885a55d81df1ea6d1abaf5	-5.6781197450000045	-0.001403948433060002	0.22859308023863065	0.0034425070645125438	(-6.12169, -5.25879)	(-0.00768733, 0.00520909)
79280cea51a6fe8a3432b2f266dd34db	-3.6337456299999955	-0.00032131723255499983	0.0976869197779472	0.0014615552581983663	(-3.81455, -3.4641)	(-0.00296061, 0.00243016)
cba33b3578113908d449fc66ccb245d4	-6.139124289999996	-0.0005880981370525011	0.14567281670921292	0.0021676606928848026	(-6.44263, -5.89395)	(-0.00456045, 0.00337838)
ef1616938612ecae94c31842853cb904	-8.45864042500001	-0.00627444799309999	0.1484543316450193	0.0022442385942481324	(-8.76709, -8.20106)	(-0.0107895, -0.00226172)
a378e30f9be477f7777e409c8faea14c	-8.541357	-0.003298913868275003	0.21443609580758555	0.0032553104999960853	(-8.90631, -8.11761)	(-0.00974792, 0.00245811)
322498f1025a569812be6e3fe4f63ff7	-7.712287759999988	-0.0034977681257499886	0.25014899342968056	0.003731115047480526	(-8.22114, -7.26382)	(-0.0103907, 0.00363671)
d75b7080930e7a77ef3de8c6154895b9	-5.05553803499999	0.00487845223039501	0.4451651999713011	0.006657933507238092	(-5.93012, -4.24604)	(-0.00776999, 0.0175144)
9bf0d2dbffe7925240ea811d2a4cd625	-8.813515429999994	-0.0029357277392299975	0.17711831927052332	0.002665679613742913	(-9.11847, -8.46915)	(-0.00750493, 0.00216175)
a167e4d4418792dcaba877443ed0e66d	-8.510887095000001	-0.0012515759265949995	0.34572380133773134	0.0051538669605866155	(-9.14321, -7.82705)	(-0.0112958, 0.00824707)
ac0202d177961ffb380b6859272bde53	-7.846414664999988	-0.0027269319649099984	0.2829557250563906	0.004182517703065669	(-8.38234, -7.32895)	(-0.010453, 0.0051985)
e3ab3e4772986724760dbd52b7af55f7	-8.485505539999988	0.004796272485990008	0.21259992812865305	0.0031481715076395775	(-8.85341, -8.07924)	(-0.000925937, 0.0108997)
481e48328fe7a9837c7233de8f60fc23	-9.671279430000002	0.007570984236099991	0.2550222379751913	0.0037694026995803527	(-10.1072, -9.16183)	(0.000513056, 0.014544)
be17b29b03ed02bed133932284568d16	-6.150207309999997	-0.005510340518100002	0.15930979655301772	0.0023956468116488197	(-6.44956, -5.85123)	(-0.0100724, -0.00107361)
5f9d6c173705f19cd3a1e5145c52789a	-8.341759449999996	-0.008989330525150002	0.28832895349426385	0.004294699863519984	(-8.88438, -7.805)	(-0.0165255, -0.000472253)
1ef782a559e3e0a4ab42516e0a2c828f	-8.804064159999992	0.0034645909670049956	0.2960014707667757	0.004376959054076833	(-9.33277, -8.19856)	(-0.00553743, 0.0111361)
97f56e68f535e44ceb53d05f269e82d6	-6.6013972000000045	-0.0031985347411099974	0.12825087261363954	0.0019192631947857494	(-6.82037, -6.34583)	(-0.00666888, 0.000541895)
3f38509af22157cdcb4006457529d25e	-9.328316139999998	0.007019072508877001	0.2858076908701027	0.004168855026929526	(-9.83537, -8.77629)	(-9.67407e-05, 0.0156163)
ccee9fc92f4182805278384a02a4d7d3	-10.058109314999992	0.005170819989354991	0.21547974795298205	0.003216921724408373	(-10.4459, -9.63957)	(-0.000457705, 0.0114693)
b3bf877149e7a31ad9a7397a3ca8b011	-9.26198655000001	-0.001096565006400001	0.3175896840852952	0.004748011188046816	(-9.89804, -8.69093)	(-0.0104005, 0.00767522)
33852dc244bb69590e8e756a83bb2f4c	-9.894402275000017	0.005714556060575002	0.23546151695186712	0.003499684435291703	(-10.3043, -9.4334)	(-0.00094566, 0.0123938)
8f5959f21dc9ce9a281656f8d699ec07	-6.492571905000008	-0.005822997742949998	0.18878196372858547	0.00277641182926451	(-6.87204, -6.17598)	(-0.0107154, -0.000517372)
2086666afdd5de098b04a94247040c11	-7.546780165000005	-0.0055745190465000035	0.237042417825002	0.0034830919336774385	(-7.97767, -7.09057)	(-0.0117425, 0.00123882)
96169c3701e79f42346c41eb7b5bf2af	-9.04901807000001	-0.00660508846198417	0.22281176375020037	0.0033187903273567206	(-9.47724, -8.64655)	(-0.0125363, 8.70315e-05)
d05c86b5bfc092d8677507fb1eae8d66	-5.746599179999993	0.001309134427069999	0.21526252982446234	0.003157647328101322	(-6.15282, -5.3551)	(-0.00471979, 0.00715176)
25dd2ae928b2e5e1ac2e28dbe2112991	-6.250515594999996	-0.0013972431424749982	0.13470495232004623	0.0020265190829491437	(-6.48365, -5.9839)	(-0.00540974, 0.00222111)
cebcb0fe524fb1cf0bfb5463ae228bed	-8.090639014999999	-0.011580438641099998	0.24879826895294066	0.0037358503113796163	(-8.54825, -7.6354)	(-0.017976, -0.0042451)
90104f2fbcc925a6619e805c7a625c57	-8.08489014	-0.007517653051550004	0.2576066082465285	0.0038499735157303894	(-8.6259, -7.66429)	(-0.0146859, -0.000425726)
4c2189b6b5ced3cb80093414e9449de9	-5.707252320000007	-0.0037896724499250005	0.1288773362465938	0.0019338268534304945	(-5.94823, -5.47363)	(-0.00737254, -0.0002194)
c4e57b91cc2be5a2232b3612abdf4c0c	-8.901633804999989	0.01225385344749997	0.3576794561310053	0.0053328484722413175	(-9.51975, -8.20026)	(0.00282412, 0.0223799)
1600415004247da005dd77bd44c633d9	-7.864034840000001	-0.0022304903737060027	0.14261180795493192	0.0021323226105611614	(-8.13591, -7.59604)	(-0.00661499, 0.00139671)
3b092a59cd0e2d57483420cc994ec49c	-5.57447350999999	-0.001754048172989503	0.2149882557417498	0.0032147286895747107	(-5.96248, -5.14)	(-0.0077026, 0.0043826)
2c5c5d710e1b9229efa72f98ca7b4e71	-8.577011984999999	-0.004072218556149996	0.3453412206428735	0.005176747293919219	(-9.23497, -7.93366)	(-0.0136405, 0.0057085)
db093685d2f3295cfa4da0a44d3d9ad0	-7.842473620000004	-0.0033444705521977086	0.19090058848860478	0.002870829748076562	(-8.17628, -7.48102)	(-0.00840563, 0.00227214)
63a2de21003c952fd04b694d8444e66f	-7.554392645000007	0.006776315270550008	0.24928166640038715	0.00371680116827717	(-7.98729, -7.08331)	(-0.000312714, 0.0133596)
59196a586276f0be745d0e334fc071c6	-3.388277255000008	-3.8469693950000064e-05	0.08591228372540781	0.001284150695143583	(-3.54234, -3.21933)	(-0.00251977, 0.00225287)
8507091bac6b1be88f3d360d6d535d0e	-7.721591859999982	-0.005371429627820003	0.14452347033350793	0.0021719979857916663	(-7.98543, -7.45992)	(-0.00921513, -0.00132112)
8f649d1053a0ead08b37f8e06fbb2818	-8.423282294999993	0.0006314695587000009	0.18794982532868434	0.002853172508169405	(-8.76961, -8.07919)	(-0.00449788, 0.00606741)
8a70333f85e6869971ef357eceadf3ef	-8.072710314999991	0.0007434269534149996	0.22512055445416534	0.0033966147890256704	(-8.55724, -7.67781)	(-0.0054393, 0.00743719)
8e0da29b36fbc3879561566e87f11ea7	-8.466830365000002	-0.004267098043844999	0.27365018451851403	0.004105730305360428	(-9.00204, -7.96677)	(-0.0114787, 0.00387484)
5093cebf67405c910fb68525ffa6dc3d	-10.292602030000001	0.002148839562074997	0.24424165520500216	0.003596731083314473	(-10.7405, -9.81111)	(-0.00459733, 0.00898321)
bde648dc2bd51d522327b0bb99e98340	-10.154624669999993	0.006643014540800005	0.2040117775271592	0.0029950607628597024	(-10.5292, -9.79006)	(0.000974842, 0.0121405)
8720f9ecd2331ce68e2896df1bf2d977	-4.114265974999998	0.0068154189698500026	0.15815275332775405	0.002355124953668224	(-4.38625, -3.78798)	(0.00276597, 0.0116545)
3af2ddaf4af4b5ae4100439a9c3d4099	-9.522761630000005	0.008637853277050004	0.20656793667300605	0.0030423378825195696	(-9.90831, -9.14699)	(0.00312054, 0.014396)
de24ab68045830f7ea823f771a1f7dd3	-6.794000654999995	0.006595887464149983	0.19545117639891812	0.0029376999394846027	(-7.1314, -6.41777)	(0.00122796, 0.0120086)
aec9d6920c8746590e4dff84ba121b90	-8.082470529999993	0.0026539934476499994	0.1885365758427767	0.0027622479176048044	(-8.40328, -7.71515)	(-0.00227757, 0.00782728)
192522c9b7c41f7a761f8a2ba792268a	-6.817761824999999	9.246878588500003e-05	0.1979341709736329	0.0029693033621666356	(-7.19103, -6.44411)	(-0.0057249, 0.00553673)
458157e555a80f9ba01d9da37ef787eb	-4.647499175000004	-0.005470112497240009	0.2534248431844623	0.0037677877029978104	(-5.11068, -4.16921)	(-0.012188, 0.00169835)
3017f87a3b0f5200ed54eca17eef3cbb	-8.628450800000001	-0.0010737492069499985	0.251372617432687	0.0037454637596943336	(-9.10763, -8.17771)	(-0.00804542, 0.00574059)
c5e3c5422835403541b0af331a2cc649	-10.066862144999995	0.022122099014999962	0.35553924320129404	0.005247603786322334	(-10.6965, -9.39509)	(0.0118258, 0.0316744)
be7fc30c58dc772f88007fdefcf21a96	-7.896556329999999	-0.0003795160666894997	0.1638399172382332	0.0024650647620231216	(-8.23348, -7.62018)	(-0.00483728, 0.00428656)
3d766867c97f511431bf97e059d6498f	-5.901451449999995	0.002591406830838448	0.16611432260222941	0.00251022281862327	(-6.2095, -5.59303)	(-0.00200819, 0.00739915)
9099a7f671b923c7b07c12508f17270a	-8.83807758499999	0.011239404425000007	0.2186309875457224	0.003306587956103899	(-9.2426, -8.41135)	(0.00475889, 0.0171164)
4973330392dab23937c67af9843e5359	-7.437823975000006	-0.009245094295000016	0.22214377869895283	0.003371000338911403	(-7.82446, -7.00097)	(-0.015855, -0.00320225)
2cf53730a41137e7ad95ed3680541d80	-8.979885059999994	-0.0029099110962349985	0.2890313149781462	0.004344988844277311	(-9.49106, -8.43179)	(-0.0106435, 0.00523293)
2a0968119cb66a61a416f8d924c224ac	-6.101458754999999	-0.0016033095682265	0.4114489645296246	0.006110123481960557	(-6.88435, -5.32018)	(-0.0130789, 0.010193)
a4e2a4e1321a599651edf92f6999e78e	-7.076505764999989	-0.007386402651402001	0.38890236025719205	0.0058217338468832085	(-7.7697, -6.34253)	(-0.0174374, 0.00392612)
782772ed674928794b78f5a59ee3d08c	-9.339411250000007	-0.0010943897737449987	0.21818867001344855	0.0032715757635463846	(-9.71941, -8.90301)	(-0.00729988, 0.00475007)
ab5c396eaf731e031c9764a05b798753	-8.079440155	-0.007485181587199987	0.23883150935089395	0.00359254502536658	(-8.55158, -7.65615)	(-0.0143797, -0.00109858)
04195686f2b70585790ec75320de0d6f	-5.83159272500001	-0.0005762916438100008	0.29317476342162263	0.0044396082172263405	(-6.35654, -5.28661)	(-0.00892871, 0.00758956)
9f4d14b114e7499772a797790d81c1db	-4.821138624999999	-0.0023869810583199962	0.10202706803127976	0.0015247562071004056	(-5.01011, -4.62622)	(-0.00527973, 0.000455419)
b1f2146bef78066448576fceeb6b644b	-5.126445319999998	0.00741801036150002	0.14603137734232888	0.002172705018932584	(-5.38993, -4.84914)	(0.00342713, 0.0113887)
3bff9ab82e7f2a76cc22e687ac7b72fd	-6.118849334999995	-0.009589635962135013	0.3427568639536014	0.005184895580541095	(-6.81524, -5.52069)	(-0.0194793, -0.000170373)
c1365ec008032ee718dcafaf5ac17adb	-6.828176180000016	-0.0022648975246250015	0.13159229831721775	0.0019344699046609437	(-7.0645, -6.57767)	(-0.0060323, 0.00120261)
cc968157f7691aab95df444e8cd103e2	-5.149460839999994	-0.0030147959273900027	0.10172773159121554	0.001528070325390566	(-5.33339, -4.95604)	(-0.00584192, -0.000183518)
09ee2c2d76be17c9ede2d4c57412adeb	-8.041935350000001	-0.01565248447950001	0.33824457177163597	0.005103685922519216	(-8.64841, -7.39991)	(-0.0252662, -0.00618081)
d9b76ee51ff2b6961430bf352cc578f2	-9.877108340000001	0.005945868405917841	0.24683046964190716	0.0036944274682659487	(-10.329, -9.42933)	(-0.00119759, 0.0124979)
d2cccbadb958c9c6547274fa10531f74	-6.9115232100000075	-0.0024712930637499943	0.18467282520960104	0.0027581956037905763	(-7.28215, -6.59038)	(-0.00731128, 0.00306946)
2268b83b6cb307bfd1cd008dae1ce4b3	-7.386443395000006	0.0009209167453650001	0.3244277434289864	0.004888641242509069	(-7.9928, -6.77191)	(-0.00790743, 0.0103577)
e9ad916c93ff127ade2a8283db7603a1	-5.9309885349999965	-0.0038201596467749926	0.5055605019028919	0.007652830913365541	(-6.87894, -4.974)	(-0.0196838, 0.00961455)
624d0040eafc828499b5009791d96b85	-8.814128834999991	-0.0024670645309634925	0.18200809819206612	0.0027167955144896017	(-9.18387, -8.50216)	(-0.00718801, 0.0029806)
bc5146d3526a9ef5179457a2077b1b46	-9.104478454999978	-0.00043888734600000024	0.1633720701939686	0.0024501775955191587	(-9.38334, -8.78566)	(-0.00462535, 0.00456627)
7bbb537e486b770d58232a6c683a3a9f	-7.044903395000008	-0.0026331331575450015	0.17111275353702876	0.0025642265064074656	(-7.34125, -6.693)	(-0.00734735, 0.00221418)
30c16856bd5bae4cd2f1182341b30ffc	-8.516491229999998	-0.008755699141799987	0.2759187883026222	0.004105991284388528	(-9.08687, -8.03737)	(-0.0162037, -0.000995117)
ac5402de1ddf427ab8d2b0a8a0a44f19	-3.749636245000003	0.0018719229522830016	0.16364115920223116	0.0024879361168314855	(-4.06365, -3.455)	(-0.00238049, 0.00677599)
d0037fe3397f56b52e971759e3f2f7a8	-8.772260920000004	-0.0010032900229999986	0.30293656505653754	0.0044972435804145686	(-9.33623, -8.19493)	(-0.00943996, 0.00730378)
3d7f3a3956e66e4728521a97abd9f07b	-7.254840459999991	-0.0039010490365549984	0.4170361703655793	0.0062961177530306955	(-8.01633, -6.46547)	(-0.0155405, 0.00784715)
3e15d94435169ddada1e508dd8b83a55	-7.817591920000008	-0.0039634959083300015	0.2410180178669502	0.0035729835266892465	(-8.27332, -7.40196)	(-0.0104358, 0.00232824)
ed1528f4822674c9e1da64b84c778e9f	-5.767826104999994	-0.0029224333862700002	0.20094460054571986	0.0029810544913661348	(-6.15091, -5.42037)	(-0.00809938, 0.00301542)
477734397215c70bdacce28d5685cc6e	-5.7151294299999975	-0.007610361139874996	0.41102496567444013	0.006073847183371601	(-6.49885, -4.95057)	(-0.0190552, 0.00364652)
1243750138937650754b619370565800	-5.461614050000012	-0.010673421128499975	0.21171835487127122	0.003154975285050404	(-5.814, -5.02269)	(-0.0169655, -0.00519681)
997c1b9bc29e50b9096303c708bb54e8	-9.176094759999987	-0.005236066666984991	0.24867881138979736	0.0037560858606747478	(-9.60387, -8.67795)	(-0.0123863, 0.00179964)
8aff935557eab67b0baa4553b8518105	-8.362649155	-0.006742251707909992	0.2539741619740795	0.0038373459051605583	(-8.81698, -7.89976)	(-0.0138787, 0.000124156)
39bb3fb5b2257fd2eacca408dc42c5d1	-5.607110294999997	0.003493040158584997	0.22438829727141102	0.0033941440421526707	(-6.02111, -5.20782)	(-0.00277535, 0.00978376)
b9024a1f377b62508864cfea59b16a31	-7.12990299	-0.007972195589999993	0.16599600782898333	0.0024982770873360075	(-7.42121, -6.79749)	(-0.0126412, -0.00323814)
7ab1bc6052053650189083370055ae66	-5.647079865000016	-0.007597323766500002	0.2724709139035429	0.004065504789466923	(-6.11415, -5.13522)	(-0.015884, -0.000760125)
8183f1e3f9806994e125b1d5c6932498	-6.3848534249999895	-0.0005611336995264497	0.24282721632555784	0.0036446658289810353	(-6.78818, -5.89861)	(-0.00716807, 0.00628622)
92f000f936d3f349c5e7719a5edc5078	-7.411603790000004	0.0016932971698935004	0.1256278640630172	0.0018566417306262561	(-7.64981, -7.18011)	(-0.00154628, 0.00524951)
6509bd0f539df985ac2f40c335cdb999	-8.368096384999996	-0.002358516196484997	0.2443152443734975	0.0036859856068595324	(-8.82182, -7.91635)	(-0.00911489, 0.00459246)
c4f9ef34bd2919511069f409c25de6f1	-4.942927160000008	0.0037831617000199966	0.27003253320986054	0.003974499092217522	(-5.437, -4.42701)	(-0.00383093, 0.0108966)
74923f4bbde849e27fc4eda25d757e2a	-9.986990050000006	0.02271093106	0.33544911126085486	0.00497344041969567	(-10.5899, -9.34817)	(0.0128752, 0.0315227)
3edf7e19ca2ce44d4d3daa243e8725f7	-9.321563494999983	-0.003893580854266929	0.19265584667233684	0.0028979683186343007	(-9.65669, -8.92587)	(-0.0089033, 0.00201105)
ebab7cfc7858bfb00c486bba21d6ca6d	-4.618891185000001	-0.016817398965000004	0.21454440555243037	0.0032175011233663876	(-5.02607, -4.22305)	(-0.0224923, -0.0106661)
8937656c16c20701c107e715bad86732	-3.2380129899999974	0.00022358406946499984	0.17846259686180702	0.0026306145538744496	(-3.53941, -2.89159)	(-0.00459132, 0.00516416)
6a6880faba39965be0e4b7d88966d1c9	-6.251601194999997	-0.0013376074262040011	0.2392280794324151	0.0036262247258356233	(-6.67868, -5.80223)	(-0.00818248, 0.0053529)
85c05d873041801d03eed489230b23f6	-7.855205589999997	-0.003773051101100499	0.14726962476984812	0.0021987178232637183	(-8.11783, -7.57954)	(-0.00791972, 0.000141397)
6d8fe4ac153ead767024e041ff1f0ec6	-7.615474364999998	-0.011703810406249987	0.31716778502773074	0.004780695149883056	(-8.22201, -7.00769)	(-0.020156, -0.00221134)
ed5952d1e022067b212146b9b3bc6812	-4.517734095000009	-0.00349435513383	0.38356660341521054	0.005803187736395223	(-5.27508, -3.81563)	(-0.0146056, 0.00703296)
7029eddc845e01d613a3bbc113ebeaba	-6.138330824999989	-0.005789483841330004	0.23600832946099456	0.003519938240618659	(-6.55668, -5.69527)	(-0.0124264, 0.000385639)
41d23d8bc82f57b26b6896d5e2e947e8	-9.605184289999986	-0.0006494037865414991	0.19922474585351063	0.002956021546746263	(-9.9754, -9.26439)	(-0.00595666, 0.00480748)
0021d135d4ac12982cc8abdf2b38e23f	-7.091978750000005	0.005761832987150002	0.47275792884375645	0.007015025535411457	(-7.98284, -6.22218)	(-0.00780088, 0.0180572)
e4c0082e2ab8c9772768fc29bb86caa3	-6.326108895000003	-0.005187839063525003	0.17537531155276373	0.0026304679269914194	(-6.65476, -6.00061)	(-0.0102687, -0.000385715)
46d8ab5615f60d7b522f3590976668be	-8.744290825000009	-0.0036669357067399895	0.15742416908394147	0.0023788286848299813	(-9.0639, -8.47481)	(-0.00777975, 0.00103742)
28bb502265419a0e86626d75a1183ce7	-7.630092474999996	-0.010795189986500009	0.2893069812407302	0.004331852468306576	(-8.15341, -7.07966)	(-0.0189148, -0.0029446)
ea3af29626a95b6c7b89d631bf1a739c	-4.882494319999998	-0.007816396602499989	0.18018823930028716	0.0026984084005328224	(-5.1945, -4.53633)	(-0.0131124, -0.00313334)
94b000e59b7ac160b0416c9ab45ff0bf	-7.901347769999996	0.006777893886815005	0.3807166668613644	0.005572417551823709	(-8.55078, -7.15095)	(-0.00295796, 0.0175699)
75878b49cacdd2ffdcea1186a43be92d	-8.731646725000001	0.010476222914499973	0.20536070102121387	0.0030328051873379012	(-9.10318, -8.35851)	(0.00516467, 0.0164743)
aea50462b44fe88301c739b72353e16f	-8.185155720000012	-0.004354867614629994	0.205668822830009	0.003092955438680191	(-8.55256, -7.78552)	(-0.0103424, 0.00111971)
2d575dfaf20c70d49b09be32a1492254	-8.990355375000002	0.0025956478890945046	0.1522245283466479	0.002265845761904931	(-9.2822, -8.72553)	(-0.00180688, 0.00657519)
b955f67a541a149dd3b179dc62d37a72	-7.943094005000001	0.0014534290864199994	0.20612007708908425	0.0030777048393666566	(-8.31648, -7.54832)	(-0.0041269, 0.0071484)
ad7bc2bb6e1ec90a9bc3c8949bce80d6	-6.7744479499999954	0.007594406934590003	0.39982424127070754	0.005772006065554267	(-7.50394, -6.02888)	(-0.00245708, 0.0189923)
8f1c11c7b732265cbfc1bb7dbd0241e7	-5.643769354999997	-0.0006003799561600003	0.17510959077170496	0.0026297378430382647	(-5.9856, -5.31536)	(-0.00560053, 0.00456551)
1fd31ccf4d6163405f70131e32d5065a	-6.563545535000011	-0.0061913421407649985	0.33716792657311534	0.005114985779150436	(-7.18324, -5.94478)	(-0.015235, 0.00358469)
5093ad88995f6fe457c7fe96bb0ed33b	-6.01007329499999	-3.8272707849999805e-06	0.2037849016926745	0.0030736844611388924	(-6.33912, -5.59475)	(-0.00590677, 0.00545682)
f9b52205cb2d03153fd394a290212a10	-5.381486840000005	0.002215867687460003	0.31342009774791796	0.00465052254650867	(-5.96962, -4.81474)	(-0.00646045, 0.0108429)
9d4e16844252e2dfbaf80a4a6fc4d55d	-8.700056714999986	-0.013083461794999982	0.2189776944925187	0.0032867761793879667	(-9.09779, -8.2778)	(-0.0189099, -0.00657145)
148c7eb0139bbc1b8c87dd31464742e4	-5.4376642599999965	-0.0036020445409499953	0.15286023666621867	0.0022764290484228026	(-5.70717, -5.14548)	(-0.00779446, 0.000690308)
eea6b86c0c75e740670ccc50613b1b23	-3.489136284999996	0.0020782286083975495	0.08123481898575748	0.0012211587748860821	(-3.63682, -3.34046)	(-0.000177942, 0.00441409)
3fe55dd5e59267f275e972017302459f	-6.2321991749999945	-0.00021269536574999986	0.45769465888916533	0.006895532137708637	(-7.06759, -5.3819)	(-0.0124798, 0.0130343)
f11bd4248a2f95e53507c5bbf8dda43a	-7.4627730449999925	0.010268233931999967	0.19606501310529095	0.0029583527006200173	(-7.8271, -7.10447)	(0.00490794, 0.0157153)
09a55cd0bdf9fa4929eab3f0ed841bf5	-8.27449533999999	-0.011081796473800008	0.23224820244726177	0.003525693426412334	(-8.70816, -7.8525)	(-0.0169248, -0.00392979)
bfb7bb16ab570748b3a5d099e9426af1	-8.599921160000001	0.0033902864680825056	0.16572253744392884	0.0024854688274325893	(-8.93939, -8.29934)	(-0.00128781, 0.00803505)
ad52a0f6646c574417ce0b13b84acfa9	-3.591563474999998	-0.00027115055679999983	0.2385129554189338	0.003587635049848911	(-4.04266, -3.16278)	(-0.00705136, 0.00642803)
180b74e94caf35fac5e1f0f4b7ad9d9f	-6.291330104999989	-0.0015627443124800026	0.10259845687455037	0.0015248219855594361	(-6.48385, -6.09509)	(-0.00437834, 0.00146596)
810926a593979f3574e3bbe7defd3559	-8.955927499999996	-0.007484952901599984	0.3066496654308466	0.004674481195414429	(-9.52996, -8.4128)	(-0.0165404, 0.000749104)
5d62137a2d05df0be8d6b7e163a3ef08	-5.195939214999983	0.0004922659321049999	0.40108602119088327	0.00602401313344461	(-5.90909, -4.43826)	(-0.0105772, 0.0114553)
f9765bd9332162f70268554ab318197e	-6.808126934999995	-0.0019471021041400016	0.2607002472832654	0.003929416451890056	(-7.30738, -6.3378)	(-0.00941824, 0.0052135)
bc5b6cc17572b4fd6ebd80081410427e	-9.593838994999981	-0.0037370277587950042	0.2170020876282991	0.003288327656517519	(-9.9907, -9.18673)	(-0.00982229, 0.00229055)
a29679284280410db95e5cb8c0b2d73d	-8.917518634999972	0.0008242325219649992	0.263508268356776	0.003907793208399136	(-9.41273, -8.42859)	(-0.00686678, 0.00773222)
1c86153e1b13ab5322c96f2602b73513	-5.414777695000011	-0.0007399949506250004	0.3613885431646069	0.005333159310754269	(-6.10201, -4.754)	(-0.0110757, 0.00864813)
fec0355651c9ad579f01f3e332311725	-7.042613004999992	-0.0005909797755399979	0.16926628626344933	0.0025207758982583326	(-7.35654, -6.73601)	(-0.005191, 0.00414658)
f10155af1849a17996f302d71b32398c	-7.005735690000004	-0.01900362157000001	0.3628274705544275	0.005438228507267918	(-7.73271, -6.35592)	(-0.0293795, -0.00865507)
0cc26190e976fc496119a5eb4cd0fee7	-10.465128150000009	0.006732330990630008	0.25307320281408224	0.003738308600052745	(-10.9063, -9.96529)	(-0.00106637, 0.0131807)
9c25197937d1f54e2634026fbca6b55f	-6.27613002	-0.012203417088000008	0.46274329909000295	0.0069888815421486035	(-7.13729, -5.43388)	(-0.025033, 0.000301012)
40ced57decad1424c32de76ae039c050	-9.648395719999995	0.002543098012640002	0.20469566147303087	0.003031188138736504	(-10.0031, -9.23814)	(-0.00309957, 0.00819015)
2ad31c7624bd7744a56a5ccac67ed01a	-9.166951074999998	0.007847504895899993	0.19230291180919312	0.0028099298785718187	(-9.52612, -8.80919)	(0.00272242, 0.0130565)
41df3b4c55182503ecd97c6dbe47966a	-6.286183034999999	-0.006627197519500007	0.14893840761347898	0.002216061614971439	(-6.60013, -6.03874)	(-0.0104482, -0.00202143)
fea3411c847e6627afb5e78b88e2e9af	-6.752633574999995	0.016766088844999992	0.28822451843514174	0.004363208658300805	(-7.2912, -6.22599)	(0.0096175, 0.0258024)
8bb5ff097e0707dca3fe5860af20f4a6	-6.511205110000021	-0.003292991361926501	0.15379578338429148	0.0022942278288472155	(-6.79314, -6.2218)	(-0.00751656, 0.000963796)
bda6b6e7da7508c68057140e7bd6cd8d	-5.635307950000003	-0.009425370257500025	0.21181074506100386	0.0031690217137630683	(-6.01726, -5.21207)	(-0.0151178, -0.0033107)
1a5526b9f7147b6893f1a034a107cc65	-10.177929390000001	0.004933753587231986	0.2588892842468145	0.0038703166166352727	(-10.6314, -9.64727)	(-0.00212774, 0.0125159)
97f26830027d30dfbd60b54895af0660	-8.914479414999985	-0.002312764164050498	0.27639064648447836	0.0041658331832237615	(-9.42062, -8.39589)	(-0.01023, 0.00551153)
d061a99148d649c4eca4836c5f4b5b68	-4.76797563500001	0.0011892792146184987	0.12338893018904405	0.001856858482360276	(-5.00989, -4.54582)	(-0.00236471, 0.0045447)
f9f5f08e8da4cc9740518223846563db	-8.010178600000003	-0.0072796198857205015	0.2739504808979899	0.004119482689049711	(-8.46673, -7.45953)	(-0.0148982, 0.000415714)
40c85a458df8d5a935122ba778d4f334	-5.897917574999987	0.007052127048750004	0.3111530202673105	0.004603964552959234	(-6.49682, -5.33979)	(-0.00123777, 0.0159046)
7ebc04cb539befd9f2e7faa131628c66	-7.9102584599999926	-0.006467663206495004	0.20683945525389577	0.0031003956687235775	(-8.27807, -7.49756)	(-0.0118807, 1.64378e-05)
f7ef98bb6d0061b9368a72b1ff40aad0	-9.09304748000001	0.0034017032739199963	0.32977097007385225	0.004930537933936176	(-9.72318, -8.50463)	(-0.00548605, 0.0129063)
362b97b08074732371b6e76cd1a894e1	-6.5185459900000176	-0.009106714715985004	0.4636551890495999	0.007010160164439483	(-7.35207, -5.61808)	(-0.0216089, 0.0042279)
2fad39e365933a7f925040cb3c2a5ef8	-5.724738715000012	-0.00601252227794	0.33343520157445705	0.004960036453386723	(-6.3325, -5.07786)	(-0.0150135, 0.00345301)
4c855814a58f4f324e8f0cfaab222e1f	-9.245276459999994	0.006712531424460018	0.3217769620805202	0.004777635576872118	(-9.82862, -8.65651)	(-0.00255269, 0.01564)
2f61368750bbc7603f01c928568e7ad3	-6.588425670000002	-0.006021377110850011	0.15438835363929204	0.002287972664545462	(-6.87578, -6.29067)	(-0.0101849, -0.0015779)
599ba6458e91e2527f358f547ea39261	-4.229600135000004	2.7901272570000104e-06	0.09975026805293213	0.0014865788870284424	(-4.42626, -4.05865)	(-0.00291671, 0.00272989)
4b548f1f6fc22f32237396b7d4ffee6e	-7.868430949999991	0.003652544974314997	0.1238534395727366	0.0018479714078855276	(-8.09891, -7.63525)	(0.000120786, 0.0070302)
eb3543a838a705addef1d704eda7cad3	-8.016196159999993	-0.00018934150067	0.35141684193668693	0.005256927719933722	(-8.6556, -7.34251)	(-0.00967426, 0.00993845)
2281740c4ae82360612b5bc7e9538337	-6.233007324999999	-0.0036648852440470015	0.270448330499736	0.004010003262357593	(-6.75452, -5.74197)	(-0.0118715, 0.00381476)
96936173022b85940115c9ea103505bd	-7.527904144999995	-0.009666423706500017	0.20484126444632406	0.003048155152825953	(-7.88975, -7.10782)	(-0.0154104, -0.00389445)
f45b62ab6ec22fb20364a7e05088158f	-6.706802465000006	-0.008689891548649992	0.2533758530418275	0.0037165535941068445	(-7.21854, -6.25636)	(-0.0155966, -0.00172883)
c16907f7272c334959e9f980842194cf	-8.670232225000012	0.008799622936180002	0.32868902271508726	0.004889997204164108	(-9.27962, -8.03739)	(-0.000418529, 0.0179947)
266c2a374ca451985731e1e1b5961bd2	-7.676469054999996	-0.011323163696499976	0.24203136807603484	0.0036072647361568744	(-8.11425, -7.20953)	(-0.0180068, -0.00442447)
2ad8a4ebf774763b765f4ab5b516ff21	-9.452548065000002	0.001100792264149996	0.2757177363547835	0.004118657234654845	(-9.94499, -8.91162)	(-0.00716187, 0.00817192)
f12011ad5219b22b6ca790103333a755	-9.196645645000004	0.0005107661247049995	0.167571041795365	0.0024847190400054953	(-9.508, -8.88637)	(-0.00419484, 0.00506766)
b9fefd4224e459a6a0d21db63b1c0d03	-9.285759439999984	0.005499219743809998	0.31451767376029305	0.004650040434062721	(-9.83127, -8.66201)	(-0.00387163, 0.0134091)
0cc2420a6a4698f8bf664d50b17d26b4	-6.322470659999991	0.0020107418829499995	0.1887672941358336	0.002806618111559375	(-6.67251, -5.97956)	(-0.00304039, 0.00726549)
33f9226b33e1f59f71edc044bb947764	-4.624860679999999	0.004834181760334996	0.32248791001158134	0.0048574790003201715	(-5.20864, -3.99834)	(-0.00412239, 0.0138561)
b4ef8e75d847b17325effd2f3873cc9c	-7.6873237450000005	0.00411615674518	0.24385268016104514	0.0035596998557244634	(-8.14282, -7.20748)	(-0.00268207, 0.0107191)
8ffd2b3caa54b2922e98a0d5aab5adde	-6.200142234999998	-0.012986725346000016	0.25197430217793004	0.0038071299077960404	(-6.63928, -5.69052)	(-0.0198114, -0.00551635)
42608e863ede290f764f14c074e8e4fb	-9.012420254999997	0.00016221493774499975	0.19642403897839228	0.0029313067167139727	(-9.4025, -8.66297)	(-0.00506437, 0.0059182)
2a8a90cd5770804a5f23f425004de7e5	-6.531186299999995	0.003531036837864999	0.4870647657503156	0.007397814715803052	(-7.4204, -5.65241)	(-0.00974789, 0.0171658)
f19fa34c0c987ab3bd8aa42d8a4d21ec	-8.265241020000007	-0.010789218857999978	0.20991182698661728	0.0031580670829519614	(-8.70017, -7.88923)	(-0.0163727, -0.00466781)
340a5698fe78713b785c3bcce89df73b	-8.647127704999997	0.0020623184755099973	0.1988243491149487	0.0029325232112697467	(-9.02012, -8.27151)	(-0.00300218, 0.0080264)
376917760e5aa918592416e980809536	-5.424091384999996	-0.008358444960449999	0.312590979667411	0.0046826627574585765	(-5.9707, -4.7992)	(-0.0168844, 0.000751538)
589c1370b3324a2d6cff6d1ff85341d1	-7.770395559999989	0.00048333807948450046	0.3173544640782393	0.004754608878479151	(-8.40679, -7.20309)	(-0.00801452, 0.00996093)
e5a43b018c81cedd19e9a5354d32d469	-6.414065844999995	-7.596307490000009e-05	0.27108145334084727	0.004029974888534145	(-6.9198, -5.91298)	(-0.00726019, 0.00783041)
f4dfb45b33372cdc0dc2fd20c0d0b448	-7.081432949999998	-0.018554432665499988	0.38596953616587076	0.005779233353687969	(-7.74634, -6.31033)	(-0.0292252, -0.00798311)
e1b3393309a8b247e0c358c26176d13c	-6.919502455	0.0032303619605415033	0.1324742201359306	0.0019328180212165023	(-7.15363, -6.65816)	(-0.000562098, 0.00672996)
b47757a69204f053308f7f5f0022edab	-7.172945730000002	-0.00849585950170001	0.2740771777191	0.004085564730605926	(-7.6654, -6.6459)	(-0.0163447, -0.00114131)
03569e3fd843f501355f7853b0ec9361	-6.18241269	-0.0015595300009679995	0.23535303823079054	0.0035118151036302417	(-6.61061, -5.75229)	(-0.00894395, 0.00426065)
25e04b2be57def00437d44ab461e8773	-6.993187644999991	-0.013826596331399998	0.34337177610136205	0.005142490206426651	(-7.72268, -6.42008)	(-0.022919, -0.00344224)
4d04d759f5a6615dac43060726239891	-4.895441795000011	-0.0065376887375950005	0.19518308734731088	0.0029269270614497626	(-5.24569, -4.51421)	(-0.0122556, -0.00138658)
237135dc8b20f922cabee934f7d410a1	-6.665023624999994	0.0011553200439900005	0.25826460628221876	0.003910216288497278	(-7.16765, -6.20035)	(-0.00673512, 0.00806977)
9dd9cefe38347b087dd318d82962cc03	-5.489063410000003	-0.004488974097425004	0.17191226025322306	0.002566635133655325	(-5.82746, -5.18998)	(-0.00873557, 0.000844537)
c764eda12e92f19526c7e5a78a38c615	-9.361872360000007	-0.008236144420415006	0.24401056424124432	0.003700605896565637	(-9.79921, -8.86614)	(-0.015724, -0.00184459)
6fc765c81c8b663cedcd799094894748	-7.931324330000007	-0.012718845937000012	0.2839735926882133	0.004204898286833557	(-8.45888, -7.38947)	(-0.0204207, -0.00462935)
1a389bf765c8ff0f92600f684fbe7ad7	-5.174522755000004	-0.011314301640000014	0.19234495169606092	0.00287705665569919	(-5.50332, -4.79052)	(-0.0166135, -0.00585849)
b0645cbec7653c887cb868a248d95874	-3.6110904949999956	-0.002875406610465001	0.1441768612233079	0.0021609256778620488	(-3.87857, -3.33452)	(-0.00701034, 0.001011)
d6c46ad81c01997055a3b713c0d5ee1b	-6.135470384999998	-0.004157804706990005	0.3199558657927709	0.004825313421860473	(-6.76131, -5.5696)	(-0.0132563, 0.00468268)
fe2a1f2b6f247658881254d63fd68b74	-6.357893720000003	0.005281369501825005	0.3519698505689961	0.005296509557047382	(-7.03268, -5.74707)	(-0.00473636, 0.0147689)
89aabf43d24dd5bd0fd0f5aca189d341	-5.509659749999996	0.0035945236425	0.08059291313470117	0.0011919489262182028	(-5.64532, -5.34475)	(0.00138991, 0.00588464)
2ae8a432208b85a14e86eb821c86ce2b	-4.132549139999995	-0.0026604324279850024	0.14319010753700967	0.002114955031311199	(-4.39733, -3.85841)	(-0.00631039, 0.00168155)
f596fa835cdfdb22d6494b012f61fff2	-5.5539232100000016	-0.0018544294887500015	0.17206685410530367	0.002584198889158507	(-5.88537, -5.24829)	(-0.00722117, 0.00249618)
f7895578be91c3e9c71c7b89e3e798db	-7.991269160000018	-0.01446576353649999	0.3462288310731711	0.005232305395106764	(-8.67691, -7.38434)	(-0.0241012, -0.00512179)
8b40296c81e6ffbc10306d4a2ccab530	-9.439788904999986	0.00033368186038500045	0.16102200274698802	0.0023916661864516534	(-9.72994, -9.12642)	(-0.00408601, 0.00458553)
40a6b537d995aeb12b0100e2cb6ad879	-7.346235	0.003651171371180003	0.22006792881312814	0.003243317747176647	(-7.74766, -6.91533)	(-0.00226567, 0.0100856)
9ac5fec396208e598ab2e2d26985d0df	-8.531225565000005	0.006074602614800003	0.13344440967639218	0.0019639967378257375	(-8.77125, -8.28795)	(0.00257238, 0.00976866)
19cb3add28813b2bf3e1f40a000d33c2	-4.428044305	0.00024204954837500032	0.21563609273036125	0.0032231146329455367	(-4.81286, -4.03718)	(-0.00522264, 0.00651236)
686d42b9552375c3b61301ae5605e3a2	-5.878058649999998	-0.00996690581035003	0.30560236091705434	0.004513910626779839	(-6.49888, -5.35382)	(-0.0174746, -0.000631879)
51625f89e7332f46ab0641e10cede6ea	-6.984935670000003	-0.007043427506674996	0.43002268548769734	0.006442850225674345	(-7.83541, -6.2327)	(-0.0187097, 0.00551486)
ddd87ec4b9d332c2d8c02f5d1b08dbb4	-7.757536240000007	0.0046876985438199965	0.1427347222733922	0.002138008666378067	(-8.02402, -7.47393)	(0.00048121, 0.00861498)
588a23811b3e98af68f4f0fb24a0daa8	-5.505478820000002	0.0004959016709569996	0.19519164476869288	0.002901873303881073	(-5.8604, -5.13301)	(-0.00498654, 0.00567378)
7c82a2ef7685c5c6dc3080f56033cee9	-8.332760935	-0.009310681043999985	0.3195392337740014	0.004820445437854891	(-8.92106, -7.74941)	(-0.0178669, -5.55733e-05)
b835514e2678e3c7ba13bfe0a0d79bb4	-8.350880674999988	-0.0030406652459150033	0.24874743844770403	0.003653616104025341	(-8.83119, -7.89996)	(-0.00983024, 0.00370873)
c162a4f3943238810eba8a25f0563cca	-5.6081954200000235	0.005089167468319991	0.15579649157482217	0.0023420335417494507	(-5.89716, -5.33839)	(0.000709323, 0.00942735)
5b00db3216a94bcd5c4842499bf6bf6e	-7.725451880000003	-0.0035981638813699984	0.1627914329719645	0.0024131469052050885	(-8.02655, -7.4112)	(-0.00824338, 0.000749685)
beef5a54aaee13f217ecede427cb3071	-7.354136105000001	-0.004164581614969998	0.3060906258881165	0.004603713658512617	(-7.93019, -6.80081)	(-0.0122785, 0.00448208)
f7686a74ca2d3729eb66305e8a26309b	-3.724738519999992	-0.0001343628555054999	0.09175772109588166	0.0013570834353679932	(-3.88414, -3.53159)	(-0.00291114, 0.00227626)
5ca5ea401c8d3569e69626d2f81d5578	-5.7520423600000115	-0.0036744674401949983	0.35845601844051966	0.005403342394228555	(-6.412, -5.0777)	(-0.013738, 0.00591477)
b6d740387526e21887b761f90fbc914a	-9.14193026	0.010474130339644993	0.3234918572725322	0.004874134083652504	(-9.75678, -8.51624)	(0.00101882, 0.0198641)
5e69d50b5a886d1b222f36de84a9dc98	-9.53915693500001	0.004913925567954999	0.2705741361363938	0.004037358232892327	(-10.0544, -9.05296)	(-0.0026752, 0.0122383)
208c8722c4dd18b60b2b2684272ff26c	-8.348571384999994	-0.0006021550179899988	0.24265638617751625	0.0034581409638303087	(-8.78186, -7.88145)	(-0.00729152, 0.00551758)
95fb1be2ae50b6d347649ea76c2a1874	-8.450746080000023	-0.009078497887499993	0.2164995476053785	0.003272524157564905	(-8.82674, -8.02391)	(-0.0151459, -0.0029614)
ea2b0e4a93c24c6c3661cbe347f93b74	-4.225295894999995	-0.0023570137879115	0.1280211817536417	0.0019192044962270955	(-4.44897, -3.97866)	(-0.00578048, 0.00122748)
04b5dd98584b9ead93ed64c586994296	-7.744519159999994	8.575447301000004e-05	0.2118865456665298	0.0031896877463286114	(-8.13949, -7.35254)	(-0.0058221, 0.00600253)
ec6c9ea52e88226c339487585ea02f42	-5.349489065000004	-0.0022954361341599966	0.20472366376722506	0.0029833550336313187	(-5.73257, -4.94923)	(-0.00797345, 0.00321966)
4ce0afbaae4138f34580aa9f62b7a0fd	-8.029973680000008	-0.006370274310414999	0.2721858618873464	0.004057401774539604	(-8.51957, -7.52257)	(-0.0144665, 0.000460993)
f655279fdb3e9fe733677c83df662486	-8.102462300000004	-0.008251089346999984	0.17963295032262308	0.0027133080290128197	(-8.44499, -7.76811)	(-0.0128832, -0.00262032)
