Feature	Intercept_mean	calcium_eaten_mean	Intercept_std	calcium_eaten_std	Intercept_hdi	calcium_eaten_hdi
7e9ed2c841e64976eace4b578ff56a26	-5.159420275000006	0.2911574497901499	0.3320260750126025	0.4526093410137546	(-5.79415, -4.5468)	(-0.595694, 1.09025)
a6099802840e60febef8e896967b7747	-6.807726615	-0.18336399419999974	0.11077628013835715	0.1516626997848627	(-7.02766, -6.60199)	(-0.454149, 0.112358)
904ad13c7b8512200836d5cd9fb09e1b	-8.34959691499999	-0.856948643740002	0.2769169920393704	0.37607056036711245	(-8.87598, -7.8544)	(-1.61013, -0.220442)
1aab913302590e21a7be28b1494a3320	-9.283183105000008	0.2448924425918498	0.15307614290675373	0.20542599351541846	(-9.58478, -9.01522)	(-0.148672, 0.619165)
e644522cf6d7222c9da7f9ecf614cd89	-8.438576485000008	-0.4753185958449996	0.19324236507659184	0.2573701978518892	(-8.78475, -8.07414)	(-0.929428, 0.0338066)
bad4f7c5ada34a1f813946abcfe5c556	-4.718433460000005	0.032889703392550006	0.11122819744843662	0.15090009975093052	(-4.91345, -4.51535)	(-0.228262, 0.321831)
399bcf0feb12a20ca0731d8d65268dae	-6.204685269999999	-0.12227741223485	0.18842574991976857	0.2510717105547028	(-6.60235, -5.90144)	(-0.601911, 0.341648)
32f7e6bfc42fe19c17f9459bd9be4b67	-7.129186920000008	-0.06133721487600007	0.21296947117771048	0.2911600175424079	(-7.54188, -6.74842)	(-0.562984, 0.553989)
c942f59feffce9c3ab527135de234101	-5.031287870000002	-0.28192242207700013	0.15738263607769143	0.2133833148679108	(-5.32303, -4.74087)	(-0.692229, 0.0813748)
29bb5fa7f45e47bbabab8cc1b1b3d18e	-8.096436994999994	-1.0271599552550006	0.33971570017195274	0.47529557454354593	(-8.68292, -7.39038)	(-1.86686, -0.0614629)
7b2ff5940de11da4dc3bb208805dff11	-8.154249650000017	-0.3520492524898495	0.14100590405893473	0.19294011479099865	(-8.43044, -7.90747)	(-0.70674, 4.70653e-05)
6c7fa77831ae630967a6fbfc8ee47901	-3.4642755150000073	0.010143720255274996	0.08835644658277503	0.12090131769792278	(-3.61931, -3.29601)	(-0.211141, 0.228851)
6c83fec6e8d03fad51eabc871853c991	-8.849874375000018	0.6776342516300006	0.26341528982826595	0.3556970069071186	(-9.31215, -8.3328)	(0.062871, 1.38079)
23597fea41001255f06321d42aefd3bd	-8.912115139999996	0.710906384690001	0.17523283953323474	0.2386407778953144	(-9.23426, -8.58634)	(0.294654, 1.19567)
ee02d6d3506da57909d5e603709a295f	-6.657663995000003	-0.15700186426249937	0.12186700869427276	0.1667943837697742	(-6.8919, -6.43563)	(-0.464323, 0.161865)
e6a34eb113dba66df0b8bbec907a8f5d	-5.27406903999999	-0.3326603703850002	0.14346086592544452	0.19304922047871978	(-5.53637, -5.01241)	(-0.672977, 0.0262681)
6c4de756c45fa6e7e5adfe196f9f0039	-5.645132244999998	0.2859987061224992	0.3127666435303004	0.42625709976059206	(-6.21407, -5.06008)	(-0.511593, 1.09235)
60c57911662a9159dfdd0fc05d975a55	-4.429462640000006	0.23853222554845013	0.11324115828235959	0.15374010371744878	(-4.64749, -4.22509)	(-0.0757842, 0.511736)
1986030e3c5cd5df6d869054bc96e536	-7.860344225000017	0.12970608749180013	0.2341946256868408	0.31840529205464996	(-8.26282, -7.38343)	(-0.499485, 0.68965)
ea3433f2c148c6fae4cc2e9ae197f5b8	-5.490011644999993	0.3801941336750002	0.15759834828558325	0.21714144552148607	(-5.78369, -5.19753)	(-0.0459937, 0.766489)
059c8f8bb468064b134ea6d3661761ea	-4.853790590000002	-0.07728073030644995	0.16124725180619945	0.22020908770492478	(-5.14615, -4.54673)	(-0.502648, 0.305734)
8a9f7499cdb85b8efa497bb56256cb43	-6.655456414999996	0.34364317920000054	0.09970010246382788	0.1353391947955057	(-6.84227, -6.47049)	(0.0887289, 0.589768)
8dccd839cf4868a3343e411c063932a6	-9.24716487000003	0.11907672427560033	0.2329726033150315	0.31711686081035123	(-9.66534, -8.78621)	(-0.493625, 0.683952)
f402919ff0fe53fec5b6ef190f9e42b7	-6.798166714999985	-0.22946576652199963	0.1212829108335496	0.16585547740179413	(-7.01686, -6.5557)	(-0.564337, 0.0661659)
f9382b37fc2cfd3cf606824a235802de	-9.953811544999995	0.27506470358049984	0.2322493504857721	0.31803700927209483	(-10.3692, -9.52215)	(-0.291983, 0.882842)
1664c7d0b9dec6e07df8542c0c4049c7	-8.493888784999989	0.012964632910999974	0.15297881535256366	0.20951818150401602	(-8.77338, -8.19587)	(-0.402159, 0.39348)
3e5f388f7ad4f160c2a1cdd1441d00c0	-6.531064724999984	-0.016290548801000008	0.12336402506940328	0.16596485429424016	(-6.76005, -6.30121)	(-0.328669, 0.296958)
f5706d9ec821f971e4c08ee992995b40	-8.057353594999986	0.21803938313650012	0.18806952440686914	0.2461399282702153	(-8.39133, -7.71543)	(-0.24292, 0.652583)
138eb7703e1255cf29760a4440de2a47	-8.640708375	0.0529800585951001	0.20925431869619637	0.28195651456773735	(-9.02349, -8.22999)	(-0.480024, 0.570309)
56c3d1a8e4dc5c2aa7afbc1563559448	-7.4559844600000105	-0.0343264180545	0.4464656606657547	0.6196693943900086	(-8.29723, -6.62195)	(-1.23845, 1.05861)
de61860db8d93da85692dffb5cf32ab9	-4.863623340000005	-0.3216212704365	0.29404493121433756	0.4019813898359261	(-5.44334, -4.31525)	(-1.01111, 0.5103)
5c02713fbed5c1964b4410d9f8166555	-6.208284460000005	0.1665799275169496	0.11042031438376	0.1502988275093266	(-6.41803, -6.00396)	(-0.0953538, 0.463772)
12bb0c9249480c4cec2cc9f692018806	-8.300363269999998	-0.11963222110800006	0.14468321474589607	0.19874211665293548	(-8.58654, -8.04724)	(-0.478168, 0.273961)
b10627ff6db16c65eed2f21380dd700f	-6.359454990000003	0.3468032024247	0.3539945053293903	0.48215706841878175	(-6.98991, -5.69157)	(-0.549636, 1.23162)
3f5f0d10bd5495e2c89d229c508dcdec	-7.058883504999991	0.014840077477000006	0.2415815343544802	0.3301276103246238	(-7.51982, -6.5987)	(-0.557719, 0.679988)
de6891b6f7a1f35bd9ccbc058b9e1a77	-6.664078095000002	0.1288483828505	0.08838425023792974	0.11846633489959718	(-6.82948, -6.49689)	(-0.100349, 0.349283)
828c563319c7cee475b9b8ab6a0a048b	-7.582653204999997	0.22035840918849983	0.13366554574712938	0.18165899768016985	(-7.84599, -7.34165)	(-0.136783, 0.537788)
6a129e8ae637c96e7bb56223913911f7	-5.878965930000001	-0.17490307548550024	0.15433767640901916	0.20811869289881355	(-6.17701, -5.60687)	(-0.55149, 0.220276)
1527fd8b14037f53b8edb26b111e1f72	-5.7661279099999865	-0.06201901198580009	0.12882430212010432	0.17418569471255727	(-6.00312, -5.53008)	(-0.406707, 0.253571)
b3d06445a910a9a444919e41f5da39c3	-10.235850019999987	0.3908559760044998	0.2309327181488142	0.31399550251524144	(-10.7112, -9.83712)	(-0.206926, 0.97528)
992072d045462445dc239b35300af2cc	-4.139887715	0.4609668533384999	0.3417657891523505	0.4655172736318251	(-4.82145, -3.50508)	(-0.477789, 1.32095)
2403a466dd6d1e4f551d80394c2aa994	-6.83846699500001	-0.19299942291500022	0.31149966696117004	0.41137395999724585	(-7.38487, -6.23427)	(-0.89636, 0.585142)
cae14798faeabb8e1b8840e712839921	-7.079617725000003	-0.1736225684480002	0.24637365218215693	0.33827096980093696	(-7.51023, -6.5918)	(-0.839432, 0.423034)
4311a44a7d56ce4086afad3e75bedd6e	-7.936728879999989	-0.28962584751585013	0.18921651871162193	0.25898297103310586	(-8.29915, -7.60632)	(-0.770599, 0.184594)
ab153c3e19553cead3d76fb9e00684c2	-6.866220839999995	-0.06208991460203495	0.2890581061610179	0.3965688219611261	(-7.40507, -6.31772)	(-0.745762, 0.718862)
fc1856f132cd513b1251fa39ad4ccd01	-8.173664709999997	0.13639247865279977	0.11412495269491187	0.15398360287467266	(-8.39158, -7.96624)	(-0.143634, 0.431157)
8ef31508d9a2fc6f83935de5607a686c	-7.226535939999994	-0.10748494465204997	0.3550463691581939	0.4833304424098653	(-7.95235, -6.61152)	(-0.990154, 0.807683)
21ce8465657612a85e2f89e74d285ce1	-10.014257044999992	-0.194445836064	0.21293186864445157	0.2847624553382685	(-10.4121, -9.62564)	(-0.729362, 0.298585)
69d052e452e79d571cba042af265d50c	-5.365880505000013	0.3710383001215	0.33176762205148225	0.4547529873171962	(-5.98351, -4.7711)	(-0.452573, 1.21697)
79d5bee84cddbb27acb4dd7df378c789	-7.885688599999993	0.8196809902000005	0.24075725271264412	0.3289625585105598	(-8.34059, -7.45195)	(0.205397, 1.42328)
0f0a1f8c92368be6e8d3145bd4e94cd1	-5.247273810000008	0.06704147050099994	0.2244907788785185	0.3052991198576686	(-5.70582, -4.85946)	(-0.511655, 0.64063)
64d05989cb6f8053633b2127793200b3	-7.609644045000001	0.24759550692054452	0.165959241126814	0.22487850893540495	(-7.89519, -7.28026)	(-0.168349, 0.653552)
bac3d8ea4685e825ef8d12b2a6979577	-7.220414555	-0.3452190552235006	0.31379213132438816	0.4259734905737914	(-7.84994, -6.66928)	(-1.16261, 0.423079)
a8d23fd98a311df2db65e5842634aba3	-7.494102730000011	0.34990011209500055	0.1233566485007885	0.16850766986601468	(-7.73017, -7.2691)	(0.0614618, 0.683433)
41239266f2952a56a313fc4798f28a1c	-6.755831384999989	-0.10744737657284995	0.1550301191411906	0.21099961653439148	(-7.03554, -6.46307)	(-0.470252, 0.308593)
2b982979f2401a8bc447d7141879e9b2	-3.925960890000001	0.07888200413015001	0.07765902298321746	0.10541285080268481	(-4.08498, -3.7923)	(-0.112421, 0.27594)
251429848560a80abcb96640ceb102db	-5.4073734600000005	0.0535963405855001	0.16375915600151467	0.22470965806364515	(-5.68668, -5.06772)	(-0.388688, 0.442151)
7b34b797cadb639f63827c6d332dd4e9	-8.155246945000004	-0.05898431012279998	0.1506558993369227	0.2046601514802084	(-8.4268, -7.86176)	(-0.435863, 0.316586)
2a99ec1157a90661db7ff643b82f1914	-6.4771867700000225	0.1178232437709999	0.42264862424994065	0.585571583026859	(-7.25216, -5.65833)	(-0.974281, 1.26513)
2a7f11895ae7fe9fdffa52016207c561	-5.992912080000002	0.0016586849954999977	0.17789877526889705	0.24277211079824826	(-6.31434, -5.65391)	(-0.450051, 0.444833)
0cfd41d10227f0de9092d5cda028c12d	-8.65130682999999	0.07725629678465007	0.1575915727389987	0.2123033292767812	(-8.94642, -8.34302)	(-0.343077, 0.469032)
a9387e76477da8688775569cf540191b	-6.097692604999995	0.057258597024	0.24592528163949298	0.33506358500439326	(-6.56275, -5.6513)	(-0.578346, 0.658045)
bb769f42c78f86faa2801cb2c2abb8dc	-8.595541065000019	-0.01878863781449999	0.2598049239168032	0.35539823518781627	(-9.04817, -8.1017)	(-0.655135, 0.65971)
68ee181a51a55ca3814763c9214cfd8a	-8.79947733499999	0.18664461084100017	0.19202865407992573	0.26011825647849285	(-9.1401, -8.43564)	(-0.313997, 0.657979)
88956ab21ebb7e44b2dd317dd412818a	-8.414027430000012	-0.10728006001305009	0.21696590910784846	0.29091687881519923	(-8.79841, -8.00451)	(-0.654021, 0.405786)
ca9dec36ad0aa5a1473144ddcb74951d	-5.23021410500001	0.09034296915650016	0.1333768668180467	0.1831774396285447	(-5.48482, -4.98354)	(-0.247499, 0.430213)
ae171d16e3cb68ad19636a58839a1ef1	-8.973052209999997	0.033028571730510034	0.2881570686372556	0.391961892686601	(-9.53731, -8.46562)	(-0.690465, 0.754219)
77f4d90aa6eb8080927f59ee8bbac375	-9.632484360000015	0.6446723984999989	0.15172573046813906	0.2002316945877082	(-9.91475, -9.33098)	(0.282431, 1.04741)
a7b427a226422d10e62536b8d41e02fe	-8.373146570000007	0.3217544469600003	0.32202245688776915	0.43206624038310526	(-8.95865, -7.77929)	(-0.473615, 1.12287)
2480f3aa1e7784b461d9b5b83a6bfc81	-8.156723874999988	0.3299297044065	0.2318716632021568	0.3125192401576216	(-8.59939, -7.71705)	(-0.26248, 0.924671)
9000b563231e32a7003bf2ef20bf9a60	-7.68594569	0.3697320364165002	0.15546480994978865	0.20841279741003674	(-7.97173, -7.39116)	(-0.00268755, 0.778324)
a186bb74dfce512f83043f7b366c60c4	-6.438502340000007	0.14202219224050025	0.36002363604925214	0.48548718368462584	(-7.15117, -5.81088)	(-0.719196, 1.08021)
aad2c8fbb5e1201340fe4357731fc9ee	-8.005638369999994	0.01786533597849999	0.3090845090814857	0.4261090703771442	(-8.55856, -7.38258)	(-0.870622, 0.738985)
490d2aec117bd7289577684ba3cc1b64	-6.997263099999994	0.22309042359299966	0.29760949490832783	0.4087940667492124	(-7.50267, -6.43787)	(-0.548653, 0.982419)
457d3865cf0a4bc602a07d8d5324388f	-8.489032899999994	-0.21848857543149977	0.26145162202650407	0.3505317381347541	(-8.98615, -8.01199)	(-0.865363, 0.451708)
552e00cb506f739acaf08aa5641f9d84	-6.463252085000001	-0.26541341378300004	0.1904741237969158	0.2588433086730936	(-6.81351, -6.12515)	(-0.74747, 0.197469)
9dc78fd8f2f7cb10e190e77af61c7ecd	-8.239077390000002	0.12679199656600001	0.1270764401920668	0.17101628561275115	(-8.46365, -7.98129)	(-0.180925, 0.463194)
a3607a88a8ed64e24a374847b23e404f	-5.989635360000002	-0.6762746158999998	0.14541223947787343	0.196827818098841	(-6.24871, -5.69394)	(-1.03295, -0.296202)
5bb151262388870fd53a84ea6f1ffdf2	-9.236666920000006	-0.2706452150530001	0.2773237170063416	0.38108285261399205	(-9.74952, -8.72363)	(-0.984751, 0.454452)
f7962a90f4519ec1d1a9c7b8ef7bf396	-9.234958659999998	0.25557685363700017	0.20424976892864385	0.28049721816558393	(-9.61164, -8.867)	(-0.258072, 0.756363)
77ad88eed91eef009bf64f101c96baa6	-4.925879194999998	-0.4028110865929999	0.332992284825493	0.4522557931675293	(-5.59409, -4.35689)	(-1.20517, 0.473125)
08be83d0a527ddd1da0861135192e593	-8.493099510000004	-0.03529298299749999	0.3021713612223367	0.40529588752337947	(-9.04488, -7.92026)	(-0.77716, 0.7075)
b61862b15d33865612e76c1db7b995a1	-9.272230630000008	0.40243150508499975	0.15193856760053748	0.2030940160720074	(-9.54764, -9.00087)	(0.0243673, 0.762293)
14f11556b1fc9132c5ab27b67a2479bf	-8.97029669000001	-0.32552607111400017	0.18788548632037513	0.2566681722108747	(-9.32186, -8.62823)	(-0.815785, 0.129323)
514b34f09e4acd2397d38273c630d338	-7.321745485000009	-1.8172440025000032	0.35683239415286366	0.4935366213324711	(-7.94771, -6.62844)	(-2.78273, -0.943463)
ba88d4e4e6a24ecc2a5aab6bdfbb77f5	-8.026306925000013	0.3206206225069999	0.1411044314675992	0.19410458020492716	(-8.28888, -7.76214)	(-0.0571213, 0.668986)
1c94105978b1aa2095e3c0096774f240	-8.25588434000001	0.06489341531699995	0.23401000698723212	0.3237139843060656	(-8.72406, -7.86373)	(-0.519098, 0.670363)
27b636c66fa117272ed27920bad78969	-8.544226949999995	0.2083150168799997	0.24409317245346596	0.33075684016813056	(-9.03011, -8.1109)	(-0.392548, 0.842769)
7201d53bd647437ec3de879774eba498	-6.585086890000004	-0.17647244128649997	0.3573115396459059	0.48485248261182773	(-7.29157, -5.93362)	(-1.14176, 0.727703)
f8529e2e737999b4a7d06420482d4af3	-8.804978034999996	0.4662030108999999	0.3623400659067235	0.4967107321584487	(-9.50938, -8.16514)	(-0.442937, 1.38626)
959d48a11e3b26c9268f0bd1dae6ec40	-4.232671185	0.01950813100295	0.1055010973437991	0.1434643097586484	(-4.43059, -4.04627)	(-0.257073, 0.278172)
bd0f4e14387ee1ac7e5fe586cadbbed4	-8.691523369999985	-0.28048160901049995	0.1264776273992483	0.17640070848868622	(-8.9414, -8.46022)	(-0.602394, 0.0831649)
66047b69a772cae3e37186eb74254da7	-9.04393656	0.2798979733519999	0.2897742986987741	0.398673018793362	(-9.57249, -8.49345)	(-0.45645, 1.00358)
4207ad1746e5fbce9c5ed5efe1e357d9	-7.67930805500001	0.4067029738399999	0.12699506191843435	0.1746664926343687	(-7.89559, -7.42331)	(0.0425321, 0.703464)
30207d209491dfb7de83344e77fd6fbd	-6.313927514999994	0.008598256326999985	0.1372052741394249	0.1879583612015707	(-6.54621, -6.03556)	(-0.343348, 0.357323)
3e93fd55a231bb99b67a666bad8446a8	-8.409015634999992	0.21181951777219982	0.16613305142955986	0.22613493100403942	(-8.73907, -8.12264)	(-0.232568, 0.618722)
d39f37b814ebd81091a949f8bd9d1710	-6.224436765000013	-0.0263548720185	0.20425490151373302	0.2808854317665853	(-6.60396, -5.86021)	(-0.52155, 0.514251)
706b0d627a9ba61b18e6b7b39622ac1f	-9.062401610000018	0.09130146217299993	0.1993911936327879	0.264328883200092	(-9.41403, -8.69671)	(-0.41799, 0.540207)
32382a0f5831da5faee464d011b5616c	-5.507037684999999	-0.6006761454050006	0.33123744109292774	0.44542871584692334	(-6.19906, -4.95636)	(-1.38986, 0.274965)
fcd575ef43a2ae77d9b7c10639e80fd8	-9.928032939999987	0.1433475954444999	0.2531443989928602	0.3423869830968352	(-10.4243, -9.4674)	(-0.50923, 0.773211)
fdb1c35a8dab336d65ed22d796e71e4b	-6.585005774999993	-0.19669457915749958	0.38661915764496135	0.5229204367499544	(-7.2587, -5.82476)	(-1.23237, 0.735251)
25def15fb42bed6855ede4893d27a21d	-5.19120859	-0.12732548935299978	0.25892088469436386	0.35424562603768694	(-5.66758, -4.70017)	(-0.8399, 0.479516)
2a13ecb6c618ddf8154298c69336dd8e	-8.853631825000003	0.4362427346369999	0.3343123797217496	0.4563634153148708	(-9.50698, -8.25832)	(-0.44033, 1.26813)
9ad89cc951aa3031c19c59c95e401614	-9.305843589999997	-0.5117216733845001	0.2283961472251928	0.3133774586404188	(-9.73232, -8.85746)	(-1.0354, 0.138441)
55d4d3011e1f3bb8e4e5089b801b61a4	-9.579821234999992	0.2298699270699195	0.23692809696704364	0.31825646896878446	(-9.99155, -9.1233)	(-0.346945, 0.814968)
4ed55370307d6700d110b6d3f1196136	-7.966551840000015	0.4430576956155	0.3569300811719496	0.48762114870451007	(-8.62532, -7.32563)	(-0.428052, 1.35474)
154c25181234441402124e02c204074c	-9.505383375000031	0.031948478770999954	0.24456834168931071	0.32792892574531224	(-9.96255, -9.05817)	(-0.602172, 0.614616)
370829fece3190f1a8efccf50b7d0921	-7.3206825900000005	-0.4930880554195005	0.17457210085231806	0.23964478117687235	(-7.63737, -6.9937)	(-0.930916, -0.0549664)
b1a153ff5a21342991138e7f7dd2658e	-6.668629339999999	-0.012250355605000004	0.3261086976337252	0.4437455715926072	(-7.30801, -6.08476)	(-0.832119, 0.824397)
e39b1ae9776ee98190c8cb02bc9de792	-9.530828384999989	0.47663098571399953	0.20432442763762196	0.2697764047112048	(-9.9101, -9.15334)	(-0.0117336, 0.986175)
e71461ffe18aa4dc3b1f7ba4a1011cff	-7.376290469999988	-0.12114518880199998	0.19677960018426474	0.2698612416342867	(-7.74188, -7.01638)	(-0.620521, 0.377284)
90c2b51afe404951ec89bd52c7ae1f58	-8.43733478499999	-0.799574955570001	0.2958003552593433	0.40803057263659	(-9.01519, -7.91585)	(-1.50336, 0.0137757)
c5af8314e36eaed98fc88f181f539e8f	-7.416954614999999	0.164856125883	0.15611482536790594	0.2111994598530212	(-7.68864, -7.1091)	(-0.234951, 0.549586)
10cd502b01abafc87e2ecbad86389286	-6.146296354999992	0.07766554940649995	0.11307849035941353	0.1562192881716997	(-6.36026, -5.93855)	(-0.203086, 0.376101)
433cf7e272a09b91cc85082a1338b8e1	-7.96288841	0.3351197163140004	0.1203942032058516	0.16312465517605404	(-8.1834, -7.72495)	(0.00725473, 0.635869)
877f27b47c85f6b2d3cf8a6aa86def40	-5.6129975450000025	0.3756871280760999	0.1842764812083273	0.25128960293297314	(-5.97458, -5.28568)	(-0.0849298, 0.881278)
9ed241a051fe72047261df3b7e08b675	-7.326933779999984	0.41855143683289997	0.1455447988823771	0.19667721930857474	(-7.58589, -7.05746)	(0.040916, 0.772947)
04c8be5a3a6ba2d70446812e99318905	-5.990388685000008	0.012227837125449986	0.14219448423029918	0.19416363925076138	(-6.27396, -5.73435)	(-0.313562, 0.415153)
e0b7bd623a1b4cd1640883066e8d96bd	-9.601886115000003	0.09380578159800011	0.2391113591740401	0.32613634608212033	(-10.0787, -9.15974)	(-0.552019, 0.695555)
6a17479edbe461431433bddb084f731e	-6.12463163	-0.486834602116	0.19532233184519157	0.2681503168384556	(-6.48084, -5.7447)	(-0.977723, 0.0183145)
35513c8de34a49ef37dde85737e6aef9	-7.7330032700000055	-0.022032298606	0.2543658956987104	0.344796567604761	(-8.18566, -7.23576)	(-0.63442, 0.649114)
69536042153447ceb692aa53159ce0c2	-7.355457225	0.04972325124950007	0.11061451998426518	0.14964023250071684	(-7.56076, -7.14488)	(-0.25168, 0.300299)
0f92fcc184a951ff8b0914467ad2f8f9	-6.9224441949999935	-0.08305161770540014	0.1443448158447401	0.19771150881532817	(-7.21308, -6.66111)	(-0.455329, 0.295393)
e9d9bafcf863ec0908ce4e20e6386ff9	-9.555078334999994	0.11392789634105009	0.19888318010474842	0.2698430007215571	(-9.92872, -9.18127)	(-0.390144, 0.624025)
979578981da3916b394bf24c32bace21	-6.613313480000004	-0.25996161986730004	0.2775461361815177	0.38320238163038467	(-7.1218, -6.11368)	(-0.991406, 0.418798)
5860dac317300b1fe6094e958240cc7f	-7.623327845000001	-0.016918368336000012	0.13216160570568888	0.17859270906723035	(-7.86912, -7.38128)	(-0.374755, 0.294771)
3a1461e8439091ad6b93af0ddb3849eb	-7.011218820000005	-0.07000112229549992	0.33797567857777516	0.4612737243589448	(-7.59367, -6.3461)	(-0.931356, 0.758446)
d32627161d829a1488c2a047669cb29f	-6.053237869999999	-0.2460470993855001	0.36888347984704195	0.5029653448637375	(-6.71167, -5.32635)	(-1.12568, 0.732634)
e2c3ff4f647112723741aa72087f1bfa	-3.160506504999996	-0.20095969730409993	0.14042134956741792	0.19221210693206367	(-3.41447, -2.88521)	(-0.575051, 0.153212)
426bd7119a31b73ef734771a071a216c	-6.170950165000019	0.49566606376250033	0.20656476199178514	0.2840045688567365	(-6.53687, -5.7837)	(-0.0501901, 0.99968)
aed0d8840bb7da5eacd80c6f9a1f91ed	-9.24219669	-0.6846521202414997	0.22292514799803062	0.3084401888866777	(-9.64841, -8.82503)	(-1.31603, -0.155002)
0b05a2e48cdc5f9e766bb0f4c209d4b4	-8.612196019999988	-0.22611924390499993	0.14416563275503513	0.1968928657998508	(-8.88443, -8.3435)	(-0.569109, 0.175901)
31c0a0bcf172474d82c69979df243e78	-6.300282699999995	0.2481717942469999	0.12993691030846471	0.17655303953656495	(-6.56115, -6.06707)	(-0.0704091, 0.591163)
f9b9b7db378357774e672fe5ba242b12	-10.156212310000008	0.33172546566299915	0.2161786893457908	0.2927435869045101	(-10.5749, -9.76187)	(-0.19432, 0.885992)
95f975f50235610bca818dcc9d97f7d6	-8.889540949999995	0.10266114029980003	0.3355107497574369	0.45483292242988677	(-9.5573, -8.32379)	(-0.675749, 1.00661)
ecaa9f4e15a28f212d9bd60f749191ab	-7.3333067749999925	-0.020601590331149982	0.16914279793343057	0.23076970528431634	(-7.64856, -7.03569)	(-0.450422, 0.37999)
a6fa2de5f4576d1d77b1616786e3dd52	-8.633478425000021	-0.18807297252449973	0.1254373554734369	0.16987242763160246	(-8.85588, -8.37864)	(-0.508179, 0.13081)
1fa555f9a74d47a6ca7a65a347bc885f	-5.88685794499999	-0.06839150066644997	0.14806016075240153	0.2036777599581001	(-6.17603, -5.62208)	(-0.444562, 0.309503)
149e7d5e484d157f2ac6140a2111618e	-3.9079230750000042	-0.445460039590999	0.13105385899237895	0.1770129905196428	(-4.13459, -3.6574)	(-0.794312, -0.136773)
605c54065160b61d47c4d5f87ffbe6bb	-9.037993205000001	0.13200507329949981	0.21658495197907465	0.29780392065802963	(-9.4622, -8.65887)	(-0.417976, 0.671133)
5034598009be77942a505e7c9978b06b	-8.026488609999994	-0.08354065500549995	0.17811065159716832	0.23946519039331987	(-8.3741, -7.71399)	(-0.516756, 0.397139)
8526f1f5fd2dcff7e7a73db743c829d2	-6.59253218499999	0.2148355973461547	0.15329487842317435	0.2047448826871975	(-6.88627, -6.30181)	(-0.168148, 0.614202)
24ef07664cfa04a819d7797a89e653b6	-9.101261250000004	-0.6237655344715001	0.26507466259855444	0.3685303857971574	(-9.60386, -8.64199)	(-1.30184, 0.0489462)
03fdbec0c9b63a05ae79f92c6d3a4cfc	-7.000107315000008	-0.1615270079278996	0.28791183000571674	0.3836333776615428	(-7.5207, -6.44133)	(-0.91259, 0.511498)
aa3e2d76e864d7909b51110e211ef36c	-8.743129860000003	-0.07930211151849978	0.2965651240213193	0.40754122797917	(-9.31277, -8.18404)	(-0.830413, 0.707005)
7efeb75fc542932a033b37b887994dc8	-7.471922949999991	-1.1895890843365016	0.3204257901525681	0.44613017259291676	(-8.10978, -6.9278)	(-2.01636, -0.380258)
2371e52106292ac4c33aec6f57cace35	-8.238179939999995	0.7812481929999997	0.17869092436158132	0.242628049664535	(-8.55099, -7.90486)	(0.345494, 1.23629)
913d55d109820d0f3fad120be103c64f	-8.970454415000013	0.8233048124100002	0.24510428839528248	0.33461328660344314	(-9.41121, -8.51087)	(0.186206, 1.4157)
c82032c40c98975f71892e4be561c87a	-6.69255369999999	-0.5108692824500003	0.1198174872128856	0.16292036038569113	(-6.90794, -6.46106)	(-0.824581, -0.229324)
ac9166cff57e7ff3581eaf798edc726c	-7.210383234999987	0.030556949830500002	0.33667845903648913	0.45314150203058157	(-7.81856, -6.55585)	(-0.853897, 0.872495)
949af2c28ba6c0345ae58b9aed00a2c0	-7.487902755000004	-0.01718731700260001	0.3892358955622669	0.5444083495183484	(-8.18875, -6.73369)	(-1.06995, 0.998983)
8a261f382a739bbc5f9494b2c64c2744	-5.307426145000014	0.0952843150939998	0.11409671810042997	0.1532678310996693	(-5.5304, -5.09562)	(-0.186969, 0.384851)
e91f1c5b67ffecb5ca3ca3b393a50f00	-5.106218500000002	0.6718315558665006	0.21144397474875	0.2865544135208267	(-5.50788, -4.73357)	(0.148835, 1.18396)
99b02f389bd0b7abad0d4d8affb09e22	-9.252078259999998	-0.7263220285469988	0.2564430298486827	0.35454086381010846	(-9.68081, -8.72941)	(-1.36704, -0.0445666)
d3d99580d90cca486a23372a474e9571	-9.093641864999993	0.2210862387355995	0.19886161980500866	0.26968474329051006	(-9.47699, -8.74046)	(-0.268455, 0.726594)
7076b69bea6fb40b94f8b32fd85fdb46	-9.734659855000006	-0.12121499617650004	0.23535586670620517	0.31760049360208437	(-10.1728, -9.30987)	(-0.69064, 0.480814)
e82ab12c51a893c6d7938a16632199a8	-7.788417300000016	0.33914391422154994	0.348052294355475	0.4803316367847963	(-8.40201, -7.11137)	(-0.552382, 1.21604)
2ae945b550c248752a5b463c9aca1a6a	-9.626213724999998	0.22129438595750023	0.2889201486028181	0.39236593632555433	(-10.1594, -9.09529)	(-0.492904, 0.943078)
b423592b0ae631882095792b27729b9c	-9.077113939999997	0.4498798246224997	0.32804630858596207	0.44660060694237863	(-9.70785, -8.46932)	(-0.342867, 1.33934)
3f1ed51e954b35a8108c12dd882b696b	-7.11370071	0.07072391502699991	0.2459126908309043	0.34241468995729246	(-7.60122, -6.66368)	(-0.547313, 0.749781)
1fb601d8edb6994ffb112ad1a34828d5	-9.47311028999999	0.44904986253499946	0.22257556434976408	0.3038508949573252	(-9.8408, -9.01135)	(-0.112634, 0.995984)
9f74473636e6874853d88dfcbcecff49	-7.666835774999995	1.4477811014999986	0.27903543778290835	0.38632618926289464	(-8.14821, -7.09726)	(0.752419, 2.1906)
4c731267e801c2afe253b5cbb58bdd24	-4.749910734999992	0.12086102695150006	0.10324213441134268	0.14097333131377182	(-4.9429, -4.55338)	(-0.142616, 0.393537)
14387daaf0161dd3c971efd0f8806ffd	-8.131681885000015	0.18766014394649957	0.16769717341027762	0.22781468121917925	(-8.44687, -7.82294)	(-0.215393, 0.627768)
c97220e6c4063a029dec2f8160977f83	-6.95173991999999	-0.05956655629244995	0.21202923933432763	0.28997987618477	(-7.35599, -6.58257)	(-0.606906, 0.481196)
8a20667bca2eaf2a0687995af876a84c	-6.367182410000013	-0.3816464810010007	0.3410969359019391	0.461701424545985	(-7.05455, -5.79163)	(-1.20359, 0.507939)
131d3b899e72f19fcae1b0f9f8f3a009	-5.5499130300000115	0.09639353526500014	0.45891866701401385	0.6414973176153009	(-6.50032, -4.77816)	(-1.04207, 1.33436)
c0c365b5a32a28b8d2602de07c5d0b06	-7.747143475000007	0.16885001477649997	0.3078512878876331	0.418413610327065	(-8.30362, -7.1614)	(-0.608826, 0.936113)
a650f349bbdffb95b3624519d1ba72b8	-5.377102604999988	0.5746178690349997	0.128146957310597	0.17783177668812472	(-5.63338, -5.15478)	(0.252743, 0.921108)
0f6da5f59be656db2dadef7bf2d1a2e6	-8.685764789999993	0.2209126277889997	0.1905751535758423	0.25908788818035355	(-9.06678, -8.35185)	(-0.274388, 0.691057)
e84bea8ae61342674744560dd7de4721	-7.33906365	0.7618180254270007	0.2946500797710356	0.39807714654169785	(-7.89512, -6.79781)	(0.0528408, 1.54473)
010f0ac2691bc0be12d0633d4b5d2cc4	-4.6964133349999955	0.16307351614016008	0.14046376972133345	0.18729484840299004	(-4.96741, -4.45236)	(-0.145603, 0.569207)
c8fce068920feb387167d44c01689295	-6.493956234999989	0.2075324165755	0.2925619843398571	0.40100879536537826	(-7.04613, -5.95125)	(-0.48654, 1.04053)
86deb5cf8d6f29d383136e0d09863b69	-9.865210235	-0.19098732135240024	0.2162733413287331	0.2953349094745421	(-10.3047, -9.50054)	(-0.76731, 0.308915)
79db4c4f494c95856ce31b42f267c4c4	-8.292187575000002	0.45219264107200013	0.34809244423223185	0.47409849032909307	(-8.90058, -7.62916)	(-0.384992, 1.3559)
dde2f514908a4fcaa80827346c7b7a19	-8.01235739000001	0.08434500064099992	0.14580519299355538	0.19884446401659203	(-8.27427, -7.73668)	(-0.256674, 0.485436)
7dfa96abfa7484bb6c9cfa90dc9b606f	-5.755469635000004	-0.013551655590799992	0.1658587017268518	0.22177102081381703	(-6.05697, -5.43848)	(-0.442027, 0.382199)
25f9cac7332bfbe3973f03bae0ee15cc	-9.603461809999995	0.1644185590485002	0.18835646867236566	0.25110013954114996	(-9.95695, -9.23979)	(-0.317439, 0.632538)
447b9d6a5c17543a456c597e65b37139	-4.4391000100000095	0.08753648403069995	0.08774114693916364	0.11957359281121159	(-4.61386, -4.28817)	(-0.130229, 0.324135)
ccce7fe8aa849bed027f6898300e0c45	-8.570850690000004	-0.025275575078849984	0.22041341333803577	0.2999197687178285	(-8.98565, -8.14538)	(-0.620544, 0.511044)
363c1c39d58bce4fc3218659d0944258	-6.483532370000005	0.29140330634190015	0.1530470900487268	0.2068282428413825	(-6.76654, -6.19616)	(-0.115863, 0.645336)
7be9bac1b13acbd8acf0de464d7c20e6	-7.886558819999991	-0.00553721556699999	0.17344941143171277	0.23892708237902793	(-8.22851, -7.58537)	(-0.468623, 0.427247)
2ab8310e1e510f8045c7f4d191fa36be	-8.501761359999993	-0.8353821968450005	0.2782824015119361	0.38479088721616916	(-9.0541, -8.00784)	(-1.53317, -0.123278)
a66dd8d31584930c2b0f811f572dddcf	-6.7949910050000035	-0.04798219248450004	0.2414414443247885	0.33068508420405285	(-7.26132, -6.35653)	(-0.702645, 0.530822)
10155b2834300619ce0102110a37b057	-6.977388990000016	0.03716123152374999	0.10350321306838689	0.1398983865864193	(-7.161, -6.77808)	(-0.217392, 0.297288)
fca904abacabcc0591dd00b0427f9180	-9.986594004999999	-0.13258325143850008	0.22600010793207578	0.3086144076296147	(-10.4217, -9.57328)	(-0.698525, 0.45735)
ef6752ce31dcb9e16b1155bbaa1a268d	-8.978996405	0.28344138132550045	0.29263591814868833	0.3971115324620872	(-9.5039, -8.41962)	(-0.398606, 1.07449)
a24dae6b87885a55d81df1ea6d1abaf5	-5.702083219999981	-0.09884707005900015	0.2113846278456208	0.29112690374941375	(-6.13307, -5.3408)	(-0.620658, 0.461171)
79280cea51a6fe8a3432b2f266dd34db	-3.5864406349999998	-0.09912248789914996	0.08095748463265623	0.10801687292807173	(-3.7454, -3.444)	(-0.300692, 0.104892)
cba33b3578113908d449fc66ccb245d4	-6.254134110000006	0.11252407148900007	0.13862368340261322	0.18840471215317842	(-6.50191, -5.98602)	(-0.244094, 0.451378)
ef1616938612ecae94c31842853cb904	-8.805134414999992	-0.06712905631550004	0.14480095324809783	0.19760189762202873	(-9.09616, -8.55415)	(-0.407696, 0.329258)
a378e30f9be477f7777e409c8faea14c	-8.794520824999985	0.06652454816499997	0.1684717848200979	0.2283885669323896	(-9.10988, -8.48607)	(-0.361292, 0.493139)
322498f1025a569812be6e3fe4f63ff7	-7.609098094999999	-0.4721456881544999	0.23235849536701048	0.3156357313458116	(-8.03273, -7.17669)	(-1.01999, 0.140053)
d75b7080930e7a77ef3de8c6154895b9	-4.381711739999992	-0.5279683589125351	0.33602846505091233	0.44382536311350085	(-4.98867, -3.79032)	(-1.3404, 0.280979)
9bf0d2dbffe7925240ea811d2a4cd625	-9.07677330500001	0.10628380592000011	0.180345768764967	0.2435213763368219	(-9.4222, -8.74834)	(-0.36513, 0.550322)
a167e4d4418792dcaba877443ed0e66d	-8.079204630000005	-0.7654328270750015	0.31118869093921664	0.43166219722576693	(-8.6529, -7.50345)	(-1.57071, 0.033174)
ac0202d177961ffb380b6859272bde53	-8.02551797999999	0.018559675416664985	0.2558152821426424	0.3426837441558122	(-8.51117, -7.55481)	(-0.667227, 0.633998)
e3ab3e4772986724760dbd52b7af55f7	-8.221844329999998	0.0681030381884999	0.19814561004486334	0.27131467749371896	(-8.56597, -7.84093)	(-0.432456, 0.559425)
481e48328fe7a9837c7233de8f60fc23	-8.938182520000003	-0.3382022495550002	0.20448932606141	0.2744996850404693	(-9.34564, -8.59192)	(-0.821363, 0.195142)
be17b29b03ed02bed133932284568d16	-6.501101065000009	0.006420734242950029	0.13477861169828023	0.18359211914366844	(-6.7636, -6.27315)	(-0.332439, 0.338741)
5f9d6c173705f19cd3a1e5145c52789a	-9.249550800000007	0.49423950658650034	0.27015995906196016	0.3617073539044588	(-9.72897, -8.71994)	(-0.206381, 1.14337)
1ef782a559e3e0a4ab42516e0a2c828f	-8.746525324999997	0.2274629124130005	0.21341019295805524	0.2832284083219376	(-9.16026, -8.35609)	(-0.270081, 0.786802)
97f56e68f535e44ceb53d05f269e82d6	-6.824168720000014	0.028164397427999956	0.11450491094211462	0.1556717329235297	(-7.03016, -6.61064)	(-0.281936, 0.292869)
3f38509af22157cdcb4006457529d25e	-8.229386880000023	-0.9556465093849991	0.2597214959379866	0.35581082255970947	(-8.70613, -7.75174)	(-1.64015, -0.313301)
ccee9fc92f4182805278384a02a4d7d3	-9.522726295	-0.2957614518737497	0.22440770362561746	0.3078130052396512	(-9.92753, -9.09862)	(-0.862333, 0.268682)
b3bf877149e7a31ad9a7397a3ca8b011	-9.621321659999996	0.4107635161134894	0.24176295551933616	0.3261132246594124	(-10.0698, -9.16787)	(-0.193554, 0.990348)
33852dc244bb69590e8e756a83bb2f4c	-9.046605394999968	-0.710249353214998	0.19217664914797508	0.26593252931980615	(-9.38919, -8.67977)	(-1.21946, -0.229663)
8f5959f21dc9ce9a281656f8d699ec07	-6.931736415000024	0.11034180761425007	0.18400593783190194	0.2514033405348866	(-7.27032, -6.60794)	(-0.339865, 0.583288)
2086666afdd5de098b04a94247040c11	-7.621026905000009	-0.4023986758300004	0.2158362782179375	0.2932282933136048	(-8.01801, -7.22494)	(-0.945152, 0.152017)
96169c3701e79f42346c41eb7b5bf2af	-9.588826684999983	0.17977459325205	0.21623888050639917	0.29134988949776386	(-10.0, -9.18871)	(-0.349799, 0.74324)
d05c86b5bfc092d8677507fb1eae8d66	-5.663146479999998	0.0009974364510000125	0.1869078780621874	0.24530030802818126	(-5.99329, -5.28188)	(-0.468557, 0.442361)
25dd2ae928b2e5e1ac2e28dbe2112991	-6.369793230000001	0.03896427724995003	0.11622197728513789	0.15644860182860956	(-6.58315, -6.13461)	(-0.250584, 0.35319)
cebcb0fe524fb1cf0bfb5463ae228bed	-8.844718405000018	0.05144625384405002	0.24768950499547981	0.3384405076860685	(-9.34705, -8.41063)	(-0.547808, 0.700443)
90104f2fbcc925a6619e805c7a625c57	-8.74785934	0.2763853352565004	0.2717668076797907	0.3704431336219722	(-9.24495, -8.24783)	(-0.399903, 0.962263)
4c2189b6b5ced3cb80093414e9449de9	-5.993309969999998	0.06709542366154995	0.10805503158622051	0.14608513708449608	(-6.20193, -5.79199)	(-0.228309, 0.334083)
c4e57b91cc2be5a2232b3612abdf4c0c	-7.349249929999995	-1.1046332640750018	0.35740848109074747	0.49235608332496594	(-8.0242, -6.68833)	(-2.05707, -0.206025)
1600415004247da005dd77bd44c633d9	-8.158620090000024	0.2151263504416997	0.12692400293637104	0.17226662389350259	(-8.38916, -7.91521)	(-0.114852, 0.52426)
3b092a59cd0e2d57483420cc994ec49c	-5.704551995	0.02574586317730001	0.18594300162595534	0.25531423651673757	(-6.04679, -5.35843)	(-0.449234, 0.51102)
2c5c5d710e1b9229efa72f98ca7b4e71	-9.055969644999992	0.3219280526799998	0.3473852694249198	0.4756995334661339	(-9.63516, -8.33608)	(-0.556689, 1.20294)
db093685d2f3295cfa4da0a44d3d9ad0	-8.119715815000015	0.09622391100530014	0.19741994668127089	0.2662408976144418	(-8.51771, -7.77285)	(-0.388895, 0.611846)
63a2de21003c952fd04b694d8444e66f	-6.840338580000001	-0.3971740615485	0.22133807408189737	0.30596878307174635	(-7.24258, -6.43723)	(-0.973316, 0.150558)
59196a586276f0be745d0e334fc071c6	-3.4653917900000044	0.10536508096255004	0.08097270621818133	0.11133632302347002	(-3.6212, -3.3129)	(-0.103952, 0.3084)
8507091bac6b1be88f3d360d6d535d0e	-8.413436825000005	0.49871677444999984	0.13374291251228754	0.1827574642977361	(-8.66537, -8.16647)	(0.134818, 0.826191)
8f649d1053a0ead08b37f8e06fbb2818	-8.209862180000002	-0.2517138169881999	0.15446598054214927	0.20983907439377258	(-8.50439, -7.92265)	(-0.602708, 0.196439)
8a70333f85e6869971ef357eceadf3ef	-8.409272160000006	0.5410050259500002	0.21501886272216778	0.29038372550009245	(-8.7961, -7.9871)	(0.00321671, 1.09602)
8e0da29b36fbc3879561566e87f11ea7	-8.969304275000004	0.3285281227465493	0.24283536553202933	0.33232961142514883	(-9.43167, -8.54769)	(-0.254038, 0.940377)
5093cebf67405c910fb68525ffa6dc3d	-9.900520904999993	-0.36789557335200024	0.2170719689373341	0.2990016149919794	(-10.2768, -9.48148)	(-0.939117, 0.192016)
bde648dc2bd51d522327b0bb99e98340	-9.81601408499999	0.13757072850075008	0.20160041489556207	0.27737604821792594	(-10.1703, -9.43978)	(-0.359344, 0.660511)
8720f9ecd2331ce68e2896df1bf2d977	-3.601779515000003	-0.09676237804099999	0.14205851101470396	0.1909331482035285	(-3.86439, -3.33263)	(-0.431897, 0.283397)
3af2ddaf4af4b5ae4100439a9c3d4099	-8.499543630000003	-0.6746905920799996	0.1878873346096622	0.25873780870671403	(-8.82385, -8.12193)	(-1.17668, -0.227187)
de24ab68045830f7ea823f771a1f7dd3	-6.486919074999984	0.17948747264649995	0.1661977008514087	0.22459079296531687	(-6.81677, -6.18453)	(-0.236047, 0.596372)
aec9d6920c8746590e4dff84ba121b90	-8.090638489999995	0.2572220609089997	0.2117631778124326	0.2876350537071007	(-8.47992, -7.69366)	(-0.284709, 0.795424)
192522c9b7c41f7a761f8a2ba792268a	-6.840272654999993	0.03897442799765008	0.19514417266780207	0.26580499616700093	(-7.21994, -6.48622)	(-0.451409, 0.538385)
458157e555a80f9ba01d9da37ef787eb	-4.739789065000013	-0.3741447785035003	0.2543213234529811	0.3522022868693739	(-5.22466, -4.26132)	(-1.036, 0.275852)
3017f87a3b0f5200ed54eca17eef3cbb	-8.834266359999996	0.19671875968499963	0.25216204463152353	0.3421418790838567	(-9.28971, -8.34516)	(-0.407802, 0.868029)
c5e3c5422835403541b0af331a2cc649	-7.3823090549999915	-1.7818546939999993	0.32694163656738046	0.45352380734028186	(-7.96189, -6.75138)	(-2.62102, -0.954377)
be7fc30c58dc772f88007fdefcf21a96	-8.09209118499999	0.2431641584534997	0.15273703318169377	0.20805950086596295	(-8.38105, -7.81331)	(-0.116403, 0.668618)
3d766867c97f511431bf97e059d6498f	-5.542545170000003	-0.2809672820344995	0.14559047539681672	0.19879124829903203	(-5.81279, -5.26545)	(-0.633706, 0.122978)
9099a7f671b923c7b07c12508f17270a	-7.59425264499999	-0.7512983009499994	0.1611024551620922	0.2208653486106075	(-7.9136, -7.30327)	(-1.1274, -0.288262)
4973330392dab23937c67af9843e5359	-8.486503349999989	0.6549505248950007	0.18277666942631793	0.24888208518831817	(-8.80909, -8.11991)	(0.194776, 1.10403)
2cf53730a41137e7ad95ed3680541d80	-8.995430724999986	-0.2430674241375003	0.26727888202273725	0.360923281839229	(-9.47584, -8.4798)	(-0.9342, 0.413603)
2a0968119cb66a61a416f8d924c224ac	-6.2302060649999955	0.047803139610999974	0.36461724990949856	0.5002914544133825	(-6.90055, -5.54037)	(-0.810878, 1.0799)
a4e2a4e1321a599651edf92f6999e78e	-8.491028890000024	1.287785030999999	0.325121205645322	0.4353466388298609	(-9.15589, -7.95077)	(0.453988, 2.08165)
782772ed674928794b78f5a59ee3d08c	-9.410018990000005	-0.0009089398634499978	0.1977121865694675	0.26822904374567147	(-9.79114, -9.0571)	(-0.525567, 0.465255)
ab5c396eaf731e031c9764a05b798753	-8.977442425	0.6038656402249994	0.23824884413270367	0.3322677782392827	(-9.38097, -8.49509)	(-0.00497526, 1.25123)
04195686f2b70585790ec75320de0d6f	-4.6784349449999985	-1.8042652884999977	0.30381517460422724	0.4236607216444266	(-5.27113, -4.10898)	(-2.61429, -0.991427)
9f4d14b114e7499772a797790d81c1db	-4.965884494999998	-0.0094821067595	0.09940961171559301	0.13504335304272538	(-5.1484, -4.77038)	(-0.259859, 0.250547)
b1f2146bef78066448576fceeb6b644b	-4.640561395000009	-0.0018650067764000014	0.13523045896470212	0.18393035590956083	(-4.88943, -4.38144)	(-0.349955, 0.322803)
3bff9ab82e7f2a76cc22e687ac7b72fd	-6.967704210000003	0.3506324329550001	0.33127349420648805	0.4504387959098173	(-7.56213, -6.36726)	(-0.496964, 1.13617)
c1365ec008032ee718dcafaf5ac17adb	-6.857921914999998	-0.16390625036099996	0.15400703735538435	0.2114557734909054	(-7.16636, -6.59279)	(-0.547478, 0.256776)
cc968157f7691aab95df444e8cd103e2	-5.471985759999996	0.18856864415000002	0.09443500891365667	0.12800334538325728	(-5.64889, -5.30101)	(-0.0355312, 0.429343)
09ee2c2d76be17c9ede2d4c57412adeb	-8.795593969999981	-0.3072126630499991	0.2824030195710365	0.3855783181741576	(-9.30417, -8.27189)	(-1.00092, 0.406712)
d9b76ee51ff2b6961430bf352cc578f2	-9.24400905	-0.3629859080767493	0.238017911855174	0.327746374816778	(-9.65834, -8.79054)	(-0.956693, 0.230222)
d2cccbadb958c9c6547274fa10531f74	-7.190393999999996	0.1749327290328498	0.15568933352962902	0.20908722158811274	(-7.46997, -6.89978)	(-0.242491, 0.523384)
2268b83b6cb307bfd1cd008dae1ce4b3	-7.2413867349999945	-0.12320574528400037	0.27773602018605736	0.37705549420394363	(-7.76831, -6.73052)	(-0.813354, 0.592707)
e9ad916c93ff127ade2a8283db7603a1	-6.465098520000017	0.4109458887714995	0.4217479562365535	0.5716424407108621	(-7.28011, -5.68883)	(-0.679391, 1.47404)
624d0040eafc828499b5009791d96b85	-9.115687040000003	0.20723528285450027	0.1572349991294509	0.2122644445448012	(-9.38962, -8.78658)	(-0.233848, 0.585082)
bc5146d3526a9ef5179457a2077b1b46	-9.222322334999998	0.12777375618849987	0.14061655789734637	0.18963391706319352	(-9.46968, -8.95541)	(-0.234676, 0.464964)
7bbb537e486b770d58232a6c683a3a9f	-7.350535205	0.19376486778200028	0.15528401975334732	0.21082025190944526	(-7.62853, -7.04532)	(-0.22652, 0.576292)
30c16856bd5bae4cd2f1182341b30ffc	-9.649094610000013	0.8118593821999986	0.27429489263208645	0.37121476945699267	(-10.1863, -9.15456)	(0.15067, 1.52714)
ac5402de1ddf427ab8d2b0a8a0a44f19	-3.5982096999999995	-0.04397241245109995	0.1335954021046757	0.17861648527113058	(-3.85908, -3.36549)	(-0.353054, 0.3068)
d0037fe3397f56b52e971759e3f2f7a8	-8.745290580000011	-0.13521120784979987	0.29614692485110095	0.40885630394965183	(-9.28492, -8.19382)	(-0.879372, 0.620759)
3d7f3a3956e66e4728521a97abd9f07b	-7.353218104999999	-0.21558284801350025	0.35933195575130694	0.49920346819503975	(-8.0162, -6.64608)	(-1.11023, 0.748388)
3e15d94435169ddada1e508dd8b83a55	-8.44840300500001	0.5385246723199992	0.23892831183394714	0.3258495752370728	(-8.88979, -7.99942)	(-0.0491973, 1.15271)
ed1528f4822674c9e1da64b84c778e9f	-6.146332509999985	0.2730930064569998	0.18045553863680613	0.24513096729353046	(-6.49529, -5.82276)	(-0.200555, 0.717044)
477734397215c70bdacce28d5685cc6e	-5.838736119999994	-0.5191289944275497	0.4267430487558593	0.5880544323974436	(-6.58211, -4.97507)	(-1.6623, 0.57317)
1243750138937650754b619370565800	-6.0550199249999945	-0.0882332261040002	0.22544747485555136	0.30727495740499483	(-6.48208, -5.63878)	(-0.674593, 0.46884)
997c1b9bc29e50b9096303c708bb54e8	-9.421751920000007	-0.11960631548150003	0.20397892388654673	0.2759452637459606	(-9.81971, -9.06835)	(-0.5772, 0.445845)
8aff935557eab67b0baa4553b8518105	-8.960401289999982	0.25423284720699973	0.26454868146153354	0.36181872731704695	(-9.44885, -8.48196)	(-0.394195, 0.924483)
39bb3fb5b2257fd2eacca408dc42c5d1	-5.375434900000008	-0.006996649091000002	0.18295865601821087	0.25133862043689964	(-5.73742, -5.04074)	(-0.496391, 0.470608)
b9024a1f377b62508864cfea59b16a31	-7.762670965000005	0.1903751636690001	0.15049536206813405	0.20539963758758867	(-8.02538, -7.4696)	(-0.178336, 0.581616)
7ab1bc6052053650189083370055ae66	-6.273879829999999	0.21889255423445486	0.2396163721077319	0.3244652338668544	(-6.70199, -5.79186)	(-0.429964, 0.808647)
8183f1e3f9806994e125b1d5c6932498	-6.537675164999996	0.1689695715949997	0.20563158896889525	0.2755991212037204	(-6.94564, -6.14808)	(-0.369288, 0.699992)
92f000f936d3f349c5e7719a5edc5078	-7.175168380000003	-0.18530745029749987	0.11211972569256311	0.15320286226677068	(-7.39804, -6.97278)	(-0.456226, 0.120101)
6509bd0f539df985ac2f40c335cdb999	-8.774453859999996	0.3660367049245	0.22919801519123245	0.31232568223060364	(-9.17625, -8.34428)	(-0.211988, 0.925633)
c4f9ef34bd2919511069f409c25de6f1	-4.641918470000001	-0.08224262967909991	0.29294666780432776	0.3949689762988435	(-5.17199, -4.10186)	(-0.752103, 0.703808)
74923f4bbde849e27fc4eda25d757e2a	-7.150171269999997	-1.9537538245000023	0.30766170566303325	0.41856647513048423	(-7.74861, -6.61118)	(-2.7253, -1.1773)
3edf7e19ca2ce44d4d3daa243e8725f7	-9.833271224999974	0.37346268277550076	0.18172586336471036	0.24552796360535764	(-10.1402, -9.49248)	(-0.100419, 0.776212)
ebab7cfc7858bfb00c486bba21d6ca6d	-6.1235712100000095	0.6721534138259987	0.21081256019088584	0.28630921326303815	(-6.53826, -5.73202)	(0.178931, 1.26221)
8937656c16c20701c107e715bad86732	-3.309527085000003	0.12598843657949998	0.14502594147376804	0.19595743507898175	(-3.59475, -3.04492)	(-0.23941, 0.501287)
6a6880faba39965be0e4b7d88966d1c9	-6.153076215	-0.26629983375949984	0.2180191767595771	0.3021124439118738	(-6.52566, -5.73748)	(-0.850708, 0.262975)
85c05d873041801d03eed489230b23f6	-8.317138224999992	0.3162351822687502	0.14219374846876834	0.1930329795128571	(-8.56434, -8.03463)	(-0.0736588, 0.651651)
6d8fe4ac153ead767024e041ff1f0ec6	-8.621662905000013	0.401250893925999	0.3087166605552915	0.4176481182486245	(-9.18372, -8.00635)	(-0.360077, 1.19017)
ed5952d1e022067b212146b9b3bc6812	-4.513398309999994	-0.3260169998635005	0.3376284009689411	0.4663122882135701	(-5.17237, -3.91412)	(-1.18747, 0.554849)
7029eddc845e01d613a3bbc113ebeaba	-6.822127715	0.4539497514020001	0.2065409358328966	0.28052380669003935	(-7.2158, -6.44969)	(-0.0584857, 0.973506)
41d23d8bc82f57b26b6896d5e2e947e8	-9.77863104500001	0.1904120374970006	0.21302103233919878	0.2892902563338594	(-10.1957, -9.3937)	(-0.335447, 0.755797)
0021d135d4ac12982cc8abdf2b38e23f	-5.988976450000005	-1.0887214151020002	0.43229002921175164	0.5963178597020699	(-6.73321, -5.19872)	(-2.13052, -0.042824)
e4c0082e2ab8c9772768fc29bb86caa3	-6.747615269999982	0.13208256940860014	0.14713532413539274	0.19894245084716536	(-7.02936, -6.47919)	(-0.231138, 0.523483)
46d8ab5615f60d7b522f3590976668be	-8.891900864999991	-0.12736482033450006	0.14385667553193984	0.1956441048535574	(-9.15546, -8.60454)	(-0.505579, 0.243072)
28bb502265419a0e86626d75a1183ce7	-8.507349935000008	0.2988484655105005	0.30328286738776694	0.415765401409632	(-9.03159, -7.95726)	(-0.445297, 1.06878)
ea3af29626a95b6c7b89d631bf1a739c	-5.4315060900000045	0.0863280957299997	0.16658588241688405	0.2238510527763955	(-5.7313, -5.09654)	(-0.356911, 0.478495)
94b000e59b7ac160b0416c9ab45ff0bf	-7.902069324999989	0.6195839463499999	0.4213626307379363	0.5837821977328241	(-8.71583, -7.15101)	(-0.517887, 1.64376)
75878b49cacdd2ffdcea1186a43be92d	-7.843048340000011	-0.2822248244654999	0.18051626804292292	0.2497704638518235	(-8.20356, -7.5204)	(-0.772484, 0.169823)
aea50462b44fe88301c739b72353e16f	-8.858904174999978	0.5611651288699999	0.17560249894298036	0.24163410966119866	(-9.20193, -8.53689)	(0.0988884, 0.997778)
2d575dfaf20c70d49b09be32a1492254	-8.97683567999998	0.22020175987750026	0.14923548191679348	0.20214035204116754	(-9.25271, -8.69113)	(-0.150685, 0.612596)
b955f67a541a149dd3b179dc62d37a72	-7.86917112500001	0.02644138822550001	0.20400739667272955	0.2777222681087086	(-8.22803, -7.47601)	(-0.479224, 0.566619)
ad7bc2bb6e1ec90a9bc3c8949bce80d6	-6.305411839999998	0.04983729583150003	0.4057434225799779	0.5583944381367256	(-7.0149, -5.49285)	(-0.907995, 1.15464)
8f1c11c7b732265cbfc1bb7dbd0241e7	-5.9790078499999995	0.4212104643595009	0.1597460551731326	0.21745749373777432	(-6.28659, -5.69441)	(0.0418765, 0.852787)
1fd31ccf4d6163405f70131e32d5065a	-7.518996549999995	0.7951647454720009	0.36959457380783806	0.5103572373664035	(-8.21653, -6.82346)	(-0.117756, 1.81081)
5093ad88995f6fe457c7fe96bb0ed33b	-6.193905060000017	0.26440723147605005	0.17040772507605503	0.2303539839764326	(-6.48551, -5.84883)	(-0.182256, 0.664411)
f9b52205cb2d03153fd394a290212a10	-5.366732514999992	0.18972495899699973	0.264067259237916	0.3566116306373179	(-5.85489, -4.88234)	(-0.451913, 0.86484)
9d4e16844252e2dfbaf80a4a6fc4d55d	-8.946041894999995	-0.8032771917685002	0.2687953681333796	0.3671217470400603	(-9.43686, -8.43383)	(-1.51806, -0.163449)
148c7eb0139bbc1b8c87dd31464742e4	-6.059259674999985	0.5541106071000008	0.14492753690118515	0.19556590193539805	(-6.30485, -5.76115)	(0.168065, 0.90408)
eea6b86c0c75e740670ccc50613b1b23	-3.3597516750000027	0.008055873610500008	0.06614488121120463	0.08997222070474341	(-3.47594, -3.23542)	(-0.165552, 0.160955)
3fe55dd5e59267f275e972017302459f	-6.259059934999994	0.018940037952500002	0.3772193473955781	0.5172686824350237	(-6.93083, -5.52412)	(-0.982098, 0.965192)
f11bd4248a2f95e53507c5bbf8dda43a	-6.3886460499999975	-0.5752212070699998	0.19542012081307666	0.2668132824905099	(-6.76545, -6.04124)	(-1.06977, -0.0865608)
09a55cd0bdf9fa4929eab3f0ed841bf5	-8.93067268000001	-0.04844827363849992	0.23015673679933343	0.31288421319588305	(-9.36587, -8.48686)	(-0.609865, 0.56233)
bfb7bb16ab570748b3a5d099e9426af1	-8.198148054999994	-0.26434134269025	0.14363856184453733	0.1955452462017071	(-8.4772, -7.94686)	(-0.624724, 0.0930209)
ad52a0f6646c574417ce0b13b84acfa9	-3.554139744999994	-0.0732974591695002	0.23231170475330112	0.31686162425367187	(-3.99231, -3.12496)	(-0.687018, 0.494209)
180b74e94caf35fac5e1f0f4b7ad9d9f	-6.323693385000004	-0.09747440209499993	0.08761767146010993	0.11920425852229974	(-6.49554, -6.16163)	(-0.325796, 0.113013)
810926a593979f3574e3bbe7defd3559	-9.804004984999988	0.5295035593364997	0.24292060978743624	0.32311790315887107	(-10.2758, -9.37277)	(-0.0506012, 1.15209)
5d62137a2d05df0be8d6b7e163a3ef08	-5.285434834999995	0.16942821171999986	0.3262648395918149	0.4444692033289966	(-5.89981, -4.66019)	(-0.620694, 1.05387)
f9765bd9332162f70268554ab318197e	-6.533769390000001	-0.579903953345	0.2578919042128464	0.3559384602292907	(-6.99948, -6.02157)	(-1.27678, 0.0601828)
bc5b6cc17572b4fd6ebd80081410427e	-10.090791735000016	0.36833914191799944	0.17492793283218008	0.23464312802582638	(-10.4078, -9.76097)	(-0.0263434, 0.831875)
a29679284280410db95e5cb8c0b2d73d	-8.528754779999993	-0.5010714810464993	0.21483658611058698	0.28980141629052475	(-8.91853, -8.1164)	(-1.03153, 0.052557)
1c86153e1b13ab5322c96f2602b73513	-4.929294214999992	-0.7831911686649998	0.36651554786677737	0.5024892210631173	(-5.62287, -4.23302)	(-1.66619, 0.200637)
fec0355651c9ad579f01f3e332311725	-6.920530410000008	-0.22831043261250045	0.162359187431854	0.22285288326136563	(-7.22137, -6.619)	(-0.665949, 0.163371)
f10155af1849a17996f302d71b32398c	-7.778302510000017	-0.5774073611849995	0.2927384789382832	0.40189065643252764	(-8.30672, -7.22835)	(-1.31267, 0.196981)
0cc26190e976fc496119a5eb4cd0fee7	-9.92073387500001	-0.15165305544219973	0.21355377333387124	0.29085187896781467	(-10.2929, -9.50715)	(-0.719566, 0.363132)
9c25197937d1f54e2634026fbca6b55f	-7.206685855000013	0.23687829342600028	0.370051026737893	0.49894367235751597	(-7.91867, -6.56512)	(-0.65305, 1.17205)
40ced57decad1424c32de76ae039c050	-9.62957583000001	0.21060900748900022	0.18063482149134763	0.24519736884295812	(-9.94903, -9.25554)	(-0.235847, 0.69988)
2ad31c7624bd7744a56a5ccac67ed01a	-8.791715145000008	0.20469777167650027	0.18004689213029731	0.2441829918015003	(-9.14407, -8.47569)	(-0.225916, 0.685328)
41df3b4c55182503ecd97c6dbe47966a	-6.77550932999999	0.1024162085450001	0.14490571641709343	0.19628135906172314	(-7.05891, -6.50768)	(-0.257363, 0.477676)
fea3411c847e6627afb5e78b88e2e9af	-5.252731104999997	-0.570833477415001	0.18603887415626064	0.24670086265992078	(-5.61757, -4.9179)	(-1.00836, -0.106344)
8bb5ff097e0707dca3fe5860af20f4a6	-6.711889590000004	-0.010840649624250015	0.14779366425098173	0.2034020141602708	(-6.96285, -6.41142)	(-0.383993, 0.374236)
bda6b6e7da7508c68057140e7bd6cd8d	-6.148220194999976	-0.10720237978700002	0.18146745073294007	0.24665097715224643	(-6.48157, -5.79675)	(-0.577831, 0.335877)
1a5526b9f7147b6893f1a034a107cc65	-9.392020989999988	-0.6831156523600002	0.2349677469607688	0.32604758678906365	(-9.82119, -8.92998)	(-1.3109, -0.0989645)
97f26830027d30dfbd60b54895af0660	-9.093417360000007	0.045598170901500076	0.23786590077968398	0.3263428311020085	(-9.55906, -8.65879)	(-0.542569, 0.705812)
d061a99148d649c4eca4836c5f4b5b68	-4.899212300000001	0.2947551595554997	0.10709857013149143	0.14707457303337962	(-5.10786, -4.70928)	(0.012815, 0.555507)
f9f5f08e8da4cc9740518223846563db	-8.938882280000014	0.6577328845395003	0.25683254987949167	0.3481210664210968	(-9.43654, -8.48255)	(0.0243088, 1.32982)
40c85a458df8d5a935122ba778d4f334	-5.2821380249999965	-0.2262880250589504	0.2648870643084509	0.3595397833890657	(-5.75937, -4.76938)	(-0.839521, 0.523841)
7ebc04cb539befd9f2e7faa131628c66	-8.363074564999994	0.06622784620900003	0.18850030538678378	0.2579325476355311	(-8.70932, -8.02341)	(-0.393794, 0.561429)
f7ef98bb6d0061b9368a72b1ff40aad0	-8.476993620000009	-0.5806852743635008	0.3044423050241138	0.41809793459288563	(-9.0634, -7.94896)	(-1.33547, 0.210911)
362b97b08074732371b6e76cd1a894e1	-7.752175050000001	0.9254885651196999	0.43359436186094236	0.591649215608657	(-8.54014, -6.9398)	(-0.165985, 1.99242)
2fad39e365933a7f925040cb3c2a5ef8	-6.09680869499998	-0.008973115060000005	0.2851547443146388	0.39282565508935025	(-6.61597, -5.54013)	(-0.756094, 0.721941)
4c855814a58f4f324e8f0cfaab222e1f	-8.207835285000007	-0.8986596199699994	0.3251145076558702	0.4472623136436838	(-8.86449, -7.63558)	(-1.65561, 0.00293149)
2f61368750bbc7603f01c928568e7ad3	-7.126495625000007	0.22721995961449967	0.13711156003820166	0.18690512661077816	(-7.35539, -6.84166)	(-0.124613, 0.578344)
599ba6458e91e2527f358f547ea39261	-4.048692300000003	-0.2628442153249998	0.08621061397188866	0.11752495701942865	(-4.2075, -3.89134)	(-0.492663, -0.0627216)
4b548f1f6fc22f32237396b7d4ffee6e	-7.687248530000008	0.07693667494699995	0.12325374377494212	0.16771826881021318	(-7.93043, -7.46762)	(-0.215442, 0.400016)
eb3543a838a705addef1d704eda7cad3	-7.611856319999999	-0.6135595038389993	0.37946127296096727	0.5236947774306444	(-8.31184, -6.89253)	(-1.52217, 0.434777)
2281740c4ae82360612b5bc7e9538337	-6.596048949999993	0.1907339909229998	0.2627415493078655	0.3536071988740421	(-7.05665, -6.0827)	(-0.470652, 0.82972)
96936173022b85940115c9ea103505bd	-8.220087854999994	0.12730936851214975	0.17742476444580382	0.24180722383261563	(-8.56174, -7.90841)	(-0.311423, 0.580805)
f45b62ab6ec22fb20364a7e05088158f	-7.7259529150000015	0.6755690988250002	0.2789674938394305	0.3824393700482918	(-8.25791, -7.20734)	(-0.067458, 1.35639)
c16907f7272c334959e9f980842194cf	-8.124550374999988	0.05308323150900013	0.2719056817506933	0.3673668475929212	(-8.623, -7.62822)	(-0.55579, 0.811256)
266c2a374ca451985731e1e1b5961bd2	-8.575589784999995	0.28350640966450047	0.1962459589538185	0.2631231847507816	(-8.93463, -8.21105)	(-0.176353, 0.80209)
2ad8a4ebf774763b765f4ab5b516ff21	-9.612542389999991	0.32678072298599947	0.2323528491165709	0.31491106740582975	(-10.0383, -9.19272)	(-0.275268, 0.903963)
f12011ad5219b22b6ca790103333a755	-8.88213774499999	-0.4109122766040002	0.15480843112170922	0.21574115721716117	(-9.13815, -8.57638)	(-0.828717, -0.0405255)
b9fefd4224e459a6a0d21db63b1c0d03	-8.71489808	-0.3121567386155001	0.2312265815141365	0.3110666202612399	(-9.15064, -8.28225)	(-0.895556, 0.251064)
0cc2420a6a4698f8bf664d50b17d26b4	-5.730973239999998	-0.6812255463100004	0.16569179720373126	0.22043372182669813	(-6.03199, -5.43121)	(-1.10224, -0.290635)
33f9226b33e1f59f71edc044bb947764	-4.194632445000001	-0.17539890869400027	0.28191162449511015	0.3852525217704688	(-4.71874, -3.6762)	(-0.897771, 0.514734)
b4ef8e75d847b17325effd2f3873cc9c	-7.490344674999999	0.10430760672210009	0.26789202479598817	0.36604212102572986	(-7.97354, -6.95849)	(-0.581175, 0.795002)
8ffd2b3caa54b2922e98a0d5aab5adde	-6.9397578	-0.07839341427935013	0.23720520717273477	0.3216326338010342	(-7.3698, -6.49218)	(-0.676768, 0.541409)
42608e863ede290f764f14c074e8e4fb	-9.156740469999995	0.2217548233034998	0.20012307062525098	0.270345665320766	(-9.54537, -8.78322)	(-0.28301, 0.742543)
2a8a90cd5770804a5f23f425004de7e5	-6.649993719999988	0.49255762449999985	0.41410999368834506	0.5739812532572547	(-7.47718, -5.9261)	(-0.525094, 1.62373)
f19fa34c0c987ab3bd8aa42d8a4d21ec	-8.969325855000013	0.052061602575825004	0.19114612422952482	0.2602284868497628	(-9.33834, -8.62911)	(-0.431211, 0.537371)
340a5698fe78713b785c3bcce89df73b	-7.968097050000023	-0.8102004038500011	0.21163446327854418	0.2903660536956136	(-8.35764, -7.57316)	(-1.33759, -0.273826)
376917760e5aa918592416e980809536	-5.621776014999994	-0.4793564065275	0.3270035411099855	0.44183400578198284	(-6.23379, -4.97426)	(-1.30614, 0.362488)
589c1370b3324a2d6cff6d1ff85341d1	-7.961034665000007	0.31584386046775026	0.25792304043936787	0.344534257879614	(-8.45107, -7.49248)	(-0.322187, 0.954187)
e5a43b018c81cedd19e9a5354d32d469	-6.432378744999998	0.023324280951999978	0.21640253368404655	0.2814524513321342	(-6.81193, -6.02277)	(-0.482004, 0.531977)
f4dfb45b33372cdc0dc2fd20c0d0b448	-8.328225260000016	0.1561496764703999	0.3699176486340343	0.50537846566746	(-9.09945, -7.71929)	(-0.706491, 1.18497)
e1b3393309a8b247e0c358c26176d13c	-6.906904149999991	0.2795856561350007	0.11982110355266097	0.16237848941632776	(-7.13421, -6.69631)	(0.00465485, 0.59908)
b47757a69204f053308f7f5f0022edab	-7.6334055200000055	-0.10473620699400006	0.25601187295305183	0.35165332327905174	(-8.16064, -7.18693)	(-0.73867, 0.587459)
03569e3fd843f501355f7853b0ec9361	-6.554675054999993	0.38463668118250005	0.22212655353941152	0.3025215086507551	(-6.9705, -6.14787)	(-0.211231, 0.934862)
25e04b2be57def00437d44ab461e8773	-8.175800744999993	0.46351752896099935	0.3413716349188886	0.4688842898684037	(-8.79377, -7.51517)	(-0.42948, 1.296)
4d04d759f5a6615dac43060726239891	-5.682510395000007	0.52810755364	0.17644644470998538	0.24031085873328767	(-6.05281, -5.37329)	(0.0794003, 0.991281)
237135dc8b20f922cabee934f7d410a1	-6.386186429999995	-0.30065250102579993	0.2537193150979151	0.34771141852762066	(-6.84104, -5.89176)	(-0.932182, 0.375512)
9dd9cefe38347b087dd318d82962cc03	-5.573060159999996	-0.28862781917400027	0.18130990490007554	0.24714768126676895	(-5.91769, -5.24829)	(-0.748264, 0.161349)
c764eda12e92f19526c7e5a78a38c615	-9.63775299000003	-0.34594622026849986	0.2397052088288028	0.3287067742195497	(-10.0822, -9.21512)	(-0.929939, 0.259469)
6fc765c81c8b663cedcd799094894748	-8.872633239999981	0.22326252104429994	0.2734911389692587	0.3712036283152364	(-9.43942, -8.41005)	(-0.514212, 0.875508)
1a389bf765c8ff0f92600f684fbe7ad7	-5.945623055000004	0.10147203428449995	0.18864508850197242	0.25590068465682686	(-6.30032, -5.60441)	(-0.359476, 0.586601)
b0645cbec7653c887cb868a248d95874	-3.7444984099999914	-0.06852346040145006	0.12213146946250952	0.16611211358165912	(-3.97274, -3.51658)	(-0.385972, 0.238691)
d6c46ad81c01997055a3b713c0d5ee1b	-6.876006995000004	0.6728077213093987	0.321938911004588	0.43780174772053987	(-7.45736, -6.26615)	(-0.130169, 1.50527)
fe2a1f2b6f247658881254d63fd68b74	-6.0852842549999915	0.10020388535055004	0.33218016559383096	0.4569967284449445	(-6.69218, -5.45261)	(-0.741588, 0.944122)
89aabf43d24dd5bd0fd0f5aca189d341	-5.186911304999998	-0.13095559217499994	0.07047670416419154	0.09488369410712336	(-5.31967, -5.0552)	(-0.310171, 0.0420151)
2ae8a432208b85a14e86eb821c86ce2b	-4.30160053	-0.0005217987427499968	0.11143934486086636	0.15161489686270746	(-4.53847, -4.11252)	(-0.28358, 0.283641)
f596fa835cdfdb22d6494b012f61fff2	-5.66512355999999	-0.006892595115500001	0.1504226295506311	0.20558722268231336	(-5.94329, -5.37136)	(-0.428748, 0.360571)
f7895578be91c3e9c71c7b89e3e798db	-9.279138319999985	0.5530882836060003	0.2972197983030027	0.4046354702201609	(-9.87511, -8.76481)	(-0.24274, 1.27008)
8b40296c81e6ffbc10306d4a2ccab530	-9.566269254999977	0.20999554058850026	0.1539120073444402	0.2079952991790354	(-9.86296, -9.27819)	(-0.194856, 0.590691)
40a6b537d995aeb12b0100e2cb6ad879	-7.026917809999999	-0.12321854924495007	0.191777379056561	0.2604841348827205	(-7.38857, -6.67923)	(-0.617705, 0.352786)
9ac5fec396208e598ab2e2d26985d0df	-8.151894705000002	0.028458217259999995	0.12116664583338511	0.16490773973015735	(-8.37285, -7.91374)	(-0.306784, 0.312241)
19cb3add28813b2bf3e1f40a000d33c2	-4.186125090000002	-0.32930851400199923	0.1754084111811401	0.23877870439182883	(-4.52907, -3.88565)	(-0.726504, 0.147268)
686d42b9552375c3b61301ae5605e3a2	-6.811602745000008	0.452950045907	0.27410084523276285	0.370807884258928	(-7.33739, -6.30773)	(-0.270255, 1.13533)
51625f89e7332f46ab0641e10cede6ea	-6.888621239999984	-0.8171224323300006	0.27807484895808615	0.36713178038479605	(-7.46156, -6.42885)	(-1.45918, -0.138618)
ddd87ec4b9d332c2d8c02f5d1b08dbb4	-7.635748524999999	0.2597740078484999	0.12553737110069796	0.16943251046195393	(-7.86827, -7.40021)	(-0.0817536, 0.561242)
588a23811b3e98af68f4f0fb24a0daa8	-5.554933680000001	0.12142734680950008	0.20865816192652895	0.284955280564952	(-5.94391, -5.16792)	(-0.412334, 0.64088)
7c82a2ef7685c5c6dc3080f56033cee9	-8.524883445000004	-0.5726842090399987	0.2632445028466538	0.35764249270750553	(-8.98912, -7.99602)	(-1.24792, 0.106021)
b835514e2678e3c7ba13bfe0a0d79bb4	-9.074696684999996	0.7419950254799996	0.2963990913974952	0.4037733283480171	(-9.65248, -8.53511)	(0.0279159, 1.54427)
c162a4f3943238810eba8a25f0563cca	-5.2134865050000005	-0.09173182254750002	0.14287235401901574	0.19649942244088545	(-5.45247, -4.92165)	(-0.47609, 0.247752)
5b00db3216a94bcd5c4842499bf6bf6e	-7.87798440000001	-0.1104267802784999	0.15411970469229433	0.208940383556445	(-8.17403, -7.59982)	(-0.498708, 0.271117)
beef5a54aaee13f217ecede427cb3071	-7.453238730000001	-0.23192395015800005	0.3191508293385546	0.44308773003923796	(-8.08486, -6.85414)	(-1.032, 0.65207)
f7686a74ca2d3729eb66305e8a26309b	-3.713986044999999	-0.025920872870949976	0.07966389349641385	0.10929345349826522	(-3.862, -3.55591)	(-0.231168, 0.181477)
5ca5ea401c8d3569e69626d2f81d5578	-6.0259601949999935	0.06462673065749999	0.3504609569464365	0.47816752035313775	(-6.62458, -5.36297)	(-0.777632, 0.914972)
b6d740387526e21887b761f90fbc914a	-8.278375205000001	-0.2536277728970004	0.22451522854443068	0.3008021939187806	(-8.70076, -7.86199)	(-0.829436, 0.311393)
5e69d50b5a886d1b222f36de84a9dc98	-8.549406010000013	-1.0008217902799976	0.28460050476357224	0.3923570505896548	(-9.1131, -8.04294)	(-1.76285, -0.29369)
208c8722c4dd18b60b2b2684272ff26c	-8.520107215000005	0.1852692323647499	0.24194372383530388	0.3140452030202356	(-8.99345, -8.08413)	(-0.383583, 0.803549)
95fb1be2ae50b6d347649ea76c2a1874	-8.86084363	-0.2251480240900003	0.2074570927532319	0.2831542411382898	(-9.2455, -8.46723)	(-0.745624, 0.314786)
ea2b0e4a93c24c6c3661cbe347f93b74	-4.341857220000006	-0.047976867694500026	0.10601887106865267	0.14345512922627718	(-4.53484, -4.12495)	(-0.336675, 0.21787)
04b5dd98584b9ead93ed64c586994296	-7.691298739999989	-0.07108027337119997	0.18768535289577715	0.2597984406093462	(-8.03334, -7.33619)	(-0.540899, 0.436476)
ec6c9ea52e88226c339487585ea02f42	-5.350537134999994	-0.2127162011345998	0.1733648892683918	0.23318916715333324	(-5.65187, -5.01567)	(-0.649596, 0.232234)
4ce0afbaae4138f34580aa9f62b7a0fd	-8.208630975	-0.32289703707800044	0.25002586324458376	0.33742687495054946	(-8.65149, -7.71918)	(-0.916475, 0.350993)
f655279fdb3e9fe733677c83df662486	-8.860588654999997	0.3452868297380004	0.1702291955386648	0.22988271294093007	(-9.17971, -8.55055)	(-0.0789888, 0.76708)
