Feature	Intercept_mean	beta_carotene_eaten_mean	Intercept_std	beta_carotene_eaten_std	Intercept_hdi	beta_carotene_eaten_hdi
7e9ed2c841e64976eace4b578ff56a26	-4.962357254999998	0.5449386072500004	0.1073039415157477	4.898432670028394	(-5.17533, -4.77513)	(-8.63468, 9.73582)
a6099802840e60febef8e896967b7747	-6.934463209999999	-0.554783853715	0.03781117625512197	4.822724614234159	(-7.00843, -6.86262)	(-9.50139, 8.1822)
904ad13c7b8512200836d5cd9fb09e1b	-8.930940610000002	0.00734903515499995	0.08458356442434845	5.102116437931103	(-9.08933, -8.77461)	(-8.51243, 10.6879)
1aab913302590e21a7be28b1494a3320	-9.107428424999991	-1.2912637806749985	0.05206316280701134	5.1183288227488495	(-9.2078, -9.01886)	(-10.2177, 8.56754)
e644522cf6d7222c9da7f9ecf614cd89	-8.758103469999979	-0.27494737907999983	0.08017761898285017	4.94624615902844	(-8.91168, -8.6151)	(-9.29016, 9.14449)
bad4f7c5ada34a1f813946abcfe5c556	-4.711637609999999	5.0982956407249995	0.036531076503271843	4.838081555058343	(-4.77714, -4.6432)	(-4.19962, 14.1767)
399bcf0feb12a20ca0731d8d65268dae	-6.287838315000013	-0.7927699272400002	0.07073572157835648	5.050523677992233	(-6.41979, -6.15832)	(-9.82706, 8.88735)
32f7e6bfc42fe19c17f9459bd9be4b67	-7.1750456799999895	-0.6504083163699991	0.07297988759814304	5.031882928770435	(-7.31265, -7.04269)	(-10.4206, 8.71904)
c942f59feffce9c3ab527135de234101	-5.220736560000004	-2.754548727624999	0.04972184511828172	4.901123950521752	(-5.31597, -5.1321)	(-11.0458, 7.34487)
29bb5fa7f45e47bbabab8cc1b1b3d18e	-8.793166469999983	-0.4149894192580413	0.10162264313202596	5.131927239801031	(-8.97861, -8.605)	(-10.1268, 9.31453)
7b2ff5940de11da4dc3bb208805dff11	-8.386340475000015	-2.9956859689050015	0.05056808103462476	4.996799185454158	(-8.47993, -8.28908)	(-12.4193, 6.10681)
6c7fa77831ae630967a6fbfc8ee47901	-3.456304534999993	-0.7870395164645018	0.029711681611510596	4.519750931250586	(-3.51506, -3.4033)	(-9.39003, 7.79663)
6c83fec6e8d03fad51eabc871853c991	-8.380002180000016	2.798290037870003	0.08832029770753484	4.8515531748566385	(-8.54143, -8.21142)	(-6.29805, 11.7753)
23597fea41001255f06321d42aefd3bd	-8.401909914999976	-0.03484965496500002	0.05940571113068823	4.851751050709193	(-8.51341, -8.29126)	(-8.62779, 9.22842)
ee02d6d3506da57909d5e603709a295f	-6.763961549999996	-0.46706062834000095	0.04004609350982314	4.721121160051408	(-6.83944, -6.69072)	(-8.215, 9.0722)
e6a34eb113dba66df0b8bbec907a8f5d	-5.4988284999999975	-2.3411315481350035	0.04711189678361512	4.933539767840711	(-5.5826, -5.40846)	(-11.4962, 6.96856)
6c4de756c45fa6e7e5adfe196f9f0039	-5.446871699999997	0.42193392170000005	0.10251760580997785	4.864714915822912	(-5.63352, -5.25653)	(-8.86354, 9.52587)
60c57911662a9159dfdd0fc05d975a55	-4.258722079999997	-1.1311576932549978	0.04083979344185763	5.018082628191288	(-4.33842, -4.18544)	(-10.3113, 8.59414)
1986030e3c5cd5df6d869054bc96e536	-7.787805464999997	4.398886512334002	0.07329247935623255	4.884531517759012	(-7.9164, -7.64131)	(-5.1166, 13.1013)
ea3433f2c148c6fae4cc2e9ae197f5b8	-5.2278957250000015	1.1729892113999987	0.053888910317192174	5.02959278111019	(-5.32841, -5.12912)	(-8.53376, 10.3143)
059c8f8bb468064b134ea6d3661761ea	-4.911831459999991	1.8154079342750018	0.05544182108813171	5.0205987928236695	(-5.01034, -4.80407)	(-7.15051, 11.5653)
8a9f7499cdb85b8efa497bb56256cb43	-6.4374464200000086	7.125795063639999	0.03602302754743968	4.834426973346786	(-6.50964, -6.37541)	(-2.3436, 15.9711)
8dccd839cf4868a3343e411c063932a6	-9.167488465000027	0.14150012277499996	0.07485761872377304	4.957515899376899	(-9.31673, -9.0338)	(-9.33366, 9.049)
f402919ff0fe53fec5b6ef190f9e42b7	-6.955181409999999	-0.8267645821549987	0.04596120542057073	4.820593748828043	(-7.03754, -6.87101)	(-10.4288, 7.72575)
f9382b37fc2cfd3cf606824a235802de	-9.76598958	0.9923485652949999	0.07066903112342485	4.909458337680877	(-9.90596, -9.6445)	(-7.4006, 11.0382)
1664c7d0b9dec6e07df8542c0c4049c7	-8.485439065000007	0.8098124318395018	0.05468657853235824	4.9058129608602465	(-8.58344, -8.37656)	(-8.54812, 10.101)
3e5f388f7ad4f160c2a1cdd1441d00c0	-6.538632185000007	-1.5010042287490002	0.04414401526567078	4.866350938637255	(-6.6186, -6.45493)	(-11.3266, 6.82956)
f5706d9ec821f971e4c08ee992995b40	-7.904937854999993	-0.4571531071200001	0.07807653544983265	5.130970655185906	(-8.05507, -7.76483)	(-10.3712, 8.95121)
138eb7703e1255cf29760a4440de2a47	-8.608315109999994	1.0921428056941513	0.06874633594736447	4.906972455432909	(-8.74178, -8.48647)	(-8.17009, 9.71217)
56c3d1a8e4dc5c2aa7afbc1563559448	-7.4912985949999955	-0.024871845813000074	0.12335336053539843	5.021536391236219	(-7.73468, -7.2644)	(-9.84931, 9.26379)
de61860db8d93da85692dffb5cf32ab9	-5.0948464200000005	0.25343479307999983	0.09636973065378782	5.000544833520203	(-5.2665, -4.91146)	(-8.86084, 9.85976)
5c02713fbed5c1964b4410d9f8166555	-6.096133420000005	1.0028064173750029	0.0406348443715932	4.722875465398959	(-6.1733, -6.02069)	(-8.41942, 9.33347)
12bb0c9249480c4cec2cc9f692018806	-8.387174159999995	1.6265063990300028	0.05136717666851468	5.046456364521894	(-8.48371, -8.28937)	(-7.40477, 11.1705)
b10627ff6db16c65eed2f21380dd700f	-6.124049000000004	0.6462346291940011	0.10664502766420954	5.085216548595245	(-6.32236, -5.92853)	(-8.84304, 10.1322)
3f5f0d10bd5495e2c89d229c508dcdec	-7.05544496500001	0.5043522255950001	0.07763711735760659	4.968299034976589	(-7.20108, -6.90751)	(-8.53875, 10.3403)
de6891b6f7a1f35bd9ccbc058b9e1a77	-6.5879370599999945	4.428000757334994	0.029600277202357448	4.547342462228461	(-6.64389, -6.53514)	(-4.23031, 12.4849)
828c563319c7cee475b9b8ab6a0a048b	-7.446752685	4.931658579399999	0.04512503823977078	4.707472200058251	(-7.53263, -7.35991)	(-3.13679, 14.6516)
6a129e8ae637c96e7bb56223913911f7	-6.005023634999995	1.5442138780999948	0.057337439021435	4.948466587745884	(-6.10895, -5.89934)	(-7.24084, 11.277)
1527fd8b14037f53b8edb26b111e1f72	-5.809477709999993	-0.3779585715500002	0.04467526466464303	5.059392446532973	(-5.88951, -5.72134)	(-10.3795, 8.56343)
b3d06445a910a9a444919e41f5da39c3	-9.958069139999994	-1.234178937745	0.07114960905135315	4.916618886474528	(-10.0951, -9.82578)	(-10.4459, 7.77683)
992072d045462445dc239b35300af2cc	-3.8184211799999996	-0.08335680474500011	0.11878441235241091	4.987463164966106	(-4.03752, -3.58691)	(-9.63084, 9.2206)
2403a466dd6d1e4f551d80394c2aa994	-6.981370804999987	0.027713541434999957	0.134924190104673	5.0245265212680446	(-7.22595, -6.72092)	(-9.26335, 9.62208)
cae14798faeabb8e1b8840e712839921	-7.210962384999998	1.4249179157199978	0.08060398246713228	4.806168639044533	(-7.36254, -7.06096)	(-7.17231, 10.9372)
4311a44a7d56ce4086afad3e75bedd6e	-8.136023895000005	0.03384940499249996	0.059202233044700084	5.073006450465154	(-8.24881, -8.0287)	(-9.51272, 9.30821)
ab153c3e19553cead3d76fb9e00684c2	-6.912775354999993	0.7334531330400004	0.09036529272776121	5.031440048722658	(-7.07791, -6.73737)	(-9.17391, 9.71616)
fc1856f132cd513b1251fa39ad4ccd01	-8.069637555000007	-2.737980052749993	0.038194676831621116	4.831599177544656	(-8.13778, -7.99763)	(-11.3572, 6.51275)
8ef31508d9a2fc6f83935de5607a686c	-7.312364085000016	-0.30004157139499993	0.11469736133827481	4.883317149195903	(-7.53031, -7.09645)	(-9.76409, 8.44663)
21ce8465657612a85e2f89e74d285ce1	-10.149039249999987	-0.5183392939960003	0.07073627426389882	5.038631324437951	(-10.2738, -10.0143)	(-10.5682, 8.11764)
69d052e452e79d571cba042af265d50c	-5.113713129999995	0.5905836312469992	0.09975184379851379	4.962548247407442	(-5.2957, -4.93585)	(-9.40687, 9.16335)
79d5bee84cddbb27acb4dd7df378c789	-7.305457354999998	2.1500445029849997	0.07914994915888439	4.939979814917748	(-7.45347, -7.1556)	(-7.15553, 11.4618)
0f0a1f8c92368be6e8d3145bd4e94cd1	-5.198748579999996	-0.610996018865	0.06946848956385622	4.726016328129109	(-5.33831, -5.07663)	(-8.56265, 8.85783)
64d05989cb6f8053633b2127793200b3	-7.425407050000008	-2.639128927144503	0.052439385764876216	4.9614049487082506	(-7.52416, -7.32804)	(-12.0097, 6.48459)
bac3d8ea4685e825ef8d12b2a6979577	-7.464466230000006	0.45739479557500007	0.11542358978730088	5.068170858160195	(-7.67652, -7.25176)	(-9.27915, 9.54354)
a8d23fd98a311df2db65e5842634aba3	-7.251355724999998	1.2336656246149984	0.041705199824175095	4.857292702071414	(-7.32901, -7.17053)	(-8.14288, 10.4321)
41239266f2952a56a313fc4798f28a1c	-6.828617484999995	-1.0487778746576	0.05337841191460064	5.017737983941789	(-6.93, -6.72808)	(-10.5781, 8.10464)
2b982979f2401a8bc447d7141879e9b2	-3.8557748199999993	-5.458979184264993	0.028406271588640432	4.684202917976975	(-3.90716, -3.80074)	(-15.0602, 2.55721)
251429848560a80abcb96640ceb102db	-5.3693602199999955	-1.1324937557199994	0.05108424703811929	4.73883885082808	(-5.45898, -5.26959)	(-9.61044, 8.36016)
7b34b797cadb639f63827c6d332dd4e9	-8.189799200000015	-1.656695485775004	0.05049468987685737	4.793777360670912	(-8.2893, -8.09668)	(-11.3518, 6.67022)
2a99ec1157a90661db7ff643b82f1914	-6.407987699999996	0.00591365190999988	0.1334099424631088	4.903661284159171	(-6.6657, -6.17752)	(-8.88106, 9.4183)
2a7f11895ae7fe9fdffa52016207c561	-5.991580179999997	-1.4081343158349988	0.05890742604687121	5.093157166926025	(-6.09481, -5.87647)	(-10.9612, 8.02915)
0cfd41d10227f0de9092d5cda028c12d	-8.598680745000001	-0.11389018056500003	0.061193882355959246	4.75710044897992	(-8.72043, -8.49048)	(-9.02908, 8.88509)
a9387e76477da8688775569cf540191b	-6.064266125000006	0.55875316776	0.0762016352110267	4.938006333152212	(-6.20363, -5.92029)	(-8.4981, 9.88416)
bb769f42c78f86faa2801cb2c2abb8dc	-8.614010915000001	0.1875603456200001	0.07999263838449633	4.8481799955645615	(-8.75699, -8.46096)	(-8.85105, 9.0487)
68ee181a51a55ca3814763c9214cfd8a	-8.67000184500001	1.1750281428800013	0.07012836835935929	4.956400904718805	(-8.80571, -8.53736)	(-7.28188, 11.0746)
88956ab21ebb7e44b2dd317dd412818a	-8.490130229999995	-0.23019379523499997	0.07639249074383624	5.040603349244743	(-8.63515, -8.35261)	(-9.95405, 9.14861)
ca9dec36ad0aa5a1473144ddcb74951d	-5.164212040000011	-1.3630205560574973	0.04524650988571826	4.877416853777966	(-5.25332, -5.08369)	(-10.5691, 7.34927)
ae171d16e3cb68ad19636a58839a1ef1	-8.954378040000005	0.6222573286899977	0.09102796031087591	4.966120082083572	(-9.11917, -8.78937)	(-8.87685, 9.5728)
77f4d90aa6eb8080927f59ee8bbac375	-9.183149919999993	4.036776475605006	0.053749894089138474	4.86317868745343	(-9.28604, -9.08504)	(-4.65372, 13.3241)
a7b427a226422d10e62536b8d41e02fe	-8.151425110000012	0.4746429966550004	0.10955049818776674	5.0394354813628786	(-8.34953, -7.94564)	(-9.03114, 9.66924)
2480f3aa1e7784b461d9b5b83a6bfc81	-7.928609169999999	-0.2257928048475003	0.07551951010375473	4.899057115654506	(-8.06644, -7.78906)	(-10.1153, 8.58135)
9000b563231e32a7003bf2ef20bf9a60	-7.433730644999983	2.4271888791500023	0.057096527288741275	4.911916040362623	(-7.54245, -7.3263)	(-6.43781, 11.7955)
a186bb74dfce512f83043f7b366c60c4	-6.353247165000007	-0.18496831653499984	0.1337976742077856	5.028884928789371	(-6.582, -6.08886)	(-10.0748, 8.58645)
aad2c8fbb5e1201340fe4357731fc9ee	-7.995847275	0.018537136594999785	0.08751356569483594	4.95285939444541	(-8.16399, -7.83668)	(-9.06873, 8.72669)
490d2aec117bd7289577684ba3cc1b64	-6.8435009049999875	0.3003808675249997	0.0919408128538734	5.002024971858984	(-7.01127, -6.6647)	(-8.9968, 9.89906)
457d3865cf0a4bc602a07d8d5324388f	-8.642351530000001	-0.6583273425550007	0.09013406150706338	4.788578799559712	(-8.79904, -8.46503)	(-9.59147, 8.44041)
552e00cb506f739acaf08aa5641f9d84	-6.653775879999991	1.0769045768590004	0.06376560674004128	4.811386666360182	(-6.7717, -6.53571)	(-8.15064, 9.74109)
9dc78fd8f2f7cb10e190e77af61c7ecd	-8.154598119999998	1.8013492187649978	0.045000648811607154	4.7017101552879765	(-8.23557, -8.06914)	(-6.71421, 11.0564)
a3607a88a8ed64e24a374847b23e404f	-6.4457066250000015	-0.4470805431299993	0.05338687677378565	4.89945177335315	(-6.54723, -6.35244)	(-9.34479, 8.94468)
5bb151262388870fd53a84ea6f1ffdf2	-9.426789679999997	0.4541680346150003	0.091457926764702	5.162155304913363	(-9.60033, -9.25402)	(-9.54981, 10.065)
f7962a90f4519ec1d1a9c7b8ef7bf396	-9.063557454999989	1.945303024355002	0.06560561775239195	4.730940323212365	(-9.18545, -8.93662)	(-6.83796, 10.9734)
77ad88eed91eef009bf64f101c96baa6	-5.201933394999999	-0.2907247172449996	0.10081330633960973	5.019462032696122	(-5.37634, -5.00422)	(-9.4224, 9.67616)
08be83d0a527ddd1da0861135192e593	-8.52284816500001	0.15570296787	0.11187584436277008	4.782543539633711	(-8.72176, -8.31073)	(-8.90563, 9.04597)
b61862b15d33865612e76c1db7b995a1	-8.987344430000014	0.5746029326500005	0.056525042357127846	4.859511908236796	(-9.09497, -8.884)	(-7.80267, 10.1796)
14f11556b1fc9132c5ab27b67a2479bf	-9.197383294999991	0.47433913022500024	0.06633009480841236	4.910051918336118	(-9.31864, -9.06847)	(-9.70392, 8.76249)
514b34f09e4acd2397d38273c630d338	-8.520715870000007	-0.656231738855	0.10415026025432252	5.010776184745977	(-8.70528, -8.31216)	(-9.52938, 8.8311)
ba88d4e4e6a24ecc2a5aab6bdfbb77f5	-7.805214044999993	0.88496075697	0.04773519910284204	4.996558777349546	(-7.89233, -7.71137)	(-8.51212, 10.1793)
1c94105978b1aa2095e3c0096774f240	-8.216416875000004	-0.15767648865000045	0.06843864869709486	5.005494022982701	(-8.34791, -8.09526)	(-9.21805, 9.55179)
27b636c66fa117272ed27920bad78969	-8.403894844999993	1.5956536698950006	0.08117833890931733	4.66353420900334	(-8.54924, -8.25106)	(-7.23012, 10.3472)
7201d53bd647437ec3de879774eba498	-6.715804424999994	0.03615173193499991	0.11294805763345099	4.871671097595556	(-6.92467, -6.50178)	(-8.8901, 9.25508)
f8529e2e737999b4a7d06420482d4af3	-8.490836805000006	0.7706313193399994	0.10756639058340645	5.044378644998297	(-8.68762, -8.28851)	(-8.56602, 10.3034)
959d48a11e3b26c9268f0bd1dae6ec40	-4.232279150000002	4.0913701886899965	0.037188048562374114	4.842325333442483	(-4.30585, -4.16488)	(-4.91123, 13.1627)
bd0f4e14387ee1ac7e5fe586cadbbed4	-8.880548410000019	-2.2323867936315005	0.044275514186420235	4.791047947910124	(-8.96233, -8.7975)	(-10.8282, 7.19971)
66047b69a772cae3e37186eb74254da7	-8.844519630000026	-0.3464705231150002	0.0881629805948228	4.864766276801189	(-9.00503, -8.68728)	(-9.05322, 8.92209)
4207ad1746e5fbce9c5ed5efe1e357d9	-7.394959340000003	1.4514108626349984	0.04615710353742317	4.6051446850648015	(-7.47918, -7.31114)	(-6.68289, 10.377)
30207d209491dfb7de83344e77fd6fbd	-6.313011559999986	0.882669489405	0.04743162104721276	4.846936534383638	(-6.40068, -6.22497)	(-8.47137, 9.88835)
3e93fd55a231bb99b67a666bad8446a8	-8.25752594	-0.8359656140999981	0.05053889438854398	5.01976982864056	(-8.34937, -8.16256)	(-9.21513, 9.53286)
d39f37b814ebd81091a949f8bd9d1710	-6.240728164999994	-0.86734829697	0.06626633177853433	4.88722198337365	(-6.37902, -6.12925)	(-10.4625, 7.52331)
706b0d627a9ba61b18e6b7b39622ac1f	-8.998038685000008	-0.5966884829329999	0.0761835121113537	4.927209932116553	(-9.14923, -8.86445)	(-9.98308, 8.24499)
32382a0f5831da5faee464d011b5616c	-5.918047574999998	-0.4791264638799997	0.11742577107717606	5.014263972552588	(-6.13044, -5.68347)	(-9.9996, 8.74972)
fcd575ef43a2ae77d9b7c10639e80fd8	-9.828458320000014	-0.11546758638500032	0.08203669980428024	4.9486706724980785	(-9.98269, -9.6787)	(-9.81268, 8.41907)
fdb1c35a8dab336d65ed22d796e71e4b	-6.722008854999993	-0.3485037418800006	0.1233426941352383	5.0346127856830805	(-6.94657, -6.48598)	(-10.2879, 8.64318)
25def15fb42bed6855ede4893d27a21d	-5.287936009999998	0.8023680018347508	0.08694872708257378	4.840276460544721	(-5.44193, -5.11956)	(-8.63201, 9.36307)
2a13ecb6c618ddf8154298c69336dd8e	-8.548749724999988	-0.24623742470500035	0.10197797583681673	4.9632556613046415	(-8.74067, -8.36481)	(-9.02455, 9.77475)
9ad89cc951aa3031c19c59c95e401614	-9.652397385000008	-0.7324873826650006	0.07326855045523813	4.880433058105584	(-9.79207, -9.51993)	(-9.76132, 8.58381)
55d4d3011e1f3bb8e4e5089b801b61a4	-9.427149374999983	2.7122314089499966	0.08446390811796108	4.981791303563201	(-9.57832, -9.26358)	(-6.58797, 12.5809)
4ed55370307d6700d110b6d3f1196136	-7.661673764999977	0.5399254216250013	0.11749190388905431	5.025323779967627	(-7.87818, -7.43985)	(-8.88714, 9.96292)
154c25181234441402124e02c204074c	-9.484727110000014	-0.3738921775749989	0.08425159024640362	4.90931330409465	(-9.65415, -9.32722)	(-9.15628, 9.30003)
370829fece3190f1a8efccf50b7d0921	-7.653766740000005	-2.427432457448999	0.06009401338296853	5.0133164729534725	(-7.76183, -7.54096)	(-12.9282, 6.33811)
b1a153ff5a21342991138e7f7dd2658e	-6.675726719999993	0.46979584432749905	0.09970723608415592	4.881181956809492	(-6.84583, -6.47194)	(-8.44879, 9.52092)
e39b1ae9776ee98190c8cb02bc9de792	-9.194066615000002	0.6576890510950008	0.07479700117044648	4.958192366050814	(-9.32462, -9.04794)	(-8.17979, 10.232)
e71461ffe18aa4dc3b1f7ba4a1011cff	-7.465300660000002	0.8847419073699997	0.06411693442347659	4.962257039361318	(-7.58964, -7.35335)	(-8.03872, 10.459)
90c2b51afe404951ec89bd52c7ae1f58	-8.98753101000002	1.0705247921085	0.09283174530988786	5.059151057799709	(-9.16692, -8.82352)	(-8.34024, 10.8182)
c5af8314e36eaed98fc88f181f539e8f	-7.304380130000012	0.6645761691999981	0.05039079403802936	5.20007673930346	(-7.40052, -7.21074)	(-9.24952, 9.97753)
10cd502b01abafc87e2ecbad86389286	-6.08895289000001	-0.9517029252000004	0.0391843153385114	4.823596250199381	(-6.16018, -6.0102)	(-10.2349, 8.03928)
433cf7e272a09b91cc85082a1338b8e1	-7.7326618349999965	1.7540593294399989	0.04200591365727897	4.805064831526457	(-7.80806, -7.65028)	(-6.77935, 11.3411)
877f27b47c85f6b2d3cf8a6aa86def40	-5.355870654999994	2.1645459526300006	0.060696425587681624	5.158601566551078	(-5.48051, -5.25047)	(-7.84096, 11.3441)
9ed241a051fe72047261df3b7e08b675	-7.028269950000012	-0.7642792853649992	0.0506133494742	4.9655361802421165	(-7.12123, -6.93323)	(-9.63205, 9.02246)
04c8be5a3a6ba2d70446812e99318905	-5.975752690000005	-2.8853674396400035	0.050719004663576615	4.903577608995432	(-6.0652, -5.87709)	(-11.8327, 6.31745)
e0b7bd623a1b4cd1640883066e8d96bd	-9.537632059999993	0.26662818597400034	0.07295316918103276	4.952798656043831	(-9.67895, -9.40667)	(-8.6824, 9.98832)
6a17479edbe461431433bddb084f731e	-6.458088669999987	-0.15878757622499978	0.06266778039336565	4.912983111938228	(-6.58031, -6.34723)	(-8.98474, 9.23524)
35513c8de34a49ef37dde85737e6aef9	-7.749586890000003	-0.5948394535529993	0.08410955182336853	5.115991556094627	(-7.91112, -7.59758)	(-10.2675, 8.78501)
69536042153447ceb692aa53159ce0c2	-7.319049145	-1.2685079643049981	0.03968794059810833	4.810133084624184	(-7.38991, -7.24003)	(-10.1588, 7.99998)
0f92fcc184a951ff8b0914467ad2f8f9	-6.979226920000013	-0.5963521532449994	0.04858250360071616	4.87459680579692	(-7.06673, -6.8872)	(-10.6335, 7.59292)
e9d9bafcf863ec0908ce4e20e6386ff9	-9.48653139000001	2.780932077770054	0.06370399914972291	4.707600398625083	(-9.60317, -9.36783)	(-6.83053, 11.0959)
979578981da3916b394bf24c32bace21	-6.801471925000001	0.9724027420999987	0.07642204477730474	4.874228551798788	(-6.94577, -6.66382)	(-8.37053, 10.2557)
5860dac317300b1fe6094e958240cc7f	-7.642563359999994	2.2051540885950027	0.04716372142770753	5.00771674339871	(-7.72999, -7.55641)	(-6.84633, 11.9061)
3a1461e8439091ad6b93af0ddb3849eb	-7.068345115000012	-0.0455995466599998	0.10651555902583798	4.901847932270899	(-7.2695, -6.87392)	(-9.11642, 9.2887)
d32627161d829a1488c2a047669cb29f	-6.228795765000009	-0.016259137337500083	0.11793694002141479	5.061838501277055	(-6.44599, -6.00846)	(-10.6302, 8.39524)
e2c3ff4f647112723741aa72087f1bfa	-3.2969488149999973	-1.7583707860300002	0.048308442876434904	4.858240119788193	(-3.38255, -3.20313)	(-10.7268, 6.84837)
426bd7119a31b73ef734771a071a216c	-5.827096949999992	0.9485697188985005	0.0634106484141071	4.789979324788386	(-5.94362, -5.70521)	(-7.58863, 10.3858)
aed0d8840bb7da5eacd80c6f9a1f91ed	-9.703516729999981	-1.1751694072149996	0.07286789147221905	4.738071280970024	(-9.84276, -9.57071)	(-10.0663, 7.52662)
0b05a2e48cdc5f9e766bb0f4c209d4b4	-8.763514574999993	-1.392948435945002	0.0479057250484676	4.923401272585683	(-8.85727, -8.67959)	(-11.1546, 7.20912)
31c0a0bcf172474d82c69979df243e78	-6.125730069999997	-0.1861026349499998	0.042706622370483734	4.958257028646708	(-6.20228, -6.04688)	(-9.48881, 8.99144)
f9b9b7db378357774e672fe5ba242b12	-9.924827790000005	0.6785597461880004	0.06794895629600127	4.9259800212694556	(-10.0474, -9.79452)	(-8.22065, 10.2424)
95f975f50235610bca818dcc9d97f7d6	-8.822526190000008	-0.21422980254500018	0.10355817949966056	5.057554839600382	(-9.00247, -8.62886)	(-9.23009, 9.48714)
ecaa9f4e15a28f212d9bd60f749191ab	-7.351325225000006	0.2960583362500002	0.05698446077703449	4.804766188892373	(-7.44993, -7.24069)	(-8.94993, 9.14092)
a6fa2de5f4576d1d77b1616786e3dd52	-8.76586445499999	0.17608365473999962	0.0429563724132168	4.891842059088244	(-8.84256, -8.6832)	(-8.67832, 9.77778)
1fa555f9a74d47a6ca7a65a347bc885f	-5.944726735000004	1.970070431285002	0.04803605412593514	4.7478230025764425	(-6.03704, -5.85504)	(-6.18901, 10.7773)
149e7d5e484d157f2ac6140a2111618e	-4.210715159999995	-0.6295293664700004	0.044460452543517846	4.723924372084858	(-4.28987, -4.12535)	(-10.1353, 7.64872)
605c54065160b61d47c4d5f87ffbe6bb	-8.94321853999999	-0.5858106926450005	0.06803302923410363	4.826643611155653	(-9.06839, -8.81814)	(-9.5894, 8.30644)
5034598009be77942a505e7c9978b06b	-8.090757014999996	1.2615607956550015	0.05998728320352392	4.734823951355104	(-8.20536, -7.98268)	(-8.0556, 9.88285)
8526f1f5fd2dcff7e7a73db743c829d2	-6.439322650000001	-0.6247036300014499	0.05518087991847811	4.794043388780294	(-6.54091, -6.33449)	(-9.59754, 8.34473)
24ef07664cfa04a819d7797a89e653b6	-9.52843700000001	-0.8136875623549993	0.07450525012507496	4.84875810424615	(-9.66217, -9.38295)	(-9.08622, 9.27349)
03fdbec0c9b63a05ae79f92c6d3a4cfc	-7.112600115000018	0.3579412331499998	0.10896290772247565	4.855736255817527	(-7.30719, -6.89597)	(-8.8405, 9.56827)
aa3e2d76e864d7909b51110e211ef36c	-8.802714429999979	0.8701743471950001	0.09581035285121903	4.9956691257914425	(-8.97236, -8.62116)	(-7.52753, 11.0551)
7efeb75fc542932a033b37b887994dc8	-8.27196571999999	-0.2800840036000004	0.10081902844493994	4.957101406228186	(-8.46372, -8.0916)	(-9.53477, 9.04631)
2371e52106292ac4c33aec6f57cace35	-7.680460684999997	-0.7039142715999986	0.05245052216213652	4.8700238659658615	(-7.78147, -7.58522)	(-10.8055, 7.94465)
913d55d109820d0f3fad120be103c64f	-8.385786935000004	1.4500860040419996	0.0803425191026257	4.993933031504551	(-8.54972, -8.24494)	(-7.71262, 10.7672)
c82032c40c98975f71892e4be561c87a	-7.025865565000009	-5.583009167995013	0.04074710680012478	4.981695809158939	(-7.09801, -6.94697)	(-15.2932, 3.24252)
ac9166cff57e7ff3581eaf798edc726c	-7.1896220250000065	0.31263357190499946	0.1114169589247947	5.099199594177487	(-7.39159, -6.98628)	(-9.25735, 9.76857)
949af2c28ba6c0345ae58b9aed00a2c0	-7.504546334999996	-0.10237693516150008	0.10846433580683461	4.911514602109709	(-7.72049, -7.30676)	(-9.31934, 8.85166)
8a261f382a739bbc5f9494b2c64c2744	-5.250140889999996	2.6036375615399963	0.03996879690343331	4.792545599288833	(-5.32216, -5.17077)	(-6.17728, 11.6612)
e91f1c5b67ffecb5ca3ca3b393a50f00	-4.638314730000004	2.5468940816000023	0.07069614664270674	4.827338047071237	(-4.77324, -4.50908)	(-6.24548, 11.5506)
99b02f389bd0b7abad0d4d8affb09e22	-9.746986414999993	-0.4237538917849996	0.08501316275258665	4.968099913540843	(-9.90456, -9.58782)	(-9.44002, 9.09112)
d3d99580d90cca486a23372a474e9571	-8.946135770000001	0.8434869302250003	0.06885246773070008	4.963428635299191	(-9.07154, -8.81571)	(-9.39524, 9.26811)
7076b69bea6fb40b94f8b32fd85fdb46	-9.819781740000009	-0.5472703274750004	0.07609785579024152	4.913049342698554	(-9.96634, -9.67848)	(-9.57406, 8.45369)
e82ab12c51a893c6d7938a16632199a8	-7.551837240000003	0.034699742814999976	0.10198712733125884	5.034981569021053	(-7.74463, -7.35754)	(-9.71047, 9.13143)
2ae945b550c248752a5b463c9aca1a6a	-9.47856569	1.175685903089999	0.08517394139949085	4.895604494231545	(-9.63547, -9.31048)	(-7.40063, 10.6641)
b423592b0ae631882095792b27729b9c	-8.775625384999989	1.8881565195594996	0.10425321522165046	5.033605034943211	(-8.96965, -8.57892)	(-7.044, 11.8877)
3f1ed51e954b35a8108c12dd882b696b	-7.062631469999994	-0.9088525862350011	0.07264791757537926	4.9219950769851595	(-7.19674, -6.91959)	(-10.0125, 8.30152)
1fb601d8edb6994ffb112ad1a34828d5	-9.161145949999996	0.225250336507	0.07365840433852404	4.873153682444615	(-9.30227, -9.03138)	(-9.1031, 9.18189)
9f74473636e6874853d88dfcbcecff49	-6.629217195000012	1.6990450188849993	0.08171344328188586	4.889134168703279	(-6.77069, -6.4706)	(-7.83128, 10.4658)
4c731267e801c2afe253b5cbb58bdd24	-4.655450294999996	-3.740959572399996	0.03614720416246565	4.879288971750878	(-4.72374, -4.58718)	(-12.5231, 5.90291)
14387daaf0161dd3c971efd0f8806ffd	-8.002655995	1.084344470655	0.05366617542372463	4.888278413009835	(-8.10468, -7.90389)	(-7.71665, 10.4547)
c97220e6c4063a029dec2f8160977f83	-6.995044785000007	0.42604107563500043	0.06545776883345296	4.980776824466592	(-7.10936, -6.86708)	(-9.12168, 10.0821)
8a20667bca2eaf2a0687995af876a84c	-6.636217349999995	0.5507453923749991	0.11631470605722004	5.270798832407418	(-6.86515, -6.43407)	(-9.3257, 10.2372)
131d3b899e72f19fcae1b0f9f8f3a009	-5.499503475000007	-0.44858370181999907	0.13708657409051558	4.916558811245285	(-5.75822, -5.25135)	(-9.926, 8.33529)
c0c365b5a32a28b8d2602de07c5d0b06	-7.6365273200000034	-0.2208185150099997	0.1018873374709419	5.036699401753204	(-7.83828, -7.46526)	(-9.46588, 9.32518)
a650f349bbdffb95b3624519d1ba72b8	-4.963762115	-1.9765713652549968	0.04166917274528947	4.724075435225063	(-5.04003, -4.88129)	(-10.3995, 6.83064)
0f6da5f59be656db2dadef7bf2d1a2e6	-8.535538895000025	1.238502828939999	0.06211791610581423	4.986118339762737	(-8.65794, -8.42262)	(-7.97617, 10.9546)
e84bea8ae61342674744560dd7de4721	-6.795683980000015	0.5622136302234991	0.10398186951608243	4.9366494152468405	(-6.98967, -6.60027)	(-9.08932, 9.39245)
010f0ac2691bc0be12d0633d4b5d2cc4	-4.589926930000003	2.3365223441049987	0.054211409032371614	4.815551923213437	(-4.69212, -4.49017)	(-7.45223, 10.3807)
c8fce068920feb387167d44c01689295	-6.356118410000001	1.9461458568800023	0.08480532548119774	4.8316078683005035	(-6.49891, -6.18021)	(-6.61324, 11.4805)
86deb5cf8d6f29d383136e0d09863b69	-9.990877984999985	-1.428790146585001	0.07710182904568329	4.8074176428466275	(-10.1352, -9.84607)	(-10.4033, 7.70388)
79db4c4f494c95856ce31b42f267c4c4	-7.978447859999992	-0.39433320840499897	0.11155586292490595	5.032192261829931	(-8.1743, -7.76242)	(-9.67824, 9.18118)
dde2f514908a4fcaa80827346c7b7a19	-7.953055404999973	-0.5584447214400005	0.047799304462889144	5.033084070469953	(-8.0402, -7.86606)	(-10.0574, 8.34922)
7dfa96abfa7484bb6c9cfa90dc9b606f	-5.775994929999998	2.6105692912499974	0.05938238248416022	4.9055468688445165	(-5.8932, -5.67177)	(-6.16055, 12.0311)
25f9cac7332bfbe3973f03bae0ee15cc	-9.49172604499999	1.4994425353869985	0.06778235904870814	4.793019810750049	(-9.62047, -9.37258)	(-7.59726, 10.0865)
447b9d6a5c17543a456c597e65b37139	-4.381774274999994	1.0125969745499996	0.03184051129731389	4.707313586016177	(-4.43815, -4.31742)	(-7.53534, 9.97186)
ccce7fe8aa849bed027f6898300e0c45	-8.593576385000004	1.1985152129799985	0.07418648864032973	4.885842990046852	(-8.73199, -8.45181)	(-7.7492, 10.7152)
363c1c39d58bce4fc3218659d0944258	-6.275839179999998	-0.0844677109764999	0.052146086634833874	4.79866311286429	(-6.37165, -6.17784)	(-10.0072, 8.0616)
7be9bac1b13acbd8acf0de464d7c20e6	-7.884266779999992	-2.3775343172899994	0.055325147332217696	4.875036936899295	(-7.98809, -7.77854)	(-11.8844, 6.21012)
2ab8310e1e510f8045c7f4d191fa36be	-9.065880884999999	-0.8795872448150005	0.0922061299722897	4.937562852397992	(-9.22537, -8.88015)	(-10.8942, 7.63612)
a66dd8d31584930c2b0f811f572dddcf	-6.827942305000005	-1.424736210039997	0.07388039130606282	4.845190825646203	(-6.95947, -6.68327)	(-10.3163, 7.86626)
10155b2834300619ce0102110a37b057	-6.956229470000008	0.9645666324250031	0.03598814822853632	4.852694850202772	(-7.01558, -6.88008)	(-8.2909, 9.53425)
fca904abacabcc0591dd00b0427f9180	-10.081643774999964	0.044834410599999874	0.07230045842800288	4.904842683756837	(-10.2239, -9.95462)	(-8.5801, 9.7618)
ef6752ce31dcb9e16b1155bbaa1a268d	-8.780085909999993	-0.9377318228200002	0.08450161943993681	4.9289843147460815	(-8.93482, -8.6159)	(-9.29228, 9.29573)
a24dae6b87885a55d81df1ea6d1abaf5	-5.777671775000003	1.4199814333950003	0.06403232334297555	5.026976543059779	(-5.89384, -5.6618)	(-7.80237, 10.9336)
79280cea51a6fe8a3432b2f266dd34db	-3.6448389549999995	-3.186772386861049	0.030039717521274656	4.465471821961451	(-3.70015, -3.5889)	(-11.8826, 5.00957)
cba33b3578113908d449fc66ccb245d4	-6.182890339999996	1.1531035106600032	0.04319170130805681	4.781433475814662	(-6.25895, -6.09514)	(-7.3135, 10.2375)
ef1616938612ecae94c31842853cb904	-8.85873228	1.4346564514149986	0.04912812144283151	4.841518248381982	(-8.95156, -8.76781)	(-7.74399, 10.1193)
a378e30f9be477f7777e409c8faea14c	-8.754422599999987	1.5665935617997997	0.0650425180142959	4.932498875027744	(-8.88327, -8.64026)	(-7.02489, 11.3846)
322498f1025a569812be6e3fe4f63ff7	-7.934776540000004	-0.3374938811399996	0.08244918981972105	4.871093140019272	(-8.09537, -7.78443)	(-8.98935, 9.42982)
d75b7080930e7a77ef3de8c6154895b9	-4.747752664999992	0.163374927885	0.11901865135493583	5.193654487631843	(-4.96466, -4.52534)	(-8.54991, 10.8196)
9bf0d2dbffe7925240ea811d2a4cd625	-9.005060610000015	1.0474765619599997	0.057305222811955825	4.951230945367611	(-9.10986, -8.90002)	(-9.32475, 9.55411)
a167e4d4418792dcaba877443ed0e66d	-8.593477504999987	-1.0921331076700003	0.09175230980430392	4.876321084630032	(-8.76461, -8.42649)	(-10.6355, 7.4037)
ac0202d177961ffb380b6859272bde53	-8.025592210000003	1.003232176234999	0.08904738634073368	4.854751811104033	(-8.18133, -7.85783)	(-8.52756, 9.97216)
e3ab3e4772986724760dbd52b7af55f7	-8.172906815000006	-1.0616072926795002	0.06251123871117716	4.907945589062604	(-8.29761, -8.06458)	(-9.93796, 8.15782)
481e48328fe7a9837c7233de8f60fc23	-9.170410884999985	-1.2027563766999991	0.07315534137413876	4.897214982569984	(-9.30655, -9.03172)	(-10.2967, 7.78911)
be17b29b03ed02bed133932284568d16	-6.503372370000009	2.320830916169003	0.0530818187328119	4.929779988252651	(-6.59648, -6.40151)	(-7.04263, 11.412)
5f9d6c173705f19cd3a1e5145c52789a	-8.899089635000008	0.2313996112199997	0.09191229423704297	5.103351459334576	(-9.06637, -8.72305)	(-8.76736, 10.1703)
1ef782a559e3e0a4ab42516e0a2c828f	-8.580897410000004	-1.477258914562998	0.0878159338849841	4.921812295726859	(-8.75208, -8.4178)	(-11.3413, 7.25013)
97f56e68f535e44ceb53d05f269e82d6	-6.804956314999987	0.20380032433499995	0.0404988804644125	5.032647178324755	(-6.87847, -6.72634)	(-8.82183, 10.1018)
3f38509af22157cdcb4006457529d25e	-8.869990705000006	-0.26109898843500046	0.08430179794911237	4.970021005512033	(-9.03034, -8.71521)	(-9.73541, 8.92903)
ccee9fc92f4182805278384a02a4d7d3	-9.722023760000011	-2.333631594894999	0.06981643737374744	4.881227939999632	(-9.85303, -9.59411)	(-11.9893, 6.3538)
b3bf877149e7a31ad9a7397a3ca8b011	-9.335185939999986	0.44366802064499916	0.0815071605714272	4.77641918510307	(-9.48355, -9.18834)	(-9.37609, 8.83365)
33852dc244bb69590e8e756a83bb2f4c	-9.522701745000013	-0.4865685889949997	0.06593977794400709	4.908494714454696	(-9.65022, -9.40767)	(-9.13883, 9.06206)
8f5959f21dc9ce9a281656f8d699ec07	-6.86364228999999	1.8178224227899975	0.06527965540852598	4.941758967447027	(-6.98579, -6.7449)	(-7.89064, 10.8991)
2086666afdd5de098b04a94247040c11	-7.899560744999998	0.5658502726799994	0.07726033310046604	4.811962450739729	(-8.04926, -7.76375)	(-9.13424, 9.12574)
96169c3701e79f42346c41eb7b5bf2af	-9.466373004999994	1.8071317803715	0.07469928792712802	4.878453944728248	(-9.60512, -9.32371)	(-7.5207, 10.637)
d05c86b5bfc092d8677507fb1eae8d66	-5.669540779999994	-0.08569151720000016	0.08652773744928034	5.096972360128208	(-5.81978, -5.49915)	(-9.64187, 9.46504)
25dd2ae928b2e5e1ac2e28dbe2112991	-6.350458165000001	3.048066798164999	0.04299293913636018	5.146252742936842	(-6.42829, -6.2677)	(-6.7304, 12.2814)
cebcb0fe524fb1cf0bfb5463ae228bed	-8.824735269999996	3.042835725804552	0.08076720277394216	4.925184953698833	(-8.97194, -8.67486)	(-6.10032, 11.9164)
90104f2fbcc925a6619e805c7a625c57	-8.561046179999977	0.5778093892749997	0.08059998258689388	4.980598864099109	(-8.715, -8.41072)	(-8.57706, 10.049)
4c2189b6b5ced3cb80093414e9449de9	-5.949926349999994	0.6867301787049996	0.038438647992320184	4.626851723484833	(-6.01531, -5.86718)	(-7.84862, 9.85435)
c4e57b91cc2be5a2232b3612abdf4c0c	-8.089654349999977	-1.004470095916499	0.11349732024007227	4.972042497541487	(-8.29564, -7.86869)	(-9.83417, 8.53605)
1600415004247da005dd77bd44c633d9	-8.014537254999986	1.9959488994609995	0.047413430778788526	4.850314636715607	(-8.10806, -7.92859)	(-6.66971, 11.5444)
3b092a59cd0e2d57483420cc994ec49c	-5.692895744999994	1.1972356496950025	0.06207530557109631	5.144679450288039	(-5.81238, -5.582)	(-8.53141, 10.3235)
2c5c5d710e1b9229efa72f98ca7b4e71	-8.832548709999989	0.29268132801800084	0.10053672593652485	5.048240891252944	(-9.01085, -8.64009)	(-9.34737, 9.32369)
db093685d2f3295cfa4da0a44d3d9ad0	-8.0742275	4.5100154170135	0.0644427280214766	4.538971704363531	(-8.1882, -7.94274)	(-3.78992, 13.1481)
63a2de21003c952fd04b694d8444e66f	-7.110223810000004	-0.6305653389850007	0.07298524317136926	5.136026062412833	(-7.24496, -6.97216)	(-9.8036, 9.41635)
59196a586276f0be745d0e334fc071c6	-3.389525235000003	-1.1172866318389976	0.029487936056034447	4.638917193990992	(-3.44252, -3.33393)	(-10.0466, 7.46389)
8507091bac6b1be88f3d360d6d535d0e	-8.08216199999999	6.4598700359250145	0.050498547423663546	4.8744141880725635	(-8.17231, -7.98271)	(-2.35396, 15.6951)
8f649d1053a0ead08b37f8e06fbb2818	-8.38117295	-0.893781335249999	0.05677331173885747	4.918486310176274	(-8.48629, -8.27459)	(-10.5652, 7.53629)
8a70333f85e6869971ef357eceadf3ef	-8.029044650000003	0.7651164014900002	0.07237141432414805	4.943932745965412	(-8.16234, -7.89299)	(-7.71612, 10.4856)
8e0da29b36fbc3879561566e87f11ea7	-8.742400220000004	0.302746307622	0.080397978553889	5.023145379770892	(-8.88552, -8.58983)	(-9.42959, 9.6545)
5093cebf67405c910fb68525ffa6dc3d	-10.151715335000008	-0.3087664829249999	0.06971238196968871	5.066702279181752	(-10.28, -10.0201)	(-10.2678, 8.87891)
bde648dc2bd51d522327b0bb99e98340	-9.718460285	-1.0476130405549993	0.06329252694093336	4.932798505530611	(-9.83376, -9.60087)	(-10.518, 7.8267)
8720f9ecd2331ce68e2896df1bf2d977	-3.663095289999994	-3.045265536602005	0.04871669708032246	4.880198023433408	(-3.75627, -3.57556)	(-11.7643, 6.25462)
3af2ddaf4af4b5ae4100439a9c3d4099	-8.949340445000008	-1.7915292936399994	0.06273429169482964	4.868182492805125	(-9.06006, -8.83092)	(-10.6217, 7.42844)
de24ab68045830f7ea823f771a1f7dd3	-6.356507984999981	-2.0251017436345	0.055953935899003354	4.901109408932457	(-6.4601, -6.25351)	(-10.4402, 7.63902)
aec9d6920c8746590e4dff84ba121b90	-7.9098045499999925	-0.26252735032249985	0.07008476263923209	4.973489808246826	(-8.05094, -7.78567)	(-10.2124, 8.14758)
192522c9b7c41f7a761f8a2ba792268a	-6.81757564	-0.1847210730499996	0.060148761725328986	4.978129055955861	(-6.92564, -6.70085)	(-9.94109, 8.81312)
458157e555a80f9ba01d9da37ef787eb	-4.997235434999996	0.5444995198800002	0.07969630610141708	4.873629449178147	(-5.13915, -4.84446)	(-8.83692, 9.35701)
3017f87a3b0f5200ed54eca17eef3cbb	-8.698948154999986	-0.4876522504249989	0.07597930248262338	4.829801061132152	(-8.83415, -8.55228)	(-9.58533, 8.41108)
c5e3c5422835403541b0af331a2cc649	-8.54674919000001	-0.4484943046819994	0.10648526286460452	5.131288716200469	(-8.7448, -8.34404)	(-9.41133, 9.46446)
be7fc30c58dc772f88007fdefcf21a96	-7.921255430000021	-0.7913525892594993	0.04987197560168538	4.951072029908481	(-8.01406, -7.83206)	(-10.1856, 8.26265)
3d766867c97f511431bf97e059d6498f	-5.7350060649999985	-0.7586443132999998	0.050202791038604366	4.809805793227894	(-5.82444, -5.63465)	(-9.53279, 8.44462)
9099a7f671b923c7b07c12508f17270a	-8.102650319999997	0.4269012418100001	0.06295577923906265	5.2180289452825095	(-8.21626, -7.98228)	(-9.14411, 9.94106)
4973330392dab23937c67af9843e5359	-8.025526694999998	2.106752130525002	0.0685870320463495	4.835079500063719	(-8.15513, -7.89642)	(-6.86861, 11.0762)
2cf53730a41137e7ad95ed3680541d80	-9.168974324999997	0.2837747437399997	0.0885579503672278	4.994378796397578	(-9.34848, -9.0147)	(-9.22012, 9.60169)
2a0968119cb66a61a416f8d924c224ac	-6.2095099099999915	0.6151362004299995	0.12420281473699338	5.010040202862352	(-6.42975, -5.96319)	(-8.641, 10.2298)
a4e2a4e1321a599651edf92f6999e78e	-7.548513034999986	1.093335500070002	0.10920308391313308	4.929486575580736	(-7.74566, -7.34673)	(-8.2588, 9.98007)
782772ed674928794b78f5a59ee3d08c	-9.419134145000001	2.3162257965164987	0.06629823193395862	4.8616242143597255	(-9.54814, -9.30043)	(-6.66483, 11.2388)
ab5c396eaf731e031c9764a05b798753	-8.553297469999983	1.40354234141	0.07197624424905136	4.969109769455418	(-8.68596, -8.42095)	(-8.00841, 10.321)
04195686f2b70585790ec75320de0d6f	-5.864516970000003	-2.6655917131750004	0.0859397692510231	5.140525233319971	(-6.02347, -5.7002)	(-11.9763, 7.26305)
9f4d14b114e7499772a797790d81c1db	-4.978066190000002	1.7937323485100003	0.03365781134868843	4.780215973797008	(-5.04064, -4.91426)	(-7.38159, 10.4539)
b1f2146bef78066448576fceeb6b644b	-4.631506289999992	-2.8630423532050018	0.047327218308663564	4.747067465829156	(-4.71905, -4.54286)	(-12.0351, 5.56935)
3bff9ab82e7f2a76cc22e687ac7b72fd	-6.72981113500001	1.329236642224999	0.10468534862368171	4.950354729080327	(-6.90924, -6.51454)	(-7.46469, 11.1365)
c1365ec008032ee718dcafaf5ac17adb	-6.975688095000006	0.34917770124500014	0.04761066495251849	4.878399207656623	(-7.06607, -6.88823)	(-8.4256, 9.47795)
cc968157f7691aab95df444e8cd103e2	-5.354674025000003	4.0813649388999975	0.034711880639766206	4.755663317216929	(-5.41352, -5.28546)	(-4.90565, 12.4956)
09ee2c2d76be17c9ede2d4c57412adeb	-9.009562630000007	0.6036181154949997	0.09643335230086683	5.076089638969195	(-9.2029, -8.85062)	(-8.74801, 9.93244)
d9b76ee51ff2b6961430bf352cc578f2	-9.486265154999996	-1.1333586403999996	0.07336401362300164	4.910979271309695	(-9.62237, -9.34641)	(-10.9889, 7.69524)
d2cccbadb958c9c6547274fa10531f74	-7.067830569999982	-0.5712467530599991	0.053004911933471746	4.919402493524105	(-7.16314, -6.96401)	(-9.48974, 8.74067)
2268b83b6cb307bfd1cd008dae1ce4b3	-7.335623434999986	-0.16523673336999986	0.08366612967653508	5.07651460278335	(-7.49242, -7.18312)	(-8.90663, 9.95351)
e9ad916c93ff127ade2a8283db7603a1	-6.183216504999999	0.20748042031999986	0.13604692967808935	4.988984185656141	(-6.42058, -5.91487)	(-8.74006, 9.88107)
624d0040eafc828499b5009791d96b85	-8.97862861000001	1.5909917100799962	0.05711137011548485	5.003916591312706	(-9.0987, -8.88521)	(-7.91486, 10.849)
bc5146d3526a9ef5179457a2077b1b46	-9.127611670000004	-2.0587777394899995	0.048647623703641514	5.006063599613427	(-9.21697, -9.03592)	(-12.3079, 6.80403)
7bbb537e486b770d58232a6c683a3a9f	-7.215157165000005	-0.22411013345400008	0.04924003281794978	4.893406360921368	(-7.31069, -7.12803)	(-10.8833, 8.11424)
30c16856bd5bae4cd2f1182341b30ffc	-9.073380435000002	2.041495874711498	0.08924554354510236	5.029810140786885	(-9.25299, -8.91988)	(-7.7719, 11.1093)
ac5402de1ddf427ab8d2b0a8a0a44f19	-3.626631609999999	-1.0262855983849988	0.04853139227147624	4.95042903248786	(-3.72134, -3.54101)	(-10.2864, 7.84482)
d0037fe3397f56b52e971759e3f2f7a8	-8.841083354999984	-0.31510396260499945	0.09449585986112818	5.106522726223702	(-9.00793, -8.6576)	(-9.50794, 9.19671)
3d7f3a3956e66e4728521a97abd9f07b	-7.505512380000011	-0.21368781914500004	0.10646942926932407	4.9835508028974695	(-7.70494, -7.30659)	(-8.85183, 9.91557)
3e15d94435169ddada1e508dd8b83a55	-8.076058370000007	2.1928083041550006	0.06938461565176464	4.93425389508092	(-8.21121, -7.95332)	(-6.6905, 11.4066)
ed1528f4822674c9e1da64b84c778e9f	-5.9588053449999965	0.81872298603	0.06416126086028055	4.82100203438281	(-6.07093, -5.82469)	(-8.74941, 9.04058)
477734397215c70bdacce28d5685cc6e	-6.203968604999998	-0.06655980800999997	0.11916172300493133	5.052134694142644	(-6.42401, -5.9747)	(-8.97352, 9.06812)
1243750138937650754b619370565800	-6.132473255000008	3.07254444377	0.07320964879273079	4.970561438998394	(-6.25933, -5.99274)	(-6.48599, 12.3594)
997c1b9bc29e50b9096303c708bb54e8	-9.503716679999986	-0.6804830226950008	0.06941115307699186	4.86723433466644	(-9.63182, -9.37172)	(-9.97864, 8.06857)
8aff935557eab67b0baa4553b8518105	-8.785278275	-0.2128248088050003	0.08085446317535222	4.907796519726853	(-8.93995, -8.64099)	(-9.11685, 9.33096)
39bb3fb5b2257fd2eacca408dc42c5d1	-5.380430905000001	-1.0606079172710008	0.06061449346840219	4.8923274748965735	(-5.49521, -5.27092)	(-10.2672, 8.10027)
b9024a1f377b62508864cfea59b16a31	-7.639362169999997	3.037541129484994	0.051125245906412035	4.969878394675527	(-7.7334, -7.54348)	(-6.68086, 12.2673)
7ab1bc6052053650189083370055ae66	-6.123600884999999	-0.4064246225899997	0.08066318192190758	4.674989051876454	(-6.27793, -5.97808)	(-9.64745, 7.60223)
8183f1e3f9806994e125b1d5c6932498	-6.425310960000013	0.6649237238000001	0.06875223362246788	4.959495881342348	(-6.55293, -6.29377)	(-8.93176, 9.29301)
92f000f936d3f349c5e7719a5edc5078	-7.301200479999997	-1.0863688423749993	0.04084554825154882	4.819199655849151	(-7.38075, -7.22737)	(-10.1834, 7.55917)
6509bd0f539df985ac2f40c335cdb999	-8.526681224999999	1.704827152425	0.0677264803895003	4.826282263776106	(-8.65694, -8.40375)	(-7.52785, 10.4331)
c4f9ef34bd2919511069f409c25de6f1	-4.705800444999988	0.7418170469760004	0.09355897542594178	4.90239480134565	(-4.87107, -4.52114)	(-8.16653, 9.77241)
74923f4bbde849e27fc4eda25d757e2a	-8.420328269999986	-1.6675474877999958	0.10375106466493296	4.722800959645005	(-8.61529, -8.22486)	(-10.2586, 7.17647)
3edf7e19ca2ce44d4d3daa243e8725f7	-9.57234917499999	0.8189754773780014	0.06164912064717044	4.949236769125839	(-9.68754, -9.46119)	(-8.95459, 9.76762)
ebab7cfc7858bfb00c486bba21d6ca6d	-5.655608824999998	1.8692472572599976	0.061752275843643	4.933180759810011	(-5.76508, -5.54272)	(-6.79669, 11.2853)
8937656c16c20701c107e715bad86732	-3.224685459999998	-0.10554027610500016	0.05042881084547204	4.993029738793116	(-3.32049, -3.13071)	(-9.13425, 9.00018)
6a6880faba39965be0e4b7d88966d1c9	-6.3392390050000005	0.567181034056098	0.06679478135722859	4.987301692936907	(-6.46506, -6.21529)	(-9.45635, 9.27399)
85c05d873041801d03eed489230b23f6	-8.10437600499999	2.4792158945849994	0.04470834715453	4.7819523872263066	(-8.18708, -8.01567)	(-6.85169, 10.9948)
6d8fe4ac153ead767024e041ff1f0ec6	-8.347967024999987	0.5162096186099995	0.09711415891876624	4.849933446053261	(-8.5187, -8.15171)	(-8.56942, 10.082)
ed5952d1e022067b212146b9b3bc6812	-4.746234145	0.21441906079999948	0.0985902729196393	4.887470685107503	(-4.92467, -4.56293)	(-8.77504, 9.33474)
7029eddc845e01d613a3bbc113ebeaba	-6.502809809999995	0.41748950334500023	0.0688699986871199	5.049230359714321	(-6.6278, -6.37604)	(-8.35665, 10.6275)
41d23d8bc82f57b26b6896d5e2e947e8	-9.65045437	0.1587070619449999	0.07138048929996979	5.052901116427388	(-9.7837, -9.52087)	(-8.5448, 10.395)
0021d135d4ac12982cc8abdf2b38e23f	-6.725633085	-0.3211525692750003	0.1304550290519027	5.011454851198486	(-6.9721, -6.4858)	(-9.41311, 8.88933)
e4c0082e2ab8c9772768fc29bb86caa3	-6.6548960199999785	-0.11553221064000006	0.04911896401553679	4.925501278407259	(-6.74282, -6.56113)	(-8.92166, 9.43392)
46d8ab5615f60d7b522f3590976668be	-8.988281620000004	2.7288004125525007	0.047532461669637996	4.798049909949618	(-9.08233, -8.90273)	(-5.72952, 12.6455)
28bb502265419a0e86626d75a1183ce7	-8.301969154999995	0.5872240977815001	0.09748575912068368	4.767724413464147	(-8.48274, -8.11441)	(-8.14319, 9.63704)
ea3af29626a95b6c7b89d631bf1a739c	-5.389167579999987	4.357657198520009	0.052235506667817434	4.660663555530631	(-5.48596, -5.29422)	(-4.60153, 12.7231)
94b000e59b7ac160b0416c9ab45ff0bf	-7.466370125000006	-0.2347021356750001	0.11578198064912511	5.127891035483811	(-7.66853, -7.23709)	(-10.0675, 8.86615)
75878b49cacdd2ffdcea1186a43be92d	-8.036382435000002	-1.6174945102399967	0.057587572808035385	4.809484607275902	(-8.1444, -7.93095)	(-10.6778, 7.38877)
aea50462b44fe88301c739b72353e16f	-8.460123370000007	-0.3216700575999992	0.054893386719559414	4.89330819023376	(-8.55826, -8.35569)	(-9.55603, 8.74831)
2d575dfaf20c70d49b09be32a1492254	-8.82400374	-0.23084246900150016	0.04825301545719605	4.784065838832562	(-8.91122, -8.73369)	(-9.58979, 8.47174)
b955f67a541a149dd3b179dc62d37a72	-7.853680430000011	0.39243097935500054	0.060948604676523126	5.008048035786094	(-7.97602, -7.74568)	(-8.82084, 9.62515)
ad7bc2bb6e1ec90a9bc3c8949bce80d6	-6.278560140000004	0.4260040980849993	0.14724735640506556	4.820236434142635	(-6.55405, -6.00157)	(-8.471, 9.35952)
8f1c11c7b732265cbfc1bb7dbd0241e7	-5.6782383200000055	-1.8035215238250055	0.050530828598763344	4.908667506167806	(-5.77335, -5.5879)	(-11.2193, 7.01175)
1fd31ccf4d6163405f70131e32d5065a	-6.959730484999994	-0.23137924085000025	0.10083996886361472	5.094779222460515	(-7.14045, -6.76681)	(-9.75822, 9.04655)
5093ad88995f6fe457c7fe96bb0ed33b	-6.010405940000005	0.20327523344999998	0.061055262271293154	5.004342427847953	(-6.11961, -5.89289)	(-8.69962, 9.88818)
f9b52205cb2d03153fd394a290212a10	-5.237144464999997	-0.6187466872099995	0.0870218810208891	5.0000100906859135	(-5.39261, -5.07427)	(-9.3996, 9.15568)
9d4e16844252e2dfbaf80a4a6fc4d55d	-9.491838604999984	0.019424920155000004	0.08058986442601802	5.004906862042412	(-9.6593, -9.358)	(-9.52212, 9.24099)
148c7eb0139bbc1b8c87dd31464742e4	-5.667339079999994	-0.15634192809000022	0.04768470628779841	4.9160907325015835	(-5.75743, -5.57742)	(-10.1161, 8.17777)
eea6b86c0c75e740670ccc50613b1b23	-3.3521123300000046	-0.5278885874349996	0.027381751064734693	4.663008306171113	(-3.40307, -3.30013)	(-10.1255, 7.74633)
3fe55dd5e59267f275e972017302459f	-6.258201814999987	-0.3648359513350003	0.13351917569044444	4.840981656800852	(-6.51351, -6.02287)	(-9.01218, 8.70443)
f11bd4248a2f95e53507c5bbf8dda43a	-6.780023799999994	-0.7205715560194997	0.060026198022696695	4.888785178870266	(-6.89128, -6.66896)	(-10.0727, 8.05534)
09a55cd0bdf9fa4929eab3f0ed841bf5	-8.972716215000016	1.6889328688879999	0.06783903032343391	4.855500432768752	(-9.09343, -8.84278)	(-6.90618, 11.1721)
bfb7bb16ab570748b3a5d099e9426af1	-8.367934135000011	-4.0282631876590065	0.04748369496734401	4.875245939933869	(-8.45344, -8.27762)	(-13.7326, 4.24468)
ad52a0f6646c574417ce0b13b84acfa9	-3.6101028649999933	-0.09795223799999987	0.07065560781666079	4.992736776093221	(-3.74117, -3.48159)	(-9.95365, 8.98145)
180b74e94caf35fac5e1f0f4b7ad9d9f	-6.383787000000001	-2.9742884766744973	0.033626494594292775	4.757987806140057	(-6.44414, -6.32065)	(-11.8137, 5.84281)
810926a593979f3574e3bbe7defd3559	-9.432166285	1.0094362352000035	0.09210260800242719	4.87402393683133	(-9.60373, -9.2594)	(-8.28617, 9.93162)
5d62137a2d05df0be8d6b7e163a3ef08	-5.1693989649999965	-0.29852312256500013	0.11147804746486535	4.97986941514881	(-5.3762, -4.96238)	(-9.73444, 8.95006)
f9765bd9332162f70268554ab318197e	-6.9354065799999915	0.5811677437985001	0.0823824794765465	5.045078352882735	(-7.09002, -6.78289)	(-8.28423, 10.3032)
bc5b6cc17572b4fd6ebd80081410427e	-9.831398679999989	0.8370184803504986	0.05958737729383303	5.034477352386655	(-9.95501, -9.7298)	(-8.74152, 9.89882)
a29679284280410db95e5cb8c0b2d73d	-8.867788474999987	-0.5110423086349983	0.0841325171151106	5.062753934256884	(-9.02599, -8.71403)	(-9.8007, 8.80087)
1c86153e1b13ab5322c96f2602b73513	-5.469011065000011	-0.01875912597999989	0.11245728939964607	4.799798460387819	(-5.67639, -5.25743)	(-9.49774, 8.77244)
fec0355651c9ad579f01f3e332311725	-7.07810631	-0.2541593853575004	0.05035104341802569	4.82893721856419	(-7.17012, -6.98418)	(-9.49371, 8.5915)
f10155af1849a17996f302d71b32398c	-8.17871475	1.8356905053200014	0.10604346924416184	5.0560769327470725	(-8.36767, -7.98539)	(-7.78622, 10.7799)
0cc26190e976fc496119a5eb4cd0fee7	-10.023772944999992	-1.1116171294000001	0.0711673332370757	4.873130901802189	(-10.1473, -9.88404)	(-10.6935, 7.75379)
9c25197937d1f54e2634026fbca6b55f	-7.042446324999995	0.6375885474099994	0.13291871646966943	4.965691396080705	(-7.28822, -6.79623)	(-9.30341, 9.20379)
40ced57decad1424c32de76ae039c050	-9.487733979999986	0.911614800450001	0.061026980727048964	5.0677828971670476	(-9.60071, -9.3728)	(-8.2364, 10.1965)
2ad31c7624bd7744a56a5ccac67ed01a	-8.647396069999997	-1.11081448276	0.059598886539557944	4.936771465815852	(-8.75802, -8.53524)	(-10.2954, 7.95367)
41df3b4c55182503ecd97c6dbe47966a	-6.718951925000002	4.085327439034995	0.04905438903140448	4.9816712983025395	(-6.81142, -6.6265)	(-5.09107, 13.5081)
fea3411c847e6627afb5e78b88e2e9af	-5.629542345000001	-3.7476347070050013	0.07498963872396612	4.960425199059335	(-5.7712, -5.48582)	(-12.6504, 5.46943)
8bb5ff097e0707dca3fe5860af20f4a6	-6.731412739999999	2.6970286193300095	0.04889019217994951	5.040031742463964	(-6.82685, -6.64189)	(-6.36404, 12.3859)
bda6b6e7da7508c68057140e7bd6cd8d	-6.230318029999991	1.8273821619364983	0.06124235516633155	4.795117036512044	(-6.34471, -6.11521)	(-7.49374, 9.98547)
1a5526b9f7147b6893f1a034a107cc65	-9.857286075000014	-1.0136428239500013	0.07712313803680693	4.978167959874029	(-9.98835, -9.69806)	(-10.7159, 8.01127)
97f26830027d30dfbd60b54895af0660	-9.067494894999996	0.7143444407500004	0.07467789231954114	4.957958663518841	(-9.20093, -8.92506)	(-8.193, 10.5937)
d061a99148d649c4eca4836c5f4b5b68	-4.6956565350000075	1.8940350561900052	0.03785652871756436	4.720658776186904	(-4.76591, -4.62816)	(-7.23046, 10.4003)
f9f5f08e8da4cc9740518223846563db	-8.478551344999998	2.5134373425950005	0.08340572172064087	4.9260606922265335	(-8.62263, -8.31513)	(-7.00291, 11.4279)
40c85a458df8d5a935122ba778d4f334	-5.4394505649999925	-0.9150422947400014	0.09597462076731948	4.9468181994663585	(-5.61532, -5.258)	(-10.2925, 8.12896)
7ebc04cb539befd9f2e7faa131628c66	-8.318395025000001	-0.5178375190149996	0.059665716558165764	4.951840802898792	(-8.41617, -8.18949)	(-9.31025, 9.23683)
f7ef98bb6d0061b9368a72b1ff40aad0	-8.874964645	-0.6803600916100002	0.09817809978541023	5.131552771377338	(-9.05138, -8.68037)	(-10.7051, 8.81532)
362b97b08074732371b6e76cd1a894e1	-7.098219580000003	0.2433954497080001	0.13367036447105096	5.09283915584846	(-7.33313, -6.83385)	(-9.06167, 9.90528)
2fad39e365933a7f925040cb3c2a5ef8	-6.106742040000001	-0.4997139044464999	0.09095780699004564	5.0943795629562905	(-6.26651, -5.92544)	(-10.9702, 8.38932)
4c855814a58f4f324e8f0cfaab222e1f	-8.811411910000011	-0.6599106926274994	0.10209655733643473	4.812664106712695	(-9.0018, -8.61399)	(-9.78328, 8.03329)
2f61368750bbc7603f01c928568e7ad3	-6.980164579999997	3.8004725173014964	0.04762870166531521	4.802551634256282	(-7.07091, -6.89648)	(-5.16311, 12.9092)
599ba6458e91e2527f358f547ea39261	-4.226565150000003	-1.4690942773100004	0.03325896583896588	4.8144545453309116	(-4.29575, -4.16808)	(-10.0968, 7.62314)
4b548f1f6fc22f32237396b7d4ffee6e	-7.6289272550000105	-1.5551850946599977	0.040103025611728814	4.732220316965467	(-7.69936, -7.55381)	(-10.6804, 7.09859)
eb3543a838a705addef1d704eda7cad3	-8.033255689999999	-0.01038898353999991	0.11378032046370717	4.960391319040789	(-8.23865, -7.82325)	(-9.59656, 8.54454)
2281740c4ae82360612b5bc7e9538337	-6.46715245500001	0.003344815823650013	0.07753750797274164	4.838908300157236	(-6.61006, -6.32327)	(-9.72264, 8.53355)
96936173022b85940115c9ea103505bd	-8.147681080000005	3.8422230965	0.06133434768572664	4.881922506939272	(-8.26219, -8.03364)	(-5.90919, 12.5071)
f45b62ab6ec22fb20364a7e05088158f	-7.255637340000004	1.8376095619900035	0.08719376814557565	5.102574822336202	(-7.42147, -7.09743)	(-6.94094, 12.1531)
c16907f7272c334959e9f980842194cf	-8.091586244999993	-1.093696318976999	0.09726412993827672	4.951182873642203	(-8.28105, -7.91472)	(-10.2576, 8.18371)
266c2a374ca451985731e1e1b5961bd2	-8.387254710000008	2.4688844607454983	0.07114542962493019	5.117921733195094	(-8.52156, -8.25375)	(-8.006, 11.2253)
2ad8a4ebf774763b765f4ab5b516ff21	-9.381548539999981	-0.3984547854499993	0.08243731337912705	4.861241868198666	(-9.52571, -9.22304)	(-9.66142, 8.06494)
f12011ad5219b22b6ca790103333a755	-9.163099540000026	-0.9356761644200002	0.050311305782978905	4.8794945501338605	(-9.25444, -9.07101)	(-10.4049, 7.73996)
b9fefd4224e459a6a0d21db63b1c0d03	-8.931053444999996	-0.6323524350450003	0.09574646447092437	4.941292255669995	(-9.1072, -8.75104)	(-8.98895, 9.2005)
0cc2420a6a4698f8bf664d50b17d26b4	-6.191444065000004	-0.9878686967549998	0.05982920273433178	4.964951546761835	(-6.29798, -6.07304)	(-8.97158, 9.42882)
33f9226b33e1f59f71edc044bb947764	-4.314710670000002	-0.23671364601000008	0.09057114404682708	4.927300097572008	(-4.48684, -4.14674)	(-9.29677, 9.12719)
b4ef8e75d847b17325effd2f3873cc9c	-7.420293805	0.5536047977999996	0.0909430374260282	4.852837256809882	(-7.58151, -7.2467)	(-8.73568, 9.51664)
8ffd2b3caa54b2922e98a0d5aab5adde	-7.001888165000004	0.9430205949749998	0.0781854670676257	4.921216074878375	(-7.15811, -6.86258)	(-8.76454, 9.92794)
42608e863ede290f764f14c074e8e4fb	-9.003011995000005	0.14939317694499993	0.0644762853673346	5.0935129532119845	(-9.12764, -8.88429)	(-8.98147, 9.88886)
2a8a90cd5770804a5f23f425004de7e5	-6.312484949999996	0.07088293201499986	0.12505488502572573	5.049945940988305	(-6.55119, -6.07906)	(-9.77459, 9.16674)
f19fa34c0c987ab3bd8aa42d8a4d21ec	-8.941116939999985	1.084854497045001	0.06428778254020273	5.1139269707039245	(-9.05871, -8.81131)	(-8.20935, 10.7789)
340a5698fe78713b785c3bcce89df73b	-8.52029302500001	1.361882017075004	0.06436405404881965	4.979044741813891	(-8.63647, -8.39504)	(-7.96805, 10.641)
376917760e5aa918592416e980809536	-5.949561499999993	-0.10428393764999994	0.09848987757658147	4.97599645739625	(-6.14151, -5.77616)	(-9.40155, 8.92032)
589c1370b3324a2d6cff6d1ff85341d1	-7.746657860000004	0.21719465904500115	0.10306453170087372	5.145594776844197	(-7.94237, -7.56015)	(-9.57128, 9.41894)
e5a43b018c81cedd19e9a5354d32d469	-6.422085620000016	0.623367142463501	0.09010045092570615	4.939524941196317	(-6.59027, -6.26)	(-8.87239, 9.7499)
f4dfb45b33372cdc0dc2fd20c0d0b448	-8.217715050000017	0.4422880637850006	0.11523980659779628	5.022559015083841	(-8.44569, -8.01519)	(-9.50827, 9.35269)
e1b3393309a8b247e0c358c26176d13c	-6.706218825000003	-1.9118030334099996	0.042131379885655025	5.074139519830019	(-6.788, -6.63237)	(-11.2302, 7.70495)
b47757a69204f053308f7f5f0022edab	-7.711307059999994	0.876142247310001	0.08097232554370912	5.139243050102612	(-7.85396, -7.55911)	(-8.50505, 10.5012)
03569e3fd843f501355f7853b0ec9361	-6.290148425000016	0.9200508610149997	0.07649315396144525	5.010688308293525	(-6.45475, -6.16113)	(-8.96106, 9.66107)
25e04b2be57def00437d44ab461e8773	-7.85008066	0.8355131686999995	0.10638092132974021	5.034513930488729	(-8.05115, -7.6506)	(-8.95565, 9.79692)
4d04d759f5a6615dac43060726239891	-5.31213402	2.2118999400945567	0.059733746374554496	4.991375077996317	(-5.41819, -5.1958)	(-6.91816, 11.7956)
237135dc8b20f922cabee934f7d410a1	-6.597067419999999	0.6257007907800001	0.07318176735665517	4.967703117724725	(-6.72825, -6.4569)	(-9.28818, 9.36951)
9dd9cefe38347b087dd318d82962cc03	-5.777921474999987	1.0234222331550016	0.06054834387474504	4.925934919830373	(-5.88505, -5.65894)	(-8.18078, 10.1664)
c764eda12e92f19526c7e5a78a38c615	-9.878913920000027	0.8986812488749979	0.07469323686809679	5.068338214763345	(-10.0205, -9.74239)	(-8.43619, 10.2584)
6fc765c81c8b663cedcd799094894748	-8.72220945000001	1.0692957214739998	0.08576941376445046	4.830490462206416	(-8.88568, -8.56287)	(-7.35781, 10.1832)
1a389bf765c8ff0f92600f684fbe7ad7	-5.877752710000001	0.38944923782999996	0.06435299347548563	4.8168456312316925	(-6.0021, -5.76068)	(-8.49476, 9.39321)
b0645cbec7653c887cb868a248d95874	-3.7898218399999934	-1.0462539031849982	0.04085670997418167	4.80648219384895	(-3.85952, -3.70645)	(-10.2967, 7.91738)
d6c46ad81c01997055a3b713c0d5ee1b	-6.406565514999996	0.2765697314450002	0.09672689245000465	5.019742245513707	(-6.58171, -6.2291)	(-9.5754, 9.31377)
fe2a1f2b6f247658881254d63fd68b74	-6.015793544999986	-0.47820853235999977	0.0979661360021052	4.831897235852228	(-6.18709, -5.82397)	(-10.6129, 7.73674)
89aabf43d24dd5bd0fd0f5aca189d341	-5.256020429999992	-7.153026800434987	0.026490987222357338	4.542734600396381	(-5.31014, -5.20852)	(-15.1019, 1.90274)
2ae8a432208b85a14e86eb821c86ce2b	-4.303025194999995	-0.4487365248750003	0.04076581024537561	4.917579085847679	(-4.38272, -4.23158)	(-9.43215, 9.17059)
f596fa835cdfdb22d6494b012f61fff2	-5.675322735000002	0.7469850120183499	0.04926091015673355	5.123432434551287	(-5.77002, -5.58274)	(-8.82378, 10.1307)
f7895578be91c3e9c71c7b89e3e798db	-8.892614489999996	0.5678078111700008	0.10457461976139287	5.076074294059255	(-9.076, -8.69081)	(-8.46927, 10.0742)
8b40296c81e6ffbc10306d4a2ccab530	-9.425810919999986	2.0501555053699985	0.051070931625080036	4.86753344855044	(-9.51691, -9.32438)	(-7.69495, 11.0198)
40a6b537d995aeb12b0100e2cb6ad879	-7.109384275000005	-0.8998922687799994	0.061298947576401204	4.948451035561243	(-7.22458, -6.99597)	(-9.98051, 8.83063)
9ac5fec396208e598ab2e2d26985d0df	-8.118760075000006	-5.181223202815002	0.037940208190577654	4.930561623378926	(-8.19101, -8.05222)	(-15.0109, 3.34638)
19cb3add28813b2bf3e1f40a000d33c2	-4.413551540000002	-0.5113631448449997	0.06011892032071435	4.873989060741202	(-4.52123, -4.29929)	(-9.13374, 8.78512)
686d42b9552375c3b61301ae5605e3a2	-6.508393775000001	1.8123307262699981	0.09353547186441835	4.880542911775126	(-6.6935, -6.34438)	(-6.84108, 11.0819)
51625f89e7332f46ab0641e10cede6ea	-7.437800510000015	0.7192492885674995	0.1038207750088579	4.977053463655612	(-7.63913, -7.25616)	(-8.47447, 9.77184)
ddd87ec4b9d332c2d8c02f5d1b08dbb4	-7.448480689999999	-1.8382317165300022	0.04531995264256018	4.95634620370522	(-7.53269, -7.36411)	(-10.9856, 7.0434)
588a23811b3e98af68f4f0fb24a0daa8	-5.485916604999996	3.509416875074996	0.06816994754086272	4.757684223782412	(-5.59886, -5.34239)	(-5.09589, 12.7627)
7c82a2ef7685c5c6dc3080f56033cee9	-8.922348544999997	0.3994379116799998	0.09053103935188746	4.878545041058669	(-9.08073, -8.74024)	(-8.83357, 9.35006)
b835514e2678e3c7ba13bfe0a0d79bb4	-8.550604489999994	1.2000767090099997	0.09504337605819725	4.921112024531202	(-8.71868, -8.36052)	(-7.40666, 10.6115)
c162a4f3943238810eba8a25f0563cca	-5.279818589999991	0.4816358978999989	0.04432931480647879	4.869634113528022	(-5.36791, -5.1998)	(-8.56112, 9.78867)
5b00db3216a94bcd5c4842499bf6bf6e	-7.958219205000001	0.8551279133949988	0.05308994979483388	5.033797017124465	(-8.05787, -7.85768)	(-9.02583, 9.797)
beef5a54aaee13f217ecede427cb3071	-7.621829859999989	0.03281048398000006	0.09875752498255722	4.96522042787832	(-7.79558, -7.42954)	(-9.47106, 9.46907)
f7686a74ca2d3729eb66305e8a26309b	-3.747117019999997	4.498185206950006	0.029855353396327434	4.603542412200167	(-3.7967, -3.68621)	(-3.61184, 13.3657)
5ca5ea401c8d3569e69626d2f81d5578	-5.983582049999999	-0.12626847566499988	0.11691136017341287	5.115945221084862	(-6.1959, -5.76718)	(-10.6623, 8.93305)
b6d740387526e21887b761f90fbc914a	-8.44554458000001	-2.937887240524997	0.08387915941414527	4.911582712097431	(-8.59369, -8.28315)	(-11.2691, 6.74012)
5e69d50b5a886d1b222f36de84a9dc98	-9.22512345999998	-0.32762465602499946	0.08962368489315967	4.944714281996317	(-9.40317, -9.06518)	(-9.07798, 9.17171)
208c8722c4dd18b60b2b2684272ff26c	-8.394320865000006	0.36105961630000016	0.10622406259507203	4.753789490234245	(-8.57566, -8.17192)	(-8.71931, 9.09457)
95fb1be2ae50b6d347649ea76c2a1874	-9.022752459999994	1.1074118054899984	0.06823892303772389	4.910208114846229	(-9.15648, -8.89934)	(-7.51344, 10.7931)
ea2b0e4a93c24c6c3661cbe347f93b74	-4.377950929999995	0.5713737417549999	0.04076709501834901	4.925569228803603	(-4.45564, -4.30302)	(-8.20368, 10.078)
04b5dd98584b9ead93ed64c586994296	-7.750438154999996	1.968710335595503	0.05973299348304898	4.8951034953333545	(-7.86682, -7.64472)	(-6.72411, 11.3244)
ec6c9ea52e88226c339487585ea02f42	-5.500626394999988	1.1646682298050022	0.0666972708073875	4.990484231056779	(-5.62344, -5.3747)	(-8.11576, 10.5216)
4ce0afbaae4138f34580aa9f62b7a0fd	-8.438985059999995	0.8384777289449998	0.08551020762515081	4.8763950760463715	(-8.59792, -8.27253)	(-8.04099, 10.323)
f655279fdb3e9fe733677c83df662486	-8.623499464999991	1.4488578983699973	0.05757386070139621	5.008293026018026	(-8.72836, -8.51521)	(-7.5201, 11.2247)
