Feature	Intercept_mean	oils_nuts_fg_eaten_mean	Intercept_std	oils_nuts_fg_eaten_std	Intercept_hdi	oils_nuts_fg_eaten_hdi
7e9ed2c841e64976eace4b578ff56a26	-5.141388424999999	0.009622329219100006	0.1448367082202206	0.005844295918990864	(-5.45815, -4.90122)	(-0.00131759, 0.020416)
a6099802840e60febef8e896967b7747	-6.931804149999989	-0.00013273648616500026	0.048149348736794925	0.0019759588518503102	(-7.01763, -6.83919)	(-0.00376319, 0.00340196)
904ad13c7b8512200836d5cd9fb09e1b	-8.880532805	-0.0028297851148109477	0.1137586854678885	0.004265343731631546	(-9.08454, -8.66493)	(-0.0101428, 0.00573726)
1aab913302590e21a7be28b1494a3320	-9.046588905000002	-0.003807513260415003	0.0707334841595618	0.0028037666752497186	(-9.17671, -8.91379)	(-0.00918345, 0.00157256)
e644522cf6d7222c9da7f9ecf614cd89	-8.823621590000004	0.0036640902400734963	0.10745966207452874	0.004099050564133722	(-9.03885, -8.6305)	(-0.00377882, 0.0117945)
bad4f7c5ada34a1f813946abcfe5c556	-4.824235475000007	0.006891996365000003	0.04943627398757289	0.0020879845256609347	(-4.90708, -4.72829)	(0.00309451, 0.0107806)
399bcf0feb12a20ca0731d8d65268dae	-6.176085994999998	-0.006902975610750014	0.08676006388315986	0.0033125272517933466	(-6.33303, -6.01706)	(-0.0128515, -0.000701317)
32f7e6bfc42fe19c17f9459bd9be4b67	-7.1263100199999885	-0.002652212585558498	0.09271492876392448	0.003851162458999419	(-7.29699, -6.95359)	(-0.00994797, 0.00434739)
c942f59feffce9c3ab527135de234101	-5.100244375000002	-0.007463380612800005	0.06651964832821487	0.002649993383199552	(-5.23027, -4.98523)	(-0.0124001, -0.00246268)
29bb5fa7f45e47bbabab8cc1b1b3d18e	-8.778660804999998	-0.0005404556876124992	0.14939684292615416	0.005979620713940868	(-9.0696, -8.50579)	(-0.0115823, 0.0103271)
7b2ff5940de11da4dc3bb208805dff11	-8.289902619999987	-0.006198984192900009	0.06787056681607725	0.002802978362274822	(-8.41212, -8.16024)	(-0.011231, -0.000850445)
6c7fa77831ae630967a6fbfc8ee47901	-3.4116531150000005	-0.0026035080228609996	0.035946560015483756	0.0014884805624417114	(-3.47191, -3.34311)	(-0.00545534, 0.000100405)
6c83fec6e8d03fad51eabc871853c991	-8.441248610000008	0.004317795867858005	0.1285118589479892	0.0050315674834357895	(-8.67456, -8.2054)	(-0.0047761, 0.0137436)
23597fea41001255f06321d42aefd3bd	-8.423764035000005	0.0013600636910399992	0.08063079429578235	0.0032960881925001404	(-8.57771, -8.27347)	(-0.00475908, 0.00769089)
ee02d6d3506da57909d5e603709a295f	-6.779561844999999	0.0009100674195799989	0.054589140330710204	0.002204163282139582	(-6.89056, -6.68325)	(-0.00306048, 0.00510201)
e6a34eb113dba66df0b8bbec907a8f5d	-5.503541289999998	-2.4896126184999963e-05	0.0610818552021458	0.002454325528857318	(-5.6157, -5.39093)	(-0.00420012, 0.00511776)
6c4de756c45fa6e7e5adfe196f9f0039	-5.421882810000013	-0.001062369577715	0.14332538990529164	0.005673114952535535	(-5.67126, -5.12905)	(-0.0119319, 0.00888979)
60c57911662a9159dfdd0fc05d975a55	-4.227213065000003	-0.002018713225375003	0.05129636379760047	0.0019123657995089296	(-4.33462, -4.14304)	(-0.00553842, 0.00148151)
1986030e3c5cd5df6d869054bc96e536	-7.926693159999994	0.008261076825149993	0.10881067744120715	0.004539507973134287	(-8.12206, -7.72195)	(-0.000268934, 0.0167926)
ea3433f2c148c6fae4cc2e9ae197f5b8	-5.2515978249999975	0.0017123245184919977	0.07462342373289624	0.0029725584017299416	(-5.39237, -5.11356)	(-0.00413226, 0.00707777)
059c8f8bb468064b134ea6d3661761ea	-4.903099365	-7.160327894630015e-05	0.0772857996513381	0.0030534163643879094	(-5.04997, -4.75854)	(-0.00560337, 0.00574589)
8a9f7499cdb85b8efa497bb56256cb43	-6.578079129999993	0.008604993634999995	0.049042962156084134	0.0019808009762356583	(-6.67359, -6.48948)	(0.00432666, 0.0119311)
8dccd839cf4868a3343e411c063932a6	-9.17956433999999	0.0010631086316550005	0.10407958589687226	0.004060811212057424	(-9.37354, -8.98462)	(-0.00641491, 0.00898642)
f402919ff0fe53fec5b6ef190f9e42b7	-6.978212035000001	0.0012434916984014996	0.05417228887179107	0.0022018530719851667	(-7.07971, -6.87744)	(-0.00319265, 0.00512251)
f9382b37fc2cfd3cf606824a235802de	-9.70890855999999	-0.003129675256394504	0.10213799471316434	0.004156594343483823	(-9.89017, -9.51737)	(-0.0114404, 0.00396523)
1664c7d0b9dec6e07df8542c0c4049c7	-8.521344525000014	0.001967363034580001	0.0772906179569964	0.003193830140515455	(-8.67193, -8.3829)	(-0.00409176, 0.0079598)
3e5f388f7ad4f160c2a1cdd1441d00c0	-6.425661795000005	-0.006894853190950015	0.05817528559214794	0.0022865528313787764	(-6.52664, -6.31849)	(-0.0113189, -0.00280942)
f5706d9ec821f971e4c08ee992995b40	-7.949084480000011	0.0022727751404049996	0.10535249110262941	0.003714144287777399	(-8.13652, -7.7554)	(-0.00446107, 0.00935603)
138eb7703e1255cf29760a4440de2a47	-8.694011795000012	0.004941277211233005	0.09356242602042754	0.0036757337460544552	(-8.86529, -8.51268)	(-0.00157237, 0.0118601)
56c3d1a8e4dc5c2aa7afbc1563559448	-7.553442559999993	0.003684467445264999	0.1775677359064602	0.007327140605417775	(-7.86997, -7.20977)	(-0.00904925, 0.0183696)
de61860db8d93da85692dffb5cf32ab9	-5.136749839999994	0.00256015959075	0.13853709755973095	0.005276284987189973	(-5.423, -4.90235)	(-0.00744246, 0.0122399)
5c02713fbed5c1964b4410d9f8166555	-6.125678939999991	0.0018745618158799977	0.05535606051984191	0.00213212169053021	(-6.23493, -6.03193)	(-0.00214233, 0.00582053)
12bb0c9249480c4cec2cc9f692018806	-8.515951525000007	0.006937815862049982	0.07013363463363623	0.0027192029576254767	(-8.63498, -8.36903)	(0.00234315, 0.0122982)
b10627ff6db16c65eed2f21380dd700f	-6.616566535	0.02349224265000001	0.1675694732594327	0.007134999063113942	(-6.9299, -6.29596)	(0.0104739, 0.0371107)
3f5f0d10bd5495e2c89d229c508dcdec	-7.045290400000001	-0.00038383733268849973	0.10866120899539083	0.004272308136386013	(-7.23466, -6.84011)	(-0.00895266, 0.00717525)
de6891b6f7a1f35bd9ccbc058b9e1a77	-6.604695015000005	0.0016555489731085	0.03946935185938293	0.0016114738371463331	(-6.6731, -6.52488)	(-0.00119757, 0.00480805)
828c563319c7cee475b9b8ab6a0a048b	-7.557491099999994	0.006819599739199984	0.06269857352276845	0.0025743324519338605	(-7.67791, -7.44781)	(0.00192248, 0.0115818)
6a129e8ae637c96e7bb56223913911f7	-6.0030422049999945	9.056043322000006e-05	0.077459527812839	0.0031604446333026674	(-6.14278, -5.86087)	(-0.00612972, 0.0058877)
1527fd8b14037f53b8edb26b111e1f72	-5.680003930000015	-0.007732729443249995	0.05973583915586265	0.0023483516762246807	(-5.79015, -5.57496)	(-0.0119738, -0.00338355)
b3d06445a910a9a444919e41f5da39c3	-9.918661030000012	-0.0024748667900799984	0.09778978745574148	0.004068439172052922	(-10.0949, -9.74022)	(-0.0100168, 0.0053529)
992072d045462445dc239b35300af2cc	-3.907342245000001	0.005250517437379505	0.1641548926575445	0.006912209892184516	(-4.23648, -3.63077)	(-0.00688477, 0.0188106)
2403a466dd6d1e4f551d80394c2aa994	-7.261361885000013	0.014216790052199996	0.18554049478374463	0.0073612954676401015	(-7.61254, -6.91061)	(0.000956641, 0.0286137)
cae14798faeabb8e1b8840e712839921	-7.257703995000013	0.003090628283493999	0.10645679708402822	0.00421217371456699	(-7.46458, -7.06827)	(-0.00380488, 0.0116881)
4311a44a7d56ce4086afad3e75bedd6e	-7.958402145000013	-0.010510181888150014	0.08570723130663471	0.003568693089615972	(-8.11357, -7.80335)	(-0.0172634, -0.00387094)
ab153c3e19553cead3d76fb9e00684c2	-7.0834383649999975	0.009344557830640025	0.13798557084266735	0.00581383800271675	(-7.33603, -6.81528)	(-0.00145693, 0.0198445)
fc1856f132cd513b1251fa39ad4ccd01	-8.080601265000002	0.0001804139763439995	0.04747801575097441	0.0018885562781849109	(-8.17166, -7.99942)	(-0.003088, 0.0038518)
8ef31508d9a2fc6f83935de5607a686c	-7.241503220000005	-0.0036000973484999928	0.172928388231463	0.007445336785305613	(-7.57091, -6.93944)	(-0.0177743, 0.00987127)
21ce8465657612a85e2f89e74d285ce1	-10.110270869999997	-0.0020225042130850033	0.10155783842147832	0.004164616466289027	(-10.293, -9.92322)	(-0.00934103, 0.00608671)
69d052e452e79d571cba042af265d50c	-5.460735255000002	0.01771763103534997	0.15587531258488288	0.006714421224566092	(-5.74965, -5.16794)	(0.00548161, 0.0306461)
79d5bee84cddbb27acb4dd7df378c789	-7.392499504999995	0.005205120363864996	0.11154750749122541	0.00452040714434662	(-7.58838, -7.16855)	(-0.00313042, 0.0140219)
0f0a1f8c92368be6e8d3145bd4e94cd1	-5.270929939999999	0.003912047015154005	0.09364410968072903	0.0035882715506605862	(-5.45743, -5.10423)	(-0.0024601, 0.0108492)
64d05989cb6f8053633b2127793200b3	-7.4339849199999914	-5.129794278499999e-05	0.07501585701365815	0.0030410884893838307	(-7.59218, -7.30497)	(-0.00578915, 0.00547188)
bac3d8ea4685e825ef8d12b2a6979577	-7.465625314999998	0.0004718953461099998	0.14568570695439131	0.005916192963528522	(-7.75088, -7.19179)	(-0.0106106, 0.0114779)
a8d23fd98a311df2db65e5842634aba3	-7.3126275750000005	0.003516558618565008	0.05753631082863569	0.0022590347584365393	(-7.41127, -7.20163)	(-0.000487336, 0.00775609)
41239266f2952a56a313fc4798f28a1c	-6.816867934999989	-0.0006298059094670017	0.07793275861783526	0.003074479371446141	(-6.97524, -6.68223)	(-0.00649671, 0.00489735)
2b982979f2401a8bc447d7141879e9b2	-3.8143344900000025	-0.0033035579804000007	0.035961052055521144	0.0013535104471652489	(-3.88275, -3.74824)	(-0.00589967, -0.000806774)
251429848560a80abcb96640ceb102db	-5.346181340000006	-0.0013824489621799988	0.07092056986801783	0.0029614950074620477	(-5.47193, -5.20621)	(-0.00702487, 0.00411913)
7b34b797cadb639f63827c6d332dd4e9	-8.162776850000004	-0.0018039018241639997	0.06820834489692236	0.0025834538174979473	(-8.28256, -8.03353)	(-0.00646356, 0.00310249)
2a99ec1157a90661db7ff643b82f1914	-6.5326032549999855	0.0071243319099045	0.19463577696316534	0.00827019421312063	(-6.87929, -6.1617)	(-0.00830472, 0.022188)
2a7f11895ae7fe9fdffa52016207c561	-5.768861255000001	-0.014399226659999965	0.08094587174942881	0.0029256316599355486	(-5.92714, -5.62894)	(-0.0202828, -0.00927688)
0cfd41d10227f0de9092d5cda028c12d	-8.474152340000014	-0.007002936332299994	0.08279987970235461	0.003391046695360046	(-8.62307, -8.3221)	(-0.013211, -0.00043247)
a9387e76477da8688775569cf540191b	-6.200590990000003	0.007592063801840007	0.11273644377006	0.004726488719799287	(-6.40444, -5.98487)	(-0.0010982, 0.0165101)
bb769f42c78f86faa2801cb2c2abb8dc	-8.733475984999991	0.006586218774115008	0.11452934448004919	0.004855320454168406	(-8.9282, -8.50712)	(-0.00214798, 0.0159629)
68ee181a51a55ca3814763c9214cfd8a	-8.80497384499999	0.0074411836160700115	0.09106909071065745	0.0035777616671900797	(-8.97212, -8.633)	(0.000995388, 0.0140952)
88956ab21ebb7e44b2dd317dd412818a	-8.542400039999988	0.003125880609649995	0.11602900461090926	0.004652693796152239	(-8.74638, -8.32502)	(-0.00547631, 0.0118148)
ca9dec36ad0aa5a1473144ddcb74951d	-5.173975069999996	0.00047006019076000074	0.06189799802816808	0.0024967083599209956	(-5.28596, -5.05826)	(-0.00408062, 0.00520454)
ae171d16e3cb68ad19636a58839a1ef1	-9.04372906000001	0.005020676378134996	0.1343014849549938	0.005282803079377234	(-9.28068, -8.77228)	(-0.00490576, 0.0149329)
77f4d90aa6eb8080927f59ee8bbac375	-9.363525215000022	0.0100081062815	0.07359676446796941	0.002867047871548677	(-9.51539, -9.24203)	(0.00470196, 0.0155807)
a7b427a226422d10e62536b8d41e02fe	-8.153547595	0.00050742165325	0.15963421039008538	0.006394478888896881	(-8.43921, -7.84602)	(-0.0107559, 0.0127877)
2480f3aa1e7784b461d9b5b83a6bfc81	-7.866545589999983	-0.0035401692739349864	0.09929836183971964	0.004002448187497096	(-8.04921, -7.67473)	(-0.0114523, 0.00342754)
9000b563231e32a7003bf2ef20bf9a60	-7.477572170000016	0.002870142677652502	0.07825148906692506	0.003204617063302589	(-7.61874, -7.32681)	(-0.0029855, 0.00909162)
a186bb74dfce512f83043f7b366c60c4	-6.152416775000003	-0.011700904560210012	0.18919848989473828	0.0077387409500537865	(-6.51832, -5.81404)	(-0.0251667, 0.00343127)
aad2c8fbb5e1201340fe4357731fc9ee	-7.869753689999986	-0.007364727015619985	0.12639109267184892	0.00493445049486439	(-8.10959, -7.63621)	(-0.0167132, 0.00166789)
490d2aec117bd7289577684ba3cc1b64	-6.993506715000006	0.008177891552879995	0.13319132119082977	0.005677057332225403	(-7.26959, -6.76226)	(-0.00229727, 0.0188723)
457d3865cf0a4bc602a07d8d5324388f	-8.39314706500001	-0.015269930741515003	0.13885536054915495	0.005878778486209405	(-8.66784, -8.14829)	(-0.0258088, -0.00387874)
552e00cb506f739acaf08aa5641f9d84	-6.825048109999984	0.009215595846800014	0.092182118691902	0.0036741088352112475	(-6.99685, -6.65269)	(0.00243061, 0.015913)
9dc78fd8f2f7cb10e190e77af61c7ecd	-8.305474579999997	0.008100951412500012	0.06205156260662253	0.0025199535757757206	(-8.42001, -8.18681)	(0.00343025, 0.0127652)
a3607a88a8ed64e24a374847b23e404f	-6.400172434999992	-0.0024067583141004936	0.0764736438148515	0.00297399222751619	(-6.54699, -6.25876)	(-0.00838021, 0.0031472)
5bb151262388870fd53a84ea6f1ffdf2	-9.40405807	-0.0010149283680399989	0.12646154662495263	0.005094927435262749	(-9.62314, -9.14442)	(-0.0110644, 0.0081172)
f7962a90f4519ec1d1a9c7b8ef7bf396	-8.99130918	-0.0035557284320300035	0.09632425945226664	0.004031123381219499	(-9.17212, -8.82037)	(-0.0109074, 0.00391406)
77ad88eed91eef009bf64f101c96baa6	-5.098805525000011	-0.006149017925414989	0.13107170332121415	0.005407159787671752	(-5.33505, -4.84207)	(-0.015677, 0.00411812)
08be83d0a527ddd1da0861135192e593	-8.574207944999989	0.003333747588314997	0.15216459411218822	0.006064860671677918	(-8.84958, -8.28549)	(-0.00722278, 0.0152924)
b61862b15d33865612e76c1db7b995a1	-9.06146633500001	0.004047857323699996	0.07927005829705046	0.0032213366242752435	(-9.2207, -8.91629)	(-0.0019968, 0.0101013)
14f11556b1fc9132c5ab27b67a2479bf	-9.127949020000017	-0.003565717025100002	0.09128031521056217	0.0035814325384852766	(-9.30479, -8.96053)	(-0.0102832, 0.00284136)
514b34f09e4acd2397d38273c630d338	-8.367829549999998	-0.0087754706274	0.13828750584415603	0.005424082026333458	(-8.62165, -8.11455)	(-0.0184923, 0.00142609)
ba88d4e4e6a24ecc2a5aab6bdfbb77f5	-7.833034214999992	0.0017983342086024976	0.06434503516887509	0.002563847060679434	(-7.95911, -7.71664)	(-0.00295625, 0.00668273)
1c94105978b1aa2095e3c0096774f240	-8.163135819999999	-0.002755925699903004	0.09632640556684131	0.0036740064953740817	(-8.33592, -7.98567)	(-0.00867077, 0.00498907)
27b636c66fa117272ed27920bad78969	-8.483498754999992	0.004580473318945003	0.11788366413969331	0.004941216934921369	(-8.70131, -8.24907)	(-0.0042425, 0.0139338)
7201d53bd647437ec3de879774eba498	-6.657508965	-0.002748136433309996	0.16852757740790902	0.00624835098194234	(-6.98368, -6.35938)	(-0.0139847, 0.00899282)
f8529e2e737999b4a7d06420482d4af3	-8.646977820000007	0.008618574602470005	0.1528038813258602	0.006025629205367947	(-8.95806, -8.39078)	(-0.002257, 0.0201589)
959d48a11e3b26c9268f0bd1dae6ec40	-4.325123205	0.005670934177400002	0.04906950630257017	0.0019696201635775695	(-4.41431, -4.23516)	(0.00211411, 0.00954173)
bd0f4e14387ee1ac7e5fe586cadbbed4	-8.754772245000007	-0.007809834430000017	0.05640799655820061	0.002348032400113573	(-8.86018, -8.64743)	(-0.0118892, -0.00342591)
66047b69a772cae3e37186eb74254da7	-8.927185980000003	0.004234378790332501	0.12700814777934366	0.005327236165146321	(-9.16273, -8.69232)	(-0.00538739, 0.0144012)
4207ad1746e5fbce9c5ed5efe1e357d9	-7.375435989999977	-0.0008121695137299993	0.060653396067490796	0.0023887254899561017	(-7.49262, -7.25726)	(-0.00530489, 0.003864)
30207d209491dfb7de83344e77fd6fbd	-6.394174059999989	0.004561671414429504	0.06644046618602553	0.0025375597309689577	(-6.51862, -6.26467)	(-0.00019097, 0.00932548)
3e93fd55a231bb99b67a666bad8446a8	-8.208060269999994	-0.002922299919495001	0.06610443740118432	0.0027591394041989346	(-8.33282, -8.08536)	(-0.00829884, 0.00211526)
d39f37b814ebd81091a949f8bd9d1710	-6.151159790000004	-0.005450920330704995	0.09154721095126765	0.003718115779299992	(-6.32234, -5.97685)	(-0.0122907, 0.00138408)
706b0d627a9ba61b18e6b7b39622ac1f	-8.932162954999999	-0.0037408292768949998	0.10337625473298	0.003987322624222626	(-9.12218, -8.72986)	(-0.0111291, 0.00367199)
32382a0f5831da5faee464d011b5616c	-5.996669899999989	0.004555316120705006	0.17644033455361047	0.0073170027145344485	(-6.33435, -5.65803)	(-0.00803232, 0.0194806)
fcd575ef43a2ae77d9b7c10639e80fd8	-9.765309550000016	-0.0035075355737199964	0.11905419748836041	0.0048290093782816425	(-9.99669, -9.55529)	(-0.0129923, 0.00512763)
fdb1c35a8dab336d65ed22d796e71e4b	-6.768812544999995	0.002927512932155001	0.20873890447919147	0.009003534136645588	(-7.18864, -6.42852)	(-0.0122884, 0.0203823)
25def15fb42bed6855ede4893d27a21d	-5.355210000000016	0.003957411385989993	0.12235365488656239	0.0049328002710013	(-5.59159, -5.12866)	(-0.00495606, 0.0133382)
2a13ecb6c618ddf8154298c69336dd8e	-8.294783274999991	-0.015466843207800013	0.14452593661078397	0.0060826686351813895	(-8.58582, -8.03271)	(-0.027044, -0.00427428)
9ad89cc951aa3031c19c59c95e401614	-9.662840450000006	0.0005790976978704994	0.10380153732579063	0.0042239126223203366	(-9.84637, -9.46031)	(-0.00683146, 0.00894875)
55d4d3011e1f3bb8e4e5089b801b61a4	-9.696782575000002	0.013035852905	0.10351919856973092	0.003828872016924622	(-9.88715, -9.50379)	(0.00601377, 0.0202765)
4ed55370307d6700d110b6d3f1196136	-7.862201554999997	0.010609979551647983	0.16305325604578377	0.006562522157267479	(-8.17232, -7.55136)	(-0.000796166, 0.0232289)
154c25181234441402124e02c204074c	-9.342982285000005	-0.008851238270749996	0.10112577619988274	0.0041782276689212436	(-9.54151, -9.16446)	(-0.0168063, -0.00111016)
370829fece3190f1a8efccf50b7d0921	-7.4747420649999965	-0.011265480249999994	0.08081069892338372	0.0030929769531482985	(-7.61898, -7.31811)	(-0.0170437, -0.00544123)
b1a153ff5a21342991138e7f7dd2658e	-6.643905389999997	-0.0015635245621285017	0.1423641774659197	0.005977241322066149	(-6.89854, -6.37296)	(-0.0130197, 0.00937384)
e39b1ae9776ee98190c8cb02bc9de792	-9.303536559999989	0.0059862468397499915	0.10047353067085069	0.004118587514734288	(-9.49716, -9.1204)	(-0.00147954, 0.0136099)
e71461ffe18aa4dc3b1f7ba4a1011cff	-7.51144987	0.002797067731100496	0.09143723302672221	0.0037896180928470866	(-7.68015, -7.34041)	(-0.00393792, 0.0101456)
90c2b51afe404951ec89bd52c7ae1f58	-8.829905194999995	-0.009372032734499987	0.1270829234569382	0.005200103182551513	(-9.06638, -8.59431)	(-0.0193835, 9.15339e-05)
c5af8314e36eaed98fc88f181f539e8f	-7.353459035000001	0.0026609726955899977	0.07351553866849357	0.0029164266168909057	(-7.49011, -7.21542)	(-0.00256761, 0.00821804)
10cd502b01abafc87e2ecbad86389286	-6.02363218499999	-0.0038558392128250026	0.0523227084713299	0.002123229533711953	(-6.12493, -5.93032)	(-0.00776492, 7.28398e-05)
433cf7e272a09b91cc85082a1338b8e1	-7.804589345000008	0.004121571798204998	0.05949700733079746	0.0024010043831799344	(-7.91667, -7.69053)	(-0.000357969, 0.00845034)
877f27b47c85f6b2d3cf8a6aa86def40	-5.500336260000001	0.008057275033050005	0.08385002197204487	0.0035275171037917807	(-5.66775, -5.35457)	(0.00159053, 0.0148248)
9ed241a051fe72047261df3b7e08b675	-6.991046990000008	-0.0021481926741919997	0.0643223194213323	0.002432177062436592	(-7.11352, -6.87446)	(-0.00645942, 0.00238152)
04c8be5a3a6ba2d70446812e99318905	-5.998004519999995	0.0008653530253495011	0.06502728194511595	0.002458625757858209	(-6.11005, -5.87214)	(-0.00363316, 0.00542012)
e0b7bd623a1b4cd1640883066e8d96bd	-9.63785407499999	0.00547620679304	0.10091998231640949	0.00417678571387637	(-9.8292, -9.45431)	(-0.00268214, 0.0127431)
6a17479edbe461431433bddb084f731e	-6.492922835000001	0.0018352376349499977	0.0896178797992497	0.0035526838092904355	(-6.64841, -6.32006)	(-0.00441939, 0.00878435)
35513c8de34a49ef37dde85737e6aef9	-7.682544370000001	-0.003869408352684997	0.12065828604245582	0.004785258440024411	(-7.90107, -7.456)	(-0.0126306, 0.00481399)
69536042153447ceb692aa53159ce0c2	-7.209027925000004	-0.006702334282499993	0.054019628370106126	0.0021413631228984664	(-7.3029, -7.10858)	(-0.0107822, -0.00283542)
0f92fcc184a951ff8b0914467ad2f8f9	-6.919853695000002	-0.003512094464409995	0.06565601092281631	0.002418785082118011	(-7.03433, -6.78921)	(-0.00802226, 0.00107304)
e9d9bafcf863ec0908ce4e20e6386ff9	-9.692456419999992	0.011102776811649989	0.09189342489473117	0.003569251693123583	(-9.86071, -9.52495)	(0.00454216, 0.018114)
979578981da3916b394bf24c32bace21	-6.861702195000004	0.003812601397048496	0.11968867413098017	0.004750005166783358	(-7.08682, -6.63512)	(-0.00462509, 0.0130704)
5860dac317300b1fe6094e958240cc7f	-7.827242395000009	0.009889818989000007	0.06415738286443716	0.0026769294565311885	(-7.94828, -7.71544)	(0.00511897, 0.0152646)
3a1461e8439091ad6b93af0ddb3849eb	-7.2344916900000005	0.009206026648949976	0.164773127375018	0.007044013980168457	(-7.53469, -6.92927)	(-0.00292317, 0.0238901)
d32627161d829a1488c2a047669cb29f	-6.0138606999999915	-0.012656225980850016	0.17207679363676565	0.006758438826919233	(-6.31692, -5.6677)	(-0.0251911, 0.000535267)
e2c3ff4f647112723741aa72087f1bfa	-3.0929687149999987	-0.012899207485000019	0.0647450797358284	0.002412171478679269	(-3.2207, -2.9694)	(-0.0173967, -0.00853196)
426bd7119a31b73ef734771a071a216c	-6.118035074999987	0.014914418026500006	0.10000714021405868	0.004219600682251626	(-6.30883, -5.93189)	(0.00663141, 0.0221726)
aed0d8840bb7da5eacd80c6f9a1f91ed	-9.549216794999992	-0.00963700031650001	0.10114339088085782	0.003959328812904401	(-9.72708, -9.3495)	(-0.0170156, -0.00262712)
0b05a2e48cdc5f9e766bb0f4c209d4b4	-8.68773579500001	-0.004523266129581154	0.0630845219286631	0.002650163182334195	(-8.80579, -8.57038)	(-0.00931279, 0.000568181)
31c0a0bcf172474d82c69979df243e78	-6.078138510000016	-0.0027181519088449995	0.054282626699339996	0.0021285763921237285	(-6.18945, -5.98515)	(-0.00671726, 0.00120163)
f9b9b7db378357774e672fe5ba242b12	-10.036140059999994	0.006024138862050002	0.09580035983542234	0.0034871842145806106	(-10.2074, -9.84576)	(-0.000344907, 0.0126021)
95f975f50235610bca818dcc9d97f7d6	-8.853097805000008	0.001973736700483432	0.1460157678246837	0.00584332591959932	(-9.1064, -8.55018)	(-0.00918833, 0.0124321)
ecaa9f4e15a28f212d9bd60f749191ab	-7.363209160000005	0.0008574617008599985	0.0832222789473732	0.0034635946666577715	(-7.51567, -7.20115)	(-0.00533932, 0.00771554)
a6fa2de5f4576d1d77b1616786e3dd52	-8.838184785000003	0.003929746930799998	0.057186651145645626	0.0023019364995821028	(-8.95599, -8.7373)	(-0.000562277, 0.00804735)
1fa555f9a74d47a6ca7a65a347bc885f	-6.149052304999996	0.010916670184999998	0.06527830937407139	0.0027014165150018097	(-6.26591, -6.0234)	(0.00543809, 0.0157126)
149e7d5e484d157f2ac6140a2111618e	-4.150401819999996	-0.0033719367412799964	0.05577600668466329	0.0021794992770440306	(-4.25056, -4.04175)	(-0.00723536, 0.000635525)
605c54065160b61d47c4d5f87ffbe6bb	-8.868961739999989	-0.004369795804250002	0.09660425561885144	0.004021054651718265	(-9.06719, -8.70606)	(-0.0116979, 0.00329179)
5034598009be77942a505e7c9978b06b	-8.179150040000003	0.005101072670300003	0.08433053075190731	0.0035742604453685564	(-8.33791, -8.02036)	(-0.00150809, 0.011871)
8526f1f5fd2dcff7e7a73db743c829d2	-6.41558937499999	-0.0014023940722190007	0.0788953589570348	0.0032546087741382184	(-6.55615, -6.2655)	(-0.00748761, 0.00446148)
24ef07664cfa04a819d7797a89e653b6	-9.334666599999979	-0.011874112665499996	0.10678036595245405	0.0042643965654272755	(-9.52915, -9.12695)	(-0.0199797, -0.00388903)
03fdbec0c9b63a05ae79f92c6d3a4cfc	-7.324277129999993	0.011115306322150013	0.16634488705446612	0.0070501161578942935	(-7.61392, -6.99052)	(-0.00162297, 0.0246055)
aa3e2d76e864d7909b51110e211ef36c	-8.849868115000003	0.0030127963771610015	0.14039450747731108	0.0055730331799909265	(-9.11607, -8.60533)	(-0.00846365, 0.0126812)
7efeb75fc542932a033b37b887994dc8	-8.224412840000001	-0.0027150739126863424	0.14998843607336662	0.007011871645933929	(-8.48999, -7.93694)	(-0.015842, 0.0100916)
2371e52106292ac4c33aec6f57cace35	-7.523722679999995	-0.00934439353950001	0.07929337984420637	0.0032056001267445604	(-7.67382, -7.38448)	(-0.0151789, -0.00314198)
913d55d109820d0f3fad120be103c64f	-8.420698625000009	0.0020711309175100007	0.10923481640420038	0.0045358815169531195	(-8.61442, -8.21459)	(-0.00608041, 0.0108035)
c82032c40c98975f71892e4be561c87a	-6.896328340000008	-0.008739090585	0.05266731182474006	0.0021020122729550625	(-6.98919, -6.79436)	(-0.0125607, -0.00476169)
ac9166cff57e7ff3581eaf798edc726c	-7.171866220000015	-0.0011043202873000006	0.14238930921284643	0.005691977746778198	(-7.45683, -6.93112)	(-0.0113368, 0.00937616)
949af2c28ba6c0345ae58b9aed00a2c0	-7.2716189749999876	-0.01396863291714997	0.16958954231732395	0.007071473944743445	(-7.57736, -6.9455)	(-0.027145, -8.78838e-05)
8a261f382a739bbc5f9494b2c64c2744	-5.276786215	0.0020269669493325	0.05309783096251458	0.0020605628513539294	(-5.37119, -5.18298)	(-0.00205286, 0.00553851)
e91f1c5b67ffecb5ca3ca3b393a50f00	-4.8109255849999935	0.009329424200299993	0.104423775348135	0.004148394278533529	(-5.00966, -4.63073)	(0.00112098, 0.016454)
99b02f389bd0b7abad0d4d8affb09e22	-9.602557670000012	-0.008656997404249994	0.12382451732743033	0.005275172788640322	(-9.82736, -9.36999)	(-0.0187187, 0.00126491)
d3d99580d90cca486a23372a474e9571	-9.123363504999995	0.009555200459399999	0.09486332850720025	0.0037579099041080218	(-9.3007, -8.95236)	(0.00268338, 0.0164951)
7076b69bea6fb40b94f8b32fd85fdb46	-9.926608449999993	0.005887307771949992	0.10954759844559586	0.004593337235180944	(-10.1237, -9.72892)	(-0.00210377, 0.0153326)
e82ab12c51a893c6d7938a16632199a8	-7.490369780000002	-0.003316426134204998	0.15079561470464448	0.006195457957745534	(-7.75162, -7.17924)	(-0.0151082, 0.00833794)
2ae945b550c248752a5b463c9aca1a6a	-9.508736460000005	0.0020860123986900015	0.12434286117533408	0.005113451358447185	(-9.75273, -9.27853)	(-0.00759079, 0.0118215)
b423592b0ae631882095792b27729b9c	-9.328781059999988	0.023902800800000026	0.133840570972618	0.005116128932772252	(-9.587, -9.09463)	(0.0137924, 0.0328743)
3f1ed51e954b35a8108c12dd882b696b	-7.046818345000012	-0.0011516916861800004	0.0957380741278566	0.003746477358466638	(-7.2418, -6.8874)	(-0.00836566, 0.00555993)
1fb601d8edb6994ffb112ad1a34828d5	-9.313875399999995	0.008071542816949995	0.09634728401278368	0.0039861431151954115	(-9.50803, -9.14697)	(4.58618e-05, 0.0149448)
9f74473636e6874853d88dfcbcecff49	-6.678601140000017	0.0032302191838999993	0.1122760509837267	0.004682339855626322	(-6.8814, -6.46017)	(-0.00605907, 0.0114335)
4c731267e801c2afe253b5cbb58bdd24	-4.574101145000002	-0.005467124731499994	0.04431981951045125	0.00169404054969998	(-4.65541, -4.49265)	(-0.00867836, -0.00235117)
14387daaf0161dd3c971efd0f8806ffd	-7.981527045000018	-0.0010469255202660008	0.07844977492076041	0.0031024004582714706	(-8.1177, -7.83017)	(-0.00678495, 0.00480039)
c97220e6c4063a029dec2f8160977f83	-6.959190400000007	-0.0018290562541170025	0.09114148352610904	0.0036968731332322224	(-7.12686, -6.79045)	(-0.00882832, 0.0050813)
8a20667bca2eaf2a0687995af876a84c	-6.753864379999991	0.006872472891765013	0.1678366339006941	0.006410614389401093	(-7.0535, -6.42111)	(-0.00501684, 0.0190491)
131d3b899e72f19fcae1b0f9f8f3a009	-5.543422275	0.002990433131065006	0.18794121576832037	0.007389438378899292	(-5.87892, -5.18437)	(-0.00979442, 0.017308)
c0c365b5a32a28b8d2602de07c5d0b06	-7.653548239999992	0.0014057423467950018	0.13733562073767464	0.005714925872819196	(-7.89719, -7.38128)	(-0.0087256, 0.0123627)
a650f349bbdffb95b3624519d1ba72b8	-4.844765230000005	-0.007438596394999984	0.056401844465824885	0.002260730765060862	(-4.95498, -4.74348)	(-0.0116018, -0.00314562)
0f6da5f59be656db2dadef7bf2d1a2e6	-8.691112404999997	0.008397858770099997	0.08833999741604014	0.003552175825452286	(-8.8686, -8.53606)	(0.00188676, 0.0151913)
e84bea8ae61342674744560dd7de4721	-6.888293649999992	0.005168429140069995	0.14305624781384946	0.005640138620597121	(-7.13367, -6.60801)	(-0.00512906, 0.0165254)
010f0ac2691bc0be12d0633d4b5d2cc4	-4.634090170000004	0.002898929045850001	0.07588050343778106	0.0031346356303822934	(-4.76372, -4.49285)	(-0.00277304, 0.00869218)
c8fce068920feb387167d44c01689295	-6.633746380000001	0.01411498702449999	0.11529637142987455	0.004851288567475973	(-6.84273, -6.41647)	(0.0044227, 0.0227217)
86deb5cf8d6f29d383136e0d09863b69	-9.950787054999976	-0.0025054347526949974	0.11260268018913655	0.004676839626105834	(-10.173, -9.75535)	(-0.0106543, 0.00662546)
79db4c4f494c95856ce31b42f267c4c4	-7.957651375000003	-0.0002886071113264993	0.14443485767486777	0.005438946555467557	(-8.2084, -7.68658)	(-0.00989311, 0.00990296)
dde2f514908a4fcaa80827346c7b7a19	-7.930060725000002	-0.0011979746838299988	0.0664611257061177	0.002705621606440634	(-8.05396, -7.80887)	(-0.00603707, 0.00397697)
7dfa96abfa7484bb6c9cfa90dc9b606f	-6.317335335000016	0.02568021099999998	0.0864098926558052	0.0036287559127680356	(-6.49032, -6.17007)	(0.0190266, 0.0324738)
25f9cac7332bfbe3973f03bae0ee15cc	-9.674870924999986	0.00966116514125001	0.09956070017077202	0.0038212106121237295	(-9.87663, -9.49991)	(0.00272883, 0.0168133)
447b9d6a5c17543a456c597e65b37139	-4.4207445949999835	0.002375771673367999	0.03972911494403037	0.0015897217959722895	(-4.50334, -4.3518)	(-0.000500818, 0.00531095)
ccce7fe8aa849bed027f6898300e0c45	-8.803057435000003	0.01104518154535001	0.10536411553736302	0.004300958031195314	(-8.98683, -8.58886)	(0.0028423, 0.0191556)
363c1c39d58bce4fc3218659d0944258	-6.174641060000001	-0.005902692085225012	0.06742361787739076	0.002812832707248185	(-6.29687, -6.0474)	(-0.0110219, -0.000469381)
7be9bac1b13acbd8acf0de464d7c20e6	-7.7615464899999855	-0.007637626029650002	0.0739691753149912	0.00312619952798234	(-7.90072, -7.62244)	(-0.0131, -0.00157009)
2ab8310e1e510f8045c7f4d191fa36be	-9.114247615	0.002613949520624999	0.12579160709030535	0.004873692136704958	(-9.3321, -8.86888)	(-0.00681519, 0.0112358)
a66dd8d31584930c2b0f811f572dddcf	-6.794487554999994	-0.0019349139704643466	0.09830830715189838	0.003702451121494813	(-6.98525, -6.62366)	(-0.00883416, 0.00500468)
10155b2834300619ce0102110a37b057	-6.990457269999991	0.002111999232545	0.04963647082082988	0.0019374892610743509	(-7.07751, -6.89149)	(-0.00159981, 0.00554103)
fca904abacabcc0591dd00b0427f9180	-9.995654484999994	-0.004718495689264998	0.10234801327302238	0.004232985811413938	(-10.1791, -9.79218)	(-0.0125049, 0.00307884)
ef6752ce31dcb9e16b1155bbaa1a268d	-8.742522744999986	-0.0019670023346500015	0.11799653990441836	0.004716718541557274	(-8.9656, -8.5288)	(-0.0105641, 0.00709893)
a24dae6b87885a55d81df1ea6d1abaf5	-5.9336017650000095	0.00851705019425001	0.09165085520787442	0.0039029742869810258	(-6.10559, -5.76527)	(0.00168526, 0.01601)
79280cea51a6fe8a3432b2f266dd34db	-3.5502740550000036	-0.006134913851999995	0.03734877838172189	0.0015152327876918222	(-3.62282, -3.48129)	(-0.00891688, -0.00327365)
cba33b3578113908d449fc66ccb245d4	-6.145078945000006	-0.0017347712200979995	0.06109435057218446	0.0023563242202024734	(-6.25357, -6.02661)	(-0.00589111, 0.00291917)
ef1616938612ecae94c31842853cb904	-8.954717869999985	0.005428938098450008	0.06434730322447944	0.002559393255976644	(-9.06419, -8.8198)	(0.000702335, 0.0103889)
a378e30f9be477f7777e409c8faea14c	-8.780917904999985	0.0017833845756199992	0.09127762841880238	0.0033905126128549895	(-8.95963, -8.6196)	(-0.00488269, 0.00788938)
322498f1025a569812be6e3fe4f63ff7	-7.922488939999992	-0.00044541955166649933	0.10733184609926541	0.0043552329584493525	(-8.12308, -7.72873)	(-0.00845044, 0.00781092)
d75b7080930e7a77ef3de8c6154895b9	-4.724674365000004	-0.0007357030032749998	0.16556654823905934	0.0063450174648413335	(-5.03401, -4.41606)	(-0.0121134, 0.011048)
9bf0d2dbffe7925240ea811d2a4cd625	-8.934262675000005	-0.003881475779355001	0.07542397877727201	0.003037839753131196	(-9.06768, -8.78513)	(-0.00964532, 0.0016957)
a167e4d4418792dcaba877443ed0e66d	-8.558963589999994	-0.0021765186977599975	0.12396834420936621	0.004950705087983019	(-8.7856, -8.32996)	(-0.0108483, 0.00738093)
ac0202d177961ffb380b6859272bde53	-8.03669116500001	0.001143793203074997	0.119801238323286	0.0049913579460957045	(-8.24982, -7.80275)	(-0.00807003, 0.0104262)
e3ab3e4772986724760dbd52b7af55f7	-8.056178230000006	-0.007189808800304998	0.07844649734224661	0.003122035220278187	(-8.20658, -7.91797)	(-0.0130384, -0.00118741)
481e48328fe7a9837c7233de8f60fc23	-9.215970874999975	0.0022367567021499986	0.09226039315103937	0.003425033504014568	(-9.39002, -9.04225)	(-0.00382372, 0.00902327)
be17b29b03ed02bed133932284568d16	-6.727214880000002	0.011635761930000002	0.0704524496180622	0.002775306398465776	(-6.85954, -6.5997)	(0.00646771, 0.0167609)
5f9d6c173705f19cd3a1e5145c52789a	-8.890960015	-0.00040778441338500007	0.1299796001292118	0.005608006827744721	(-9.13179, -8.63955)	(-0.0099586, 0.0106728)
1ef782a559e3e0a4ab42516e0a2c828f	-8.501690065000004	-0.004828085896740013	0.12547738011149961	0.004976043683625012	(-8.73566, -8.26477)	(-0.0148518, 0.00361552)
97f56e68f535e44ceb53d05f269e82d6	-6.858618399999994	0.002969822948700001	0.05745228180707885	0.0023438079718153307	(-6.96356, -6.75039)	(-0.00160934, 0.00728021)
3f38509af22157cdcb4006457529d25e	-8.651743984999994	-0.013674151465100006	0.11862465894311257	0.004880679763552406	(-8.88013, -8.43379)	(-0.0218227, -0.00360153)
ccee9fc92f4182805278384a02a4d7d3	-9.574790765000012	-0.009031206960300022	0.09748852674681663	0.004003611581460197	(-9.76301, -9.39181)	(-0.016487, -0.00157855)
b3bf877149e7a31ad9a7397a3ca8b011	-9.209705974999999	-0.007170504763800007	0.12016206342331755	0.005016868714235342	(-9.4404, -8.98399)	(-0.0166574, 0.00218147)
33852dc244bb69590e8e756a83bb2f4c	-9.450390230000018	-0.004271102516484999	0.09912597938354567	0.003920995031581387	(-9.63028, -9.25237)	(-0.0113972, 0.00311057)
8f5959f21dc9ce9a281656f8d699ec07	-7.11049576500001	0.012864909011999999	0.09483511933832722	0.003950693054837886	(-7.27971, -6.92602)	(0.00591123, 0.0208896)
2086666afdd5de098b04a94247040c11	-8.017407830000002	0.006569503438450001	0.11255216481166	0.004604427222091852	(-8.22915, -7.82382)	(-0.00168958, 0.0154276)
96169c3701e79f42346c41eb7b5bf2af	-9.716427110000001	0.01314096524739997	0.11399635452832646	0.0047279334411521375	(-9.92764, -9.51687)	(0.00404974, 0.0214885)
d05c86b5bfc092d8677507fb1eae8d66	-5.889227994999978	0.011685648956900009	0.14400762851436025	0.006155155222738706	(-6.15866, -5.61032)	(0.00026328, 0.0239268)
25dd2ae928b2e5e1ac2e28dbe2112991	-6.314287735	-0.0015695866805649945	0.05855026057687336	0.0023222363953521352	(-6.42271, -6.20429)	(-0.00578311, 0.00294759)
cebcb0fe524fb1cf0bfb5463ae228bed	-8.979744265	0.009058073751449992	0.11644254872021553	0.004949510980566851	(-9.19917, -8.76333)	(0.000260739, 0.0186115)
90104f2fbcc925a6619e805c7a625c57	-8.748039304999994	0.010115434477200012	0.12133173959672294	0.005141797978242638	(-8.98222, -8.53116)	(0.000589917, 0.0197692)
4c2189b6b5ced3cb80093414e9449de9	-6.040454415000004	0.004921845394599993	0.05445139222056472	0.0021529487377243955	(-6.14312, -5.93909)	(0.000973087, 0.00895538)
c4e57b91cc2be5a2232b3612abdf4c0c	-7.869310584999996	-0.014904588856000038	0.13692331878941513	0.005126437304543135	(-8.11939, -7.60467)	(-0.0246722, -0.00548353)
1600415004247da005dd77bd44c633d9	-8.187330280000008	0.009348094394999985	0.058823573849449216	0.002325368177045699	(-8.30906, -8.08963)	(0.00473429, 0.0136413)
3b092a59cd0e2d57483420cc994ec49c	-5.773421559999998	0.004717992793174996	0.09267714712682087	0.0037544667612840186	(-5.93681, -5.59402)	(-0.00226135, 0.0116922)
2c5c5d710e1b9229efa72f98ca7b4e71	-8.62135830499999	-0.012911555269599998	0.1441760928492548	0.006077722300752721	(-8.88053, -8.35828)	(-0.0235593, -0.000700571)
db093685d2f3295cfa4da0a44d3d9ad0	-8.157242885000006	0.005385029019374992	0.08515543803085492	0.0032976556673788527	(-8.30993, -8.00066)	(-0.000741565, 0.0115826)
63a2de21003c952fd04b694d8444e66f	-7.091516419999996	-0.0012282951509250016	0.1055872431697295	0.00404266266052383	(-7.28216, -6.88273)	(-0.00876088, 0.00638428)
59196a586276f0be745d0e334fc071c6	-3.3301927100000053	-0.0035411814232000002	0.03436098049322664	0.0013874215359506263	(-3.39607, -3.26381)	(-0.00617275, -0.001039)
8507091bac6b1be88f3d360d6d535d0e	-8.261477414999998	0.010307000475000015	0.06960045093939966	0.0027633026918224357	(-8.3931, -8.13825)	(0.00479882, 0.0150391)
8f649d1053a0ead08b37f8e06fbb2818	-8.293818994999995	-0.00520975017455151	0.0778625698589507	0.0031469865278414082	(-8.44395, -8.14373)	(-0.0113187, 0.000148707)
8a70333f85e6869971ef357eceadf3ef	-8.032922715000002	0.00047866050677199975	0.09399964192367323	0.0035959254583699408	(-8.21177, -7.85799)	(-0.00626426, 0.00696973)
8e0da29b36fbc3879561566e87f11ea7	-8.729836024999985	-0.0005611582873450002	0.10409259630372082	0.003942609230844787	(-8.91579, -8.52272)	(-0.0082549, 0.00629608)
5093cebf67405c910fb68525ffa6dc3d	-10.162332115000005	0.0007336152573849998	0.0900413603161168	0.003606180234569371	(-10.3326, -9.99443)	(-0.00603918, 0.00719516)
bde648dc2bd51d522327b0bb99e98340	-9.656020184999994	-0.003655990354850002	0.08041127738082367	0.0032924194284299287	(-9.80064, -9.50942)	(-0.00964245, 0.00253125)
8720f9ecd2331ce68e2896df1bf2d977	-3.5172177949999957	-0.009133396587700023	0.061928993321286735	0.0023922544377785746	(-3.63165, -3.41025)	(-0.0139382, -0.00494941)
3af2ddaf4af4b5ae4100439a9c3d4099	-8.863940204999993	-0.005007469048440007	0.09439755293177868	0.0037598676231304913	(-9.03422, -8.68855)	(-0.0120883, 0.00159563)
de24ab68045830f7ea823f771a1f7dd3	-6.217789399999999	-0.008787863476500008	0.0764705350565825	0.0028991662925282914	(-6.3548, -6.06991)	(-0.0139661, -0.00301157)
aec9d6920c8746590e4dff84ba121b90	-8.022804640000007	0.005943981165250001	0.09695004502510768	0.0038771241330786883	(-8.20181, -7.8376)	(-0.000721489, 0.0133928)
192522c9b7c41f7a761f8a2ba792268a	-6.742831460000009	-0.004181862140305002	0.07918071757990322	0.002966571426050532	(-6.88297, -6.58877)	(-0.00920896, 0.00173323)
458157e555a80f9ba01d9da37ef787eb	-5.070248309999996	0.004100562072120001	0.10897706898262535	0.004454532819572558	(-5.27873, -4.87593)	(-0.00418586, 0.0123985)
3017f87a3b0f5200ed54eca17eef3cbb	-8.630093449999995	-0.0038260763497100065	0.1129497590926935	0.00427713161842408	(-8.84702, -8.42826)	(-0.0116975, 0.00432749)
c5e3c5422835403541b0af331a2cc649	-8.061208429999999	-0.03477143979999996	0.14049785176412885	0.006071140157302906	(-8.31766, -7.79765)	(-0.0467326, -0.0243155)
be7fc30c58dc772f88007fdefcf21a96	-7.9403809050000005	0.0009860133031949993	0.06648094639542197	0.002786445162223165	(-8.0679, -7.82943)	(-0.00393222, 0.00622952)
3d766867c97f511431bf97e059d6498f	-5.633143179999995	-0.0059253613683500055	0.06706850052362585	0.0026163958511996733	(-5.7498, -5.50227)	(-0.0106866, -0.000951394)
9099a7f671b923c7b07c12508f17270a	-7.94062422500002	-0.009792595273500017	0.08059923249261976	0.003076904597907484	(-8.08892, -7.79312)	(-0.0155048, -0.00382836)
4973330392dab23937c67af9843e5359	-8.23717684	0.01121417483699999	0.09861579592851445	0.004104694371948622	(-8.41498, -8.0589)	(0.00353391, 0.0184572)
2cf53730a41137e7ad95ed3680541d80	-9.369520605	0.010694736576089997	0.1296721094552871	0.005576547462920168	(-9.61741, -9.13261)	(0.000677548, 0.0214462)
2a0968119cb66a61a416f8d924c224ac	-6.263587520000008	0.0036347918057200016	0.18936786884645873	0.007937009955955218	(-6.60827, -5.88517)	(-0.0119298, 0.0179146)
a4e2a4e1321a599651edf92f6999e78e	-7.654190349999998	0.005951039873584999	0.158228816907912	0.006883791554231762	(-7.93751, -7.34527)	(-0.00565786, 0.0197974)
782772ed674928794b78f5a59ee3d08c	-9.493913625000012	0.00440153705494	0.09147445916161173	0.0035780222669642005	(-9.65889, -9.32165)	(-0.00224918, 0.0112484)
ab5c396eaf731e031c9764a05b798753	-8.862631929999992	0.015656517510000002	0.10457979031952154	0.0044022899369037	(-9.05647, -8.66416)	(0.00778973, 0.0241038)
04195686f2b70585790ec75320de0d6f	-5.861845139999999	-0.0003410626234850002	0.1293347740798288	0.005471468922855284	(-6.10922, -5.6272)	(-0.0104201, 0.0105972)
9f4d14b114e7499772a797790d81c1db	-5.035303034999999	0.0034399563569999974	0.04578592824153264	0.0018550291006158672	(-5.12164, -4.9522)	(-1.87517e-05, 0.00697457)
b1f2146bef78066448576fceeb6b644b	-4.623132124999999	-0.0008857496411049997	0.0669872129397423	0.002792764562736121	(-4.75111, -4.50453)	(-0.00628238, 0.00431264)
3bff9ab82e7f2a76cc22e687ac7b72fd	-7.095004800000002	0.01902782298500003	0.1584325707657994	0.007371973921566419	(-7.40338, -6.80301)	(0.00534305, 0.0328532)
c1365ec008032ee718dcafaf5ac17adb	-7.051288954999994	0.004194458774099991	0.06636182993451857	0.002727495122529053	(-7.17175, -6.92161)	(-0.000638284, 0.00943953)
cc968157f7691aab95df444e8cd103e2	-5.527596785000009	0.009673932829999999	0.043660394580371964	0.0017206432233316088	(-5.60842, -5.44521)	(0.00630777, 0.0128591)
09ee2c2d76be17c9ede2d4c57412adeb	-8.97629077000001	-0.0017092613043315009	0.1453590369000398	0.006226450419132601	(-9.23815, -8.68846)	(-0.0131419, 0.00981174)
d9b76ee51ff2b6961430bf352cc578f2	-9.405351890000011	-0.004841978023446499	0.08967852628097706	0.0035859897243358586	(-9.56416, -9.23951)	(-0.0119448, 0.0016169)
d2cccbadb958c9c6547274fa10531f74	-7.0324223450000005	-0.0020885447203969993	0.0703389594417701	0.0026706366777438616	(-7.15882, -6.89309)	(-0.0070444, 0.00283807)
2268b83b6cb307bfd1cd008dae1ce4b3	-7.229686269999982	-0.005668211592555006	0.11996266209236564	0.00490569394534945	(-7.45382, -7.0042)	(-0.0150512, 0.00310188)
e9ad916c93ff127ade2a8283db7603a1	-6.513245920000008	0.016741233343600007	0.20672055230153974	0.008560072186461633	(-6.9242, -6.14762)	(0.00137462, 0.0333168)
624d0040eafc828499b5009791d96b85	-9.040368345000013	0.0039024214782814957	0.07720972002870485	0.0031324455540315565	(-9.18058, -8.88828)	(-0.00219836, 0.00924336)
bc5146d3526a9ef5179457a2077b1b46	-9.063189954999993	-0.0040720234888349995	0.06590954124592265	0.0026463079053683503	(-9.17931, -8.9381)	(-0.00910628, 0.000817628)
7bbb537e486b770d58232a6c683a3a9f	-7.2327113499999935	0.0011465021731500032	0.07045552334613307	0.002768412136966689	(-7.36573, -7.09978)	(-0.00444059, 0.00616057)
30c16856bd5bae4cd2f1182341b30ffc	-9.542222949999987	0.022482265800000022	0.13356641953274598	0.005661707417238647	(-9.81331, -9.30343)	(0.0123301, 0.033537)
ac5402de1ddf427ab8d2b0a8a0a44f19	-3.5946808650000044	-0.0018398820093900009	0.06808007610381893	0.0028761745650740275	(-3.72428, -3.46438)	(-0.00735632, 0.00341271)
d0037fe3397f56b52e971759e3f2f7a8	-8.740554590000002	-0.005560546060999996	0.1369691348579376	0.005383968159073844	(-8.9959, -8.49021)	(-0.0154376, 0.00455185)
3d7f3a3956e66e4728521a97abd9f07b	-7.6857572600000035	0.009515973169549987	0.1525131911170059	0.006531134990409861	(-7.96407, -7.40758)	(-0.00259292, 0.0221393)
3e15d94435169ddada1e508dd8b83a55	-8.194995860000011	0.006724320259000005	0.09522766599187651	0.003985188324684872	(-8.36542, -8.01659)	(-0.000562793, 0.0142311)
ed1528f4822674c9e1da64b84c778e9f	-5.912995559999996	-0.0023135919592500013	0.09365139872306448	0.003713629846729744	(-6.07052, -5.722)	(-0.00934422, 0.00473162)
477734397215c70bdacce28d5685cc6e	-6.289102464999999	0.005169228482699998	0.16286889239192906	0.006172375741982524	(-6.60527, -5.99327)	(-0.00631971, 0.0166479)
1243750138937650754b619370565800	-6.427518399999994	0.015433212710000019	0.10752339792175468	0.004455704960031926	(-6.62839, -6.2247)	(0.00750816, 0.0240124)
997c1b9bc29e50b9096303c708bb54e8	-9.582508739999973	0.004209761006320003	0.09444449440445116	0.003696904742034696	(-9.77383, -9.40863)	(-0.00200084, 0.0118768)
8aff935557eab67b0baa4553b8518105	-8.87440735000001	0.0048883621419299975	0.12053454601805035	0.0049237078387663336	(-9.08718, -8.64533)	(-0.0040268, 0.0140734)
39bb3fb5b2257fd2eacca408dc42c5d1	-5.277746329999993	-0.006290156059449997	0.08069742341754847	0.0031946668437720107	(-5.41876, -5.12467)	(-0.0123565, -0.000570204)
b9024a1f377b62508864cfea59b16a31	-7.720516649999992	0.004835565859924998	0.07151959527204756	0.0030199417108428338	(-7.84332, -7.58531)	(-0.000727563, 0.0102052)
7ab1bc6052053650189083370055ae66	-6.112232420000004	-0.0007287383505850009	0.11406668369529982	0.004811201586653261	(-6.34718, -5.92104)	(-0.00964366, 0.00818234)
8183f1e3f9806994e125b1d5c6932498	-6.505351599999996	0.0044486014114499955	0.10188793939785007	0.004129309744468149	(-6.68715, -6.30184)	(-0.00315054, 0.0120117)
92f000f936d3f349c5e7719a5edc5078	-7.311420199999995	0.0005074538478460008	0.053495108323658905	0.0021744389044558053	(-7.40591, -7.20263)	(-0.00363746, 0.00463655)
6509bd0f539df985ac2f40c335cdb999	-8.721941280000008	0.0107622323325	0.10896073395752076	0.004640094884195352	(-8.9166, -8.51419)	(0.0020741, 0.0193933)
c4f9ef34bd2919511069f409c25de6f1	-4.813003299999993	0.005811107773645	0.12548688324765261	0.004752607692180762	(-5.03697, -4.55409)	(-0.00303226, 0.0145091)
74923f4bbde849e27fc4eda25d757e2a	-8.14844500499999	-0.017786177302500025	0.13454014530615005	0.005435109272586545	(-8.37414, -7.89115)	(-0.0283884, -0.00783231)
3edf7e19ca2ce44d4d3daa243e8725f7	-9.589436774999998	0.0011541238826700004	0.08391453783731025	0.0032526087666321277	(-9.74869, -9.4302)	(-0.00466766, 0.00740213)
ebab7cfc7858bfb00c486bba21d6ca6d	-5.7154156249999915	0.0038544548308400003	0.09109627864248554	0.003652210758757801	(-5.86928, -5.52954)	(-0.00283846, 0.0109445)
8937656c16c20701c107e715bad86732	-3.228417824999996	0.0003623512872494997	0.07560015542324883	0.0030258698179540452	(-3.35708, -3.07651)	(-0.00504173, 0.00616698)
6a6880faba39965be0e4b7d88966d1c9	-6.52832761999998	0.009864739524999994	0.0939952348102583	0.0038886099689361075	(-6.69981, -6.35366)	(0.00279206, 0.0170266)
85c05d873041801d03eed489230b23f6	-8.156863459999999	0.003374603193895004	0.06245528934708738	0.0024827799257208503	(-8.27714, -8.04741)	(-0.00122232, 0.00804447)
6d8fe4ac153ead767024e041ff1f0ec6	-8.618930944999994	0.014316306218000008	0.15561306225525212	0.006666407898820605	(-8.90615, -8.3318)	(0.00210361, 0.0268852)
ed5952d1e022067b212146b9b3bc6812	-4.8303165400000045	0.0051828263351450035	0.14471197180927511	0.00615672139063596	(-5.11551, -4.57251)	(-0.00566115, 0.0167615)
7029eddc845e01d613a3bbc113ebeaba	-6.645193420000007	0.007489110905334992	0.09252196275643748	0.0037584909697332123	(-6.8274, -6.47188)	(0.000452318, 0.0144551)
41d23d8bc82f57b26b6896d5e2e947e8	-9.66143727000002	0.0007317550859649999	0.0994480375841932	0.0040817602932307654	(-9.84638, -9.4796)	(-0.00629772, 0.0089083)
0021d135d4ac12982cc8abdf2b38e23f	-6.68743425	-0.0015190839412574997	0.17177020928740092	0.0066327725817533255	(-7.02525, -6.38284)	(-0.0132567, 0.0110785)
e4c0082e2ab8c9772768fc29bb86caa3	-6.642605359999992	-0.0006423765091999979	0.06699020043387242	0.002752614053685723	(-6.76558, -6.51809)	(-0.00588378, 0.00414487)
46d8ab5615f60d7b522f3590976668be	-9.050758584999999	0.003939818036655006	0.06769381253739354	0.002704079261122137	(-9.18108, -8.92342)	(-0.00094775, 0.00898764)
28bb502265419a0e86626d75a1183ce7	-8.35527443499998	0.003169129924385	0.1471901049941225	0.006365744374211631	(-8.64747, -8.08735)	(-0.00849921, 0.0153953)
ea3af29626a95b6c7b89d631bf1a739c	-5.477689150000001	0.005660327548500004	0.07965594083417446	0.0032136785326368424	(-5.61447, -5.31913)	(-0.000604586, 0.0113634)
94b000e59b7ac160b0416c9ab45ff0bf	-7.4983264349999965	0.002028595120775001	0.16423939923885722	0.006828159213553828	(-7.79334, -7.1827)	(-0.00956473, 0.0157885)
75878b49cacdd2ffdcea1186a43be92d	-7.937447154999986	-0.0058513767094	0.08906696231070171	0.003538027258118605	(-8.10304, -7.77038)	(-0.0126702, 0.000509943)
aea50462b44fe88301c739b72353e16f	-8.43611732499999	-0.0014057633557225024	0.07620544408107845	0.003221991955790413	(-8.58047, -8.29622)	(-0.00788602, 0.00425742)
2d575dfaf20c70d49b09be32a1492254	-8.811324209999999	-0.0007556406504075018	0.06872378468678736	0.00270476319993635	(-8.94254, -8.6788)	(-0.00584735, 0.0046304)
b955f67a541a149dd3b179dc62d37a72	-7.8435486450000065	-0.0004422226067449999	0.08942499965285981	0.0036677989440296425	(-7.99868, -7.67046)	(-0.00763734, 0.00608389)
ad7bc2bb6e1ec90a9bc3c8949bce80d6	-6.30836254	0.002399140013819997	0.19045176465695549	0.006975058046594971	(-6.70052, -5.97638)	(-0.0095597, 0.0160568)
8f1c11c7b732265cbfc1bb7dbd0241e7	-5.646508120000016	-0.002150253694347149	0.07007066967473334	0.002822250135690566	(-5.77934, -5.51962)	(-0.00756807, 0.00303753)
1fd31ccf4d6163405f70131e32d5065a	-7.015403924999991	0.003576034119024995	0.15471128887041294	0.006492752044491603	(-7.30412, -6.71424)	(-0.00856322, 0.0151901)
5093ad88995f6fe457c7fe96bb0ed33b	-6.014706525000011	0.00033094555486499973	0.08325462342881851	0.0033771809387341976	(-6.16871, -5.86151)	(-0.00621125, 0.00631674)
f9b52205cb2d03153fd394a290212a10	-5.235506330000005	-6.8486956105e-05	0.11628675616350767	0.004607404637225019	(-5.44707, -5.00406)	(-0.00812758, 0.00888715)
9d4e16844252e2dfbaf80a4a6fc4d55d	-9.335297455000019	-0.009352411570049972	0.11981625368693924	0.005059130695231934	(-9.53831, -9.09729)	(-0.0184654, 0.000426814)
148c7eb0139bbc1b8c87dd31464742e4	-5.636682594999992	-0.001779854670238004	0.06590085695509561	0.0026242333332780715	(-5.76674, -5.52048)	(-0.00689391, 0.00283203)
eea6b86c0c75e740670ccc50613b1b23	-3.3814139250000013	0.001450074712168499	0.03314060046294233	0.0012849958702024638	(-3.4451, -3.31812)	(-0.00078697, 0.00401495)
3fe55dd5e59267f275e972017302459f	-6.328766990000007	0.004889163594149997	0.19627594751481903	0.007610622274875539	(-6.68496, -5.95859)	(-0.00888263, 0.0184663)
f11bd4248a2f95e53507c5bbf8dda43a	-6.685194005000009	-0.005530114601849998	0.0848966580968295	0.0032495528132619987	(-6.83513, -6.5235)	(-0.0116139, 0.000506864)
09a55cd0bdf9fa4929eab3f0ed841bf5	-9.093067764999988	0.006852039046999985	0.10650395327289391	0.004007170948358143	(-9.27711, -8.87006)	(-0.000679682, 0.0138558)
bfb7bb16ab570748b3a5d099e9426af1	-8.172790224999996	-0.01287909837000002	0.06635355350619422	0.0028000328026405595	(-8.30119, -8.05514)	(-0.0176594, -0.00723531)
ad52a0f6646c574417ce0b13b84acfa9	-3.5871980049999994	-0.0011785685682249992	0.09520963948555827	0.0036861834906903243	(-3.76858, -3.41946)	(-0.00782363, 0.00593946)
180b74e94caf35fac5e1f0f4b7ad9d9f	-6.354393059999998	-0.002145374044435002	0.04331988889916961	0.0016563055361114216	(-6.43833, -6.27586)	(-0.0053767, 0.000718634)
810926a593979f3574e3bbe7defd3559	-9.59131684000001	0.008747237724199997	0.13241035492594383	0.005314771221715787	(-9.84721, -9.35655)	(-0.00162902, 0.018558)
5d62137a2d05df0be8d6b7e163a3ef08	-5.150486720000003	-0.0006472176732499994	0.1488354039727833	0.005578574235599789	(-5.45853, -4.89497)	(-0.0108996, 0.00972052)
f9765bd9332162f70268554ab318197e	-7.078933295000012	0.007917126295920002	0.11143910198755631	0.0047521183388693185	(-7.27211, -6.87114)	(-0.00112614, 0.0168072)
bc5b6cc17572b4fd6ebd80081410427e	-9.874344969999978	0.002581277065655004	0.08344297257947557	0.0031438007910075194	(-10.0414, -9.73151)	(-0.00336864, 0.00810441)
a29679284280410db95e5cb8c0b2d73d	-8.933265840000011	0.0035865389613300024	0.11521096522290925	0.004423369429954734	(-9.13988, -8.71489)	(-0.00472671, 0.0122153)
1c86153e1b13ab5322c96f2602b73513	-5.302321840000005	-0.009393336929544983	0.16249276921024652	0.006551942259865685	(-5.58709, -4.98745)	(-0.0218063, 0.0022087)
fec0355651c9ad579f01f3e332311725	-7.0168960650000125	-0.003386054578155004	0.06516687494782746	0.0025755044428248147	(-7.1381, -6.89011)	(-0.00819481, 0.00134148)
f10155af1849a17996f302d71b32398c	-8.093113175000003	-0.0043332142830749916	0.14250725741894463	0.005849594888032546	(-8.35225, -7.81765)	(-0.0151921, 0.00696277)
0cc26190e976fc496119a5eb4cd0fee7	-9.876731589999977	-0.008922348982959986	0.09922930299902295	0.0043673293734554875	(-10.0658, -9.6836)	(-0.0167422, -0.000422735)
9c25197937d1f54e2634026fbca6b55f	-7.506957449999995	0.022740810736500007	0.20805441663251825	0.008934579563967463	(-7.88125, -7.11001)	(0.00470578, 0.0380628)
40ced57decad1424c32de76ae039c050	-9.565791214999992	0.004458131713149998	0.08439749227183105	0.0034928293272749908	(-9.71253, -9.39068)	(-0.00266253, 0.0107888)
2ad31c7624bd7744a56a5ccac67ed01a	-8.673375669999993	0.0012726028426099981	0.08017751012254681	0.003123459648808466	(-8.83057, -8.5348)	(-0.00479274, 0.00706097)
41df3b4c55182503ecd97c6dbe47966a	-6.860934884999989	0.008304670631000002	0.0656926552126399	0.002580143567792715	(-6.9891, -6.74768)	(0.00351081, 0.0130152)
fea3411c847e6627afb5e78b88e2e9af	-5.249537230000002	-0.025242413924999988	0.1076237651516944	0.004624402887347509	(-5.44562, -5.04391)	(-0.0336297, -0.0164428)
8bb5ff097e0707dca3fe5860af20f4a6	-6.855534289999995	0.006932951759000009	0.06605084062898753	0.0025952762923080533	(-6.97014, -6.72656)	(0.00220751, 0.0119653)
bda6b6e7da7508c68057140e7bd6cd8d	-6.349258445	0.006741851141804	0.08719539184917963	0.0035133037730769472	(-6.51014, -6.17794)	(-0.000253806, 0.0130712)
1a5526b9f7147b6893f1a034a107cc65	-9.769693125000003	-0.005209900364655001	0.11164434474743623	0.004386274201988043	(-9.98614, -9.56736)	(-0.0130829, 0.00322467)
97f26830027d30dfbd60b54895af0660	-9.313831655000003	0.012416156134499996	0.1023013209470483	0.004185173361927478	(-9.50367, -9.12374)	(0.00493009, 0.0206863)
d061a99148d649c4eca4836c5f4b5b68	-4.6728081950000036	-0.0009883671184835008	0.04905122208968876	0.001971574249809318	(-4.75727, -4.57653)	(-0.00435954, 0.00298218)
f9f5f08e8da4cc9740518223846563db	-8.504005204999997	0.0020951463144449982	0.12702976679447217	0.0052116262017115195	(-8.77166, -8.27835)	(-0.00775273, 0.0119775)
40c85a458df8d5a935122ba778d4f334	-5.374203304999997	-0.003572561675815	0.12445256867388073	0.004515366090206771	(-5.61612, -5.14417)	(-0.0112756, 0.00521223)
7ebc04cb539befd9f2e7faa131628c66	-8.297226849999994	-0.0011834015986449992	0.08885822864359551	0.0035441083080345014	(-8.46361, -8.13369)	(-0.00752911, 0.00539013)
f7ef98bb6d0061b9368a72b1ff40aad0	-8.676853369999995	-0.01211527630583499	0.1262090899216182	0.0049759849597799475	(-8.91292, -8.43701)	(-0.0220548, -0.00356271)
362b97b08074732371b6e76cd1a894e1	-7.430928504999987	0.01714987189415001	0.19906965305946286	0.008599949239784577	(-7.80712, -7.07862)	(0.00239473, 0.0343811)
2fad39e365933a7f925040cb3c2a5ef8	-6.173559344999999	0.003837325072465001	0.13406716142225497	0.005704280279217459	(-6.41401, -5.89894)	(-0.0063863, 0.0144264)
4c855814a58f4f324e8f0cfaab222e1f	-8.559511640000002	-0.01566187300049999	0.1292138043624226	0.005316687302711292	(-8.80014, -8.33018)	(-0.0252303, -0.00489711)
2f61368750bbc7603f01c928568e7ad3	-7.092958679999985	0.006746264710300004	0.06643850276426769	0.002668627965703437	(-7.22254, -6.9686)	(0.00204896, 0.0121473)
599ba6458e91e2527f358f547ea39261	-4.237503689999993	0.0004315708463915007	0.040812402427251225	0.0016085540134798554	(-4.31557, -4.16404)	(-0.00231666, 0.00371891)
4b548f1f6fc22f32237396b7d4ffee6e	-7.513210685000011	-0.007073476983000001	0.053896848955024994	0.0021985248336112055	(-7.61653, -7.41387)	(-0.0113774, -0.00325359)
eb3543a838a705addef1d704eda7cad3	-7.895178014999996	-0.008042421815600005	0.16376852497598493	0.00660046485976688	(-8.20531, -7.58813)	(-0.0195609, 0.00508627)
2281740c4ae82360612b5bc7e9538337	-6.436350105000004	-0.0018004851478900027	0.10689480220637003	0.00427996879607329	(-6.63336, -6.23719)	(-0.0091715, 0.00709695)
96936173022b85940115c9ea103505bd	-8.265228709999985	0.0071872395966499905	0.09272889096142527	0.003874699662914321	(-8.45379, -8.10814)	(-0.000120064, 0.0143931)
f45b62ab6ec22fb20364a7e05088158f	-7.7217907799999965	0.022721195020000015	0.12682065373113152	0.0054828140392894084	(-7.97034, -7.49423)	(0.0120617, 0.0325962)
c16907f7272c334959e9f980842194cf	-8.024992425000002	-0.003938315848400001	0.12796254716466604	0.004795735628030045	(-8.2682, -7.79994)	(-0.012354, 0.00546371)
266c2a374ca451985731e1e1b5961bd2	-8.982371475000011	0.027906943399999957	0.1067227329957136	0.004562490452275646	(-9.17487, -8.78131)	(0.0189406, 0.0361978)
2ad8a4ebf774763b765f4ab5b516ff21	-9.33759016999998	-0.0027600631972600005	0.11570391384681449	0.004802536270060912	(-9.54922, -9.11922)	(-0.0123156, 0.00522435)
f12011ad5219b22b6ca790103333a755	-9.149363620000013	-0.0008051789138524991	0.07006386250197467	0.002749682204727192	(-9.27546, -9.01058)	(-0.00587307, 0.00437326)
b9fefd4224e459a6a0d21db63b1c0d03	-8.966359264999996	0.0020178003126900025	0.14842288897643038	0.006422686634708774	(-9.23629, -8.67463)	(-0.0103, 0.0134774)
0cc2420a6a4698f8bf664d50b17d26b4	-6.21928995	0.0014693080281050002	0.08571379952141606	0.0033854667017124357	(-6.38538, -6.06861)	(-0.00468413, 0.00782189)
33f9226b33e1f59f71edc044bb947764	-4.311782520000005	-0.00023344595719950004	0.12432005384711517	0.00499375552381604	(-4.54129, -4.08395)	(-0.00940164, 0.00888438)
b4ef8e75d847b17325effd2f3873cc9c	-7.531968535000006	0.0058647915874000004	0.11749248727856508	0.004325273558528593	(-7.74346, -7.29343)	(-0.00210257, 0.0138574)
8ffd2b3caa54b2922e98a0d5aab5adde	-6.931295740000006	-0.003646717547464497	0.12011816951465905	0.005088758025225647	(-7.1653, -6.71301)	(-0.0132318, 0.00547897)
42608e863ede290f764f14c074e8e4fb	-8.89112784500001	-0.006242338876304996	0.09177098602230427	0.0037028930255660346	(-9.06571, -8.72722)	(-0.0131042, 0.000969551)
2a8a90cd5770804a5f23f425004de7e5	-6.372218759999996	0.0036561241341700034	0.1696601294911754	0.006830870745601624	(-6.67793, -6.04431)	(-0.00865881, 0.0161251)
f19fa34c0c987ab3bd8aa42d8a4d21ec	-8.996758560000014	0.0033568077772899983	0.08875280173620659	0.0035459822546474954	(-9.16017, -8.82677)	(-0.00294754, 0.0101148)
340a5698fe78713b785c3bcce89df73b	-8.511723265000002	-0.000110884983959	0.09016560487231144	0.0037566727351536476	(-8.69148, -8.35656)	(-0.00712347, 0.00673131)
376917760e5aa918592416e980809536	-5.964426129999991	0.0010854441779300015	0.13854472243042362	0.005576169856046971	(-6.20884, -5.67669)	(-0.00879866, 0.0123956)
589c1370b3324a2d6cff6d1ff85341d1	-7.974042310000015	0.011757864511550017	0.13991243069850473	0.0057138115818031006	(-8.23757, -7.7114)	(0.00138072, 0.0224163)
e5a43b018c81cedd19e9a5354d32d469	-6.58824271	0.00896004399142	0.13715050764745962	0.005690395930110931	(-6.83306, -6.31546)	(-0.001412, 0.0199334)
f4dfb45b33372cdc0dc2fd20c0d0b448	-8.216004580000002	3.113361130000001e-05	0.16960298324446882	0.006788550415840338	(-8.51982, -7.86834)	(-0.0120006, 0.0134516)
e1b3393309a8b247e0c358c26176d13c	-6.676976634999999	-0.0020140628512100044	0.05191761263027003	0.0019938457174540937	(-6.77852, -6.58307)	(-0.00574555, 0.00177965)
b47757a69204f053308f7f5f0022edab	-7.772406159999999	0.003790427991830003	0.11410593166989356	0.004560476899600746	(-7.96153, -7.53775)	(-0.00436222, 0.0125648)
03569e3fd843f501355f7853b0ec9361	-6.192576980000019	-0.0052663783020650105	0.10925580462922606	0.004274089808869541	(-6.41166, -5.99985)	(-0.013895, 0.00222583)
25e04b2be57def00437d44ab461e8773	-8.124620669999995	0.014181358856449992	0.15352649522493209	0.00672341898059012	(-8.38855, -7.80528)	(0.00253931, 0.0279091)
4d04d759f5a6615dac43060726239891	-5.479096964999997	0.008996436725149992	0.08572692685987744	0.0036651166305218656	(-5.64223, -5.32046)	(0.00213602, 0.0159415)
237135dc8b20f922cabee934f7d410a1	-6.598297920000005	0.0002832572943299999	0.10550811208847223	0.003954060027969463	(-6.79867, -6.4085)	(-0.00704076, 0.00774295)
9dd9cefe38347b087dd318d82962cc03	-5.838589655000007	0.003744757140725001	0.08630222317548351	0.003400522674559812	(-5.99018, -5.67391)	(-0.00209582, 0.0105592)
c764eda12e92f19526c7e5a78a38c615	-9.997818169999997	0.006484266169849979	0.1124307404371736	0.004445398314375789	(-10.2236, -9.80092)	(-0.00143948, 0.0151923)
6fc765c81c8b663cedcd799094894748	-8.814602555000013	0.005653043827655005	0.1261836428659513	0.005445672504782324	(-9.07566, -8.59247)	(-0.00448205, 0.015908)
1a389bf765c8ff0f92600f684fbe7ad7	-5.981970514999999	0.005593569105879995	0.08488474089072062	0.003225545429581165	(-6.14551, -5.81953)	(-0.000393781, 0.0116312)
b0645cbec7653c887cb868a248d95874	-3.7755910149999967	-0.0009451912174040008	0.05472053247109142	0.002333255599035766	(-3.88166, -3.67731)	(-0.00530638, 0.00325791)
d6c46ad81c01997055a3b713c0d5ee1b	-6.466901394999989	0.0034423880624300037	0.1275107761822661	0.005076413242517498	(-6.69694, -6.22358)	(-0.00643792, 0.0124541)
fe2a1f2b6f247658881254d63fd68b74	-5.960265190000002	-0.003155302747624998	0.1433879580619093	0.005868682380469461	(-6.23402, -5.69497)	(-0.0133793, 0.00865968)
89aabf43d24dd5bd0fd0f5aca189d341	-5.255302094999994	-0.0011370633177	0.0328072052781241	0.0012462304337133878	(-5.3166, -5.19231)	(-0.00359263, 0.00104042)
2ae8a432208b85a14e86eb821c86ce2b	-4.284743975000002	-0.0010187785668100023	0.05268778717833358	0.001952738821116539	(-4.38284, -4.19045)	(-0.00461646, 0.00256634)
f596fa835cdfdb22d6494b012f61fff2	-5.727037154999998	0.003024790718428505	0.06697779890871287	0.0027135335029784937	(-5.84814, -5.60289)	(-0.00177074, 0.0084222)
f7895578be91c3e9c71c7b89e3e798db	-8.80698896500001	-0.0045485220105900065	0.14552786132208084	0.006073621791964337	(-9.08572, -8.54869)	(-0.0159387, 0.00677102)
8b40296c81e6ffbc10306d4a2ccab530	-9.462155169999992	0.0024520854990699986	0.07309611753760314	0.0027866064573405665	(-9.6018, -9.32442)	(-0.00247916, 0.00791303)
40a6b537d995aeb12b0100e2cb6ad879	-7.058628884999992	-0.0029969037334450005	0.08686893248283174	0.003423286542365918	(-7.2177, -6.89375)	(-0.00970046, 0.00317496)
9ac5fec396208e598ab2e2d26985d0df	-7.981413620000003	-0.009038591555000008	0.04810698270828879	0.0019677487869781897	(-8.0702, -7.88831)	(-0.0126455, -0.00526381)
19cb3add28813b2bf3e1f40a000d33c2	-4.392349764999997	-0.001238754295499002	0.08083129161775639	0.0034971116861124293	(-4.53306, -4.23211)	(-0.00802995, 0.00508944)
686d42b9552375c3b61301ae5605e3a2	-6.910300894999988	0.019860675071499967	0.1475429164780504	0.006080930816798399	(-7.17673, -6.637)	(0.00872057, 0.0312372)
51625f89e7332f46ab0641e10cede6ea	-7.900486750000007	0.022622179710000072	0.16873993359557043	0.007133672717343874	(-8.17807, -7.55408)	(0.00975121, 0.0366753)
ddd87ec4b9d332c2d8c02f5d1b08dbb4	-7.389383314999996	-0.003653848736235	0.056878454301789685	0.002211960737816953	(-7.49177, -7.27887)	(-0.00759586, 0.000480276)
588a23811b3e98af68f4f0fb24a0daa8	-5.586656725000009	0.006046974498125011	0.0897029383160015	0.0035010117015411434	(-5.7528, -5.42156)	(-0.000480981, 0.01258)
7c82a2ef7685c5c6dc3080f56033cee9	-9.220537700000007	0.015319136019999994	0.1362016183890999	0.005580626800063803	(-9.47128, -8.97391)	(0.0053099, 0.0256525)
b835514e2678e3c7ba13bfe0a0d79bb4	-8.75366818499999	0.0108689132839	0.13656366662057598	0.005565346731135878	(-8.99827, -8.50591)	(-0.000165109, 0.0208441)
c162a4f3943238810eba8a25f0563cca	-5.230813529999994	-0.0024806137853180016	0.0599796163745576	0.0024255572252432646	(-5.34298, -5.11492)	(-0.00700171, 0.00208239)
5b00db3216a94bcd5c4842499bf6bf6e	-7.973559285000013	0.001069395278274999	0.07412189419556657	0.0029722462391020064	(-8.10609, -7.83328)	(-0.0044083, 0.00664916)
beef5a54aaee13f217ecede427cb3071	-7.718903230000017	0.005461542584630002	0.13545079735042956	0.0054853017840769324	(-7.95473, -7.46471)	(-0.00520925, 0.0151092)
f7686a74ca2d3729eb66305e8a26309b	-3.686402335000006	-0.0025978949944899963	0.03720445332749528	0.0015314184002736056	(-3.75674, -3.61744)	(-0.00553643, 0.000189731)
5ca5ea401c8d3569e69626d2f81d5578	-5.964405035000001	-0.0007629830809049997	0.16755137367863868	0.006952568630779295	(-6.28261, -5.66431)	(-0.0150437, 0.0115827)
b6d740387526e21887b761f90fbc914a	-8.097954374999992	-0.023122553375000014	0.12444514306878092	0.0052275083786234	(-8.3152, -7.86173)	(-0.0329795, -0.013574)
5e69d50b5a886d1b222f36de84a9dc98	-9.133628295000003	-0.005174941695504997	0.12469284000351827	0.005104989464165173	(-9.36173, -8.91042)	(-0.0144048, 0.00471637)
208c8722c4dd18b60b2b2684272ff26c	-8.725301760000018	0.017203968611149985	0.16380682465881075	0.007311692402482073	(-9.04957, -8.44182)	(0.00413321, 0.031277)
95fb1be2ae50b6d347649ea76c2a1874	-9.168481964999991	0.007799507137850009	0.09367107771979981	0.0034310919976176927	(-9.33519, -8.98093)	(0.00159824, 0.0139915)
ea2b0e4a93c24c6c3661cbe347f93b74	-4.416500459999997	0.002226619437059999	0.055566466544026305	0.002105408319589184	(-4.52494, -4.32147)	(-0.00151191, 0.0063276)
04b5dd98584b9ead93ed64c586994296	-7.736813269999988	-0.00025966741922845007	0.08373297450829689	0.003322700197248124	(-7.88742, -7.57258)	(-0.00617115, 0.0062544)
ec6c9ea52e88226c339487585ea02f42	-5.775708615000011	0.01357897600500001	0.09360183613173283	0.003525748814948236	(-5.94079, -5.58952)	(0.00710159, 0.0201567)
4ce0afbaae4138f34580aa9f62b7a0fd	-8.495852769999994	0.0032965743135149935	0.11958315111597917	0.004868109623506302	(-8.72519, -8.28126)	(-0.00549786, 0.0129654)
f655279fdb3e9fe733677c83df662486	-8.920875750000015	0.014832349464999998	0.08121404927497143	0.0031661234170737166	(-9.09323, -8.79154)	(0.00901169, 0.0209339)
