Feature	Intercept_mean	fat_eaten_mean	Intercept_std	fat_eaten_std	Intercept_hdi	fat_eaten_hdi
7e9ed2c841e64976eace4b578ff56a26	-5.416850725000008	0.004820855313237495	0.44260492730145323	0.004528711488176139	(-6.20987, -4.52058)	(-0.00326737, 0.0138503)
a6099802840e60febef8e896967b7747	-6.722204574999995	-0.002258094272484997	0.16155624357888293	0.001666572983800955	(-7.0107, -6.40269)	(-0.00550988, 0.000773875)
904ad13c7b8512200836d5cd9fb09e1b	-8.946332560000002	0.00019996606258999988	0.3782786248347195	0.0038661699268063908	(-9.65051, -8.19077)	(-0.00774424, 0.00702066)
1aab913302590e21a7be28b1494a3320	-9.213948405000002	0.0011302305231915004	0.2252630971178059	0.0023058908566917662	(-9.6726, -8.83131)	(-0.00286492, 0.00569147)
e644522cf6d7222c9da7f9ecf614cd89	-8.306747824999997	-0.004781781119650004	0.36638528878902804	0.0037382804289934546	(-8.95549, -7.57653)	(-0.0119216, 0.00202468)
bad4f7c5ada34a1f813946abcfe5c556	-4.866086659999998	0.0018300202222795005	0.15725884807426369	0.0016184825557624195	(-5.15845, -4.58314)	(-0.00112896, 0.00479987)
399bcf0feb12a20ca0731d8d65268dae	-5.945361074999993	-0.003645292209409999	0.30483689951988163	0.0031524610304168718	(-6.52743, -5.37019)	(-0.0092667, 0.00273297)
32f7e6bfc42fe19c17f9459bd9be4b67	-7.725238719999987	0.005714073279225007	0.33682169364140063	0.0034798689490244117	(-8.36311, -7.12941)	(-0.00102096, 0.0117539)
c942f59feffce9c3ab527135de234101	-5.4019345350000005	0.0018453770800060016	0.2167183281302802	0.0022259018256002455	(-5.84384, -5.03638)	(-0.00214945, 0.00626648)
29bb5fa7f45e47bbabab8cc1b1b3d18e	-7.74687792500001	-0.011300162454399992	0.4847091069465729	0.0049747912349530415	(-8.69977, -6.90997)	(-0.0205022, -0.00213056)
7b2ff5940de11da4dc3bb208805dff11	-7.917988644999996	-0.005031097650955009	0.2444759271940982	0.0025324871328162453	(-8.34697, -7.43588)	(-0.00990022, -0.000486516)
6c7fa77831ae630967a6fbfc8ee47901	-3.624142164999998	0.0016908839433500034	0.12638307513058375	0.0013073729168448006	(-3.85938, -3.39205)	(-0.000751409, 0.00408006)
6c83fec6e8d03fad51eabc871853c991	-8.876761810000023	0.005215518474520001	0.4532120591529136	0.004663462916266916	(-9.76478, -8.0616)	(-0.0033552, 0.0140198)
23597fea41001255f06321d42aefd3bd	-8.852213250000007	0.004748582700899995	0.2618354427942053	0.0026969337986662806	(-9.35642, -8.38272)	(-0.00039918, 0.00961112)
ee02d6d3506da57909d5e603709a295f	-6.784691179999979	0.00024421643982	0.1763152773290153	0.0018022731641214767	(-7.12906, -6.46919)	(-0.00316109, 0.00351447)
e6a34eb113dba66df0b8bbec907a8f5d	-5.154083484999999	-0.0036484026165799965	0.20676505762242492	0.0021172584517710437	(-5.54706, -4.77058)	(-0.00757595, 0.000455332)
6c4de756c45fa6e7e5adfe196f9f0039	-5.53314918000001	0.0008611098319350017	0.5071386982137407	0.005241663117162813	(-6.4392, -4.48287)	(-0.00986902, 0.010581)
60c57911662a9159dfdd0fc05d975a55	-4.367699829999995	0.0011524871414445004	0.16340901686801482	0.0016789333358410527	(-4.6731, -4.06725)	(-0.00187226, 0.0044089)
1986030e3c5cd5df6d869054bc96e536	-7.8636802749999895	0.000958837126564998	0.35771042128022246	0.0036784840682112453	(-8.50291, -7.18133)	(-0.00611136, 0.0073748)
ea3433f2c148c6fae4cc2e9ae197f5b8	-5.799715204999991	0.006014881953250001	0.2305900878345772	0.0023675242731828524	(-6.20602, -5.35512)	(0.00171009, 0.0104755)
059c8f8bb468064b134ea6d3661761ea	-5.079971865000012	0.0018013761861864984	0.2521293888718088	0.0025955422801034926	(-5.54265, -4.62476)	(-0.00266214, 0.00684233)
8a9f7499cdb85b8efa497bb56256cb43	-6.440100875000005	0.00027587736660499983	0.1452920303505473	0.001495140012180539	(-6.70679, -6.15659)	(-0.0024943, 0.00313826)
8dccd839cf4868a3343e411c063932a6	-9.276761795000013	0.0011999961539600023	0.34753157398677875	0.0035568974196411775	(-9.90472, -8.56916)	(-0.00551712, 0.00810745)
f402919ff0fe53fec5b6ef190f9e42b7	-6.548941764999994	-0.004330392501315	0.18866215329269068	0.0019403128891744155	(-6.9119, -6.20532)	(-0.00788212, -0.000519019)
f9382b37fc2cfd3cf606824a235802de	-9.423468515000017	-0.003573207259839999	0.3323345191815693	0.003435662457792658	(-10.0339, -8.80947)	(-0.0104184, 0.00239887)
1664c7d0b9dec6e07df8542c0c4049c7	-8.490281469999996	3.2622266523999885e-05	0.24995400742184368	0.002567799003209915	(-8.9662, -8.04889)	(-0.00446744, 0.00492731)
3e5f388f7ad4f160c2a1cdd1441d00c0	-6.3962939550000115	-0.0015751657922829997	0.1876944681124299	0.001947754381711	(-6.73738, -6.04807)	(-0.00537854, 0.00183444)
f5706d9ec821f971e4c08ee992995b40	-7.534334439999994	-0.003895937201820002	0.3065174861995419	0.003129052614497541	(-8.10604, -6.97353)	(-0.00965365, 0.00198169)
138eb7703e1255cf29760a4440de2a47	-8.732880340000015	0.0013491043584999984	0.3106864758100753	0.00317525859506153	(-9.27201, -8.13921)	(-0.00451197, 0.00733736)
56c3d1a8e4dc5c2aa7afbc1563559448	-8.153300735000002	0.00693504900364	0.5567498501807701	0.005741523551778773	(-9.22125, -7.14186)	(-0.003108, 0.0184728)
de61860db8d93da85692dffb5cf32ab9	-4.5029892149999915	-0.006341717028149993	0.4185558037226742	0.0043217457074709925	(-5.31469, -3.75197)	(-0.0143085, 0.00194753)
5c02713fbed5c1964b4410d9f8166555	-5.945451055000012	-0.0015361443778004983	0.18161232613024086	0.0018514519165723992	(-6.29559, -5.62523)	(-0.00520041, 0.00176345)
12bb0c9249480c4cec2cc9f692018806	-8.080136314999999	-0.003180887117872498	0.22922870390326483	0.0023641529019155214	(-8.49017, -7.6257)	(-0.00770477, 0.00108871)
b10627ff6db16c65eed2f21380dd700f	-6.97309511500001	0.008870526173530006	0.4921226881256205	0.005068670767696907	(-7.955, -6.12279)	(-0.000879019, 0.0180472)
3f5f0d10bd5495e2c89d229c508dcdec	-7.592295394999991	0.0056509991025949875	0.3870666004925299	0.003991590483448818	(-8.29029, -6.87001)	(-0.00145758, 0.0132389)
de6891b6f7a1f35bd9ccbc058b9e1a77	-6.3257715849999965	-0.0026376052079000053	0.12740772453363158	0.0013094979164522983	(-6.55614, -6.08403)	(-0.00502189, -0.000162812)
828c563319c7cee475b9b8ab6a0a048b	-7.593221689999997	0.0017472033123449996	0.21274927823225115	0.002179525447210442	(-7.96064, -7.17213)	(-0.00226289, 0.0059367)
6a129e8ae637c96e7bb56223913911f7	-5.506496955	-0.0053157101749500045	0.25471406166597493	0.0026117831304649404	(-5.9917, -5.0692)	(-0.0101413, -0.000564099)
1527fd8b14037f53b8edb26b111e1f72	-5.305606475000002	-0.0053691752767999965	0.19854351295654143	0.002043575350089925	(-5.67091, -4.92692)	(-0.00944473, -0.00172336)
b3d06445a910a9a444919e41f5da39c3	-10.500058125000011	0.005574384328800003	0.3150887382007399	0.0032501986880222452	(-11.0571, -9.87585)	(-0.000618626, 0.0115206)
992072d045462445dc239b35300af2cc	-4.380971054999994	0.005958193699860998	0.5489765457796322	0.00569385361428753	(-5.34477, -3.339)	(-0.00455739, 0.0167203)
2403a466dd6d1e4f551d80394c2aa994	-6.5310356549999895	-0.004643880641154997	0.5583375047288794	0.005754620674750876	(-7.56766, -5.50115)	(-0.0152299, 0.00620112)
cae14798faeabb8e1b8840e712839921	-6.404789764999989	-0.008605201798974992	0.3091321334494274	0.003172203887752798	(-6.9808, -5.78454)	(-0.0144198, -0.00242781)
4311a44a7d56ce4086afad3e75bedd6e	-7.30705733499999	-0.008920729759000013	0.2645813262816326	0.0027250361291867565	(-7.77295, -6.77358)	(-0.0139922, -0.00382622)
ab153c3e19553cead3d76fb9e00684c2	-7.273402040000002	0.0038559795305100003	0.3991249397354651	0.004093792133325719	(-7.98631, -6.54848)	(-0.00358487, 0.0111478)
fc1856f132cd513b1251fa39ad4ccd01	-8.109236624999992	0.0003399475575074996	0.1688817619536207	0.0017274733706436006	(-8.41381, -7.77121)	(-0.00283909, 0.0036275)
8ef31508d9a2fc6f83935de5607a686c	-7.373375525000001	0.0007853011720900017	0.5419119260483429	0.0055993361484958535	(-8.36041, -6.34404)	(-0.008981, 0.0119666)
21ce8465657612a85e2f89e74d285ce1	-9.226876699999979	-0.009835901090350029	0.36199306110312385	0.0037974106984429465	(-9.87617, -8.50176)	(-0.0172347, -0.0027945)
69d052e452e79d571cba042af265d50c	-5.560224585000003	0.004814051263700017	0.4944474996169234	0.005117615059546021	(-6.56707, -4.7079)	(-0.00397808, 0.0153689)
79d5bee84cddbb27acb4dd7df378c789	-7.284503679999989	-6.617637685999991e-05	0.35719646441609365	0.0036594788435782024	(-7.9416, -6.59865)	(-0.0070647, 0.00676604)
0f0a1f8c92368be6e8d3145bd4e94cd1	-5.705338180000006	0.005242692367955002	0.2949258206973196	0.003042538626085663	(-6.24032, -5.13905)	(-0.00037069, 0.0110404)
64d05989cb6f8053633b2127793200b3	-7.923976700000001	0.005078706349950001	0.2317194734074156	0.0023919361219782395	(-8.3477, -7.50208)	(0.000783436, 0.00958567)
bac3d8ea4685e825ef8d12b2a6979577	-6.995746564999991	-0.004940326698325003	0.4632167615731866	0.004665142484456846	(-7.86868, -6.10818)	(-0.0134307, 0.00420098)
a8d23fd98a311df2db65e5842634aba3	-7.33628623	0.0009187478811529998	0.17620310791580024	0.0017989985237563681	(-7.6543, -6.99359)	(-0.00250353, 0.00420529)
41239266f2952a56a313fc4798f28a1c	-6.969134249999996	0.0014673221557450003	0.26449003404313276	0.002702959400091802	(-7.4929, -6.48363)	(-0.00373849, 0.00641636)
2b982979f2401a8bc447d7141879e9b2	-3.9507968149999995	0.0008318926020650017	0.12117786648767913	0.001247453666581856	(-4.18607, -3.73826)	(-0.00134335, 0.00319447)
251429848560a80abcb96640ceb102db	-5.665210285000004	0.0030684181111480012	0.24475402847301342	0.002522443158126927	(-6.18093, -5.26608)	(-0.00151537, 0.00787112)
7b34b797cadb639f63827c6d332dd4e9	-7.889496924999995	-0.003231402213229993	0.22109044692069907	0.00227918585228143	(-8.29709, -7.46403)	(-0.00739724, 0.00113588)
2a99ec1157a90661db7ff643b82f1914	-6.9791030299999965	0.006065007146804991	0.487471565548001	0.005004359041682711	(-7.91619, -6.10253)	(-0.00263962, 0.0160081)
2a7f11895ae7fe9fdffa52016207c561	-6.033630634999991	0.00040926994588500105	0.27655798831573597	0.0028474145447888993	(-6.54099, -5.5092)	(-0.00501245, 0.00562538)
0cfd41d10227f0de9092d5cda028c12d	-8.16626721000001	-0.004535165833249988	0.2793827888562854	0.002905618780701935	(-8.67962, -7.62602)	(-0.010331, 0.000750599)
a9387e76477da8688775569cf540191b	-6.370350600000017	0.003242744374495003	0.3358805076369272	0.0034226991726814156	(-6.97023, -5.71876)	(-0.00318158, 0.00965663)
bb769f42c78f86faa2801cb2c2abb8dc	-8.108848104999998	-0.005340680291785004	0.3948783034754617	0.004056525529367149	(-8.81256, -7.38343)	(-0.0126653, 0.00231858)
68ee181a51a55ca3814763c9214cfd8a	-9.23990920999997	0.005839479307200007	0.27262474422230276	0.0027720219533635213	(-9.76228, -8.71965)	(0.000627562, 0.0111977)
88956ab21ebb7e44b2dd317dd412818a	-8.496929285000013	9.481504747500036e-05	0.31409016732960443	0.003203697945107724	(-9.13644, -7.97076)	(-0.00629933, 0.00585286)
ca9dec36ad0aa5a1473144ddcb74951d	-5.566335554999984	0.004205453348404996	0.20159444349929886	0.0020668807527767976	(-5.94791, -5.20274)	(0.000580223, 0.00838065)
ae171d16e3cb68ad19636a58839a1ef1	-9.358198129999975	0.004263334588760001	0.4266284100619688	0.00439088989833289	(-10.1294, -8.52318)	(-0.00468303, 0.0118802)
77f4d90aa6eb8080927f59ee8bbac375	-9.329000125000016	0.0016780403137047009	0.20790132527652214	0.002136533202617132	(-9.74183, -8.96419)	(-0.00212572, 0.00584756)
a7b427a226422d10e62536b8d41e02fe	-8.241555384999993	0.0009509913184399998	0.518463095583815	0.005304823464859862	(-9.19082, -7.30361)	(-0.0084876, 0.0110562)
2480f3aa1e7784b461d9b5b83a6bfc81	-7.418447984999985	-0.005396711863035004	0.3019564028691724	0.0031201830149243156	(-8.00171, -6.86975)	(-0.0111425, 0.000445694)
9000b563231e32a7003bf2ef20bf9a60	-7.085673975000013	-0.0036542922327699972	0.2355886229155589	0.0024431879325466583	(-7.51762, -6.64681)	(-0.00818664, 0.000907315)
a186bb74dfce512f83043f7b366c60c4	-5.6623007999999935	-0.007229203555904989	0.667357685166403	0.006870795548201128	(-6.88392, -4.41981)	(-0.0203939, 0.00542301)
aad2c8fbb5e1201340fe4357731fc9ee	-8.079744565	0.0009879472524599992	0.4537499625357685	0.0047096317373951195	(-8.94931, -7.22038)	(-0.00803767, 0.0100653)
490d2aec117bd7289577684ba3cc1b64	-6.782759495000008	-0.000567258607850001	0.44212077377770337	0.00457008273694623	(-7.57689, -5.89917)	(-0.00955167, 0.00743648)
457d3865cf0a4bc602a07d8d5324388f	-8.150033180000007	-0.005200855129945015	0.39747346884639706	0.004103643794671551	(-8.90591, -7.44469)	(-0.0123689, 0.0029516)
552e00cb506f739acaf08aa5641f9d84	-6.818248474999997	0.0018117500321235013	0.3131935456935923	0.00322362265609287	(-7.45962, -6.27189)	(-0.00393717, 0.00797519)
9dc78fd8f2f7cb10e190e77af61c7ecd	-8.493679465	0.0036164729060650016	0.21981102686071924	0.0022606646925371243	(-8.88979, -8.09193)	(-0.000821707, 0.00761444)
a3607a88a8ed64e24a374847b23e404f	-5.721258094999991	-0.007726595612000004	0.22424283101477507	0.0023053211975482065	(-6.13522, -5.2842)	(-0.0122267, -0.00356201)
5bb151262388870fd53a84ea6f1ffdf2	-8.983808524999985	-0.004736053774149996	0.3895716904787541	0.004020488985798632	(-9.64451, -8.21011)	(-0.0119288, 0.00300338)
f7962a90f4519ec1d1a9c7b8ef7bf396	-9.01926336999999	-0.00039413489541999936	0.29464939247441757	0.003063065988557667	(-9.53677, -8.4789)	(-0.0057226, 0.0054987)
77ad88eed91eef009bf64f101c96baa6	-4.956842815000014	-0.002552642251789997	0.4390048678906941	0.004549784578669721	(-5.72947, -4.08442)	(-0.0115655, 0.00529093)
08be83d0a527ddd1da0861135192e593	-8.493910474999996	-0.00027001616750500025	0.4964289073863695	0.005112541233905294	(-9.41521, -7.56869)	(-0.00956247, 0.00964939)
b61862b15d33865612e76c1db7b995a1	-9.094263899999993	0.0011811639059910038	0.2386779273365888	0.0024424169648581467	(-9.52099, -8.61453)	(-0.00337897, 0.00570251)
14f11556b1fc9132c5ab27b67a2479bf	-8.542126510000012	-0.006977695407099999	0.2879303328791879	0.002946594521842987	(-9.04428, -7.97153)	(-0.0125105, -0.00160643)
514b34f09e4acd2397d38273c630d338	-5.852095794999993	-0.02957141584999999	0.5342239476871734	0.005512137357569544	(-6.89234, -4.9235)	(-0.0391818, -0.0187756)
ba88d4e4e6a24ecc2a5aab6bdfbb77f5	-8.13999530500001	0.003580453263000006	0.19539895617762892	0.002005598002823775	(-8.50811, -7.78817)	(-2.22027e-05, 0.00738989)
1c94105978b1aa2095e3c0096774f240	-7.801732750000005	-0.0043472258723050005	0.288652337968771	0.0029749161233893883	(-8.34045, -7.25699)	(-0.00982803, 0.00131083)
27b636c66fa117272ed27920bad78969	-8.513516730000005	0.0012808361815700023	0.38930526316068126	0.004027095753832533	(-9.24111, -7.78187)	(-0.00636405, 0.0087065)
7201d53bd647437ec3de879774eba498	-6.555375509999998	-0.001797353441440003	0.49906038718589896	0.0051518046769359165	(-7.3652, -5.49933)	(-0.0115076, 0.00720871)
f8529e2e737999b4a7d06420482d4af3	-8.525671574999986	0.00048676993470349924	0.45092318858123676	0.004605368602368154	(-9.34805, -7.69181)	(-0.00748424, 0.00969858)
959d48a11e3b26c9268f0bd1dae6ec40	-4.174798295000003	-0.00046412295199849986	0.16080958701813453	0.0016573465591009267	(-4.46094, -3.85753)	(-0.00344549, 0.00288657)
bd0f4e14387ee1ac7e5fe586cadbbed4	-8.643550649999984	-0.0025555504779859956	0.18948518838467956	0.001951697879739854	(-8.9728, -8.28214)	(-0.00624959, 0.000908506)
66047b69a772cae3e37186eb74254da7	-9.257162930000009	0.004324778688935001	0.4001590665556827	0.004105578763028106	(-9.99933, -8.50887)	(-0.00408466, 0.0114491)
4207ad1746e5fbce9c5ed5efe1e357d9	-7.222168619999995	-0.0017870925247079976	0.20319432219182598	0.002087782833369397	(-7.57589, -6.81047)	(-0.00564881, 0.00226028)
30207d209491dfb7de83344e77fd6fbd	-6.242909020000011	-0.0007355370957349991	0.21229784295851795	0.0021869721359371597	(-6.64808, -5.88537)	(-0.00496195, 0.0030037)
3e93fd55a231bb99b67a666bad8446a8	-8.13940305499998	-0.0013116614186260034	0.21122802233680282	0.0021705705089181304	(-8.55872, -7.77588)	(-0.00526502, 0.00276452)
d39f37b814ebd81091a949f8bd9d1710	-5.6895549450000145	-0.005866818914815014	0.29555513657437404	0.0030351875531227394	(-6.31636, -5.17138)	(-0.0113687, 0.000217616)
706b0d627a9ba61b18e6b7b39622ac1f	-8.70821208999999	-0.003099167854560003	0.31946984947570867	0.0032830268998576117	(-9.36316, -8.16741)	(-0.00898815, 0.00318601)
32382a0f5831da5faee464d011b5616c	-5.612192395000011	-0.0031151933495054975	0.6385892822290512	0.006613845853971575	(-6.91432, -4.44224)	(-0.0158018, 0.00969615)
fcd575ef43a2ae77d9b7c10639e80fd8	-9.847095100000024	0.00021099981108999984	0.35672190615827065	0.003700379736625564	(-10.5077, -9.14514)	(-0.00675462, 0.00714796)
fdb1c35a8dab336d65ed22d796e71e4b	-6.2155581950000105	-0.005481184945719982	0.4782190730880485	0.004903038079850103	(-7.09425, -5.339)	(-0.0140991, 0.00389326)
25def15fb42bed6855ede4893d27a21d	-4.877521295	-0.004243724032999998	0.356868464059481	0.0036633422087642116	(-5.57236, -4.25058)	(-0.0111293, 0.00243607)
2a13ecb6c618ddf8154298c69336dd8e	-8.269111170000008	-0.002913971332080003	0.47412025195759255	0.004842769713177328	(-9.11598, -7.34772)	(-0.0116744, 0.00619602)
9ad89cc951aa3031c19c59c95e401614	-9.19652927500001	-0.0048117526715799955	0.3444430060484959	0.0035621541039419493	(-9.78513, -8.54376)	(-0.0112837, 0.00181745)
55d4d3011e1f3bb8e4e5089b801b61a4	-9.93388489999999	0.005341034336	0.3155655582342437	0.0031921638854626876	(-10.4892, -9.33321)	(-0.000329175, 0.0114753)
4ed55370307d6700d110b6d3f1196136	-8.19077302500001	0.005518927997605008	0.46834432092457357	0.004773126753020755	(-9.09129, -7.39564)	(-0.00321168, 0.0142459)
154c25181234441402124e02c204074c	-8.811221965000005	-0.007215990393149991	0.38044214413717214	0.003919477583985325	(-9.51312, -8.06292)	(-0.0145103, 0.000396492)
370829fece3190f1a8efccf50b7d0921	-7.103564875000011	-0.005880319395400003	0.25670117125518604	0.0026385568695467343	(-7.5812, -6.64408)	(-0.010626, -0.000892519)
b1a153ff5a21342991138e7f7dd2658e	-6.559565800000012	-0.0012019502427600005	0.494336724519694	0.0051060353477188885	(-7.43073, -5.62991)	(-0.0106541, 0.00821516)
e39b1ae9776ee98190c8cb02bc9de792	-8.989769594999986	-0.0020709885718750024	0.3366401114601257	0.0034659738096589608	(-9.68302, -8.39465)	(-0.00814564, 0.00499955)
e71461ffe18aa4dc3b1f7ba4a1011cff	-7.485723715000021	0.0002747191599489999	0.30852496663795104	0.003164736936057482	(-8.09876, -6.95923)	(-0.00580127, 0.00589847)
90c2b51afe404951ec89bd52c7ae1f58	-8.593490404999994	-0.004100830969310004	0.4107927745157964	0.004236409372702064	(-9.33045, -7.85933)	(-0.0120606, 0.0034525)
c5af8314e36eaed98fc88f181f539e8f	-7.324418575000011	0.0002574090348069996	0.22241422094286004	0.0023059789977992458	(-7.78007, -6.94791)	(-0.00410898, 0.004524)
10cd502b01abafc87e2ecbad86389286	-6.1074591699999985	0.0001893239587469997	0.17023802450043612	0.0017606069649979904	(-6.40783, -5.78234)	(-0.00312211, 0.00325356)
433cf7e272a09b91cc85082a1338b8e1	-7.831116089999995	0.001121518440565	0.16835720078485492	0.0017371637757232668	(-8.13691, -7.51952)	(-0.00183952, 0.00444431)
877f27b47c85f6b2d3cf8a6aa86def40	-5.496610200000004	0.0015705821223350011	0.25722910051811787	0.002655556899640755	(-5.98533, -5.05602)	(-0.00338893, 0.00638361)
9ed241a051fe72047261df3b7e08b675	-7.193294174999985	0.0017559584614050047	0.1983786643107553	0.0020286536093733847	(-7.5559, -6.82473)	(-0.00204913, 0.00548569)
04c8be5a3a6ba2d70446812e99318905	-5.896831674999999	-0.0009024144131400005	0.1965791960807256	0.002017824527851748	(-6.27336, -5.51511)	(-0.00462322, 0.00321653)
e0b7bd623a1b4cd1640883066e8d96bd	-9.870189194999993	0.003468053446951004	0.35549762106489824	0.0036607237158737455	(-10.5342, -9.23248)	(-0.00303999, 0.0105201)
6a17479edbe461431433bddb084f731e	-6.042746920000001	-0.00446113863914	0.27905761655689243	0.0028950142951469013	(-6.5481, -5.49173)	(-0.0101359, 0.000988142)
35513c8de34a49ef37dde85737e6aef9	-7.6417992799999945	-0.0011603553200930001	0.38853539343267285	0.003983486296669024	(-8.36078, -6.96446)	(-0.00839752, 0.00638553)
69536042153447ceb692aa53159ce0c2	-7.296420189999995	-0.00022435945792750054	0.1848684544425142	0.0019079940510395039	(-7.61023, -6.90198)	(-0.00378969, 0.00341455)
0f92fcc184a951ff8b0914467ad2f8f9	-6.640161215000009	-0.0036364691455100053	0.21574807687132172	0.002232661275504508	(-7.08132, -6.2761)	(-0.00765395, 0.00070263)
e9d9bafcf863ec0908ce4e20e6386ff9	-10.007224834999993	0.005540827937917997	0.3280588621457632	0.0033388195217881034	(-10.6155, -9.38872)	(-0.000928387, 0.0113858)
979578981da3916b394bf24c32bace21	-7.366019885	0.00598054631846001	0.38027278562294836	0.003953401147542259	(-8.0607, -6.64409)	(-0.00144845, 0.0130292)
5860dac317300b1fe6094e958240cc7f	-7.955239650000012	0.003369259392029998	0.18624299491303714	0.0019209738750733825	(-8.29327, -7.59043)	(-0.000572225, 0.00673104)
3a1461e8439091ad6b93af0ddb3849eb	-6.758499485000004	-0.003304375420558996	0.4699705380391251	0.0048115653626064625	(-7.689, -5.9069)	(-0.0127399, 0.00551965)
d32627161d829a1488c2a047669cb29f	-5.896615805000001	-0.0033761126505999885	0.5919073222009953	0.006094048424880492	(-6.91558, -4.71984)	(-0.0153336, 0.0073676)
e2c3ff4f647112723741aa72087f1bfa	-3.166944095	-0.001412675741445	0.20625131394728377	0.0021318433649746837	(-3.54624, -2.73986)	(-0.00562168, 0.00248927)
426bd7119a31b73ef734771a071a216c	-6.3294545550000185	0.005217144454400004	0.268854611465197	0.002776715817614031	(-6.85271, -5.8415)	(0.00013532, 0.0105625)
aed0d8840bb7da5eacd80c6f9a1f91ed	-9.092618899999994	-0.006546019213750009	0.33011164052785213	0.0034066548256674097	(-9.73036, -8.49367)	(-0.0128012, -0.000363418)
0b05a2e48cdc5f9e766bb0f4c209d4b4	-8.321629334999992	-0.004732424513695003	0.22330067588882885	0.002296236571495356	(-8.73031, -7.90593)	(-0.00910486, -0.00062043)
31c0a0bcf172474d82c69979df243e78	-6.340464775000001	0.0022501491791399944	0.17602350733566632	0.0017989854741177404	(-6.66029, -6.01147)	(-0.000992826, 0.00559612)
f9b9b7db378357774e672fe5ba242b12	-10.220424845000027	0.003171593816013496	0.3059494703650847	0.0031161659256710656	(-10.7825, -9.62262)	(-0.00280253, 0.00871731)
95f975f50235610bca818dcc9d97f7d6	-8.506932405000004	-0.0033358464360049964	0.49205022125893383	0.005077631727944713	(-9.43027, -7.66361)	(-0.012092, 0.00621892)
ecaa9f4e15a28f212d9bd60f749191ab	-7.401580380000004	0.000557478168440002	0.27046098879497477	0.002784661482089615	(-7.94269, -6.91637)	(-0.00452119, 0.00597816)
a6fa2de5f4576d1d77b1616786e3dd52	-8.384775004999998	-0.003986844001149998	0.18919240371986384	0.0019642270676086936	(-8.74445, -8.04909)	(-0.00739145, -0.000200127)
1fa555f9a74d47a6ca7a65a347bc885f	-6.442240215	0.005288569888600006	0.2061688858899515	0.002115052619337268	(-6.79453, -6.01611)	(0.00131132, 0.00916529)
149e7d5e484d157f2ac6140a2111618e	-4.113463574999995	-0.001094820245265002	0.20418438998946356	0.0020994737209398874	(-4.48315, -3.71257)	(-0.00515527, 0.00273396)
605c54065160b61d47c4d5f87ffbe6bb	-8.482670264999996	-0.004870955707449996	0.3140927080429916	0.0032247086899841446	(-9.08001, -7.88665)	(-0.0105748, 0.00185692)
5034598009be77942a505e7c9978b06b	-7.618239975000002	-0.00497894889272499	0.27139524239262064	0.0028049658534844467	(-8.09541, -7.09883)	(-0.0105375, -0.000145607)
8526f1f5fd2dcff7e7a73db743c829d2	-6.337033795000013	-0.0010686414579679998	0.252464043076728	0.002593563732461039	(-6.83333, -5.88075)	(-0.00581288, 0.00403152)
24ef07664cfa04a819d7797a89e653b6	-9.272667104999984	-0.002757627588824249	0.3755078312198944	0.0038811575282501967	(-9.9891, -8.56367)	(-0.00963729, 0.00514575)
03fdbec0c9b63a05ae79f92c6d3a4cfc	-7.336427639999993	0.0024172155898734477	0.5112303750812648	0.005231365934185302	(-8.33071, -6.35819)	(-0.00744871, 0.0126085)
aa3e2d76e864d7909b51110e211ef36c	-9.208009174999987	0.004275135749445002	0.45862124346433136	0.0047490324770446055	(-10.0546, -8.28959)	(-0.00438505, 0.0134637)
7efeb75fc542932a033b37b887994dc8	-8.345800875000014	0.00081319816302	0.5865826690010405	0.006115341003111079	(-9.41437, -7.2052)	(-0.0109312, 0.0119264)
2371e52106292ac4c33aec6f57cace35	-7.65596104000002	-0.00033086106981000034	0.2560135724529432	0.002601268195864559	(-8.13386, -7.15898)	(-0.00525159, 0.00456725)
913d55d109820d0f3fad120be103c64f	-8.93500488	0.005817201836240005	0.4024069030281233	0.004118247389312767	(-9.69137, -8.19723)	(-0.00215319, 0.0132706)
c82032c40c98975f71892e4be561c87a	-6.3277160449999945	-0.007602479395000008	0.17321606734858055	0.0017873220662511214	(-6.6678, -6.00452)	(-0.0109229, -0.00418423)
ac9166cff57e7ff3581eaf798edc726c	-7.260738945000009	0.000810294128119999	0.4990633380845932	0.005152697491932464	(-8.19806, -6.31688)	(-0.00948593, 0.0100953)
949af2c28ba6c0345ae58b9aed00a2c0	-6.59862198	-0.009781181953200007	0.5134905956463854	0.005329415584621673	(-7.49797, -5.59724)	(-0.0196798, 0.000146658)
8a261f382a739bbc5f9494b2c64c2744	-5.027360484999987	-0.0022618612292609986	0.17304940154711532	0.0017856526070920906	(-5.35111, -4.71728)	(-0.00549855, 0.00107498)
e91f1c5b67ffecb5ca3ca3b393a50f00	-4.726670429999993	0.0010600362025500016	0.3290457815592158	0.0033306195612462816	(-5.36834, -4.14445)	(-0.00533295, 0.0070853)
99b02f389bd0b7abad0d4d8affb09e22	-8.973336414999999	-0.008327325766679989	0.39282020371895054	0.004089024444592952	(-9.77835, -8.28164)	(-0.0152229, 0.000208032)
d3d99580d90cca486a23372a474e9571	-9.333900075	0.004134099822420003	0.30017272313127386	0.003051997142083179	(-9.88206, -8.75567)	(-0.00137579, 0.00992968)
7076b69bea6fb40b94f8b32fd85fdb46	-9.441215734999998	-0.0040100946027549975	0.3309888743697585	0.0034231502586447578	(-10.0984, -8.84237)	(-0.0100461, 0.00288175)
e82ab12c51a893c6d7938a16632199a8	-6.472901995000003	-0.01162836767059997	0.41549489058996925	0.004283447013453732	(-7.3052, -5.76992)	(-0.0196122, -0.00374094)
2ae945b550c248752a5b463c9aca1a6a	-8.786496574999997	-0.007418471322750001	0.369461940798534	0.0038168935832791537	(-9.50134, -8.10706)	(-0.0152067, -0.000828713)
b423592b0ae631882095792b27729b9c	-9.846930514999972	0.011184502354999994	0.48175124085526233	0.00493958206366606	(-10.7124, -8.90812)	(0.00134875, 0.0200644)
3f1ed51e954b35a8108c12dd882b696b	-6.900866519999988	-0.0016974621740149954	0.32203600038394736	0.003321760291031904	(-7.4962, -6.30561)	(-0.00772321, 0.00461642)
1fb601d8edb6994ffb112ad1a34828d5	-9.28509548499999	0.0013937775509200018	0.3177768748771134	0.003253078497510278	(-9.87162, -8.70043)	(-0.00434203, 0.00766323)
9f74473636e6874853d88dfcbcecff49	-7.203285520000007	0.006140450283234991	0.3538692208466703	0.0036591560265871875	(-7.86225, -6.54902)	(-0.000355254, 0.0132584)
4c731267e801c2afe253b5cbb58bdd24	-4.9838557799999945	0.003315666533585003	0.151784904450975	0.0015761413801605969	(-5.24731, -4.69971)	(0.000536608, 0.00625795)
14387daaf0161dd3c971efd0f8806ffd	-7.871681794999985	-0.001269393615825	0.2323690410976211	0.0023736905986036405	(-8.28623, -7.44586)	(-0.00564895, 0.00315137)
c97220e6c4063a029dec2f8160977f83	-6.767624745000004	-0.0023970335453800022	0.30191184367532725	0.003119946943826089	(-7.34911, -6.19943)	(-0.00831262, 0.00341371)
8a20667bca2eaf2a0687995af876a84c	-6.6353904799999945	0.00012965574703599996	0.5461586528408842	0.005599130722563297	(-7.60701, -5.60532)	(-0.0108015, 0.0101867)
131d3b899e72f19fcae1b0f9f8f3a009	-6.609715510000001	0.0116614259679	0.6324227819464914	0.006529590536044657	(-7.69862, -5.3502)	(8.42763e-05, 0.0243601)
c0c365b5a32a28b8d2602de07c5d0b06	-7.8337840249999955	0.0021751615945499996	0.4849389133468764	0.004963517274543232	(-8.78216, -6.96299)	(-0.00726288, 0.0111271)
a650f349bbdffb95b3624519d1ba72b8	-4.847566729999996	-0.0013374984013958004	0.17577768470686808	0.0018002231172671837	(-5.21686, -4.56083)	(-0.00464637, 0.00211688)
0f6da5f59be656db2dadef7bf2d1a2e6	-9.00486708000001	0.004915166118452993	0.26345228433508366	0.0026961648917229416	(-9.46887, -8.50516)	(-0.000103491, 0.00979381)
e84bea8ae61342674744560dd7de4721	-6.743249419999996	-0.0005206953093699995	0.4868906403935731	0.004983920023400392	(-7.61428, -5.80174)	(-0.0105204, 0.0081761)
010f0ac2691bc0be12d0633d4b5d2cc4	-4.056119499999995	-0.005641017282630005	0.25308722949775636	0.0026115916644449465	(-4.49024, -3.55449)	(-0.0102897, -0.000554923)
c8fce068920feb387167d44c01689295	-6.799412034999998	0.00475737702845502	0.40944157959055494	0.0042295568012131746	(-7.50474, -5.98416)	(-0.00323989, 0.0125578)
86deb5cf8d6f29d383136e0d09863b69	-10.161334085	0.0017463190574635013	0.3651275805463932	0.003747475004913073	(-10.8501, -9.52)	(-0.00535958, 0.0083736)
79db4c4f494c95856ce31b42f267c4c4	-8.352085425	0.003980011480699994	0.4996732127981446	0.0051363536655485	(-9.26721, -7.38017)	(-0.00605788, 0.0137309)
dde2f514908a4fcaa80827346c7b7a19	-8.062183045000001	0.0011457637849750023	0.20877389253802317	0.002132654557357866	(-8.44333, -7.65193)	(-0.00297176, 0.00500362)
7dfa96abfa7484bb6c9cfa90dc9b606f	-6.050541369999992	0.0030376350406250063	0.25844519876624356	0.002648691443513384	(-6.50673, -5.5487)	(-0.00200483, 0.00787841)
25f9cac7332bfbe3973f03bae0ee15cc	-9.302571159999992	-0.0019436487091553012	0.29606287882045323	0.0030493032071396593	(-9.84395, -8.75855)	(-0.00754836, 0.00372)
447b9d6a5c17543a456c597e65b37139	-4.379643409999994	2.1733994016499998e-05	0.1345584767198704	0.0013872659460991833	(-4.64168, -4.13395)	(-0.00261021, 0.00261834)
ccce7fe8aa849bed027f6898300e0c45	-8.345139890000015	-0.002496876506345001	0.35705461951554124	0.003665954229510798	(-9.02823, -7.67782)	(-0.00923669, 0.00490238)
363c1c39d58bce4fc3218659d0944258	-6.378581749999996	0.001126533990325	0.23720239703623855	0.0024303817517238287	(-6.85523, -5.96689)	(-0.0033372, 0.00564725)
7be9bac1b13acbd8acf0de464d7c20e6	-7.4099781150000075	-0.005155704694150008	0.26424234520738105	0.002701874798381566	(-7.91139, -6.94517)	(-0.0100831, -0.000118793)
2ab8310e1e510f8045c7f4d191fa36be	-8.734222845000032	-0.0034818113294950042	0.38940705109365464	0.003975095681357276	(-9.45965, -7.98831)	(-0.010839, 0.00394787)
a66dd8d31584930c2b0f811f572dddcf	-6.931910955000002	0.0011115462476100014	0.3437362438026254	0.0035257022524764346	(-7.55256, -6.2391)	(-0.00576506, 0.00750144)
10155b2834300619ce0102110a37b057	-6.980258649999987	0.00031993346514500037	0.15537981627153988	0.0015874068323088858	(-7.27958, -6.68303)	(-0.00272835, 0.00326312)
fca904abacabcc0591dd00b0427f9180	-10.187447209999984	0.0011064655527150003	0.33239759597854507	0.00340557277266091	(-10.802, -9.58301)	(-0.00510116, 0.00736581)
ef6752ce31dcb9e16b1155bbaa1a268d	-8.67347913000001	-0.0011438957332150018	0.39857316496252376	0.004100981457166105	(-9.4354, -7.96892)	(-0.00909536, 0.00619531)
a24dae6b87885a55d81df1ea6d1abaf5	-5.950208389999989	0.0019206771011499996	0.29244619761694224	0.0030507848942896544	(-6.49258, -5.41984)	(-0.00344721, 0.00773355)
79280cea51a6fe8a3432b2f266dd34db	-3.5478646549999935	-0.0011429445587949978	0.12218895830508168	0.001258295567536842	(-3.78212, -3.32366)	(-0.00339328, 0.0013031)
cba33b3578113908d449fc66ccb245d4	-6.3000623999999945	0.0012247233434500016	0.1945646918637604	0.001998095176072722	(-6.63967, -5.90424)	(-0.00280652, 0.00484143)
ef1616938612ecae94c31842853cb904	-8.942471380000002	0.0009471647214149997	0.1985274784917584	0.002055000490527617	(-9.28904, -8.54904)	(-0.00295229, 0.0047083)
a378e30f9be477f7777e409c8faea14c	-8.363887309999988	-0.004120982407495002	0.2770502403212526	0.0028862566070106104	(-8.90948, -7.89626)	(-0.00954874, 0.00103566)
322498f1025a569812be6e3fe4f63ff7	-7.462323260000016	-0.004962492141449986	0.3775126824740761	0.0038551961773102585	(-8.18591, -6.74829)	(-0.0120992, 0.00221776)
d75b7080930e7a77ef3de8c6154895b9	-4.341059234999999	-0.004270094552405002	0.4849978387470039	0.004971930272278153	(-5.20321, -3.38369)	(-0.0140406, 0.00473769)
9bf0d2dbffe7925240ea811d2a4cd625	-8.444420539999982	-0.00600884323400001	0.2545988994222251	0.002657416812445002	(-8.92755, -7.96465)	(-0.0106957, -0.000840715)
a167e4d4418792dcaba877443ed0e66d	-8.007714545000004	-0.00630954996529101	0.3852882947791087	0.003967518542854901	(-8.75509, -7.29876)	(-0.0137555, 0.000902577)
ac0202d177961ffb380b6859272bde53	-7.354113694999999	-0.007070954985895003	0.3686897347561998	0.0037745366288957994	(-8.04955, -6.64972)	(-0.0141547, 0.00012599)
e3ab3e4772986724760dbd52b7af55f7	-8.236602280000007	0.0006548120036950989	0.2989273490987431	0.0030637285102210732	(-8.79553, -7.68343)	(-0.00505045, 0.00646093)
481e48328fe7a9837c7233de8f60fc23	-8.919648329999998	-0.0026805583527199977	0.32885477150880926	0.003367594496586576	(-9.53619, -8.29743)	(-0.00922686, 0.00326648)
be17b29b03ed02bed133932284568d16	-6.33216846000001	-0.0016646517685649982	0.20966748805436775	0.002155719782249359	(-6.71957, -5.9446)	(-0.00547983, 0.00255508)
5f9d6c173705f19cd3a1e5145c52789a	-8.95646850500001	0.0006718243834240007	0.46204187522692675	0.004766393331059652	(-9.77751, -8.06219)	(-0.00790756, 0.00970792)
1ef782a559e3e0a4ab42516e0a2c828f	-8.331640065000004	-0.002635110049784997	0.39999953181340797	0.004094462989759208	(-9.12477, -7.63845)	(-0.0106638, 0.0044729)
97f56e68f535e44ceb53d05f269e82d6	-6.677971399999996	-0.001347085698674998	0.17745069309709677	0.0018377364647518388	(-6.99852, -6.33726)	(-0.00493037, 0.00206576)
3f38509af22157cdcb4006457529d25e	-7.148896429999998	-0.01868905183499998	0.4261667186960463	0.004444130943325759	(-7.91589, -6.37103)	(-0.0271097, -0.0110613)
ccee9fc92f4182805278384a02a4d7d3	-9.071727684999994	-0.006938418998800015	0.3335665407495044	0.0034696715120066455	(-9.65307, -8.42703)	(-0.0135031, -0.000498005)
b3bf877149e7a31ad9a7397a3ca8b011	-8.796197285	-0.005692579031395494	0.36975193772525194	0.0038337659554959777	(-9.46601, -8.08858)	(-0.013202, 0.00094961)
33852dc244bb69590e8e756a83bb2f4c	-8.596877575000004	-0.009970115502999994	0.3071920790371546	0.003202770408866977	(-9.19112, -8.0585)	(-0.0155766, -0.00361639)
8f5959f21dc9ce9a281656f8d699ec07	-6.904757994999997	0.0005372176563745	0.2869566410981458	0.002963778308251066	(-7.4179, -6.37964)	(-0.00479521, 0.00610787)
2086666afdd5de098b04a94247040c11	-7.909542825000006	0.00016623552986999996	0.38384961227956094	0.003945566126098401	(-8.67249, -7.17287)	(-0.00770576, 0.00741135)
96169c3701e79f42346c41eb7b5bf2af	-9.456779535000008	-2.9151608720000098e-05	0.3449020127030774	0.003556685381190492	(-10.0753, -8.79019)	(-0.00686687, 0.00644283)
d05c86b5bfc092d8677507fb1eae8d66	-4.789335095000001	-0.009409226092849998	0.408637790732564	0.00426657477678489	(-5.57359, -4.03522)	(-0.0168239, -0.000735287)
25dd2ae928b2e5e1ac2e28dbe2112991	-5.972436314999999	-0.003905425839049999	0.19629942124435992	0.002020025318437682	(-6.31712, -5.57434)	(-0.00770297, -0.000187567)
cebcb0fe524fb1cf0bfb5463ae228bed	-9.26762206499999	0.004779143876509992	0.3906889019643201	0.004009740137566179	(-10.0582, -8.60009)	(-0.00300978, 0.0118468)
90104f2fbcc925a6619e805c7a625c57	-8.923561155000003	0.0038539079946999996	0.43099364775216387	0.004427324440574596	(-9.68882, -8.07505)	(-0.00497202, 0.0117023)
4c2189b6b5ced3cb80093414e9449de9	-6.041370159999994	0.0009975801063599997	0.17215504012858407	0.0017759484550419816	(-6.3594, -5.70048)	(-0.0025393, 0.0043105)
c4e57b91cc2be5a2232b3612abdf4c0c	-6.925736985000006	-0.012475524402299966	0.5300577322930582	0.005465904650830428	(-7.84632, -5.9193)	(-0.0232791, -0.00313055)
1600415004247da005dd77bd44c633d9	-8.482796620000002	0.0049555885995000055	0.21037995046552205	0.0021400122528800547	(-8.86021, -8.09353)	(0.0010461, 0.00887351)
3b092a59cd0e2d57483420cc994ec49c	-5.873071660000002	0.0019827258222950006	0.3056070434521175	0.0031557946040440656	(-6.4424, -5.27434)	(-0.00397865, 0.00787176)
2c5c5d710e1b9229efa72f98ca7b4e71	-8.041648355000007	-0.008519888562569996	0.46847560927965554	0.004796725846963889	(-8.95663, -7.19144)	(-0.0178711, 0.000375268)
db093685d2f3295cfa4da0a44d3d9ad0	-7.967742895000015	-0.0009358847354849971	0.2820175978221377	0.0029465609295028657	(-8.52851, -7.46055)	(-0.00723957, 0.0039952)
63a2de21003c952fd04b694d8444e66f	-6.789547954999996	-0.0034016685380200058	0.32781921119157753	0.0033643867931029765	(-7.40525, -6.20533)	(-0.00916961, 0.00321183)
59196a586276f0be745d0e334fc071c6	-3.541375669999997	0.0015718140137004958	0.11966749101218388	0.0012336209515781443	(-3.75733, -3.30404)	(-0.000764867, 0.0039193)
8507091bac6b1be88f3d360d6d535d0e	-8.550015010000003	0.0051031567287500015	0.2190045174002122	0.00224274096819765	(-8.97765, -8.17962)	(0.00113196, 0.00935536)
8f649d1053a0ead08b37f8e06fbb2818	-7.957346900000012	-0.004585394181505004	0.25027598530660095	0.002566248270411235	(-8.4559, -7.51754)	(-0.00957095, 0.00023561)
8a70333f85e6869971ef357eceadf3ef	-8.486680509999989	0.004840999952284998	0.3325072935573592	0.003430452865323018	(-9.10899, -7.86345)	(-0.0017482, 0.0112579)
8e0da29b36fbc3879561566e87f11ea7	-8.795135620000012	0.0005697291392999992	0.3722080474678315	0.0038102272029031893	(-9.49894, -8.10918)	(-0.00590233, 0.0083374)
5093cebf67405c910fb68525ffa6dc3d	-10.147734419999999	-4.6509267862999784e-05	0.3049619665551159	0.0031380215482642634	(-10.7488, -9.58529)	(-0.00661696, 0.00543574)
bde648dc2bd51d522327b0bb99e98340	-9.659493814999992	-0.0006308058667435002	0.28490339003528165	0.0029215141712710035	(-10.1803, -9.12106)	(-0.00594191, 0.00499579)
8720f9ecd2331ce68e2896df1bf2d977	-3.6881914449999886	0.00017570279221499973	0.21429495158323722	0.002207894138545341	(-4.1044, -3.31393)	(-0.00354432, 0.00462091)
3af2ddaf4af4b5ae4100439a9c3d4099	-7.9869930449999975	-0.010379006614500001	0.2988792744322998	0.003105752050600555	(-8.5386, -7.43531)	(-0.0160683, -0.0044883)
de24ab68045830f7ea823f771a1f7dd3	-6.60112407999999	0.00249718801838	0.26698646589790576	0.002736581576640732	(-7.06147, -6.08038)	(-0.00272479, 0.00738655)
aec9d6920c8746590e4dff84ba121b90	-8.478121494999998	0.005822819581805008	0.29957199656645983	0.003083094789088962	(-9.01339, -7.86954)	(0.000333171, 0.0118896)
192522c9b7c41f7a761f8a2ba792268a	-6.1526551750000085	-0.007099378629000004	0.25416577783558775	0.0026339684187864747	(-6.60237, -5.67194)	(-0.0116991, -0.00216875)
458157e555a80f9ba01d9da37ef787eb	-4.4434294950000055	-0.005851178470890003	0.3437614992310728	0.003541211479199528	(-5.14193, -3.84443)	(-0.0119769, 0.00141813)
3017f87a3b0f5200ed54eca17eef3cbb	-7.420123369999997	-0.013898406499999977	0.33948876919928167	0.0034943548605053487	(-8.13193, -6.84007)	(-0.0205846, -0.0073035)
c5e3c5422835403541b0af331a2cc649	-6.08969321999999	-0.027133644999999994	0.5060624562930259	0.005271630308754112	(-7.12906, -5.20179)	(-0.0364518, -0.0166491)
be7fc30c58dc772f88007fdefcf21a96	-8.137720785000006	0.002320703961785003	0.22319736735350126	0.0022992170815308082	(-8.57156, -7.73458)	(-0.00168693, 0.00700867)
3d766867c97f511431bf97e059d6498f	-5.279253785000014	-0.004836923351800008	0.23117944560908496	0.0023724983324452152	(-5.7465, -4.86808)	(-0.00903275, -0.000130729)
9099a7f671b923c7b07c12508f17270a	-7.175909094999995	-0.009879739630000002	0.2668681420946137	0.002761222154083327	(-7.65999, -6.70253)	(-0.0148139, -0.00473552)
4973330392dab23937c67af9843e5359	-8.498659654999981	0.004924285439299997	0.30853666475920016	0.0031441427996955363	(-9.01609, -7.89275)	(-0.00122491, 0.0103545)
2cf53730a41137e7ad95ed3680541d80	-8.86512701999999	-0.0032069202301500017	0.41091499993528974	0.004233533437338737	(-9.60337, -8.07005)	(-0.0107768, 0.00495152)
2a0968119cb66a61a416f8d924c224ac	-6.067662430000011	-0.0016397244647450011	0.5655642095619158	0.005846467228750421	(-7.10381, -5.03663)	(-0.0122846, 0.00938203)
a4e2a4e1321a599651edf92f6999e78e	-7.630144120000009	0.00101362860971	0.5007379264685526	0.005210123085316234	(-8.55512, -6.70978)	(-0.00920558, 0.00975645)
782772ed674928794b78f5a59ee3d08c	-9.31041373000001	-0.0010829740030850027	0.3258036209445611	0.0033387641349846026	(-9.92481, -8.72935)	(-0.00722118, 0.00519503)
ab5c396eaf731e031c9764a05b798753	-9.115231995000004	0.005819010485499998	0.2978414416914978	0.003045636482886496	(-9.63777, -8.5532)	(3.12751e-05, 0.0112419)
04195686f2b70585790ec75320de0d6f	-4.41643864	-0.015750659129499977	0.43294605919762164	0.004520469844263833	(-5.20164, -3.54662)	(-0.0242775, -0.00704011)
9f4d14b114e7499772a797790d81c1db	-4.942856160000003	-0.0002862279516275	0.1443560457073219	0.0014775227579262185	(-5.19806, -4.65814)	(-0.00292771, 0.0025796)
b1f2146bef78066448576fceeb6b644b	-4.900496620000001	0.0027338606814699988	0.2089984586921052	0.0021666253238334927	(-5.30042, -4.51972)	(-0.00123176, 0.00676312)
3bff9ab82e7f2a76cc22e687ac7b72fd	-7.76222093499999	0.010715674393845001	0.5267053151276109	0.005415226012561601	(-8.6963, -6.70783)	(-0.000202377, 0.0202673)
c1365ec008032ee718dcafaf5ac17adb	-6.551593549999989	-0.004445794051649993	0.23207286786287104	0.002406079553586651	(-6.97606, -6.13064)	(-0.0089916, 1.91745e-05)
cc968157f7691aab95df444e8cd103e2	-5.862034110000007	0.005436356857500006	0.14049117098845718	0.001443597059298485	(-6.1233, -5.60272)	(0.00279743, 0.00818742)
09ee2c2d76be17c9ede2d4c57412adeb	-8.180962999999984	-0.008739728870610003	0.46652520962355254	0.0048509337719733845	(-9.02557, -7.31189)	(-0.0176137, 0.000168945)
d9b76ee51ff2b6961430bf352cc578f2	-9.65823756	0.0017613813675942949	0.3482334434823086	0.003577596951228442	(-10.2994, -9.01223)	(-0.00477464, 0.00856384)
d2cccbadb958c9c6547274fa10531f74	-7.258218685000006	0.001968359820209998	0.23424726176440291	0.0024073337919240045	(-7.70438, -6.82541)	(-0.00257831, 0.006396)
2268b83b6cb307bfd1cd008dae1ce4b3	-7.415038434999989	0.0009099021393659985	0.4036388619668584	0.004169612715355325	(-8.20099, -6.65258)	(-0.00614969, 0.00968291)
e9ad916c93ff127ade2a8283db7603a1	-6.762286044999998	0.006053943967999999	0.5893575033374123	0.006076702764041041	(-7.76852, -5.6027)	(-0.00552551, 0.0169161)
624d0040eafc828499b5009791d96b85	-8.907014299999977	-0.0007317840480260012	0.24647666243299785	0.0025194551660069524	(-9.34342, -8.46617)	(-0.00537754, 0.00370228)
bc5146d3526a9ef5179457a2077b1b46	-9.126184915	-5.570201644499998e-05	0.20726759419212823	0.00212237112481642	(-9.52632, -8.76452)	(-0.00374611, 0.00400939)
7bbb537e486b770d58232a6c683a3a9f	-7.225077375000001	0.00012161963167500003	0.21754380364620685	0.0022308359246895333	(-7.61623, -6.76913)	(-0.00422039, 0.0042315)
30c16856bd5bae4cd2f1182341b30ffc	-9.790182319999989	0.007541183713549996	0.4044752821085826	0.004151005518593294	(-10.5619, -9.08375)	(0.000387918, 0.015607)
ac5402de1ddf427ab8d2b0a8a0a44f19	-3.574704890000002	-0.0005870968256950005	0.21805333210131816	0.0022683011037013144	(-3.97369, -3.16371)	(-0.00467693, 0.00373275)
d0037fe3397f56b52e971759e3f2f7a8	-8.778967465000001	-0.0006067638433499999	0.4004489719663714	0.004137015080391103	(-9.51209, -8.00178)	(-0.00839367, 0.00721343)
3d7f3a3956e66e4728521a97abd9f07b	-7.343443734999996	-0.0016719914750399996	0.5656518462850625	0.005828158329070979	(-8.40881, -6.33833)	(-0.0121647, 0.0092932)
3e15d94435169ddada1e508dd8b83a55	-8.28307678999999	0.0022954435111300036	0.3281565893306059	0.003371743594844185	(-8.83981, -7.61833)	(-0.00418431, 0.00832232)
ed1528f4822674c9e1da64b84c778e9f	-5.8637093699999925	-0.0009298661398529996	0.30659957930695736	0.0031476222582129993	(-6.42544, -5.27358)	(-0.00688769, 0.00491681)
477734397215c70bdacce28d5685cc6e	-6.465451740000003	0.0026135965645749997	0.5762488522739739	0.005914184735209197	(-7.50782, -5.34492)	(-0.00929174, 0.0129401)
1243750138937650754b619370565800	-6.440611184999989	0.003363592668239998	0.3378606378374755	0.0034712600972857093	(-7.11196, -5.84799)	(-0.00309733, 0.00978204)
997c1b9bc29e50b9096303c708bb54e8	-9.713322155000007	0.0021989316191600027	0.3025821317806225	0.00313535202198459	(-10.2826, -9.10624)	(-0.00443007, 0.00769071)
8aff935557eab67b0baa4553b8518105	-9.658666194999999	0.009056065825999987	0.3904541967141242	0.003987707696233066	(-10.3669, -8.96045)	(0.00195288, 0.0163373)
39bb3fb5b2257fd2eacca408dc42c5d1	-5.3734006849999965	-5.9159325430000155e-05	0.2931124802687195	0.003000609069510744	(-5.87518, -4.78187)	(-0.00567274, 0.00560956)
b9024a1f377b62508864cfea59b16a31	-7.965787110000004	0.0035501274755149995	0.22639655815614315	0.002334860155032991	(-8.39887, -7.55781)	(-0.000552534, 0.00815025)
7ab1bc6052053650189083370055ae66	-6.072029530000005	-0.0004871232397550004	0.3806575748580073	0.0039140042302096695	(-6.82439, -5.3985)	(-0.0077074, 0.00691705)
8183f1e3f9806994e125b1d5c6932498	-6.133380019999999	-0.0029586305635795	0.31919079563514924	0.0032965463236963987	(-6.73779, -5.55596)	(-0.0094865, 0.00268766)
92f000f936d3f349c5e7719a5edc5078	-7.41526566	0.001162985734533	0.18004562241627636	0.0018584258614788478	(-7.76645, -7.09985)	(-0.00218335, 0.00470628)
6509bd0f539df985ac2f40c335cdb999	-8.888887624999992	0.0039021555991950074	0.3712234241170801	0.003804937160018685	(-9.50739, -8.1498)	(-0.00349851, 0.0106963)
c4f9ef34bd2919511069f409c25de6f1	-4.471175320000009	-0.0023916561671699994	0.359260338456665	0.0036746233431614794	(-5.13654, -3.81304)	(-0.00900977, 0.00442008)
74923f4bbde849e27fc4eda25d757e2a	-7.292986375000007	-0.01250227613499998	0.30944412261393717	0.003123691979544608	(-7.87542, -6.70581)	(-0.0181128, -0.00633324)
3edf7e19ca2ce44d4d3daa243e8725f7	-9.303473409999995	-0.002774181667260004	0.28368476331655873	0.002948704122462715	(-9.83939, -8.80418)	(-0.00809986, 0.00278008)
ebab7cfc7858bfb00c486bba21d6ca6d	-6.164851725000001	0.005470437142750006	0.2979307601958456	0.0030938412406936915	(-6.73705, -5.62506)	(-8.23272e-05, 0.0115529)
8937656c16c20701c107e715bad86732	-3.514526055000001	0.003057001034599999	0.24450522753325135	0.0025147714117074857	(-3.98064, -3.06855)	(-0.00140005, 0.00789727)
6a6880faba39965be0e4b7d88966d1c9	-6.59025308500001	0.002536463408464994	0.3115768750570762	0.0031988833655794487	(-7.17671, -6.02757)	(-0.0029767, 0.00880836)
85c05d873041801d03eed489230b23f6	-8.165612019999987	0.0007475267657199988	0.2066211181840317	0.002125083939387788	(-8.5518, -7.76649)	(-0.0033341, 0.00470276)
6d8fe4ac153ead767024e041ff1f0ec6	-8.931362714999985	0.006198445149344991	0.4821901241589031	0.004987032375978354	(-9.80877, -8.03601)	(-0.00300478, 0.0152442)
ed5952d1e022067b212146b9b3bc6812	-4.5184401199999975	-0.002350256612380498	0.522936085308125	0.005446654854062293	(-5.4282, -3.50398)	(-0.0131126, 0.00672622)
7029eddc845e01d613a3bbc113ebeaba	-6.727300014999999	0.002373416663145999	0.28512436114115136	0.002941778954042556	(-7.26903, -6.21331)	(-0.00288417, 0.00790764)
41d23d8bc82f57b26b6896d5e2e947e8	-9.512522294999982	-0.0014523495940499983	0.3383509087942322	0.0035282854635400418	(-10.159, -8.92481)	(-0.00726833, 0.00557025)
0021d135d4ac12982cc8abdf2b38e23f	-5.737748090000007	-0.010568196158149985	0.5857435168652331	0.006040064722045735	(-6.81248, -4.67498)	(-0.0215868, 0.000302808)
e4c0082e2ab8c9772768fc29bb86caa3	-6.6076866500000015	-0.00045672375636118204	0.210505596050503	0.0021569834287943307	(-6.9782, -6.22428)	(-0.00436755, 0.00355998)
46d8ab5615f60d7b522f3590976668be	-8.769976990000002	-0.002149987787650005	0.20987638099781464	0.0021733700550263363	(-9.16918, -8.3794)	(-0.00617995, 0.00196359)
28bb502265419a0e86626d75a1183ce7	-8.490608740000011	0.0020742558092249975	0.45676062358079067	0.004724422738322136	(-9.30529, -7.59029)	(-0.00664148, 0.0108862)
ea3af29626a95b6c7b89d631bf1a739c	-5.029585585000004	-0.0036538463417714975	0.2182944430471325	0.002256699285931479	(-5.43532, -4.6235)	(-0.00760071, 0.000575037)
94b000e59b7ac160b0416c9ab45ff0bf	-7.172501560000008	-0.003027262398349998	0.5230591832143535	0.005368072840422635	(-8.18898, -6.18892)	(-0.0141893, 0.00620341)
75878b49cacdd2ffdcea1186a43be92d	-8.186830810000007	0.0015481538392514982	0.2541019595688783	0.0026103892862662952	(-8.68067, -7.74084)	(-0.00306813, 0.00647985)
aea50462b44fe88301c739b72353e16f	-9.008448724999985	0.005723997444248908	0.251439509224633	0.0025696681298047943	(-9.47582, -8.55473)	(0.00112789, 0.0106066)
2d575dfaf20c70d49b09be32a1492254	-9.10640369	0.002956867758194998	0.20058972112544535	0.002053335402409006	(-9.46928, -8.72114)	(-0.000819893, 0.00681984)
b955f67a541a149dd3b179dc62d37a72	-7.5623428599999825	-0.0030530546993399973	0.28547931556668044	0.002945577261817334	(-8.10297, -7.04957)	(-0.00838778, 0.00241775)
ad7bc2bb6e1ec90a9bc3c8949bce80d6	-6.469827765000007	0.0021004329966294996	0.5101710699885432	0.005200512383122093	(-7.39286, -5.47314)	(-0.00827605, 0.0114895)
8f1c11c7b732265cbfc1bb7dbd0241e7	-6.188289344999999	0.005327564291249986	0.2339543794253936	0.0024150360922875697	(-6.6193, -5.74628)	(0.000961395, 0.0100003)
1fd31ccf4d6163405f70131e32d5065a	-7.478822714999999	0.0055472056238000025	0.5088237939173827	0.005287221887992675	(-8.47593, -6.5693)	(-0.00411202, 0.0157534)
5093ad88995f6fe457c7fe96bb0ed33b	-6.307766800000001	0.0031395374648100012	0.28416360768113824	0.0029234001487295825	(-6.81614, -5.75588)	(-0.0023772, 0.00852617)
f9b52205cb2d03153fd394a290212a10	-5.487051610000004	0.002650371434883653	0.3840176424050176	0.003972000488328766	(-6.18949, -4.72629)	(-0.00489939, 0.0098677)
9d4e16844252e2dfbaf80a4a6fc4d55d	-9.766233035000019	0.0028859860604050045	0.391000719204247	0.004033030169608536	(-10.6148, -9.10087)	(-0.00541271, 0.0101051)
148c7eb0139bbc1b8c87dd31464742e4	-5.927151255000012	0.0027641843407649994	0.22451158342249292	0.002302773500719254	(-6.3546, -5.49993)	(-0.00171729, 0.00708321)
eea6b86c0c75e740670ccc50613b1b23	-3.2556286750000045	-0.0010287248889549996	0.1065166939117733	0.001085537847145341	(-3.45144, -3.06771)	(-0.00299492, 0.000935947)
3fe55dd5e59267f275e972017302459f	-6.696924129999995	0.004754096624545019	0.6203597887097799	0.006399511154209016	(-7.92474, -5.58872)	(-0.00673403, 0.0171102)
f11bd4248a2f95e53507c5bbf8dda43a	-5.8933467900000025	-0.009632002330000009	0.26549829555346655	0.0027406352414691905	(-6.38067, -5.36732)	(-0.0149435, -0.0045911)
09a55cd0bdf9fa4929eab3f0ed841bf5	-8.790658964999981	-0.001839243029538503	0.2979440548720159	0.0030716895791473076	(-9.33867, -8.22204)	(-0.00741305, 0.00417597)
bfb7bb16ab570748b3a5d099e9426af1	-8.372075050000012	-0.000112661944485	0.22294695773478865	0.0022710598747404335	(-8.79887, -7.95948)	(-0.00470328, 0.00392858)
ad52a0f6646c574417ce0b13b84acfa9	-3.5683049949999988	-0.0004358926925400006	0.3138000374353069	0.0032472120131432627	(-4.19285, -2.99653)	(-0.00722896, 0.00511554)
180b74e94caf35fac5e1f0f4b7ad9d9f	-6.2344959200000005	-0.0016361509057749991	0.13152056006021862	0.0013502899018828093	(-6.46312, -5.98065)	(-0.00404057, 0.000925515)
810926a593979f3574e3bbe7defd3559	-9.498856315000005	0.0008057818896499982	0.4211611266210014	0.004304467559793082	(-10.3102, -8.71136)	(-0.00738326, 0.00879753)
5d62137a2d05df0be8d6b7e163a3ef08	-5.420024999999994	0.0027094445003450003	0.48735441736297014	0.004973774680981479	(-6.2971, -4.46711)	(-0.00695506, 0.0120083)
f9765bd9332162f70268554ab318197e	-6.568031314999995	-0.003802252737579996	0.35440131884943743	0.0036332150587996027	(-7.28473, -5.96174)	(-0.00969573, 0.00379442)
bc5b6cc17572b4fd6ebd80081410427e	-9.806293089999995	-0.00020977940064000004	0.26968049393189714	0.002793483155491522	(-10.3353, -9.34889)	(-0.00523064, 0.00515594)
a29679284280410db95e5cb8c0b2d73d	-7.666614499999993	-0.012979695994999997	0.34861797370538694	0.003616580258033261	(-8.28182, -7.03697)	(-0.0200258, -0.00647286)
1c86153e1b13ab5322c96f2602b73513	-4.561634110000001	-0.009738134908635	0.49631791523499097	0.0051697367985129245	(-5.48739, -3.68334)	(-0.0189315, 0.000365892)
fec0355651c9ad579f01f3e332311725	-7.032687299999996	-0.000543706050189	0.22988170464612892	0.0023706253230187505	(-7.48961, -6.63255)	(-0.00509026, 0.00385221)
f10155af1849a17996f302d71b32398c	-6.68882762	-0.016472946694999963	0.4021022199204275	0.004102913814726063	(-7.4268, -5.89916)	(-0.0247241, -0.00919192)
0cc26190e976fc496119a5eb4cd0fee7	-9.419959550000007	-0.00646003182149999	0.3158996178691858	0.003268223978719522	(-9.97733, -8.81987)	(-0.0125809, -0.000511089)
9c25197937d1f54e2634026fbca6b55f	-7.418466225000006	0.0039885316056450055	0.5041612426053784	0.005117266528704047	(-8.36626, -6.50582)	(-0.00460151, 0.0145074)
40ced57decad1424c32de76ae039c050	-9.692776454999995	0.002181027388090001	0.2664924943942756	0.002739325564827042	(-10.1585, -9.15862)	(-0.00297319, 0.00750202)
2ad31c7624bd7744a56a5ccac67ed01a	-8.676909529999996	0.00029188161979999986	0.23808319998223118	0.002431200406538759	(-9.10357, -8.23058)	(-0.00435256, 0.00473078)
41df3b4c55182503ecd97c6dbe47966a	-7.07625540499999	0.003869774356754999	0.21833128451309028	0.0022448113250487637	(-7.53092, -6.71052)	(-0.000286519, 0.00822028)
fea3411c847e6627afb5e78b88e2e9af	-4.481773604999997	-0.012461992128000018	0.32114443997468484	0.003332344692871306	(-5.0498, -3.85753)	(-0.0185487, -0.00624362)
8bb5ff097e0707dca3fe5860af20f4a6	-6.7610634550000075	0.00042273149210250005	0.21708121872288472	0.002257335206153467	(-7.14058, -6.32081)	(-0.00379703, 0.00466618)
bda6b6e7da7508c68057140e7bd6cd8d	-6.149367524999993	-0.0007658780371659998	0.26835740913141254	0.0027764304231066564	(-6.63605, -5.63082)	(-0.00587229, 0.00453125)
1a5526b9f7147b6893f1a034a107cc65	-8.957068739999999	-0.009693562898700013	0.35021051328809694	0.003657892863102978	(-9.62568, -8.35725)	(-0.0164319, -0.00298561)
97f26830027d30dfbd60b54895af0660	-9.45289024999999	0.003931352568215499	0.3302966811904677	0.0033898236929940304	(-10.0777, -8.85668)	(-0.002593, 0.010037)
d061a99148d649c4eca4836c5f4b5b68	-4.497328204999998	-0.002041492668610001	0.15219132711336728	0.0015667742656513652	(-4.83424, -4.25734)	(-0.00479409, 0.00109801)
f9f5f08e8da4cc9740518223846563db	-8.058931365000015	-0.004300468679887503	0.37130797929641485	0.003835878071140883	(-8.77588, -7.39783)	(-0.0114004, 0.00292397)
40c85a458df8d5a935122ba778d4f334	-5.243037625000002	-0.0019917589106200023	0.4513114572173072	0.0045923992660934455	(-6.1555, -4.43576)	(-0.0102489, 0.00703972)
7ebc04cb539befd9f2e7faa131628c66	-8.530473900000013	0.002259220033399997	0.2959678851377123	0.0030295394294541276	(-9.09976, -7.99345)	(-0.00296235, 0.00837796)
f7ef98bb6d0061b9368a72b1ff40aad0	-8.351814939999999	-0.005495716943214998	0.4433336443336969	0.004541542558796767	(-9.18986, -7.53661)	(-0.0138806, 0.00332034)
362b97b08074732371b6e76cd1a894e1	-7.756874050000003	0.007010117771869999	0.5825298051651934	0.005988065577542108	(-8.94134, -6.77251)	(-0.00322951, 0.0191098)
2fad39e365933a7f925040cb3c2a5ef8	-6.366666009999999	0.002822101158030003	0.44628340706840053	0.004621376678613138	(-7.23075, -5.55427)	(-0.00635166, 0.0111139)
4c855814a58f4f324e8f0cfaab222e1f	-7.678738885000005	-0.012153272888149998	0.5162162846451152	0.005306589444078804	(-8.61647, -6.67229)	(-0.0223647, -0.00255028)
2f61368750bbc7603f01c928568e7ad3	-7.000156954999997	0.0003349324255600001	0.21019659407249683	0.0021585374406526883	(-7.4178, -6.61503)	(-0.00366895, 0.0046683)
599ba6458e91e2527f358f547ea39261	-3.8657025349999934	-0.0038648861253999934	0.13468368795375246	0.0013840463239953732	(-4.09476, -3.60689)	(-0.00637606, -0.00139721)
4b548f1f6fc22f32237396b7d4ffee6e	-7.375830724999989	-0.0027172874356749953	0.17640606122104874	0.0018057976112121521	(-7.72464, -7.05155)	(-0.00582658, 0.0010076)
eb3543a838a705addef1d704eda7cad3	-7.321352810000004	-0.007552539464669993	0.5335623217921256	0.005551607593224646	(-8.29607, -6.36006)	(-0.0175704, 0.0029219)
2281740c4ae82360612b5bc7e9538337	-6.339676595000009	-0.0013782797803949995	0.3737937057325281	0.0038368739839538778	(-7.03463, -5.64221)	(-0.00869087, 0.00575057)
96936173022b85940115c9ea103505bd	-7.803227219999993	-0.0035451243916399962	0.2570067818890616	0.002655950901926543	(-8.26399, -7.27789)	(-0.00887094, 0.00131714)
f45b62ab6ec22fb20364a7e05088158f	-7.875020029999999	0.006567294590960009	0.37168374434524215	0.0038015049563969055	(-8.60698, -7.20073)	(-0.000527983, 0.0136112)
c16907f7272c334959e9f980842194cf	-7.987733835000005	-0.0010436549203694983	0.4230452834060945	0.004334511540256509	(-8.74725, -7.17952)	(-0.00917733, 0.00665056)
266c2a374ca451985731e1e1b5961bd2	-8.794059770000015	0.004392142468824992	0.3184261801947932	0.0032450861675571703	(-9.36976, -8.17714)	(-0.00179553, 0.0101886)
2ad8a4ebf774763b765f4ab5b516ff21	-9.19810124	-0.0019020350696100038	0.3801021480447886	0.0038893786283880727	(-9.92424, -8.54089)	(-0.00907731, 0.00523703)
f12011ad5219b22b6ca790103333a755	-8.802969380000002	-0.003810794277944998	0.2269074408150063	0.0023425260883780386	(-9.19849, -8.32967)	(-0.00846154, 0.000299958)
b9fefd4224e459a6a0d21db63b1c0d03	-8.74802868000002	-0.001917593389470001	0.4227071859136746	0.004340740157284452	(-9.50665, -7.98698)	(-0.00955386, 0.00634676)
0cc2420a6a4698f8bf664d50b17d26b4	-5.088364665000004	-0.011945034409999994	0.2761430269640858	0.0028408414078717145	(-5.56643, -4.55878)	(-0.0168431, -0.00638486)
33f9226b33e1f59f71edc044bb947764	-4.801301515000004	0.005116515448050003	0.4338563995821135	0.0045152196513014884	(-5.56991, -3.93291)	(-0.00304588, 0.0140412)
b4ef8e75d847b17325effd2f3873cc9c	-7.292842819999998	-0.0013481383236600005	0.35685841947913677	0.003657115212612092	(-7.98988, -6.64198)	(-0.00823825, 0.00571664)
8ffd2b3caa54b2922e98a0d5aab5adde	-6.20530798500001	-0.008519576484750001	0.32411937386476897	0.003313976801784173	(-6.78145, -5.61136)	(-0.0146688, -0.00258678)
42608e863ede290f764f14c074e8e4fb	-9.170146754999989	0.0017897704389250016	0.30606140379917246	0.0031410980423164105	(-9.73628, -8.59954)	(-0.0040101, 0.00780142)
2a8a90cd5770804a5f23f425004de7e5	-6.596186939999992	0.0030852849729099997	0.5739783682777057	0.005904497719807835	(-7.65427, -5.5521)	(-0.00867437, 0.0134661)
f19fa34c0c987ab3bd8aa42d8a4d21ec	-9.19947095000001	0.0027801157472039954	0.3016976231379649	0.0031059266827712577	(-9.79091, -8.62797)	(-0.00275758, 0.00912729)
340a5698fe78713b785c3bcce89df73b	-7.491139899999996	-0.011016732356400001	0.32255938233244735	0.003359038385526406	(-8.15493, -6.94716)	(-0.0176402, -0.0051045)
376917760e5aa918592416e980809536	-5.094689654999989	-0.009168043069010005	0.4766206586053849	0.004925753327143908	(-6.03251, -4.27296)	(-0.0177783, 0.00071792)
589c1370b3324a2d6cff6d1ff85341d1	-7.304628549999987	-0.004548336908915008	0.46231025995320224	0.004750240825649536	(-8.24463, -6.49484)	(-0.0134743, 0.00429561)
e5a43b018c81cedd19e9a5354d32d469	-5.917759200000004	-0.005332128808499996	0.431989791981895	0.004471591099385613	(-6.66379, -5.08463)	(-0.0128846, 0.00358551)
f4dfb45b33372cdc0dc2fd20c0d0b448	-7.725054364999994	-0.005172498335389995	0.5571550442076219	0.005808518359959547	(-8.75091, -6.69929)	(-0.0159012, 0.00591249)
e1b3393309a8b247e0c358c26176d13c	-7.016518229999998	0.003178646416250745	0.1764825526945003	0.001818056740274398	(-7.34274, -6.69411)	(-9.78913e-06, 0.00662761)
b47757a69204f053308f7f5f0022edab	-7.175152624999997	-0.005655107208799988	0.3447189973369025	0.0035838612133834327	(-7.82736, -6.51485)	(-0.0121107, 0.00150064)
03569e3fd843f501355f7853b0ec9361	-6.186461135000004	-0.0009818470211399994	0.33514382320186364	0.003444964244271391	(-6.78531, -5.55594)	(-0.00718526, 0.00547725)
25e04b2be57def00437d44ab461e8773	-7.8445965949999845	-1.0946609365000032e-05	0.5489082836679141	0.0056304151886275786	(-8.86902, -6.81474)	(-0.0109858, 0.0103267)
4d04d759f5a6615dac43060726239891	-5.579494420000007	0.002761153146415009	0.2656656285338086	0.0027427204710296924	(-6.06736, -5.09113)	(-0.00204183, 0.00794605)
237135dc8b20f922cabee934f7d410a1	-6.622097879999994	0.00030638469215499997	0.3678131421565925	0.003784692237272328	(-7.26534, -5.89209)	(-0.00680696, 0.00727641)
9dd9cefe38347b087dd318d82962cc03	-5.739929635000004	-0.00031946161274499954	0.26943260524111917	0.0027864432784593172	(-6.20326, -5.17804)	(-0.00609546, 0.00445375)
c764eda12e92f19526c7e5a78a38c615	-9.053070154999988	-0.008855050186300008	0.3670999754887295	0.0038190577684716833	(-9.72123, -8.34974)	(-0.016195, -0.00193995)
6fc765c81c8b663cedcd799094894748	-8.363054000000005	-0.003658961443525002	0.38277533733562347	0.00395477022605766	(-9.04549, -7.60589)	(-0.011164, 0.00361697)
1a389bf765c8ff0f92600f684fbe7ad7	-6.286014674999996	0.004184597639856493	0.2701732570603433	0.0027603622617516288	(-6.82014, -5.80052)	(-0.000734882, 0.00967416)
b0645cbec7653c887cb868a248d95874	-3.777495435	-0.00012701483771849977	0.18431878518916814	0.0019085879903723653	(-4.14461, -3.45482)	(-0.0035315, 0.00357859)
d6c46ad81c01997055a3b713c0d5ee1b	-6.354684729999993	-0.0004970514362000006	0.4033152988622266	0.004117717599767359	(-7.06383, -5.573)	(-0.00817832, 0.00704616)
fe2a1f2b6f247658881254d63fd68b74	-5.845567289999999	-0.0018370522345750018	0.4618260723275114	0.004779529274438447	(-6.6513, -4.92486)	(-0.0108787, 0.00704644)
89aabf43d24dd5bd0fd0f5aca189d341	-5.205984455000007	-0.0007272228515459996	0.10782142320755644	0.0011079581467774147	(-5.40292, -5.01153)	(-0.00271675, 0.00134286)
2ae8a432208b85a14e86eb821c86ce2b	-4.498504210000005	0.0020258959788050017	0.17862362633558818	0.0018217797244141193	(-4.82602, -4.15886)	(-0.00140117, 0.00543096)
f596fa835cdfdb22d6494b012f61fff2	-5.812026530000013	0.0014472840464249995	0.23554455810495614	0.002412211576541269	(-6.23186, -5.37231)	(-0.00292264, 0.00596866)
f7895578be91c3e9c71c7b89e3e798db	-8.204971770000006	-0.00728712088802501	0.4556614049804606	0.004729555643879669	(-9.03537, -7.39367)	(-0.0163847, 0.00133931)
8b40296c81e6ffbc10306d4a2ccab530	-9.215516505000018	-0.0021249230688850022	0.21513337533361734	0.0022252870655464618	(-9.6251, -8.8159)	(-0.00630163, 0.00196778)
40a6b537d995aeb12b0100e2cb6ad879	-7.0429656350000025	-0.0007255463987249993	0.29580232367900133	0.0030431820131008357	(-7.6185, -6.51359)	(-0.00605366, 0.00531677)
9ac5fec396208e598ab2e2d26985d0df	-7.930669054999993	-0.0021055508601511004	0.17040900712889845	0.0017509927293092454	(-8.2516, -7.61696)	(-0.00569661, 0.000844322)
19cb3add28813b2bf3e1f40a000d33c2	-4.8098208100000095	0.004108818871776009	0.28260483885868604	0.0028937466441112253	(-5.30833, -4.25482)	(-0.00140454, 0.00945087)
686d42b9552375c3b61301ae5605e3a2	-6.982492110000001	0.0051041108084149914	0.4477056950357547	0.004665118029076416	(-7.8338, -6.15802)	(-0.0029066, 0.0146735)
51625f89e7332f46ab0641e10cede6ea	-7.300940289999998	-0.0012960642917850024	0.48659490011837964	0.00498695876834389	(-8.26817, -6.44227)	(-0.010762, 0.00784992)
ddd87ec4b9d332c2d8c02f5d1b08dbb4	-7.845332750000009	0.004122602102760001	0.20253285788394304	0.0020887030905757816	(-8.22317, -7.46175)	(0.000248493, 0.00804052)
588a23811b3e98af68f4f0fb24a0daa8	-5.325463799999999	-0.0015231922259949999	0.3137187868521105	0.003233961013834491	(-5.89434, -4.72737)	(-0.00768279, 0.00433467)
7c82a2ef7685c5c6dc3080f56033cee9	-8.473809280000003	-0.004685949740600002	0.4010347786661172	0.004103572228974396	(-9.19955, -7.76072)	(-0.0117678, 0.00368546)
b835514e2678e3c7ba13bfe0a0d79bb4	-8.527156849999994	-0.00013606416813000035	0.4024128011996852	0.004138590342978257	(-9.28207, -7.74276)	(-0.00851695, 0.00713677)
c162a4f3943238810eba8a25f0563cca	-5.0938151049999885	-0.0018765803030999966	0.1852543417841779	0.0018967263339421745	(-5.44246, -4.73798)	(-0.00543756, 0.00173913)
5b00db3216a94bcd5c4842499bf6bf6e	-7.681850865000015	-0.002885353216775003	0.23961804068371362	0.0024598328850043583	(-8.12046, -7.23845)	(-0.00734097, 0.00160893)
beef5a54aaee13f217ecede427cb3071	-7.562645944999998	-0.000509753815645	0.41946748373194226	0.004311692735506743	(-8.38694, -6.81134)	(-0.00829939, 0.00818291)
f7686a74ca2d3729eb66305e8a26309b	-3.4239709349999985	-0.0032529374263950022	0.11997978346361433	0.0012357372983730836	(-3.62606, -3.1694)	(-0.00564752, -0.00102124)
5ca5ea401c8d3569e69626d2f81d5578	-6.027154790000012	0.0006263868486500014	0.5133377838455454	0.005308076032449324	(-7.0367, -5.1103)	(-0.00969896, 0.0105199)
b6d740387526e21887b761f90fbc914a	-7.632066039999994	-0.008788303477899996	0.3870445286204398	0.003958551279994019	(-8.34325, -6.88839)	(-0.0155944, -0.000703766)
5e69d50b5a886d1b222f36de84a9dc98	-8.396343125000012	-0.008799635818099984	0.42485602444085085	0.0043723401892344065	(-9.14434, -7.53331)	(-0.0174115, -0.000809908)
208c8722c4dd18b60b2b2684272ff26c	-7.92844989500001	-0.004874557948984994	0.5433611164189424	0.0056349552966901495	(-8.91734, -6.87706)	(-0.0163491, 0.00491067)
95fb1be2ae50b6d347649ea76c2a1874	-8.953140904999993	-0.0006528127714749995	0.31280672256304015	0.0032127786239597137	(-9.54728, -8.39259)	(-0.00652533, 0.00532)
ea2b0e4a93c24c6c3661cbe347f93b74	-4.224702975	-0.0015679916434582972	0.172101526377018	0.0017629260797452373	(-4.52414, -3.88097)	(-0.00494038, 0.00172347)
04b5dd98584b9ead93ed64c586994296	-7.799834955000001	0.0005574295307100008	0.2547876296033581	0.002631146401057462	(-8.2813, -7.36044)	(-0.00435494, 0.00542793)
ec6c9ea52e88226c339487585ea02f42	-5.731600289999994	0.0025186255963800005	0.30005229823168494	0.003091448595223502	(-6.2867, -5.17865)	(-0.00333803, 0.00806848)
4ce0afbaae4138f34580aa9f62b7a0fd	-8.544181129999991	0.0011942574191299983	0.3975190799968261	0.004067381222444656	(-9.29474, -7.82994)	(-0.00615683, 0.00906332)
f655279fdb3e9fe733677c83df662486	-9.362041884999993	0.007720304880000003	0.2414058714901043	0.0024997182690842234	(-9.84291, -8.9426)	(0.00289207, 0.0121246)
