	Feature	Intercept_mean	fruits_fg_eaten_mean	Intercept_std	fruits_fg_eaten_std	Intercept_hdi	fruits_fg_eaten_hdi	lower	upper	credible	Taxon
0	74923f4bbde849e27fc4eda25d757e2a	-7.582252494999981	-0.0057049813099999	0.1767290347518624	0.0008286055366758	(-7.92259, -7.27579)	(-0.00710347, -0.00400225)	0.0013984886900000994	0.0017027313099999006	yes	d__Bacteria; p__Bacillota_I; c__Bacilli_A; o__Erysipelotrichales; f__Erysipelotrichaceae; g__Clostridium_AQ; s__Clostridium_AQ innocuum
1	9d4e16844252e2dfbaf80a4a6fc4d55d	-8.842876095000001	-0.004165447665	0.1486506631996674	0.0007481287257791	(-9.13576, -8.56324)	(-0.00557983, -0.00272785)	0.0014143823350000004	0.0014375976649999996	yes	d__Bacteria; p__Bacillota_I; c__Bacilli_A; o__Staphylococcales; f__Gemellaceae; g__Gemella; s__Gemella taiwanensis
2	fea3411c847e6627afb5e78b88e2e9af	-5.107639240000003	-0.0032925330305	0.1372526705088916	0.0006443055184478	(-5.38925, -4.87638)	(-0.0043962, -0.00198063)	0.0011036669695000004	0.0013119030304999998	yes	d__Bacteria; p__Bacillota_A_368345; c__Clostridia_258483; o__Lachnospirales; f__Lachnospiraceae; g__Mediterraneibacter_A_155507; s__Mediterraneibacter_A_155507 torques
3	c5e3c5422835403541b0af331a2cc649	-8.01932473499999	-0.00323241227445	0.1965093769552226	0.0009423224962024	(-8.37541, -7.66522)	(-0.00500016, -0.00153993)	0.00176774772555	0.0016924822744500002	yes	d__Bacteria; p__Bacillota_A_368345; c__Clostridia_258483; o__Oscillospirales; f__Acutalibacteraceae; g__Acutalibacter; s__
4	5e69d50b5a886d1b222f36de84a9dc98	-8.69791098000002	-0.0031477311575	0.1739494423355232	0.0008878043756202	(-9.02427, -8.3775)	(-0.00488063, -0.00152903)	0.0017328988425000004	0.0016187011575	yes	d__Bacteria; p__Bacillota_A_368345; c__Clostridia_258483; o__Lachnospirales; f__Lachnospiraceae; g__Roseburia_A_166204; s__Roseburia_A_166204 intestinalis
5	90c2b51afe404951ec89bd52c7ae1f58	-8.475651344999987	-0.0030608249283849	0.1880691039348062	0.0009173913335164	(-8.88428, -8.15655)	(-0.00479607, -0.00134308)	0.0017352450716151004	0.0017177449283849	yes	d__Bacteria; p__Bacillota_A_368345; c__Clostridia_258483; o__Lachnospirales; f__Lachnospiraceae; g__Muricomes_149720; s__Muricomes fissicatena_A
6	b6d740387526e21887b761f90fbc914a	-7.983792174999992	-0.0028057544675	0.1545918930320067	0.0007563845822718	(-8.26135, -7.70515)	(-0.00420452, -0.0014535)	0.0013987655325	0.0013522544674999999	yes	d__Bacteria; p__Bacillota_A_368345; c__Clostridia_258483; o__Lachnospirales; f__Lachnospiraceae; g__Mediterraneibacter_A_155507; s__Mediterraneibacter_A_155507 torques
7	457d3865cf0a4bc602a07d8d5324388f	-8.195036310000008	-0.00264523273575	0.1822613903123311	0.0009121867693494	(-8.53886, -7.8604)	(-0.00430973, -0.000978582)	0.0016644972642500004	0.00166665073575	yes	d__Bacteria; p__Bacillota_A_368345; c__Clostridia_258483; o__Lachnospirales; f__Lachnospiraceae; g__Alitiscatomonas; s__Alitiscatomonas aceti
8	514b34f09e4acd2397d38273c630d338	-8.09789506500001	-0.0025366382416549	0.1910365924295547	0.000887825527348	(-8.44711, -7.73587)	(-0.00427382, -0.000927408)	0.0017371817583451002	0.0016092302416549	yes	d__Bacteria; p__Bacillota_A_368345; c__Clostridia_258483; o__Christensenellales; f__Aristaeellaceae; g__Limiplasma; s__Limiplasma merdipullorum
9	4c855814a58f4f324e8f0cfaab222e1f	-8.391001255000017	-0.0024997474525999	0.1897113788075849	0.0009153292552284	(-8.74968, -8.06366)	(-0.00418623, -0.000789617)	0.0016864825474001	0.0017101304525998999	yes	d__Bacteria; p__Bacillota_A_368345; c__Clostridia_258483; o__Oscillospirales; f__Ruminococcaceae; g__Negativibacillus; s__Negativibacillus massiliensis
10	c4e57b91cc2be5a2232b3612abdf4c0c	-7.678516554999997	-0.0024955293289349	0.1917187910862729	0.0009073115333593	(-8.05598, -7.32621)	(-0.00425497, -0.000836106)	0.0017594406710651003	0.0016594233289348999	yes	d__Bacteria; p__Bacillota_I; c__Bacilli_A; o__Erysipelotrichales; f__Erysipelotrichaceae; g__Merdibacter; s__Merdibacter massiliensis
11	2a13ecb6c618ddf8154298c69336dd8e	-8.13243602499999	-0.0024918511378599	0.216056682494084	0.0010825410638413	(-8.5221, -7.73724)	(-0.00460758, -0.000548346)	0.0021157288621401	0.0019435051378599	yes	d__Bacteria; p__Bacillota_I; c__Bacilli_A; o__Erysipelotrichales; f__Coprobacillaceae; g__Thomasclavelia; s__Thomasclavelia spiroformis
12	481e48328fe7a9837c7233de8f60fc23	-8.763911244999992	-0.0024365512028999	0.138779153460453	0.0006718359337012	(-9.00967, -8.49446)	(-0.00363504, -0.00106893)	0.0011984887971001	0.0013676212028998999	yes	d__Bacteria; p__Bacillota_A_368345; c__Clostridia_258483; o__Peptostreptococcales; f__Anaerovoracaceae; g__Hominibacterium; s__Hominibacterium faecale
13	d9b76ee51ff2b6961430bf352cc578f2	-9.090034040000024	-0.0023848024119999	0.1425924485117581	0.0007151049000783	(-9.34819, -8.83065)	(-0.00377058, -0.00114719)	0.0013857775880001	0.0012376124119999	yes	d__Bacteria; p__Bacillota_I; c__Bacilli_A; o__Lactobacillales; f__Streptococcaceae; g__Streptococcus; s__Streptococcus infantis
14	7efeb75fc542932a033b37b887994dc8	-7.875128764999996	-0.0023404322554499	0.1851751313376739	0.0008529660774425	(-8.22529, -7.53282)	(-0.00394617, -0.000727476)	0.0016057377445500998	0.0016129562554499	yes	d__Bacteria; p__Bacillota_A_368345; c__Clostridia_258483; o__Christensenellales; f__Aristaeellaceae; g__SFMI01; s__
16	c942f59feffce9c3ab527135de234101	-4.90395261000001	-0.0019017452385	0.0892147177694795	0.000447654649506	(-5.06194, -4.73039)	(-0.00272793, -0.00104809)	0.0008261847615	0.0008536552385	yes	d__Bacteria; p__Bacillota_A_368345; c__Clostridia_258483; o__Lachnospirales; f__Lachnospiraceae; g__Roseburia_A_166204; s__Roseburia_A_166204 inulinivorans
17	f7ef98bb6d0061b9368a72b1ff40aad0	-8.55139064	-0.0018953580146799	0.186092444492221	0.0008954936685301	(-8.8729, -8.1815)	(-0.00350238, -0.000168062)	0.0016070219853200997	0.0017272960146799	yes	d__Bacteria; p__Bacillota_A_368345; c__Clostridia_258483; o__Oscillospirales; f__Oscillospiraceae_88309; g__Lawsonibacter; s__Lawsonibacter sp000177015
19	40c85a458df8d5a935122ba778d4f334	-5.117624470000004	-0.0018647516472499	0.1866358894264954	0.0008765526250296	(-5.46, -4.7662)	(-0.00347277, -0.000285364)	0.0016080183527501	0.0015793876472499	yes	d__Bacteria; p__Bacteroidota; c__Bacteroidia; o__Bacteroidales; f__Bacteroidaceae; g__Bacteroides_H_857956; s__Bacteroides_H_857956 stercoris
20	1ef782a559e3e0a4ab42516e0a2c828f	-8.283733285000006	-0.0017369481583	0.1741396255877988	0.0008488675504521	(-8.61215, -7.95793)	(-0.00338316, -0.000107762)	0.0016462118417000001	0.0016291861583	yes	d__Bacteria; p__Bacillota_A_368345; c__Clostridia_258483; o__Lachnospirales; f__Lachnospiraceae; g__Alitiscatomonas; s__Alitiscatomonas aceti
21	19cb3add28813b2bf3e1f40a000d33c2	-4.12386988	-0.0016860749564499	0.1265466437029666	0.0006250176762254	(-4.35879, -3.89162)	(-0.00282182, -0.000450205)	0.0011357450435501	0.0012358699564499	yes	d__Bacteria; p__Bacillota_A_368345; c__Clostridia_258483; o__Oscillospirales; f__Ruminococcaceae; g__Hominimerdicola; s__Hominimerdicola aceti
22	399bcf0feb12a20ca0731d8d65268dae	-6.011996459999994	-0.00164294834248	0.1290233516808813	0.0006140063464191	(-6.24998, -5.78317)	(-0.00271649, -0.000503704)	0.0010735416575199997	0.00113924434248	yes	d__Bacteria; p__Bacillota_A_368345; c__Clostridia_258483; o__Oscillospirales; f__Oscillospiraceae_88309; g__Vescimonas; s__Vescimonas fastidiosa
23	b1f2146bef78066448576fceeb6b644b	-4.367335534999999	-0.00159031576865	0.0889881478659588	0.0004073937452088	(-4.52298, -4.19955)	(-0.00237239, -0.000867703)	0.0007820742313499999	0.0007226127686499998	yes	d__Bacteria; p__Bacillota_A_368345; c__Clostridia_258483; o__Lachnospirales; f__Lachnospiraceae; g__Mediterraneibacter_A_155507; s__Mediterraneibacter_A_155507 faecis
24	64d05989cb6f8053633b2127793200b3	-7.168896690000007	-0.0015902947305	0.0951292146590304	0.0004424381498947	(-7.35194, -7.00025)	(-0.00243358, -0.000762416)	0.0008432852694999998	0.0008278787305	yes	d__Bacteria; p__Bacillota_A_368345; c__Clostridia_258483; o__Lachnospirales; f__Lachnospiraceae; g__Mediterraneibacter_A_155507; s__Mediterraneibacter_A_155507 faecis
25	bfb7bb16ab570748b3a5d099e9426af1	-8.113003894999991	-0.0015721565329999	0.0867523296239298	0.0004224792455593	(-8.28371, -7.95613)	(-0.00230749, -0.000744301)	0.0007353334670001002	0.0008278555329999	yes	d__Bacteria; p__Bacillota_A_368345; c__Clostridia_258483; o__Oscillospirales; f__Ruminococcaceae; g__Merdimmobilis; s__
26	32f7e6bfc42fe19c17f9459bd9be4b67	-6.908397740000009	-0.00156184675256	0.146464666015365	0.0007318052133954	(-7.16141, -6.6289)	(-0.00290756, -0.000187043)	0.00134571324744	0.00137480375256	yes	d__Bacteria; p__Bacillota_A_368345; c__Clostridia_258483; o__Oscillospirales; f__Ruminococcaceae; g__Hominimerdicola; s__Hominimerdicola aceti
27	370829fece3190f1a8efccf50b7d0921	-7.400106495000002	-0.0015015826673	0.1001806051112938	0.0004808510204246	(-7.593, -7.22403)	(-0.00233463, -0.000538813)	0.0008330473326999999	0.0009627696673	yes	d__Bacteria; p__Bacillota_A_368345; c__Clostridia_258483; o__Oscillospirales; f__Oscillospiraceae_88309; g__Lawsonibacter; s__
30	04195686f2b70585790ec75320de0d6f	-5.619229385000002	-0.001475543346575	0.1668657337054908	0.000790390309965	(-5.93731, -5.30382)	(-0.00304334, -0.000121718)	0.0015677966534249999	0.001353825346575	yes	d__Bacteria; p__Pseudomonadota; c__Gammaproteobacteria; o__Enterobacterales_737866; f__Enterobacteriaceae_A_725029; g__Escherichia; s__Escherichia fergusonii
32	75878b49cacdd2ffdcea1186a43be92d	-7.7946446550000115	-0.00143130798511	0.1176447105482477	0.0005740285886008	(-8.02791, -7.58747)	(-0.00246664, -0.000347897)	0.00103533201489	0.00108341098511	yes	d__Bacteria; p__Bacillota_A_368345; c__Clostridia_258483; o__Lachnospirales; f__Lachnospiraceae; g__Roseburia_A_166204; s__Roseburia_A_166204 inulinivorans
37	b3d06445a910a9a444919e41f5da39c3	-9.741482590000013	-0.0012746174591949	0.1447076057009164	0.0007256639642834	(-10.0083, -9.48156)	(-0.00270514, -3.61017e-05)	0.0014305225408051	0.0012385157591949	yes	d__Bacteria; p__Bacillota_I; c__Bacilli_A; o__Lactobacillales; f__Aerococcaceae; g__Granulicatella; s__Granulicatella adiacens
44	7be9bac1b13acbd8acf0de464d7c20e6	-7.691933904999992	-0.0011715371699819	0.1067173191562689	0.0005188696374714	(-7.89614, -7.4968)	(-0.00212992, -0.000169161)	0.0009583828300181001	0.0010023761699819	yes	d__Bacteria; p__Bacillota_I; c__Bacilli_A; o__Lactobacillales; f__Streptococcaceae; g__Streptococcus; s__Streptococcus rubneri
47	c82032c40c98975f71892e4be561c87a	-6.846724900000005	-0.0010907309228499	0.0746557894746951	0.0003654122439243	(-6.98697, -6.70816)	(-0.00173557, -0.000340135)	0.0006448390771501	0.0007505959228499001	yes	d__Bacteria; p__Bacillota_A_368345; c__Clostridia_258483; o__Oscillospirales; f__Oscillospiraceae_88309; g__Dysosmobacter; s__Dysosmobacter welbionis
49	9099a7f671b923c7b07c12508f17270a	-7.912720109999988	-0.0010401182532749	0.1169896459242778	0.0005670596677121	(-8.12575, -7.69544)	(-0.00216716, -3.85177e-05)	0.0011270417467251	0.0010016005532749	yes	d__Bacteria; p__Bacillota_A_368345; c__Clostridia_258483; o__Oscillospirales; f__Acutalibacteraceae; g__Clostridium_A_51961; s__Clostridium_A_51961 leptum
53	4c731267e801c2afe253b5cbb58bdd24	-4.504418554999999	-0.0009250976931149	0.0623826533257601	0.0003049946193874	(-4.61636, -4.38331)	(-0.00150619, -0.000373845)	0.0005810923068850999	0.0005512526931149	yes	d__Bacteria; p__Bacillota_A_368345; c__Clostridia_258483; o__Lachnospirales; f__Lachnospiraceae; g__Bariatricus; s__Bariatricus comes
55	a650f349bbdffb95b3624519d1ba72b8	-4.8174801399999945	-0.0008998794326499	0.072371633031046	0.0003454361628632	(-4.95991, -4.68876)	(-0.00153209, -0.000218831)	0.0006322105673501001	0.0006810484326498999	yes	d__Bacteria; p__Bacillota_I; c__Bacilli_A; o__Lactobacillales; f__Streptococcaceae; g__Streptococcus; s__Streptococcus thermophilus
63	2ae8a432208b85a14e86eb821c86ce2b	-4.177516134999994	-0.0007184360376149	0.074790491366963	0.0003594109953249	(-4.30918, -4.03126)	(-0.00140937, -3.83755e-05)	0.0006909339623851	0.0006800605376149001	yes	d__Bacteria; p__Bacillota_A_368345; c__Clostridia_258483; o__Peptostreptococcales; f__Peptostreptococcaceae_256921; g__Romboutsia_B; s__Romboutsia_B maritimum
66	9ac5fec396208e598ab2e2d26985d0df	-8.014770360000004	-0.0006490882800849	0.0661129261655419	0.0003205679994508	(-8.13979, -7.89335)	(-0.00124949, -6.43211e-05)	0.0006004017199151001	0.0005847671800848999	yes	d__Bacteria; p__Actinomycetota; c__Actinomycetes; o__Actinomycetales; f__Actinomycetaceae; g__Pauljensenia; s__Pauljensenia odontolytica_A
70	6c7fa77831ae630967a6fbfc8ee47901	-3.3518052000000016	-0.0006263213711449	0.0530043861690709	0.000247996421087	(-3.44847, -3.25312)	(-0.00108093, -0.000153495)	0.00045460862885509995	0.00047282637114489994	yes	d__Bacteria; p__Bacillota_A_368345; c__Clostridia_258483; o__Lachnospirales; f__Lachnospiraceae; g__Fusicatenibacter; s__Fusicatenibacter saccharivorans
77	89aabf43d24dd5bd0fd0f5aca189d341	-5.172499214999995	-0.00058126413912	0.0473289611584046	0.0002264459104788	(-5.26314, -5.08946)	(-0.00101333, -0.000154421)	0.00043206586088	0.00042684313912	yes	d__Bacteria; p__Bacillota_A_368345; c__Clostridia_258483; o__Lachnospirales; f__Lachnospiraceae; g__Dorea_A; s__Dorea_A formicigenerans
85	2b982979f2401a8bc447d7141879e9b2	-3.778838395000005	-0.0005320012681649	0.0495733804947168	0.0002352722937673	(-3.87172, -3.68533)	(-0.000979791, -0.000115635)	0.0004477897318351	0.00041636626816490005	yes	d__Bacteria; p__Bacillota_A_368345; c__Clostridia_258483; o__Lachnospirales; f__Lachnospiraceae; g__Dorea_A; s__Dorea_A longicatena
251	959d48a11e3b26c9268f0bd1dae6ec40	-4.335922184999998	0.00062753094581	0.0602358119533203	0.0002898965495125	(-4.44513, -4.22324)	(6.71826e-05, 0.00113897)	0.00056034834581	0.00051143905419	yes	d__Bacteria; p__Bacillota_A_368345; c__Clostridia_258483; o__Lachnospirales; f__Lachnospiraceae; g__Blautia_A_141781; s__Blautia_A_141781 obeum
256	cc968157f7691aab95df444e8cd103e2	-5.457506870000009	0.00065177977905	0.0638326253400492	0.000306199721885	(-5.58771, -5.34525)	(9.58939e-05, 0.00125617)	0.00055588587905	0.0006043902209500001	yes	d__Bacteria; p__Bacillota_A_368345; c__Clostridia_258483; o__UBA1381; f__UBA1381; g__Hominilimicola; s__Hominilimicola sp001941225
266	de6891b6f7a1f35bd9ccbc058b9e1a77	-6.701389650000008	0.0006931428568499	0.0498352209985818	0.0002344483562014	(-6.79656, -6.61173)	(0.000221702, 0.00110518)	0.00047144085684989995	0.00041203714315010014	yes	d__Bacteria; p__Bacillota_A_368345; c__Clostridia_258483; o__Lachnospirales; f__Lachnospiraceae; g__Lachnoclostridium_B; s__Lachnoclostridium_B ammoniilytica
280	bad4f7c5ada34a1f813946abcfe5c556	-4.843162055000003	0.0008231134153799	0.0682494918495879	0.0003213337604795	(-4.96434, -4.71282)	(0.000215993, 0.0014069)	0.0006071204153799	0.0005837865846201	yes	d__Bacteria; p__Bacillota_A_368345; c__Clostridia_258483; o__Lachnospirales; f__Lachnospiraceae; g__; s__
281	85c05d873041801d03eed489230b23f6	-8.248756415000006	0.0008317869118009	0.0857533551384304	0.0004022015663199	(-8.41032, -8.08185)	(4.95705e-05, 0.00155655)	0.0007822164118009	0.0007247630881991001	yes	d__Bacteria; p__Bacillota_A_368345; c__Clostridia_258483; o__Lachnospirales; f__Lachnospiraceae; g__Anaerobutyricum; s__Anaerobutyricum hallii
291	c1365ec008032ee718dcafaf5ac17adb	-7.141628550000009	0.0009374906888099	0.0975716149568997	0.0004723881031235	(-7.32586, -6.96312)	(8.23944e-05, 0.00187024)	0.0008550962888099	0.0009327493111901	yes	d__Bacteria; p__Bacteroidota; c__Bacteroidia; o__Bacteroidales; f__Rikenellaceae; g__Alistipes_A_871400; s__Alistipes_A_871400 communis
292	9000b563231e32a7003bf2ef20bf9a60	-7.6017954250000095	0.000941232837925	0.1039010702943882	0.0004943610118475	(-7.80344, -7.41449)	(2.88965e-05, 0.00188971)	0.000912336337925	0.000948477162075	yes	d__Bacteria; p__Bacillota_A_368345; c__Clostridia_258483; o__Oscillospirales; f__Ruminococcaceae; g__Faecalibacterium; s__Faecalibacterium duncaniae
297	8507091bac6b1be88f3d360d6d535d0e	-8.243892629999987	0.0009958455536004	0.0949724188429625	0.0004578694724783	(-8.43729, -8.07585)	(0.000175131, 0.00191085)	0.0008207145536004001	0.0009150044463995999	yes	d__Bacteria; p__Bacillota_A_368345; c__Clostridia_258483; o__Lachnospirales; f__Lachnospiraceae; g__UBA3402; s__UBA3402 sp003478355
299	f655279fdb3e9fe733677c83df662486	-8.802777614999988	0.001006269523215	0.1052851857169933	0.000508740846275	(-9.00318, -8.61389)	(2.99308e-05, 0.0019422)	0.0009763387232149999	0.0009359304767850001	yes	d__Bacteria; p__Bacillota_A_368345; c__Clostridia_258483; o__Oscillospirales; f__Oscillospiraceae_88309; g__Dysosmobacter; s__Dysosmobacter sp000403435
300	2f61368750bbc7603f01c928568e7ad3	-7.154316860000003	0.0010083217528799	0.0875426756213242	0.0004247175634141	(-7.32954, -7.00254)	(0.000190565, 0.00174623)	0.0008177567528799001	0.0007379082471201	yes	d__Bacteria; p__Bacillota_A_368345; c__Clostridia_258483; o__Lachnospirales; f__Lachnospiraceae; g__Blautia_A_141781; s__Blautia_A_141781 obeum
307	828c563319c7cee475b9b8ab6a0a048b	-7.626001364999997	0.001070030306725	0.0887521752324233	0.0004162339327919	(-7.78595, -7.44903)	(0.0003175, 0.00187534)	0.000752530306725	0.000805309693275	yes	d__Bacteria; p__Bacillota_A_368345; c__Clostridia_258483; o__Lachnospirales; f__Lachnospiraceae; g__; s__
345	5034598009be77942a505e7c9978b06b	-8.370515275000006	0.0015152557392999	0.1129519130153374	0.0005269234919622	(-8.58095, -8.15948)	(0.000528118, 0.00250184)	0.0009871377392999	0.0009865842607001	yes	d__Bacteria; p__Bacillota_A_368345; c__Clostridia_258483; o__Oscillospirales; f__Oscillospiraceae_88309; g__Faecousia; s__Faecousia sp000434635
346	77f4d90aa6eb8080927f59ee8bbac375	-9.456683359999998	0.001532803588	0.0969487304971571	0.0004449096158482	(-9.64774, -9.27881)	(0.000688994, 0.00238956)	0.000843809588	0.0008567564120000003	yes	d__Bacteria; p__Bacillota_A_368345; c__Clostridia_258483; o__Lachnospirales; f__Lachnospiraceae; g__Brotaphodocola; s__Brotaphodocola sp003481825
347	138eb7703e1255cf29760a4440de2a47	-8.897790944999997	0.0015529452466094	0.1419641249473154	0.0006805517206377	(-9.15967, -8.62776)	(0.000193839, 0.00273577)	0.0013591062466094001	0.0011828247533906002	yes	d__Bacteria; p__Bacillota_A_368345; c__Clostridia_258483; o__Oscillospirales; f__Oscillospiraceae_88309; g__Faecousia; s__Faecousia sp000434635
348	c764eda12e92f19526c7e5a78a38c615	-10.174118955000004	0.00159502808255	0.1521682972476788	0.0007266579608645	(-10.4396, -9.885)	(0.000134141, 0.00282827)	0.00146088708255	0.00123324191745	yes	d__Bacteria; p__Bacillota_A_368345; c__Clostridia_258483; o__Oscillospirales; f__Acutalibacteraceae; g__UBA5905; s__UBA5905 sp002437905
349	66047b69a772cae3e37186eb74254da7	-9.143197125000006	0.0015959428423614	0.1765197168711877	0.0008423250392996	(-9.467, -8.8044)	(6.96041e-05, 0.00320668)	0.0015263387423614	0.0016107371576386	yes	d__Bacteria; p__Actinomycetota; c__Coriobacteriia; o__Coriobacteriales; f__Eggerthellaceae; g__Senegalimassilia; s__Senegalimassilia faecalis
350	f9f5f08e8da4cc9740518223846563db	-8.777446859999992	0.0016171871632	0.160365372182527	0.0007469947102314	(-9.08516, -8.48457)	(0.000333769, 0.00316756)	0.0012834181631999999	0.0015503728368	yes	d__Bacteria; p__Bacteroidota; c__Bacteroidia; o__Bacteroidales; f__Rikenellaceae; g__Alistipes_A_871400; s__Alistipes_A_871400 timonensis
351	ebab7cfc7858bfb00c486bba21d6ca6d	-5.953098315000002	0.0016514681846449	0.1216776561839141	0.0005918233611491	(-6.18011, -5.73174)	(0.000578719, 0.00277708)	0.0010727491846449	0.0011256118153551	yes	d__Bacteria; p__Bacillota_A_368345; c__Clostridia_258483; o__Clostridiales; f__Clostridiaceae_222000; g__Clostridium_T; s__
352	5860dac317300b1fe6094e958240cc7f	-7.945114274999996	0.0016534968718499	0.0859353043304926	0.0004126870661636	(-8.11902, -7.78812)	(0.000818932, 0.00238754)	0.0008345648718499	0.0007340431281501001	yes	d__Bacteria; p__Bacillota_A_368345; c__Clostridia_258483; o__Lachnospirales; f__Lachnospiraceae; g__Laedolimicola; s__
353	913d55d109820d0f3fad120be103c64f	-8.688800629999983	0.0016729601862949	0.1601422991773348	0.0007695914565251	(-9.03666, -8.43554)	(0.00027651, 0.00317342)	0.0013964501862949001	0.0015004598137051	yes	d__Bacteria; p__Bacillota_A_368345; c__Clostridia_258483; o__Clostridiales; f__Clostridiaceae_222000; g__Clostridium_T; s__
354	458157e555a80f9ba01d9da37ef787eb	-5.313047554999995	0.0016955999198999	0.1393602156695805	0.0006670288024908	(-5.56178, -5.05911)	(0.00044374, 0.00294115)	0.0012518599198999	0.0012455500801001	yes	d__Bacteria; p__Bacillota_A_368345; c__Clostridia_258483; o__Oscillospirales; f__Oscillospiraceae_88309; g__Vescimonas; s__Vescimonas fastidiosa
356	8ffd2b3caa54b2922e98a0d5aab5adde	-7.326455109999998	0.001729661522645	0.1549699538255333	0.0007442920206795	(-7.62102, -7.04299)	(0.00031904, 0.00310564)	0.001410621522645	0.0013759784773549999	yes	d__Bacteria; p__Bacillota_A_368345; c__Clostridia_258483; o__Lachnospirales; f__Lachnospiraceae; g__Eubacterium_G_180878; s__Eubacterium_G_180878 sp000434315
357	6fc765c81c8b663cedcd799094894748	-9.044568090000029	0.00177395029947	0.1777922066164654	0.0008476848724881	(-9.3959, -8.72013)	(0.000120525, 0.00329)	0.00165342529947	0.00151604970053	yes	d__Bacteria; p__Bacillota_A_368345; c__Clostridia_258483; o__Christensenellales; f__Aristaeellaceae; g__SFMI01; s__
358	bb769f42c78f86faa2801cb2c2abb8dc	-8.954359154999986	0.0018095553206999	0.1575204102103466	0.0007801192640168	(-9.25188, -8.65304)	(0.000323639, 0.00326985)	0.0014859163206999001	0.0014602946793001	yes	d__Bacteria; p__Bacillota_A_368345; c__Clostridia_258483; o__Christensenellales; f__Aristaeellaceae; g__; s__
359	b47757a69204f053308f7f5f0022edab	-8.045828279999991	0.001817329043235	0.1661826338837533	0.0007910774415766	(-8.33816, -7.72516)	(0.000329668, 0.00327817)	0.001487661043235	0.001460840956765	yes	d__Bacteria; p__Bacillota_A_368345; c__Clostridia_258483; o__Oscillospirales; f__Oscillospiraceae_88309; g__Vescimonas; s__Vescimonas sp900545585
360	7dfa96abfa7484bb6c9cfa90dc9b606f	-6.105886299999988	0.0018236048051999	0.1135177886249992	0.0005562788126918	(-6.31948, -5.89227)	(0.000820924, 0.00287185)	0.0010026808051999	0.0010482451948001	yes	d__Bacteria; p__Bacillota_A_368345; c__Clostridia_258483; o__Lachnospirales; f__Lachnospiraceae; g__Eubacterium_J; s__Eubacterium_J plexicaudatum
361	4ce0afbaae4138f34580aa9f62b7a0fd	-8.777001629999985	0.001831610467345	0.1830948694629182	0.0008798502969839	(-9.12477, -8.43172)	(0.000206714, 0.00352216)	0.001624896467345	0.001690549532655	yes	d__Bacteria; p__Bacillota_A_368345; c__Clostridia_258483; o__Christensenellales; f__Aristaeellaceae; g__Limiplasma; s__Limiplasma merdipullorum
362	c8fce068920feb387167d44c01689295	-6.702164964999999	0.0018701605075	0.1550733221092484	0.0007443820439657	(-6.99509, -6.42988)	(0.000494342, 0.00325029)	0.0013758185075	0.0013801294924999999	yes	d__Bacteria; p__Bacillota_A_368345; c__Clostridia_258483; o__Oscillospirales; f__Butyricicoccaceae; g__Agathobaculum; s__Agathobaculum butyriciproducens
363	55d4d3011e1f3bb8e4e5089b801b61a4	-9.77275194499998	0.00189455534845	0.1639222867113163	0.0007778312805939	(-10.0695, -9.474)	(0.000526612, 0.00341484)	0.0013679433484500001	0.0015202846515500002	yes	d__Bacteria; p__Bacillota_A_368345; c__Clostridia_258483; o__Lachnospirales; f__Lachnospiraceae; g__UBA3402; s__UBA3402 sp003478355
365	69d052e452e79d571cba042af265d50c	-5.458755174999999	0.0019196297534399	0.1973837805539487	0.0009597631533161	(-5.83613, -5.10277)	(0.000371622, 0.00401732)	0.0015480077534399	0.0020976902465600997	yes	d__Bacteria; p__Bacillota_A_368345; c__Clostridia_258483; o__Lachnospirales; f__Lachnospiraceae; g__Coprococcus_A_121497; s__Coprococcus_A_121497 eutactus
367	9f74473636e6874853d88dfcbcecff49	-6.9896922800000025	0.001948923888	0.1449473361576598	0.0006669124912085	(-7.24765, -6.70852)	(0.000616378, 0.00314153)	0.001332545888	0.0011926061120000001	yes	d__Bacteria; p__Bacillota_I; c__Bacilli_A; o__Lactobacillales; f__Streptococcaceae; g__Lactococcus_A_346120; s__
368	cae14798faeabb8e1b8840e712839921	-7.581627079999992	0.0019908454947	0.1453019224372945	0.0007154531520805	(-7.84228, -7.30067)	(0.000635687, 0.00332226)	0.0013551584947	0.0013314145053000001	yes	d__Bacteria; p__Bacteroidota; c__Bacteroidia; o__Bacteroidales; f__Rikenellaceae; g__Alistipes_A_871400; s__Alistipes_A_871400 finegoldii
369	8e0da29b36fbc3879561566e87f11ea7	-9.124078554999988	0.0019935523366	0.1538053679630913	0.0007178772177763	(-9.40225, -8.833)	(0.00063076, 0.00329748)	0.0013627923366	0.0013039276634000002	yes	d__Bacteria; p__Verrucomicrobiota; c__Lentisphaeria; o__Victivallales; f__Victivallaceae; g__Victivallis; s__Victivallis lenta
370	b835514e2678e3c7ba13bfe0a0d79bb4	-8.917558869999983	0.00200246720455	0.1744070976669902	0.0008175639061613	(-9.2605, -8.62213)	(0.000458491, 0.00348403)	0.00154397620455	0.0014815627954499998	yes	d__Bacteria; p__Bacillota_I; c__Bacilli_A; o__Erysipelotrichales; f__Coprobacillaceae; g__Thomasclavelia; s__Thomasclavelia saccharogumia
371	28bb502265419a0e86626d75a1183ce7	-8.672326379999978	0.0020151581726249	0.1983810521277059	0.0009741436059698	(-9.02853, -8.29397)	(0.000159148, 0.00382026)	0.0018560101726249	0.0018051018273750998	yes	d__Bacteria; p__Bacillota_A_368345; c__Clostridia_258483; o__Christensenellales; f__Aristaeellaceae; g__; s__
372	d6c46ad81c01997055a3b713c0d5ee1b	-6.789787724999997	0.0020273279407314	0.1916107736051767	0.0009023509890624	(-7.12876, -6.40991)	(0.000322742, 0.00374214)	0.0017045859407314001	0.0017148120592686	yes	d__Bacteria; p__Actinomycetota; c__Coriobacteriia; o__Coriobacteriales; f__Eggerthellaceae; g__Anaerotardibacter; s__
373	e91f1c5b67ffecb5ca3ca3b393a50f00	-5.024132495000004	0.00206985408935	0.1364259752056953	0.0006463989094073	(-5.26556, -4.75789)	(0.000769535, 0.00320856)	0.00130031908935	0.0011387059106500001	yes	d__Bacteria; p__Bacillota_A_368345; c__Clostridia_258483; o__Christensenellales; f__Aristaeellaceae; g__SFMI01; s__
374	30c16856bd5bae4cd2f1182341b30ffc	-9.457979715	0.002079119359965	0.1828918903739822	0.0009107599793589	(-9.77939, -9.09693)	(0.000343862, 0.00370449)	0.0017352573599650001	0.001625370640035	yes	d__Bacteria; p__Bacillota_A_368345; c__Clostridia_258483; o__Lachnospirales; f__Lachnospiraceae; g__Roseburia_A_166204; s__Roseburia_A_166204 hominis
377	8aff935557eab67b0baa4553b8518105	-9.179545284999994	0.00209265159705	0.1679528322908512	0.0008163406077263	(-9.50272, -8.87594)	(0.000683207, 0.00370485)	0.0014094445970500003	0.0016121984029499998	yes	d__Bacteria; p__Bacillota_A_368345; c__Clostridia_258483; o__Lachnospirales; f__Lachnospiraceae; g__Coprococcus_A_187866; s__Coprococcus_A_187866 catus_A
378	1a389bf765c8ff0f92600f684fbe7ad7	-6.282622435	0.0021040862485	0.1270417771326455	0.0006062682045081	(-6.50708, -6.03682)	(0.000896476, 0.00313223)	0.0012076102485	0.0010281437515000003	yes	d__Bacteria; p__Bacillota_A_368345; c__Clostridia_258483; o__Oscillospirales; f__Ruminococcaceae; g__Faecalibacterium; s__Faecalibacterium duncaniae
380	266c2a374ca451985731e1e1b5961bd2	-8.779282940000005	0.0021274478349499	0.1396162791086927	0.0006528718477942	(-9.02944, -8.51384)	(0.000925572, 0.00333344)	0.0012018758349499003	0.0012059921650500998	yes	d__Bacteria; p__Bacillota_A_368345; c__Clostridia_258483; o__Lachnospirales; f__Lachnospiraceae; g__Eubacterium_J; s__Eubacterium_J plexicaudatum
381	25e04b2be57def00437d44ab461e8773	-8.252653469999988	0.0021416293015549	0.2161467333698548	0.0010519770597776	(-8.63522, -7.82599)	(0.000216869, 0.00409828)	0.0019247603015549	0.0019566506984451002	yes	d__Bacteria; p__Bacillota_A_368345; c__Clostridia_258483; o__Lachnospirales; f__Lachnospiraceae; g__Coprococcus_A_121497; s__Coprococcus_A_121497 eutactus
382	51625f89e7332f46ab0641e10cede6ea	-7.858623229999994	0.0022374077047999	0.2037494963669041	0.0009893841797736	(-8.22117, -7.45974)	(0.000484588, 0.00418863)	0.0017528197047999002	0.0019512222952000995	yes	d__Bacteria; p__Bacillota_A_368345; c__Clostridia_258483; o__Lachnospirales; f__Lachnospiraceae; g__Roseburia_D; s__Roseburia_D yibonii
383	ea3af29626a95b6c7b89d631bf1a739c	-5.824739765	0.0023340174519999	0.099191883008615	0.0004839590850467	(-6.01895, -5.65429)	(0.00140543, 0.00321179)	0.0009285874519999	0.0008777725480000999	yes	d__Bacteria; p__Bacillota_A_368345; c__Clostridia_258483; o__Lachnospirales; f__Lachnospiraceae; g__Lachnospira; s__Lachnospira eligens
384	f4dfb45b33372cdc0dc2fd20c0d0b448	-8.677859179999992	0.00245829758219	0.2482334275421577	0.0011931389148202	(-9.10964, -8.21122)	(0.000293207, 0.00464893)	0.00216509058219	0.00219063241781	yes	d__Bacteria; p__Bacillota_A_368345; c__Clostridia_258483; o__Oscillospirales; f__CAG-272; g__Avispirillum; s__Avispirillum sp011957885
385	aa3e2d76e864d7909b51110e211ef36c	-9.264830410000023	0.002486369714415	0.2038255258701221	0.0009945172100052	(-9.61654, -8.86514)	(0.000623725, 0.00438279)	0.001862644714415	0.0018964202855850003	yes	d__Bacteria; p__Bacillota_A_368345; c__Clostridia_258483; o__Oscillospirales; f__Acutalibacteraceae; g__UBA737; s__UBA737 sp900547445
386	3bff9ab82e7f2a76cc22e687ac7b72fd	-7.211854270000001	0.00254035678395	0.2089455139003158	0.0010405651962569	(-7.60615, -6.82268)	(0.000698156, 0.0045374)	0.00184220078395	0.0019970432160499995	yes	d__Bacteria; p__Bacillota_A_368345; c__Clostridia_258483; o__Lachnospirales; f__Lachnospiraceae; g__Butyribacter; s__Butyribacter intestini
387	1243750138937650754b619370565800	-6.630631015000016	0.002654196695	0.1473470728189732	0.0007106723254238	(-6.94979, -6.37543)	(0.00116887, 0.00391489)	0.001485326695	0.0012606933049999999	yes	d__Bacteria; p__Bacillota_A_368345; c__Clostridia_258483; o__Lachnospirales; f__Lachnospiraceae; g__Lachnospira; s__Lachnospira sp000437735
388	f8529e2e737999b4a7d06420482d4af3	-9.000026135000002	0.002660245508715	0.2117715442475964	0.0010195630138457	(-9.38874, -8.60101)	(0.000671782, 0.00453702)	0.001988463508715	0.001876774491285	yes	d__Bacteria; p__Bacillota_A_368345; c__Clostridia_258483; o__Lachnospirales; f__Lachnospiraceae; g__; s__
389	68ee181a51a55ca3814763c9214cfd8a	-9.205328440000002	0.00268935394	0.1220326742039458	0.0005787465544656	(-9.44595, -8.99273)	(0.00161073, 0.00377616)	0.0010786239399999998	0.0010868060600000003	yes	d__Bacteria; p__Bacillota_A_368345; c__Clostridia_258483; o__Oscillospirales; f__Ruminococcaceae; g__Faecalibacterium; s__Faecalibacterium duncaniae
390	9c25197937d1f54e2634026fbca6b55f	-7.5659372050000036	0.0026941352949499	0.2540484301396843	0.0011694232477071	(-8.0444, -7.10901)	(0.00043857, 0.00478884)	0.0022555652949498997	0.0020947047050501	yes	d__Bacteria; p__Bacillota_A_368345; c__Clostridia_258483; o__Lachnospirales; f__Lachnospiraceae; g__Jutongia; s__
391	96936173022b85940115c9ea103505bd	-8.68208789500002	0.0027793959375	0.1153511078291794	0.0005572933487359	(-8.89831, -8.47977)	(0.00179082, 0.00384406)	0.0009885759375	0.0010646640624999999	yes	d__Bacteria; p__Bacillota_A_368345; c__Clostridia_258483; o__Lachnospirales; f__Lachnospiraceae; g__Lachnospira; s__Lachnospira eligens
392	79d5bee84cddbb27acb4dd7df378c789	-7.835431465000001	0.002779924476	0.1624148796899587	0.0007681309175694	(-8.11702, -7.51112)	(0.00136818, 0.00428022)	0.0014117444759999998	0.0015002955240000005	yes	d__Bacteria; p__Bacillota_A_368345; c__Clostridia_258483; o__Christensenellales; f__Aristaeellaceae; g__SFMI01; s__
393	f45b62ab6ec22fb20364a7e05088158f	-7.786494964999994	0.0027934356219999	0.1746798137450311	0.000837146320442	(-8.09603, -7.45934)	(0.00124853, 0.00434396)	0.0015449056219998998	0.0015505243780001001	yes	d__Bacteria; p__Bacillota_A_368345; c__Clostridia_258483; o__Lachnospirales; f__Lachnospiraceae; g__Muricoprocola; s__Muricoprocola aceti
394	6c83fec6e8d03fad51eabc871853c991	-8.91573177499999	0.0028145156304499	0.1982235120892558	0.000976553709287	(-9.29952, -8.54327)	(0.00105429, 0.00481652)	0.0017602256304498998	0.0020020043695501005	yes	d__Bacteria; p__Bacillota_C; c__Negativicutes; o__Veillonellales; f__Veillonellaceae; g__Veillonella_A; s__Veillonella_A parvula
395	cebcb0fe524fb1cf0bfb5463ae228bed	-9.392080279999998	0.0030157017565	0.1621985311537116	0.000776149184667	(-9.68555, -9.0857)	(0.00164284, 0.00456991)	0.0013728617565000002	0.0015542082434999997	yes	d__Bacteria; p__Bacillota_A_368345; c__Clostridia_258483; o__Lachnospirales; f__Lachnospiraceae; g__Lachnospira; s__Lachnospira sp000437735
396	b10627ff6db16c65eed2f21380dd700f	-6.749099735000003	0.0032639303016499	0.2445747289731296	0.0012155500410727	(-7.21615, -6.28632)	(0.00100225, 0.00553567)	0.0022616803016499	0.0022717396983501005	yes	d__Bacteria; p__Bacillota_A_368345; c__Clostridia_258483; o__Oscillospirales; f__Oscillospiraceae_88309; g__Limivicinus; s__Limivicinus sp002320035
397	e82ab12c51a893c6d7938a16632199a8	-8.206166374999999	0.003351655358	0.1900818421091539	0.0009541988689806	(-8.56522, -7.85431)	(0.00160912, 0.00515182)	0.0017425353580000002	0.0018001646419999995	yes	d__Bacteria; p__Bacillota_A_368345; c__Clostridia_258483; o__Lachnospirales; f__Lachnospiraceae; g__Acetatifactor; s__Acetatifactor acetigignens
398	a4e2a4e1321a599651edf92f6999e78e	-8.243154050000001	0.00359835510725	0.2307027664261908	0.0011178747046417	(-8.6601, -7.79583)	(0.00151312, 0.00578158)	0.00208523510725	0.00218322489275	yes	d__Bacteria; p__Bacillota_I; c__Bacilli_A; o__MOL361; f__Turicibacteraceae; g__Turicibacter; s__Turicibacter bilis
399	f10155af1849a17996f302d71b32398c	-8.93019155500001	0.0037546780864999	0.2054467902273773	0.0009652735954423	(-9.34136, -8.56231)	(0.00199908, 0.00567753)	0.0017555980864999003	0.0019228519135001	yes	d__Bacteria; p__Bacillota_A_368345; c__Clostridia_258483; o__Lachnospirales; f__Lachnospiraceae; g__Suilimivivens; s__Suilimivivens aceti
400	1986030e3c5cd5df6d869054bc96e536	-8.624224550000012	0.00429746806	0.1598904340834606	0.0007784464086232	(-8.92737, -8.34066)	(0.0029358, 0.00580997)	0.00136166806	0.00151250194	yes	d__Bacteria; p__Pseudomonadota; c__Gammaproteobacteria; o__Enterobacterales_737866; f__Pasteurellaceae; g__Haemophilus_D_735815; s__Haemophilus_D_735815 parainfluenzae_P
