Feature	Intercept_mean	fatty_acids_polyunsaturated_eaten_mean	Intercept_std	fatty_acids_polyunsaturated_eaten_std	Intercept_hdi	fatty_acids_polyunsaturated_eaten_hdi
7e9ed2c841e64976eace4b578ff56a26	-5.414079340000008	0.043880839889399996	0.25936499603120017	0.023982366388879153	(-5.90064, -4.95404)	(0.000469219, 0.0881861)
a6099802840e60febef8e896967b7747	-6.936889049999987	6.705197336499985e-05	0.059542525612351224	0.005206503059073022	(-7.0405, -6.81822)	(-0.00916833, 0.00982792)
904ad13c7b8512200836d5cd9fb09e1b	-8.983916235000024	0.006002473634684995	0.20018128467934967	0.01778473710441838	(-9.3431, -8.59024)	(-0.0258218, 0.0407292)
1aab913302590e21a7be28b1494a3320	-9.106033999999996	0.0001987633073250003	0.10910891348464605	0.009755527301189448	(-9.31014, -8.89555)	(-0.0166397, 0.0197309)
e644522cf6d7222c9da7f9ecf614cd89	-8.702209649999995	-0.005473966870229997	0.17434265405653754	0.015441305523102864	(-9.02208, -8.36694)	(-0.033824, 0.0236458)
bad4f7c5ada34a1f813946abcfe5c556	-4.802074935000012	0.01100867106477851	0.07673938936684195	0.006995596745209756	(-4.95144, -4.66473)	(-0.00177486, 0.024255)
399bcf0feb12a20ca0731d8d65268dae	-6.312676400000006	0.0022747159466850013	0.11662240673103941	0.00942465307257788	(-6.53493, -6.11059)	(-0.0143118, 0.0195506)
32f7e6bfc42fe19c17f9459bd9be4b67	-7.239325674999999	0.005996815276744002	0.17996290454464325	0.016700090601622676	(-7.58346, -6.92474)	(-0.0245907, 0.0374571)
c942f59feffce9c3ab527135de234101	-5.125855854999996	-0.010483204645084978	0.09288357212752411	0.008413455807915622	(-5.30297, -4.96058)	(-0.0252756, 0.00624674)
29bb5fa7f45e47bbabab8cc1b1b3d18e	-8.675596014999984	-0.013111899908035005	0.178856732754095	0.01585294778958144	(-9.01058, -8.35343)	(-0.0431391, 0.0162732)
7b2ff5940de11da4dc3bb208805dff11	-8.26587410999999	-0.012756964868150032	0.10685847560585861	0.009653392491530409	(-8.46986, -8.06895)	(-0.0316787, 0.00471922)
6c7fa77831ae630967a6fbfc8ee47901	-3.4655350500000037	0.0002511251020949995	0.05084420889440116	0.004412126553725631	(-3.55707, -3.36995)	(-0.00774576, 0.00872027)
6c83fec6e8d03fad51eabc871853c991	-8.30547244499999	-0.0075410461487050075	0.18945188516579078	0.01714274394146536	(-8.63169, -7.93645)	(-0.0382431, 0.0253041)
23597fea41001255f06321d42aefd3bd	-8.46158446999998	0.0064082393178149935	0.12335308118170006	0.011325961875034632	(-8.68932, -8.23641)	(-0.0138154, 0.0287655)
ee02d6d3506da57909d5e603709a295f	-6.845126464999997	0.008342867888430005	0.07968222125639926	0.007342954419914546	(-6.99694, -6.70121)	(-0.0049636, 0.022318)
e6a34eb113dba66df0b8bbec907a8f5d	-5.402464335000004	-0.010010222686149994	0.09001073953955598	0.007799762691639396	(-5.57042, -5.22553)	(-0.0239304, 0.00526604)
6c4de756c45fa6e7e5adfe196f9f0039	-5.64382893500001	0.019198530466620484	0.22183209010176086	0.01984424278217803	(-6.08078, -5.24299)	(-0.0140992, 0.0588772)
60c57911662a9159dfdd0fc05d975a55	-4.248020179999996	-0.0010169503662275001	0.07232888081097075	0.006425308630797066	(-4.3782, -4.10492)	(-0.012215, 0.0115747)
1986030e3c5cd5df6d869054bc96e536	-7.894355609999992	0.012453664561799985	0.17378032154455214	0.0158892648463417	(-8.21995, -7.57721)	(-0.0149517, 0.0435025)
ea3433f2c148c6fae4cc2e9ae197f5b8	-5.380652820000002	0.016021848405099983	0.12752373368494033	0.011637945097652832	(-5.61069, -5.14413)	(-0.00597497, 0.0370576)
059c8f8bb468064b134ea6d3661761ea	-4.9512249299999995	0.004427596691451999	0.11678041910909173	0.010603928973695703	(-5.16044, -4.72849)	(-0.0133743, 0.0254679)
8a9f7499cdb85b8efa497bb56256cb43	-6.574193774999996	0.016154952431659996	0.0900786811798407	0.008314399519888258	(-6.73353, -6.4015)	(0.000754719, 0.0311041)
8dccd839cf4868a3343e411c063932a6	-9.176647125000006	0.0012900933357500007	0.1768786159440546	0.015901982166821295	(-9.5109, -8.85071)	(-0.0287532, 0.0301411)
f402919ff0fe53fec5b6ef190f9e42b7	-6.892125659999995	-0.006545524871689994	0.08327278650534276	0.007349903039801541	(-7.05067, -6.74174)	(-0.0190672, 0.00759596)
f9382b37fc2cfd3cf606824a235802de	-9.62646347999998	-0.013816119081134991	0.16165503696386807	0.015408378758300909	(-9.94779, -9.34425)	(-0.0409697, 0.0170661)
1664c7d0b9dec6e07df8542c0c4049c7	-8.499127290000004	0.0015508177707734992	0.11672635255269435	0.010199964208204104	(-8.71294, -8.28714)	(-0.0168453, 0.021042)
3e5f388f7ad4f160c2a1cdd1441d00c0	-6.504949529999996	-0.003930908149169996	0.07866430869256463	0.006559594450256279	(-6.65601, -6.36254)	(-0.015983, 0.00819981)
f5706d9ec821f971e4c08ee992995b40	-7.810270825000002	-0.00964470422587501	0.1524627431226048	0.01340144705110953	(-8.1038, -7.53858)	(-0.033866, 0.0168329)
138eb7703e1255cf29760a4440de2a47	-8.734684864999995	0.012786415554499999	0.1506223333194047	0.013674009201936276	(-9.0025, -8.44857)	(-0.0119377, 0.0377746)
56c3d1a8e4dc5c2aa7afbc1563559448	-8.042065435000008	0.05392753614365007	0.32873035610878837	0.03093233483086871	(-8.67143, -7.43181)	(-0.00205991, 0.11405)
de61860db8d93da85692dffb5cf32ab9	-5.119767225000003	0.00270404486471	0.16551648678228217	0.014258424744316234	(-5.42606, -4.81234)	(-0.0225705, 0.0278197)
5c02713fbed5c1964b4410d9f8166555	-6.101577739999995	0.001182222676299999	0.07367999151664169	0.00648595833138439	(-6.2507, -5.97503)	(-0.0107666, 0.013106)
12bb0c9249480c4cec2cc9f692018806	-8.501117220000001	0.011752631358979963	0.10457562029159378	0.009241248684188184	(-8.69479, -8.29911)	(-0.00631152, 0.0282262)
b10627ff6db16c65eed2f21380dd700f	-6.702170074999994	0.055781478564999924	0.257070451619871	0.024385683340927482	(-7.17044, -6.21534)	(0.0135186, 0.100763)
3f5f0d10bd5495e2c89d229c508dcdec	-7.006167624999999	-0.004601431685349991	0.19441506192502003	0.018011837248674938	(-7.3629, -6.64571)	(-0.0348753, 0.0309468)
de6891b6f7a1f35bd9ccbc058b9e1a77	-6.60574937	0.0031025259268299987	0.054440528949516	0.004833280821137051	(-6.72047, -6.512)	(-0.00621238, 0.0116901)
828c563319c7cee475b9b8ab6a0a048b	-7.550415014999982	0.012360190795099998	0.09972919560740359	0.009195939138082606	(-7.72269, -7.35508)	(-0.00455396, 0.02891)
6a129e8ae637c96e7bb56223913911f7	-5.942954760000006	-0.006425092230600009	0.09878526521370685	0.00847633456577213	(-6.13131, -5.76373)	(-0.0218769, 0.00907424)
1527fd8b14037f53b8edb26b111e1f72	-5.715497060000006	-0.009467857862845	0.0721724632173269	0.006060351339800723	(-5.83883, -5.57165)	(-0.0206011, 0.00152479)
b3d06445a910a9a444919e41f5da39c3	-10.016520190000023	0.0053361623879500004	0.15365366011867046	0.01400133450889248	(-10.2927, -9.73656)	(-0.0205161, 0.0304186)
992072d045462445dc239b35300af2cc	-4.251811404999994	0.042893667550950074	0.29452192081978557	0.02778077234293471	(-4.79513, -3.73459)	(-0.00724444, 0.0911846)
2403a466dd6d1e4f551d80394c2aa994	-7.250424829999997	0.028340987936199984	0.3080701348470363	0.028164747257628995	(-7.81815, -6.6766)	(-0.0248104, 0.078183)
cae14798faeabb8e1b8840e712839921	-7.040524479999993	-0.016660090150935006	0.1614718351503742	0.014303506644928101	(-7.34283, -6.73238)	(-0.0429239, 0.0114703)
4311a44a7d56ce4086afad3e75bedd6e	-7.756381145000013	-0.04043387543500011	0.12615030927008852	0.011625128642444253	(-8.00989, -7.53489)	(-0.0608259, -0.0166695)
ab153c3e19553cead3d76fb9e00684c2	-6.799695860000006	-0.010371425915600002	0.23330275966319045	0.02200447038161362	(-7.25269, -6.38678)	(-0.0477659, 0.0340615)
fc1856f132cd513b1251fa39ad4ccd01	-8.153042240000005	0.007529299346150001	0.06150561172025201	0.005243409480084207	(-8.2649, -8.04092)	(-0.00244521, 0.0169045)
8ef31508d9a2fc6f83935de5607a686c	-7.268959595000004	-0.003298178474000001	0.24602629611768348	0.02246374808939612	(-7.76183, -6.85385)	(-0.0400422, 0.0396552)
21ce8465657612a85e2f89e74d285ce1	-9.840423510000003	-0.032070163715049955	0.18821853420898763	0.0181886928155829	(-10.178, -9.49179)	(-0.0657992, 0.00174341)
69d052e452e79d571cba042af265d50c	-5.447689274999999	0.034296263719350004	0.26912935430258145	0.0253891345894764	(-5.91936, -4.93978)	(-0.012026, 0.0807226)
79d5bee84cddbb27acb4dd7df378c789	-7.335381050000004	0.004367757725480004	0.15682492954756108	0.014132620950294146	(-7.6361, -7.06502)	(-0.0185728, 0.032506)
0f0a1f8c92368be6e8d3145bd4e94cd1	-5.18354313500001	-0.0020095456759150017	0.1510865081670822	0.01402070186382833	(-5.48069, -4.91583)	(-0.0288433, 0.0217715)
64d05989cb6f8053633b2127793200b3	-7.475683124999986	0.0038362383566395	0.10038423389100692	0.008890123163335118	(-7.66132, -7.2864)	(-0.0119254, 0.0211328)
bac3d8ea4685e825ef8d12b2a6979577	-7.417937339999988	-0.004253022034395004	0.21759813624712968	0.019151855916958203	(-7.83274, -7.00872)	(-0.03917, 0.0317611)
a8d23fd98a311df2db65e5842634aba3	-7.325815639999987	0.007712772543665003	0.088960455242149	0.008076288266115433	(-7.49387, -7.15667)	(-0.00689228, 0.0225999)
41239266f2952a56a313fc4798f28a1c	-6.734027415000003	-0.009637598882299992	0.11048314096896303	0.009651866916702972	(-6.93792, -6.53171)	(-0.0267683, 0.0078274)
2b982979f2401a8bc447d7141879e9b2	-3.851768095000003	-0.0020522784493949993	0.04399221777679523	0.003615776433841532	(-3.93476, -3.7731)	(-0.00907614, 0.00451243)
251429848560a80abcb96640ceb102db	-5.434768799999987	0.006269689913849998	0.0959597597801287	0.00841803565201599	(-5.61653, -5.26052)	(-0.00900929, 0.0226096)
7b34b797cadb639f63827c6d332dd4e9	-8.108900389999999	-0.008640528681761513	0.1021318985461833	0.009187576235065241	(-8.3111, -7.92538)	(-0.0253497, 0.00876268)
2a99ec1157a90661db7ff643b82f1914	-6.415129689999999	0.0008585171774549978	0.2850405944113991	0.02560415792521604	(-6.959, -5.8822)	(-0.0432152, 0.0526326)
2a7f11895ae7fe9fdffa52016207c561	-5.60638064	-0.041751800895000024	0.1164105673939887	0.010473105139955235	(-5.81184, -5.38241)	(-0.061215, -0.0227315)
0cfd41d10227f0de9092d5cda028c12d	-8.377911889999982	-0.022494782214649962	0.13285053710251943	0.01232850206794028	(-8.64385, -8.14077)	(-0.0464298, -0.000217395)
a9387e76477da8688775569cf540191b	-6.5159492950000075	0.044723297340549965	0.21814262023147374	0.020545616899129877	(-6.94126, -6.12008)	(0.00670182, 0.084885)
bb769f42c78f86faa2801cb2c2abb8dc	-8.638855204999993	0.002779298326249998	0.20294911640472346	0.018906586883283113	(-9.00682, -8.26215)	(-0.0314862, 0.0369268)
68ee181a51a55ca3814763c9214cfd8a	-8.863956444999989	0.018599785610839994	0.15834314143312928	0.014472573644695189	(-9.17657, -8.58963)	(-0.00888195, 0.0449192)
88956ab21ebb7e44b2dd317dd412818a	-8.614807685000004	0.012794500202619987	0.164362020921169	0.014697948884126451	(-8.90422, -8.29585)	(-0.0146031, 0.0380211)
ca9dec36ad0aa5a1473144ddcb74951d	-5.262065719999992	0.009850710912785022	0.09513053507250763	0.00850967126702789	(-5.44152, -5.08612)	(-0.00604364, 0.0251256)
ae171d16e3cb68ad19636a58839a1ef1	-9.412010940000004	0.04485095908989998	0.24453617822137566	0.02286878895040892	(-9.86821, -8.97836)	(0.00485195, 0.0886494)
77f4d90aa6eb8080927f59ee8bbac375	-9.331972254999988	0.01611363213683498	0.11445211692347584	0.010640698015548752	(-9.53975, -9.12565)	(-0.00342775, 0.0365024)
a7b427a226422d10e62536b8d41e02fe	-8.358605145000011	0.019914719220555967	0.23439412069733956	0.021340344360678092	(-8.83081, -7.9368)	(-0.017112, 0.0621693)
2480f3aa1e7784b461d9b5b83a6bfc81	-7.580298245000008	-0.037202883667999925	0.13592444943044651	0.011981757976033515	(-7.8266, -7.32923)	(-0.0610153, -0.0154057)
9000b563231e32a7003bf2ef20bf9a60	-7.3553631949999945	-0.0075280646116744985	0.12218867211506126	0.011346532749878064	(-7.57475, -7.11819)	(-0.0285372, 0.0137288)
a186bb74dfce512f83043f7b366c60c4	-6.116385284999994	-0.02378586990445005	0.21701051249010653	0.01721205120766583	(-6.51332, -5.71032)	(-0.0523043, 0.00968479)
aad2c8fbb5e1201340fe4357731fc9ee	-7.858606985000002	-0.013682360167254997	0.2119047509478251	0.019674202118894275	(-8.27699, -7.48677)	(-0.0511978, 0.022045)
490d2aec117bd7289577684ba3cc1b64	-7.053023889999993	0.02131173791770002	0.20864487708896146	0.019509094950562474	(-7.48358, -6.71264)	(-0.0162627, 0.0574914)
457d3865cf0a4bc602a07d8d5324388f	-8.098246735000004	-0.05769993111600004	0.23636219608492784	0.02253715276576951	(-8.53312, -7.64682)	(-0.104549, -0.0193632)
552e00cb506f739acaf08aa5641f9d84	-6.752233159999996	0.01059276585616002	0.1720080249076025	0.016172755289259017	(-7.06421, -6.42826)	(-0.0197131, 0.0396955)
9dc78fd8f2f7cb10e190e77af61c7ecd	-8.358330425	0.02083676317199999	0.10227734091121744	0.009393267882181087	(-8.54222, -8.16266)	(0.00516196, 0.0403201)
a3607a88a8ed64e24a374847b23e404f	-6.250371655000006	-0.020366270549249974	0.09139024411725237	0.007786481073329826	(-6.42002, -6.07816)	(-0.0360795, -0.00641935)
5bb151262388870fd53a84ea6f1ffdf2	-9.065481185000003	-0.03782990745649998	0.21734015266085965	0.02056980010210286	(-9.48869, -8.66707)	(-0.0754013, 0.00106125)
f7962a90f4519ec1d1a9c7b8ef7bf396	-9.160393274999993	0.010132817651850009	0.15381126533165373	0.01406435937117012	(-9.47018, -8.89039)	(-0.0148507, 0.0366129)
77ad88eed91eef009bf64f101c96baa6	-4.9692786200000025	-0.023092001152200007	0.2583069639332156	0.024133116765056837	(-5.51122, -4.52499)	(-0.0646694, 0.0288392)
08be83d0a527ddd1da0861135192e593	-8.470113994999988	-0.004024476937599991	0.27188173860281634	0.025265226770082933	(-8.9786, -7.9683)	(-0.0508948, 0.0431656)
b61862b15d33865612e76c1db7b995a1	-9.054360599999972	0.007185394115160001	0.12460630822972006	0.011154480639470922	(-9.276, -8.80135)	(-0.0129487, 0.0290666)
14f11556b1fc9132c5ab27b67a2479bf	-9.067529010000014	-0.013428741958450025	0.11953315955507864	0.010707262474938535	(-9.27342, -8.82906)	(-0.0330464, 0.00582016)
514b34f09e4acd2397d38273c630d338	-8.321384165	-0.021680465794650026	0.1378832638212586	0.010924776988760891	(-8.59333, -8.07302)	(-0.0413646, -0.000570714)
ba88d4e4e6a24ecc2a5aab6bdfbb77f5	-7.902501580000007	0.010502284701855004	0.09640746140316947	0.008562653358423983	(-8.07668, -7.71757)	(-0.00379442, 0.0272215)
1c94105978b1aa2095e3c0096774f240	-7.978076689999992	-0.024164680645000002	0.13681365446198665	0.012356075378696128	(-8.23227, -7.72627)	(-0.0471545, 0.0003467)
27b636c66fa117272ed27920bad78969	-8.445388725	0.005106441556049994	0.16996339193374657	0.015241146730020859	(-8.75197, -8.12412)	(-0.0202993, 0.0349066)
7201d53bd647437ec3de879774eba498	-6.716786670000013	-0.0010412799478799989	0.20917674609193807	0.01860594497180337	(-7.0926, -6.30512)	(-0.0335747, 0.0326306)
f8529e2e737999b4a7d06420482d4af3	-8.941486444999976	0.04369956209199999	0.23760697338001657	0.021782922996214652	(-9.39364, -8.49889)	(0.00193314, 0.0835143)
959d48a11e3b26c9268f0bd1dae6ec40	-4.305350390000005	0.008474316220535008	0.06773296022578593	0.006170269869775475	(-4.43773, -4.18258)	(-0.00333459, 0.0193622)
bd0f4e14387ee1ac7e5fe586cadbbed4	-8.711272159999995	-0.018048440340000003	0.08926302519651902	0.008255326055079374	(-8.87656, -8.54524)	(-0.0326579, -0.00207266)
66047b69a772cae3e37186eb74254da7	-8.99483099500003	0.015448716353149964	0.19624666897009993	0.018262717365916392	(-9.37589, -8.62639)	(-0.0172832, 0.0513079)
4207ad1746e5fbce9c5ed5efe1e357d9	-7.305509555000008	-0.008794592586399998	0.0982883579878715	0.0090395707972685	(-7.47659, -7.1061)	(-0.025685, 0.00734724)
30207d209491dfb7de83344e77fd6fbd	-6.358762745000005	0.004569362842900005	0.08497983544003233	0.007446199881550007	(-6.52506, -6.21093)	(-0.00902447, 0.0184928)
3e93fd55a231bb99b67a666bad8446a8	-8.10443471000001	-0.016632000435549993	0.11073867364302281	0.009984628019159118	(-8.30965, -7.89099)	(-0.0346876, 0.00226915)
d39f37b814ebd81091a949f8bd9d1710	-6.150421515000001	-0.00903321093579999	0.1165277549910526	0.009963900123137403	(-6.36575, -5.93405)	(-0.0287044, 0.00794471)
706b0d627a9ba61b18e6b7b39622ac1f	-8.994457540000015	-0.0002360543352800002	0.13814167454446327	0.011923400313486373	(-9.25802, -8.7425)	(-0.0208705, 0.0235227)
32382a0f5831da5faee464d011b5616c	-6.191296849999998	0.028004086792235	0.24169499671295935	0.021640809429825453	(-6.62177, -5.71134)	(-0.00779538, 0.0706021)
fcd575ef43a2ae77d9b7c10639e80fd8	-9.725940099999967	-0.0101717499241	0.17620842087820315	0.016313629957063546	(-10.0433, -9.38783)	(-0.0393326, 0.0213155)
fdb1c35a8dab336d65ed22d796e71e4b	-6.936570969999999	0.020809691530399976	0.2749720133127354	0.02569586163631144	(-7.49237, -6.44775)	(-0.0211547, 0.0718427)
25def15fb42bed6855ede4893d27a21d	-5.161990765000005	-0.011991595659550006	0.17620596477323003	0.015994702523220102	(-5.45901, -4.81429)	(-0.040808, 0.0171455)
2a13ecb6c618ddf8154298c69336dd8e	-8.254448329999992	-0.03091148772750002	0.21753348643073564	0.019763834690081795	(-8.65092, -7.83954)	(-0.0676603, 0.00601869)
9ad89cc951aa3031c19c59c95e401614	-9.740976814999994	0.009424872311929983	0.15342849152098756	0.013122645203184055	(-10.0262, -9.44537)	(-0.0131418, 0.0349293)
55d4d3011e1f3bb8e4e5089b801b61a4	-9.87903091500001	0.04451661293713495	0.19561274238329365	0.01796708746253846	(-10.2337, -9.49051)	(0.0103985, 0.0787572)
4ed55370307d6700d110b6d3f1196136	-8.281787595000024	0.059070396085499924	0.2980777148418948	0.02823889396155482	(-8.86043, -7.75489)	(0.00750385, 0.110798)
154c25181234441402124e02c204074c	-9.177979604999994	-0.03239117710229498	0.19474230646830165	0.018189810475449215	(-9.56971, -8.82949)	(-0.0643444, 0.00320328)
370829fece3190f1a8efccf50b7d0921	-7.438566819999997	-0.023294832121500016	0.10162703764002766	0.00853436327054005	(-7.62486, -7.24807)	(-0.0386107, -0.006502)
b1a153ff5a21342991138e7f7dd2658e	-6.551287615000003	-0.012143273283600006	0.27467055080725666	0.025903915961803425	(-7.06127, -6.05119)	(-0.0586453, 0.0357792)
e39b1ae9776ee98190c8cb02bc9de792	-9.1975923	0.001317595234800502	0.16193317749432934	0.01464759664740517	(-9.4991, -8.90432)	(-0.0257679, 0.0276821)
e71461ffe18aa4dc3b1f7ba4a1011cff	-7.489354414999988	0.0029766681362780015	0.1298409814063255	0.011903786301144397	(-7.7342, -7.25881)	(-0.0192885, 0.0245096)
90c2b51afe404951ec89bd52c7ae1f58	-8.997798830000008	0.001676948923	0.21316182971918587	0.019852190280930528	(-9.38561, -8.59455)	(-0.0323094, 0.0400303)
c5af8314e36eaed98fc88f181f539e8f	-7.261871975000001	-0.003552535011094999	0.0994493169893557	0.008834829553305376	(-7.46178, -7.09306)	(-0.0206358, 0.0123356)
10cd502b01abafc87e2ecbad86389286	-6.0624992600000045	-0.0027158226775600013	0.07296900393764737	0.0064036479699495445	(-6.20053, -5.92846)	(-0.0146585, 0.00948256)
433cf7e272a09b91cc85082a1338b8e1	-7.842498260000013	0.011901321398099983	0.08560170919772815	0.00782855025883547	(-8.00143, -7.6756)	(-0.00381108, 0.0258483)
877f27b47c85f6b2d3cf8a6aa86def40	-5.560567225000004	0.021234857452880018	0.13029066236016068	0.012035263205528982	(-5.7874, -5.30394)	(-0.0012466, 0.0428287)
9ed241a051fe72047261df3b7e08b675	-6.975777980000001	-0.004953796914100001	0.10156080718229646	0.009211744339005996	(-7.16631, -6.79124)	(-0.0207436, 0.0132282)
04c8be5a3a6ba2d70446812e99318905	-5.8602046300000055	-0.012417949134550016	0.10857758928924104	0.009991956988244552	(-6.07761, -5.67397)	(-0.0292143, 0.00666958)
e0b7bd623a1b4cd1640883066e8d96bd	-9.829870075000015	0.028864652738649924	0.15481606691472424	0.014233623248633368	(-10.0945, -9.51605)	(0.00431343, 0.0561283)
6a17479edbe461431433bddb084f731e	-6.076297349999987	-0.04034643904299999	0.14051226512613593	0.012915729845226487	(-6.34557, -5.81602)	(-0.0667972, -0.0170714)
35513c8de34a49ef37dde85737e6aef9	-7.431752835000005	-0.03315628239034999	0.20524128094248673	0.019368905717324893	(-7.80093, -7.02814)	(-0.069883, 0.00294451)
69536042153447ceb692aa53159ce0c2	-7.254576399999999	-0.006692986726664982	0.06646870858411497	0.005662077090333387	(-7.37719, -7.13529)	(-0.0177439, 0.00350962)
0f92fcc184a951ff8b0914467ad2f8f9	-6.836964734999992	-0.015003300495284987	0.08901520825358875	0.007745857681819844	(-6.99606, -6.66885)	(-0.0301098, -0.000997601)
e9d9bafcf863ec0908ce4e20e6386ff9	-9.678017979999991	0.02026952197935	0.14422808759676325	0.012923372515999223	(-9.94896, -9.41838)	(-0.00243449, 0.0452042)
979578981da3916b394bf24c32bace21	-7.0135723849999945	0.022035958874782956	0.2040717123629871	0.01916067477629548	(-7.38571, -6.63231)	(-0.0140083, 0.0559377)
5860dac317300b1fe6094e958240cc7f	-7.966539009999992	0.032330599489999924	0.10697757136016829	0.009794270312917427	(-8.15501, -7.76383)	(0.0144221, 0.050372)
3a1461e8439091ad6b93af0ddb3849eb	-7.180097060000008	0.011137868403154992	0.2902927779157733	0.027679576213727363	(-7.73411, -6.65904)	(-0.0398021, 0.0631757)
d32627161d829a1488c2a047669cb29f	-6.256588424999996	0.0037833367548900025	0.18695119342777505	0.01630341282362152	(-6.60005, -5.90843)	(-0.021573, 0.0372944)
e2c3ff4f647112723741aa72087f1bfa	-3.243006139999998	-0.00581344430400949	0.06517594878097596	0.005015632586727339	(-3.36229, -3.11762)	(-0.0146326, 0.00391642)
426bd7119a31b73ef734771a071a216c	-6.0595000999999975	0.02320260511754998	0.16435996460145025	0.01509136757571145	(-6.36836, -5.75179)	(-0.00340961, 0.0526204)
aed0d8840bb7da5eacd80c6f9a1f91ed	-9.229437134999998	-0.05081911683399997	0.18006952021411549	0.017658932482538053	(-9.53926, -8.87076)	(-0.0860922, -0.0195035)
0b05a2e48cdc5f9e766bb0f4c209d4b4	-8.747561660000015	-0.0018878077943799974	0.07961230523571335	0.006774043707331737	(-8.89204, -8.59837)	(-0.014356, 0.0110968)
31c0a0bcf172474d82c69979df243e78	-6.105045689999989	-0.001984277659225002	0.07930207639604336	0.006912328107182821	(-6.26003, -5.97148)	(-0.0139949, 0.0115972)
f9b9b7db378357774e672fe5ba242b12	-9.941484949999985	0.00261727091332	0.1527826495322604	0.013933533759653728	(-10.2225, -9.65103)	(-0.0232496, 0.0292871)
95f975f50235610bca818dcc9d97f7d6	-8.800830549999992	-0.0020089640331149984	0.2106662238347608	0.01883680150006728	(-9.23028, -8.43165)	(-0.0357123, 0.0338764)
ecaa9f4e15a28f212d9bd60f749191ab	-7.453087799999989	0.010546697445211	0.11994213808024262	0.01060670959525011	(-7.65813, -7.20828)	(-0.00875088, 0.0304195)
a6fa2de5f4576d1d77b1616786e3dd52	-8.693502735000017	-0.006911371758165009	0.0817728056261357	0.007189478477989828	(-8.84221, -8.54443)	(-0.0201482, 0.00649976)
1fa555f9a74d47a6ca7a65a347bc885f	-6.243853270000009	0.030577840923000005	0.12964542666560605	0.01207399777567087	(-6.49375, -6.01025)	(0.00973116, 0.0555751)
149e7d5e484d157f2ac6140a2111618e	-3.994340090000005	-0.023105064002999956	0.08879071359433875	0.007981570877467295	(-4.15736, -3.83301)	(-0.0369771, -0.00726062)
605c54065160b61d47c4d5f87ffbe6bb	-8.913746219999993	-0.0029198643613850025	0.1519857467186038	0.013783018009671334	(-9.20136, -8.6295)	(-0.0267029, 0.0240746)
5034598009be77942a505e7c9978b06b	-8.055528979999998	-0.0030723155875450043	0.1469539073330805	0.01347402033321231	(-8.32771, -7.77569)	(-0.0292875, 0.0203624)
8526f1f5fd2dcff7e7a73db743c829d2	-6.3727656999999835	-0.006901042640390001	0.12747567353738518	0.011766267795788416	(-6.61393, -6.13594)	(-0.0276047, 0.0163763)
24ef07664cfa04a819d7797a89e653b6	-9.621315839999998	0.00887308365701651	0.13272598085565032	0.01111092169712245	(-9.87633, -9.38522)	(-0.0104502, 0.0302595)
03fdbec0c9b63a05ae79f92c6d3a4cfc	-7.300307685000001	0.019384126600774973	0.23801591020452953	0.021350547627567093	(-7.74955, -6.87132)	(-0.0168466, 0.06047)
aa3e2d76e864d7909b51110e211ef36c	-9.061833720000005	0.02670996719827649	0.26007546375246854	0.024525822054676315	(-9.52719, -8.53523)	(-0.0176026, 0.0729354)
7efeb75fc542932a033b37b887994dc8	-7.7408976300000045	-0.05551803962810011	0.28491246838227896	0.027233255239079854	(-8.29838, -7.24014)	(-0.103858, -0.00178476)
2371e52106292ac4c33aec6f57cace35	-7.623078915	-0.0064545580483999975	0.09469863842723805	0.00800649941705965	(-7.79889, -7.44451)	(-0.020844, 0.00952591)
913d55d109820d0f3fad120be103c64f	-8.691510705000008	0.030406461179999986	0.16871903862413673	0.015305233578057287	(-8.99496, -8.38317)	(0.00355456, 0.0588357)
c82032c40c98975f71892e4be561c87a	-6.835118284999987	-0.021057105979999994	0.07009521846965577	0.005970685825659956	(-6.96845, -6.71002)	(-0.031832, -0.00984186)
ac9166cff57e7ff3581eaf798edc726c	-6.954194034999997	-0.02352634450749998	0.2686593943985002	0.025347885243170675	(-7.40152, -6.36616)	(-0.0693979, 0.024246)
949af2c28ba6c0345ae58b9aed00a2c0	-7.204020865000004	-0.03215199897769996	0.22213506727890073	0.019510794652632005	(-7.61706, -6.7769)	(-0.0680877, 0.00506654)
8a261f382a739bbc5f9494b2c64c2744	-5.292946385000002	0.005298306130901485	0.0665633721860737	0.005770035742553589	(-5.42026, -5.17343)	(-0.00517351, 0.0160555)
e91f1c5b67ffecb5ca3ca3b393a50f00	-4.68052597	0.005503822025639995	0.1659511059133355	0.015420484165143794	(-4.97736, -4.35717)	(-0.0239644, 0.0332638)
99b02f389bd0b7abad0d4d8affb09e22	-9.222076915000011	-0.05708588245100013	0.22724519242270613	0.022166765147337314	(-9.63617, -8.79503)	(-0.0948369, -0.0131382)
d3d99580d90cca486a23372a474e9571	-9.198299795000011	0.02555516343824997	0.1593109014120126	0.01431580777736436	(-9.48554, -8.88822)	(-0.000267255, 0.0523862)
7076b69bea6fb40b94f8b32fd85fdb46	-9.840144969999997	0.0023670521064850032	0.13674086884980333	0.012174224533671162	(-10.1133, -9.5999)	(-0.0219673, 0.0244471)
e82ab12c51a893c6d7938a16632199a8	-7.685732930000008	0.014134136929350005	0.1818142942606963	0.015834615898452465	(-8.04786, -7.37317)	(-0.0152389, 0.0420148)
2ae945b550c248752a5b463c9aca1a6a	-9.305277905	-0.017641669027999997	0.21567235171982765	0.020353671482141778	(-9.74723, -8.91366)	(-0.0581603, 0.0198516)
b423592b0ae631882095792b27729b9c	-9.547847750000022	0.0751329652950001	0.28308511414226206	0.026588499342025375	(-10.0768, -9.0112)	(0.0250882, 0.123457)
3f1ed51e954b35a8108c12dd882b696b	-7.00774792500001	-0.005470906317235006	0.1233860748664304	0.010769448921962101	(-7.23145, -6.77662)	(-0.024976, 0.0132259)
1fb601d8edb6994ffb112ad1a34828d5	-9.340991659999975	0.01873878900605003	0.17154270661804413	0.016081424117797078	(-9.64374, -9.00952)	(-0.00933203, 0.0506196)
9f74473636e6874853d88dfcbcecff49	-7.024902509999994	0.03910804599050006	0.18182824121818894	0.016893911840637873	(-7.36646, -6.68911)	(0.00969137, 0.0713125)
4c731267e801c2afe253b5cbb58bdd24	-4.646844399999998	-0.0020757571396800003	0.060295669822467375	0.005072756016752376	(-4.75488, -4.53629)	(-0.010941, 0.00769977)
14387daaf0161dd3c971efd0f8806ffd	-7.9181345100000105	-0.007857694016256866	0.125170917967633	0.011485176013073408	(-8.16593, -7.69644)	(-0.0302286, 0.0126518)
c97220e6c4063a029dec2f8160977f83	-6.930265599999993	-0.006458014540700493	0.13382933686094398	0.011742453326735883	(-7.17881, -6.68464)	(-0.0278692, 0.0154062)
8a20667bca2eaf2a0687995af876a84c	-6.669880345000002	0.005006308361255006	0.26453116229648815	0.024474319156879244	(-7.17844, -6.20977)	(-0.03803, 0.0520364)
131d3b899e72f19fcae1b0f9f8f3a009	-5.734415980000002	0.025405688581599892	0.3003916591742183	0.027399782608507648	(-6.27829, -5.1503)	(-0.0232395, 0.0749023)
c0c365b5a32a28b8d2602de07c5d0b06	-7.873336374999994	0.02419557218894998	0.21915741815464373	0.020280476916339614	(-8.26949, -7.44776)	(-0.0134543, 0.0603465)
a650f349bbdffb95b3624519d1ba72b8	-4.8633870199999985	-0.011478102664999993	0.06375388748084	0.005120048917812466	(-4.97517, -4.74128)	(-0.0201991, -0.000796979)
0f6da5f59be656db2dadef7bf2d1a2e6	-8.629642359999993	0.009690441299899998	0.13165203275692489	0.012181554169509121	(-8.86763, -8.37754)	(-0.0132007, 0.0312587)
e84bea8ae61342674744560dd7de4721	-6.759263130000001	-0.002923475057880009	0.2855602323670142	0.026757607287984306	(-7.30383, -6.20626)	(-0.0558389, 0.0456)
010f0ac2691bc0be12d0633d4b5d2cc4	-4.508312639999991	-0.007862013362730005	0.09288086513233175	0.008086867519341758	(-4.67338, -4.32973)	(-0.0244396, 0.00575968)
c8fce068920feb387167d44c01689295	-6.8126592249999955	0.045790191461000065	0.248273196199971	0.023332013269723676	(-7.28433, -6.33899)	(0.00131009, 0.0879327)
86deb5cf8d6f29d383136e0d09863b69	-10.044082695000013	0.005003988751400002	0.17646797799795585	0.01590373528162309	(-10.3506, -9.68121)	(-0.0241341, 0.0349993)
79db4c4f494c95856ce31b42f267c4c4	-8.10808954499999	0.013719774942340019	0.21219263043904932	0.01914476010013119	(-8.47964, -7.70964)	(-0.0185617, 0.0506462)
dde2f514908a4fcaa80827346c7b7a19	-8.055968100000008	0.010340800529659945	0.08520806492515835	0.007277490484962611	(-8.22992, -7.9108)	(-0.00389955, 0.0234486)
7dfa96abfa7484bb6c9cfa90dc9b606f	-6.282342664999991	0.050500949950000124	0.1519840835967628	0.014225645255969935	(-6.54855, -5.97745)	(0.0245954, 0.0779873)
25f9cac7332bfbe3973f03bae0ee15cc	-9.698653929999992	0.02124477208905	0.1910549012091946	0.01770240926772412	(-10.0526, -9.33007)	(-0.010795, 0.055583)
447b9d6a5c17543a456c597e65b37139	-4.420112074999991	0.004180134755924997	0.056823895826002384	0.0049647028048314034	(-4.53189, -4.32031)	(-0.00467283, 0.0138153)
ccce7fe8aa849bed027f6898300e0c45	-8.758095404999988	0.017441115466649997	0.1806261042300808	0.016800989284519664	(-9.09156, -8.42318)	(-0.014374, 0.0469357)
363c1c39d58bce4fc3218659d0944258	-6.140161960000008	-0.01381206937490002	0.09127871520107203	0.00777544821841224	(-6.32002, -5.96399)	(-0.0276665, 0.00158565)
7be9bac1b13acbd8acf0de464d7c20e6	-7.658981104999989	-0.024553540702649986	0.09503888578960183	0.008460674306042271	(-7.81943, -7.46886)	(-0.0396509, -0.00830054)
2ab8310e1e510f8045c7f4d191fa36be	-9.015119460000008	-0.0047291734302099975	0.1875298704441733	0.016188490869868725	(-9.35119, -8.66442)	(-0.0333992, 0.0257754)
a66dd8d31584930c2b0f811f572dddcf	-6.767716500000003	-0.006129857104850004	0.1469585157626124	0.012889271179409526	(-7.04699, -6.49171)	(-0.0309155, 0.0167162)
10155b2834300619ce0102110a37b057	-6.96682812999999	0.0016727538032099997	0.06841362645630694	0.006169176464875951	(-7.09683, -6.84252)	(-0.0105393, 0.0124136)
fca904abacabcc0591dd00b0427f9180	-9.947176624999999	-0.013931321680199997	0.16030934678570474	0.0146783050885043	(-10.2396, -9.639)	(-0.0415189, 0.014003)
ef6752ce31dcb9e16b1155bbaa1a268d	-8.625275924999999	-0.016341342050200016	0.17329967708897903	0.015148438512985772	(-8.93587, -8.28362)	(-0.0441587, 0.0112164)
a24dae6b87885a55d81df1ea6d1abaf5	-6.113924120000009	0.03376298279085005	0.14984589998603767	0.013970086327036904	(-6.38876, -5.82935)	(0.0099379, 0.0611877)
79280cea51a6fe8a3432b2f266dd34db	-3.6170079050000017	-0.0037935462950949945	0.04783152985177217	0.00404026196456395	(-3.71522, -3.53635)	(-0.0109356, 0.00411518)
cba33b3578113908d449fc66ccb245d4	-6.2004304949999955	0.0018011387096499994	0.0898177710511954	0.007926458121266215	(-6.38545, -6.02694)	(-0.0122414, 0.0181127)
ef1616938612ecae94c31842853cb904	-8.959109830000022	0.010625420317592015	0.09044478911729022	0.007847009689171491	(-9.12495, -8.78885)	(-0.00369013, 0.0256455)
a378e30f9be477f7777e409c8faea14c	-8.779855774999982	0.002623932562710003	0.12322355507815606	0.010783841444121839	(-8.99122, -8.543)	(-0.0182796, 0.022434)
322498f1025a569812be6e3fe4f63ff7	-7.864878700000002	-0.0060693813940000075	0.14815447495067416	0.012454056570609646	(-8.12722, -7.57317)	(-0.0271326, 0.0187146)
d75b7080930e7a77ef3de8c6154895b9	-4.609380455000003	-0.013284535377525	0.22428430292341647	0.01939111144725893	(-5.0156, -4.19358)	(-0.047631, 0.0214714)
9bf0d2dbffe7925240ea811d2a4cd625	-8.924251909999988	-0.008484341568136503	0.09858441463209039	0.008522633376337145	(-9.10771, -8.74468)	(-0.024202, 0.0074321)
a167e4d4418792dcaba877443ed0e66d	-8.242691784999995	-0.03688707019447495	0.22355862639755994	0.020516201397778832	(-8.67109, -7.83555)	(-0.075171, 0.0011736)
ac0202d177961ffb380b6859272bde53	-7.92486711	-0.00905666662840001	0.1827797216817225	0.016385189510498884	(-8.27771, -7.60428)	(-0.039157, 0.0204709)
e3ab3e4772986724760dbd52b7af55f7	-8.158800874999994	-0.0016655871300799993	0.11107285716134417	0.009622836421231754	(-8.35503, -7.94918)	(-0.0196842, 0.0158624)
481e48328fe7a9837c7233de8f60fc23	-9.02400329500004	-0.015050809007200011	0.16110390539987843	0.01486681749154481	(-9.32574, -8.729)	(-0.0424003, 0.0114495)
be17b29b03ed02bed133932284568d16	-6.6559143700000085	0.016175689459164984	0.12479783190345525	0.011698932292956423	(-6.89774, -6.43356)	(-0.00529419, 0.0383698)
5f9d6c173705f19cd3a1e5145c52789a	-8.937116335000017	0.004114449519664996	0.22944033523972568	0.021818195584683592	(-9.39506, -8.53947)	(-0.0367353, 0.043597)
1ef782a559e3e0a4ab42516e0a2c828f	-8.324186285000001	-0.02650745452465002	0.22825725752043205	0.021602980082985366	(-8.78034, -7.93121)	(-0.0666742, 0.0157411)
97f56e68f535e44ceb53d05f269e82d6	-6.883702350000006	0.007915316562999992	0.08468534179819728	0.0075583546748148565	(-7.05387, -6.7306)	(-0.00505362, 0.0231436)
3f38509af22157cdcb4006457529d25e	-8.252810169999982	-0.06784398357499988	0.19773198206630882	0.019602788500718685	(-8.59374, -7.85937)	(-0.103983, -0.0317246)
ccee9fc92f4182805278384a02a4d7d3	-9.281459979999994	-0.04645478469750003	0.1821478009557064	0.01759492372853672	(-9.61631, -8.96052)	(-0.0804533, -0.0151087)
b3bf877149e7a31ad9a7397a3ca8b011	-9.25030781500003	-0.008194071232000003	0.2136906346419416	0.01993825143524542	(-9.65308, -8.86223)	(-0.0422437, 0.0316425)
33852dc244bb69590e8e756a83bb2f4c	-9.294791224999985	-0.02373746993488702	0.15880090254167123	0.014814758104051393	(-9.57949, -8.97879)	(-0.0547795, 0.00189293)
8f5959f21dc9ce9a281656f8d699ec07	-7.093855225000009	0.023609994070050003	0.14471578543216831	0.013313807552647713	(-7.34964, -6.81301)	(-0.00091943, 0.048687)
2086666afdd5de098b04a94247040c11	-8.061114550000001	0.016761406418354982	0.17216071398724367	0.015738592065556944	(-8.37354, -7.75503)	(-0.0110589, 0.0453029)
96169c3701e79f42346c41eb7b5bf2af	-9.704543764999999	0.023854306126900007	0.15924081018311478	0.014330426115325852	(-9.98308, -9.40205)	(-0.000799997, 0.0523398)
d05c86b5bfc092d8677507fb1eae8d66	-5.878313370000003	0.02104179252875496	0.2028655156401478	0.018706448536523212	(-6.25469, -5.50368)	(-0.013414, 0.0550536)
25dd2ae928b2e5e1ac2e28dbe2112991	-6.21646997999999	-0.012787505466349991	0.08056614514235869	0.0068944756264960804	(-6.36727, -6.0633)	(-0.0253708, 0.000329695)
cebcb0fe524fb1cf0bfb5463ae228bed	-8.987392890000004	0.01785045862844999	0.20434868377762508	0.019129516655774233	(-9.34449, -8.58343)	(-0.018122, 0.0524473)
90104f2fbcc925a6619e805c7a625c57	-8.756216585	0.02015478444455497	0.20014591513840022	0.018515646386501744	(-9.15893, -8.39745)	(-0.0141209, 0.0542284)
4c2189b6b5ced3cb80093414e9449de9	-6.09239869500001	0.014639898063798486	0.08055402815158891	0.007259841401465842	(-6.24361, -5.95144)	(0.00221785, 0.0286348)
c4e57b91cc2be5a2232b3612abdf4c0c	-7.8029299300000075	-0.030540571679649953	0.20172889622906076	0.01706100661748027	(-8.14684, -7.39989)	(-0.0604188, 0.00303248)
1600415004247da005dd77bd44c633d9	-8.253601994999993	0.02404463758150004	0.09857477343301367	0.008882317415771846	(-8.44197, -8.08172)	(0.0081848, 0.0403814)
3b092a59cd0e2d57483420cc994ec49c	-5.669903909999995	-0.0015050165081400004	0.13362808455415295	0.011905873157950692	(-5.92251, -5.41845)	(-0.0233897, 0.0215062)
2c5c5d710e1b9229efa72f98ca7b4e71	-8.322531635	-0.05418402362224999	0.26820065606608195	0.025780708484561224	(-8.79678, -7.7902)	(-0.103633, -0.00862948)
db093685d2f3295cfa4da0a44d3d9ad0	-8.082943799999999	0.003078817576904997	0.1504008865853522	0.013477402928753239	(-8.37614, -7.8248)	(-0.0200217, 0.0296387)
63a2de21003c952fd04b694d8444e66f	-7.057136785	-0.005168668269574999	0.14741815210791984	0.013235610938781962	(-7.32434, -6.77281)	(-0.0289899, 0.0195357)
59196a586276f0be745d0e334fc071c6	-3.360789795000003	-0.0031693904939149955	0.04477411634312816	0.0038458327628491814	(-3.44583, -3.27859)	(-0.010165, 0.00412032)
8507091bac6b1be88f3d360d6d535d0e	-8.378223319999996	0.03154419011949998	0.13233605843147064	0.01236516186251935	(-8.64221, -8.13606)	(0.00814041, 0.0551341)
8f649d1053a0ead08b37f8e06fbb2818	-8.168944364999996	-0.022618292345049976	0.1228324649386178	0.011359275029697394	(-8.41589, -7.95353)	(-0.0449254, -0.00271299)
8a70333f85e6869971ef357eceadf3ef	-8.196481675000005	0.017115712901850006	0.16396906264275687	0.015245993075668977	(-8.49166, -7.86917)	(-0.0118379, 0.0446216)
8e0da29b36fbc3879561566e87f11ea7	-8.811517850000001	0.0070217119192099876	0.18200921655970476	0.01676074561199951	(-9.1489, -8.46821)	(-0.0256059, 0.03616)
5093cebf67405c910fb68525ffa6dc3d	-10.327421525000014	0.017327932730200033	0.11540166856646562	0.009233601236187161	(-10.5508, -10.1215)	(0.00083829, 0.0345791)
bde648dc2bd51d522327b0bb99e98340	-9.721823250000002	0.0002139537156600025	0.1316735571777323	0.011985572570118718	(-9.96426, -9.47217)	(-0.0234178, 0.0213013)
8720f9ecd2331ce68e2896df1bf2d977	-3.6437312100000026	-0.002869787839415006	0.07781933596758522	0.006363547758063542	(-3.79377, -3.50888)	(-0.0147096, 0.00880941)
3af2ddaf4af4b5ae4100439a9c3d4099	-8.672772384999984	-0.029060696155400027	0.14176969211246013	0.013302400490313249	(-8.93867, -8.41652)	(-0.0558357, -0.00552276)
de24ab68045830f7ea823f771a1f7dd3	-6.30281054	-0.006058328391158006	0.10255989678967314	0.008874377278572626	(-6.48782, -6.10432)	(-0.0225839, 0.0105277)
aec9d6920c8746590e4dff84ba121b90	-7.934189479999998	0.0019805440975265032	0.15886581732307806	0.014440607364823839	(-8.23529, -7.64913)	(-0.0250427, 0.0293075)
192522c9b7c41f7a761f8a2ba792268a	-6.689613469999994	-0.013115542616909967	0.10399495010316176	0.008762563049907343	(-6.89165, -6.50506)	(-0.028128, 0.00409654)
458157e555a80f9ba01d9da37ef787eb	-5.00576114	0.001428038387429999	0.15837306551210156	0.013816903046366612	(-5.32351, -4.73035)	(-0.0228615, 0.0275162)
3017f87a3b0f5200ed54eca17eef3cbb	-8.573253115000004	-0.012671495049299993	0.12398301293421934	0.009787324194550941	(-8.81255, -8.34941)	(-0.0305969, 0.00687863)
c5e3c5422835403541b0af331a2cc649	-6.9148593699999905	-0.18568437089999978	0.3156677438497687	0.031584461975200914	(-7.47537, -6.28881)	(-0.243654, -0.122765)
be7fc30c58dc772f88007fdefcf21a96	-8.030845785	0.011416651206650008	0.10301467712167905	0.009320571766482426	(-8.22847, -7.8573)	(-0.00507729, 0.0290383)
3d766867c97f511431bf97e059d6498f	-5.655750605000001	-0.007953090114690007	0.08383943685989297	0.007010132483269621	(-5.82743, -5.50813)	(-0.0206358, 0.00499361)
9099a7f671b923c7b07c12508f17270a	-7.777919580000001	-0.03425294321899998	0.10464033468946661	0.009405563753963444	(-7.96839, -7.58528)	(-0.0505946, -0.0158568)
4973330392dab23937c67af9843e5359	-8.55543219499999	0.05162615822550005	0.18790644724099254	0.01761976795709932	(-8.89215, -8.19787)	(0.0202234, 0.084659)
2cf53730a41137e7ad95ed3680541d80	-9.32677573000001	0.015643797684165003	0.19476681589420483	0.017747000626207435	(-9.70096, -8.98531)	(-0.015013, 0.0520001)
2a0968119cb66a61a416f8d924c224ac	-6.149700040000001	-0.007713012925599997	0.3179906200956223	0.029640479948584954	(-6.74049, -5.55326)	(-0.0622631, 0.0472251)
a4e2a4e1321a599651edf92f6999e78e	-7.797677464999991	0.02590837539327453	0.2848357428047327	0.026521417036020494	(-8.36006, -7.30129)	(-0.0204909, 0.0772079)
782772ed674928794b78f5a59ee3d08c	-9.530606414999998	0.011931782968700021	0.16213534402867796	0.014774697143177612	(-9.82028, -9.21857)	(-0.0147157, 0.0396602)
ab5c396eaf731e031c9764a05b798753	-8.842256985000004	0.02848248136650004	0.1791313653363355	0.0166371264180379	(-9.17485, -8.52137)	(-0.00363795, 0.0571351)
04195686f2b70585790ec75320de0d6f	-5.132159204999995	-0.0849926394000001	0.1515897605487191	0.013443746112700794	(-5.42773, -4.85678)	(-0.111268, -0.061167)
9f4d14b114e7499772a797790d81c1db	-5.045972225000004	0.007567648885099992	0.062486740495879343	0.0054701553016125015	(-5.16024, -4.93185)	(-0.00204517, 0.0181374)
b1f2146bef78066448576fceeb6b644b	-4.630141165	-0.0009287724218705013	0.08520860349221065	0.007229083253257899	(-4.79487, -4.48089)	(-0.0142774, 0.0123325)
3bff9ab82e7f2a76cc22e687ac7b72fd	-7.386853084999993	0.06445948644104992	0.31080471246513103	0.029842736186777897	(-7.94862, -6.81729)	(0.0078385, 0.116667)
c1365ec008032ee718dcafaf5ac17adb	-6.863073879999998	-0.01104814026767999	0.10194379547743744	0.009244787447663355	(-7.06209, -6.67526)	(-0.02768, 0.00656838)
cc968157f7691aab95df444e8cd103e2	-5.589788679999992	0.02453858575000002	0.07396922567566598	0.006707360071076284	(-5.72294, -5.44887)	(0.0110542, 0.0359495)
09ee2c2d76be17c9ede2d4c57412adeb	-9.082654779999986	0.008416589378164993	0.1758877015523019	0.015417891708957847	(-9.40388, -8.77024)	(-0.0174051, 0.0382097)
d9b76ee51ff2b6961430bf352cc578f2	-9.485924214999992	-0.0006058137957000004	0.13839809805262418	0.012390208222464684	(-9.74408, -9.24241)	(-0.0216596, 0.0223077)
d2cccbadb958c9c6547274fa10531f74	-7.091209820000001	0.002010708062800001	0.11338847058395136	0.010341819071796798	(-7.31009, -6.88806)	(-0.0167855, 0.021227)
2268b83b6cb307bfd1cd008dae1ce4b3	-7.211063744999999	-0.012134110529893159	0.18918450156005093	0.017057363067153702	(-7.56253, -6.85404)	(-0.0424311, 0.0201562)
e9ad916c93ff127ade2a8283db7603a1	-6.6400508299999865	0.04533365260579999	0.3400014028018284	0.03142157061289387	(-7.23136, -6.01015)	(-0.0104461, 0.100905)
624d0040eafc828499b5009791d96b85	-9.06424886499998	0.009061065951160019	0.106500442173081	0.009325941447098746	(-9.2685, -8.86764)	(-0.00884097, 0.0259561)
bc5146d3526a9ef5179457a2077b1b46	-9.020477565000022	-0.011434356466300004	0.107020709566517	0.009710914573060487	(-9.22068, -8.82844)	(-0.0288204, 0.00738605)
7bbb537e486b770d58232a6c683a3a9f	-7.155567339999991	-0.005824248402899993	0.11739697054577	0.010860037815448587	(-7.38002, -6.93539)	(-0.0242266, 0.0168125)
30c16856bd5bae4cd2f1182341b30ffc	-9.71946504500001	0.06307346313499994	0.23410850969090782	0.022148793586670018	(-10.1953, -9.30694)	(0.0238209, 0.106936)
ac5402de1ddf427ab8d2b0a8a0a44f19	-3.5734503899999916	-0.005668217010310009	0.10256496313189942	0.009176229768617171	(-3.76661, -3.39533)	(-0.0214796, 0.0115704)
d0037fe3397f56b52e971759e3f2f7a8	-8.85424408000002	0.0021537186706500006	0.19302094076978707	0.017581280403460468	(-9.20667, -8.50085)	(-0.0295148, 0.0350526)
3d7f3a3956e66e4728521a97abd9f07b	-7.535660925000016	0.0031003621530000026	0.27432442368971516	0.025737791415014623	(-8.06445, -7.05126)	(-0.0414745, 0.0515445)
3e15d94435169ddada1e508dd8b83a55	-8.377572879999986	0.030347414004500004	0.16005947672257836	0.014700474049681271	(-8.68554, -8.08206)	(0.00459872, 0.0585201)
ed1528f4822674c9e1da64b84c778e9f	-5.903309915000009	-0.004922731339345006	0.17069270803096076	0.015464104095101827	(-6.2205, -5.5865)	(-0.0318432, 0.0246085)
477734397215c70bdacce28d5685cc6e	-6.4571326050000035	0.024060221275041975	0.32076115101608554	0.030357718790879583	(-7.06793, -5.88988)	(-0.0284714, 0.0821272)
1243750138937650754b619370565800	-6.476594160000014	0.034657242599499975	0.16720221678552716	0.01550401902230265	(-6.81552, -6.19088)	(0.0062155, 0.0636663)
997c1b9bc29e50b9096303c708bb54e8	-9.605448104999986	0.009974446969750009	0.164059470136469	0.014602412304482094	(-9.92029, -9.30382)	(-0.0185769, 0.0359229)
8aff935557eab67b0baa4553b8518105	-9.018978780000001	0.023774050157150034	0.20435088836633816	0.018941925875087928	(-9.40842, -8.63232)	(-0.0129399, 0.0573957)
39bb3fb5b2257fd2eacca408dc42c5d1	-5.36550781	-0.0014014961508050001	0.10070760893052677	0.008331889892028932	(-5.56157, -5.18126)	(-0.0157343, 0.0152732)
b9024a1f377b62508864cfea59b16a31	-7.715232015000011	0.008716535454303006	0.11558378900299879	0.010588658708070743	(-7.93155, -7.50086)	(-0.00940532, 0.0299109)
7ab1bc6052053650189083370055ae66	-6.0824420399999966	-0.0035717690710100015	0.18858153480295586	0.017356555649141632	(-6.42907, -5.74087)	(-0.0355646, 0.0290953)
8183f1e3f9806994e125b1d5c6932498	-6.453789735	0.0039947597145899945	0.16338963975289186	0.015086364164072014	(-6.74157, -6.11125)	(-0.025231, 0.0313776)
92f000f936d3f349c5e7719a5edc5078	-7.389123114999983	0.008532457876549994	0.07175994343815198	0.006277107922002803	(-7.51971, -7.25624)	(-0.00283162, 0.0208357)
6509bd0f539df985ac2f40c335cdb999	-8.949869034999985	0.04220620245475005	0.18121340309623538	0.016982872029531797	(-9.28126, -8.60158)	(0.0119754, 0.0757483)
c4f9ef34bd2919511069f409c25de6f1	-4.806951645000005	0.010779966999149994	0.17008534795638316	0.014760406533287931	(-5.10917, -4.47118)	(-0.0149402, 0.0386573)
74923f4bbde849e27fc4eda25d757e2a	-7.596528390000011	-0.09363704020000012	0.20919153560411555	0.019614215874568235	(-7.99495, -7.20807)	(-0.130236, -0.057062)
3edf7e19ca2ce44d4d3daa243e8725f7	-9.622205874999999	0.005853812175125	0.12371847127949175	0.010979468569880224	(-9.86256, -9.40071)	(-0.0148743, 0.0260561)
ebab7cfc7858bfb00c486bba21d6ca6d	-5.929232890000014	0.027993457521500082	0.14495670810503358	0.0132104653269615	(-6.2128, -5.66594)	(0.00342327, 0.0525539)
8937656c16c20701c107e715bad86732	-3.289581874999998	0.006479958823565001	0.09848928989658906	0.008735038595379848	(-3.48398, -3.10778)	(-0.00885044, 0.0230102)
6a6880faba39965be0e4b7d88966d1c9	-6.5185990099999955	0.01660280195394999	0.14958634931276285	0.013691202308288386	(-6.80382, -6.24478)	(-0.00728811, 0.0431686)
85c05d873041801d03eed489230b23f6	-8.214529555000006	0.011866441441899992	0.07910819220379116	0.006921789623992163	(-8.34696, -8.05418)	(-0.000984577, 0.0246686)
6d8fe4ac153ead767024e041ff1f0ec6	-8.658864174999996	0.03177447173763011	0.25787879431783345	0.024295836056209604	(-9.13458, -8.16469)	(-0.00848011, 0.0805091)
ed5952d1e022067b212146b9b3bc6812	-4.769867665000001	0.0029161667853799984	0.22290498462797512	0.02028586505418173	(-5.18663, -4.35879)	(-0.0326598, 0.0396163)
7029eddc845e01d613a3bbc113ebeaba	-6.647079899999981	0.014632843121254997	0.16807488081712252	0.015537107275850557	(-6.96379, -6.32797)	(-0.0139034, 0.0437764)
41d23d8bc82f57b26b6896d5e2e947e8	-9.59617116000001	-0.005395840737699999	0.16377496785667345	0.015182678478578014	(-9.8875, -9.26763)	(-0.0334786, 0.0245287)
0021d135d4ac12982cc8abdf2b38e23f	-6.430767235000008	-0.030804375185549945	0.2731492603138525	0.024745567500598795	(-6.95282, -5.94473)	(-0.0799006, 0.0119412)
e4c0082e2ab8c9772768fc29bb86caa3	-6.671710824999985	0.0021418390198950027	0.1012719881930308	0.009083522192244368	(-6.87479, -6.49511)	(-0.0147816, 0.0190777)
46d8ab5615f60d7b522f3590976668be	-9.032030305000005	0.005567421422896505	0.08982112258849236	0.008216193709052626	(-9.19164, -8.86254)	(-0.0103047, 0.0210308)
28bb502265419a0e86626d75a1183ce7	-8.519997245000003	0.022759795697430026	0.2546815099349773	0.024366545065301625	(-8.99047, -8.0284)	(-0.0198959, 0.0716049)
ea3af29626a95b6c7b89d631bf1a739c	-5.451387860000002	0.00780214310515	0.11956110020621416	0.011007082422332582	(-5.68791, -5.24414)	(-0.0128652, 0.0287236)
94b000e59b7ac160b0416c9ab45ff0bf	-7.743663815	0.02791134206645002	0.25978853024507403	0.023995011299219673	(-8.20445, -7.24944)	(-0.014, 0.0709333)
75878b49cacdd2ffdcea1186a43be92d	-7.928103779999999	-0.011320247577439999	0.12701797210596458	0.011636586040437212	(-8.14989, -7.6705)	(-0.0314845, 0.0111419)
aea50462b44fe88301c739b72353e16f	-8.568928725000013	0.011005509341899991	0.10914962634670063	0.009876685572032497	(-8.75938, -8.34855)	(-0.00581332, 0.029841)
2d575dfaf20c70d49b09be32a1492254	-8.910441009999998	0.008863277293429997	0.10719846702299393	0.009597536811516124	(-9.10951, -8.70935)	(-0.00775501, 0.0276622)
b955f67a541a149dd3b179dc62d37a72	-7.880370454999993	0.0029860732682999995	0.11758459742518564	0.010353800200375457	(-8.08723, -7.64962)	(-0.0152054, 0.0229411)
ad7bc2bb6e1ec90a9bc3c8949bce80d6	-6.162148964999991	-0.011155882530550004	0.2645585759138771	0.023552597910231933	(-6.62245, -5.65842)	(-0.0533253, 0.0322548)
8f1c11c7b732265cbfc1bb7dbd0241e7	-5.70427682999999	0.0028523647130850025	0.0905415105493116	0.008031549961947215	(-5.88503, -5.54137)	(-0.0123462, 0.0173233)
1fd31ccf4d6163405f70131e32d5065a	-7.2050495449999925	0.02541697384854499	0.2384642646218569	0.02167572160939497	(-7.64149, -6.77645)	(-0.0129521, 0.065443)
5093ad88995f6fe457c7fe96bb0ed33b	-6.098681689999991	0.00903295884578999	0.1243296796020319	0.01108443693411138	(-6.34612, -5.88189)	(-0.010199, 0.0303543)
f9b52205cb2d03153fd394a290212a10	-5.367368905000005	0.013111983509749993	0.21269562607033324	0.01965976617275144	(-5.77103, -4.97771)	(-0.0246036, 0.0485083)
9d4e16844252e2dfbaf80a4a6fc4d55d	-9.170809025000004	-0.033970028303700016	0.19090554286033534	0.017867982136029883	(-9.52887, -8.83411)	(-0.067923, -0.00123461)
148c7eb0139bbc1b8c87dd31464742e4	-5.637717190000007	-0.002581362491270005	0.09704255420383319	0.008420374697932062	(-5.81579, -5.44211)	(-0.0189438, 0.0128162)
eea6b86c0c75e740670ccc50613b1b23	-3.3593801549999975	0.000614492596079998	0.044887559419353316	0.003894178872257145	(-3.45404, -3.28468)	(-0.00685546, 0.00785376)
3fe55dd5e59267f275e972017302459f	-6.429439795000015	0.018985697204749977	0.3250493428795203	0.030474812289856615	(-7.05703, -5.87519)	(-0.0349612, 0.0777852)
f11bd4248a2f95e53507c5bbf8dda43a	-6.686179919999999	-0.010900429110149979	0.09688253747860652	0.007861221184383899	(-6.8528, -6.49028)	(-0.0255862, 0.0039472)
09a55cd0bdf9fa4929eab3f0ed841bf5	-9.13224095999999	0.016555124489149996	0.13993914536568516	0.012321297511290722	(-9.40689, -8.8926)	(-0.00446468, 0.0409239)
bfb7bb16ab570748b3a5d099e9426af1	-8.342235335000003	-0.0041139203297450005	0.08322733638948068	0.006998571400271215	(-8.51842, -8.20093)	(-0.0165659, 0.00958005)
ad52a0f6646c574417ce0b13b84acfa9	-3.534145095	-0.007661052252895001	0.12821783635552025	0.011048760018517364	(-3.7889, -3.30359)	(-0.0259538, 0.0152396)
180b74e94caf35fac5e1f0f4b7ad9d9f	-6.330381504999992	-0.005980529579000015	0.056381732843936	0.0050414338183654315	(-6.42632, -6.22016)	(-0.0144294, 0.00397068)
810926a593979f3574e3bbe7defd3559	-9.662991324999954	0.02421848651094999	0.20747344113089367	0.018968673701720163	(-10.086, -9.28802)	(-0.009739, 0.0612707)
5d62137a2d05df0be8d6b7e163a3ef08	-5.207867400000007	0.004899503918605015	0.21168023272199968	0.018571798145425727	(-5.60112, -4.8209)	(-0.025582, 0.043424)
f9765bd9332162f70268554ab318197e	-7.013961325000005	0.008400307098799988	0.17823392188439996	0.016515210002029854	(-7.35059, -6.69514)	(-0.0221066, 0.0396423)
bc5b6cc17572b4fd6ebd80081410427e	-9.924782095000005	0.009699489249850002	0.12226165717370678	0.010439607446602647	(-10.1567, -9.70159)	(-0.00815136, 0.030671)
a29679284280410db95e5cb8c0b2d73d	-8.399729399999995	-0.04968011080550011	0.19497218247852716	0.018905638344896315	(-8.77316, -8.04657)	(-0.0841194, -0.0135386)
1c86153e1b13ab5322c96f2602b73513	-5.374222694999995	-0.00935058535660001	0.17352299986424552	0.01476234673884114	(-5.67669, -5.04619)	(-0.0336175, 0.0190452)
fec0355651c9ad579f01f3e332311725	-6.889464355000004	-0.020262731406821492	0.10653627526567643	0.00967445284348896	(-7.09361, -6.6969)	(-0.037884, -0.00227602)
f10155af1849a17996f302d71b32398c	-8.332816465	0.01656694254021502	0.1526573084459233	0.011254813896325058	(-8.60851, -8.02673)	(-0.00402, 0.0368661)
0cc26190e976fc496119a5eb4cd0fee7	-9.807508769999993	-0.022561310089584983	0.15651297011202336	0.014820558826307426	(-10.095, -9.52253)	(-0.0496408, 0.00517477)
9c25197937d1f54e2634026fbca6b55f	-7.648390764999999	0.05737812719295004	0.2925443237026912	0.02673473843463488	(-8.17788, -7.10453)	(0.00760605, 0.105223)
40ced57decad1424c32de76ae039c050	-9.602616330000014	0.012149504702880013	0.13702223481074566	0.012635023752133481	(-9.85926, -9.35077)	(-0.0122691, 0.0341389)
2ad31c7624bd7744a56a5ccac67ed01a	-8.569314785000007	-0.007711548699749982	0.1334794729288132	0.012180004113121413	(-8.82695, -8.3294)	(-0.0294401, 0.0163316)
41df3b4c55182503ecd97c6dbe47966a	-6.823196379999986	0.011907769213499987	0.1073886723695548	0.009954158698830496	(-7.01925, -6.61479)	(-0.00695752, 0.0303095)
fea3411c847e6627afb5e78b88e2e9af	-5.205839920000005	-0.04685078208000002	0.1319955727723228	0.010947137471408741	(-5.43703, -4.95722)	(-0.0666805, -0.0265776)
8bb5ff097e0707dca3fe5860af20f4a6	-6.879902020000015	0.015929873122345006	0.11346024438286562	0.01042713324026121	(-7.10923, -6.6779)	(-0.00330918, 0.0352521)
bda6b6e7da7508c68057140e7bd6cd8d	-6.319741774999991	0.009494931539279989	0.1272276901413343	0.011675412470466011	(-6.55227, -6.07)	(-0.0110445, 0.0322798)
1a5526b9f7147b6893f1a034a107cc65	-9.603517244999987	-0.026762768036499945	0.16257376974641377	0.015338063192769046	(-9.87144, -9.26588)	(-0.056243, 0.00157534)
97f26830027d30dfbd60b54895af0660	-9.420187034999998	0.03304335964750002	0.16759512280510663	0.015157605216735833	(-9.72826, -9.1087)	(0.00467042, 0.059387)
d061a99148d649c4eca4836c5f4b5b68	-4.627834149999998	-0.006368331920549989	0.07196880172600832	0.006347087774848802	(-4.76893, -4.49859)	(-0.0179233, 0.00528615)
f9f5f08e8da4cc9740518223846563db	-8.561614429999993	0.00953166138031498	0.21300208008391633	0.01990505043601716	(-8.95733, -8.16204)	(-0.0257669, 0.0464015)
40c85a458df8d5a935122ba778d4f334	-5.336313019999993	-0.009827057609864992	0.17265186559976578	0.014983756041228207	(-5.65132, -5.02115)	(-0.0364822, 0.0165485)
7ebc04cb539befd9f2e7faa131628c66	-8.269121194999995	-0.004621748503439998	0.12178659940946691	0.011281749330600395	(-8.49783, -8.04604)	(-0.0258952, 0.0167186)
f7ef98bb6d0061b9368a72b1ff40aad0	-8.597126399999993	-0.02986072849299999	0.16840606242603015	0.014618627267812203	(-8.92178, -8.30123)	(-0.0564396, -0.00195359)
362b97b08074732371b6e76cd1a894e1	-7.508115789999998	0.042194824572449975	0.3553841339276077	0.033600101525711044	(-8.11321, -6.78109)	(-0.0187705, 0.106679)
2fad39e365933a7f925040cb3c2a5ef8	-6.274189415000002	0.017729891749250024	0.20863962646273074	0.019150225841264846	(-6.65586, -5.90651)	(-0.0161534, 0.0521289)
4c855814a58f4f324e8f0cfaab222e1f	-8.442910145	-0.038860943645999915	0.19536914858474683	0.0175663047012502	(-8.82218, -8.09)	(-0.0700337, -0.00375321)
2f61368750bbc7603f01c928568e7ad3	-7.133510665000012	0.01614588055885	0.09630002126743153	0.008750320161871952	(-7.31659, -6.95574)	(-0.00204318, 0.0313042)
599ba6458e91e2527f358f547ea39261	-4.161824504999999	-0.007047728890500013	0.053668756623895954	0.004701237741722796	(-4.26715, -4.05809)	(-0.0154921, 0.00208674)
4b548f1f6fc22f32237396b7d4ffee6e	-7.467775144999987	-0.017261308547800027	0.0716179580592673	0.00623136858710748	(-7.59566, -7.32656)	(-0.0292342, -0.00593762)
eb3543a838a705addef1d704eda7cad3	-7.921230215000002	-0.012142900175699991	0.18539939064868524	0.015697329940328113	(-8.23617, -7.56111)	(-0.0380686, 0.0184607)
2281740c4ae82360612b5bc7e9538337	-6.375596165	-0.009441443999450004	0.1585470483879873	0.013998170706280955	(-6.67803, -6.0921)	(-0.0336823, 0.0173384)
96936173022b85940115c9ea103505bd	-8.31088643	0.01734689016319997	0.13492724254780836	0.012355155269846707	(-8.5775, -8.06334)	(-0.0052555, 0.0412849)
f45b62ab6ec22fb20364a7e05088158f	-7.712134914999988	0.045312272035349994	0.21724889471846054	0.02035167707436027	(-8.16647, -7.34256)	(0.0102471, 0.0861343)
c16907f7272c334959e9f980842194cf	-7.901559954999995	-0.019578706229400028	0.23508881017532074	0.021462300772409796	(-8.37499, -7.47658)	(-0.0602314, 0.021662)
266c2a374ca451985731e1e1b5961bd2	-8.970201894999986	0.05745219734	0.19144143494280186	0.017993864712947234	(-9.3062, -8.58981)	(0.0240339, 0.0905988)
2ad8a4ebf774763b765f4ab5b516ff21	-9.118457184999997	-0.027201675740999996	0.19879949268905525	0.01873760403140544	(-9.49844, -8.75154)	(-0.0626975, 0.00716206)
f12011ad5219b22b6ca790103333a755	-9.06009314000001	-0.010509340633769987	0.10919499403242076	0.010006913102507158	(-9.26629, -8.86352)	(-0.0295952, 0.00821177)
b9fefd4224e459a6a0d21db63b1c0d03	-8.904738434999981	-0.0026280513249049985	0.17260148107157378	0.01473917754565561	(-9.21519, -8.60138)	(-0.0291824, 0.024278)
0cc2420a6a4698f8bf664d50b17d26b4	-5.903609205000015	-0.0301315166835	0.10194594533927274	0.008746032653484425	(-6.09132, -5.71569)	(-0.0454691, -0.013805)
33f9226b33e1f59f71edc044bb947764	-4.320991379999998	0.0009282703875000013	0.19413767273688948	0.01769900827219036	(-4.67539, -3.95676)	(-0.0320477, 0.0323397)
b4ef8e75d847b17325effd2f3873cc9c	-7.519292140000002	0.010285712019249979	0.18508083686735463	0.016578839278651593	(-7.88336, -7.19714)	(-0.0207499, 0.0401538)
8ffd2b3caa54b2922e98a0d5aab5adde	-6.782250444999999	-0.02240878754610001	0.14534631375666876	0.012782861253895854	(-7.02645, -6.49752)	(-0.0478422, 0.00036606)
42608e863ede290f764f14c074e8e4fb	-8.871774765000001	-0.01320651726106001	0.12557001750754349	0.011103661136739485	(-9.0918, -8.62468)	(-0.036353, 0.00519546)
2a8a90cd5770804a5f23f425004de7e5	-6.481704130000008	0.01855856661799498	0.2979260395724799	0.02766882303111802	(-6.99442, -5.92332)	(-0.0299673, 0.0686966)
f19fa34c0c987ab3bd8aa42d8a4d21ec	-9.009174545	0.007988993875110002	0.14210946204244454	0.012940628559091415	(-9.26287, -8.73406)	(-0.0144485, 0.0332714)
340a5698fe78713b785c3bcce89df73b	-8.315052989999995	-0.020979478653299997	0.13332534518935202	0.011953109879892865	(-8.56771, -8.07951)	(-0.0418662, 0.00223278)
376917760e5aa918592416e980809536	-5.771319149999988	-0.018535754524153836	0.19970251259905952	0.017480724593786294	(-6.13363, -5.36918)	(-0.0488876, 0.0144196)
589c1370b3324a2d6cff6d1ff85341d1	-7.5704586549999995	-0.017054290162049998	0.2394334551010803	0.022460441273419663	(-8.00172, -7.07927)	(-0.0592198, 0.0251104)
e5a43b018c81cedd19e9a5354d32d469	-6.434313864999993	0.002010850418658498	0.23121016650076573	0.02154086452118799	(-6.85909, -5.99708)	(-0.0334969, 0.0444799)
f4dfb45b33372cdc0dc2fd20c0d0b448	-8.34180231999999	0.0129298624079	0.2202152348930875	0.019421033230187394	(-8.81943, -7.97678)	(-0.0181092, 0.0518131)
e1b3393309a8b247e0c358c26176d13c	-6.7410106349999985	0.0029143872441850056	0.072392121356863	0.006240272741516975	(-6.88971, -6.62022)	(-0.00818782, 0.0150024)
b47757a69204f053308f7f5f0022edab	-7.709410715000001	0.0008317681183600001	0.15311050982489355	0.013687327041142115	(-7.98266, -7.40543)	(-0.0246224, 0.0272111)
03569e3fd843f501355f7853b0ec9361	-6.293666465000014	0.0013808266237500017	0.14337847290808262	0.01293930737726258	(-6.55804, -6.02322)	(-0.0228787, 0.0254586)
25e04b2be57def00437d44ab461e8773	-8.002422134999994	0.016055793916450012	0.34262688877712427	0.03301297041995101	(-8.65684, -7.36884)	(-0.0488471, 0.0749725)
4d04d759f5a6615dac43060726239891	-5.611778859999998	0.02907486019104999	0.16473264808106614	0.015408399114818616	(-5.91695, -5.30732)	(0.000832934, 0.0582206)
237135dc8b20f922cabee934f7d410a1	-6.653827035000002	0.006019443940000008	0.1611170211162024	0.014550991102924597	(-6.9653, -6.36098)	(-0.019024, 0.0353253)
9dd9cefe38347b087dd318d82962cc03	-5.859477935000005	0.008855712760149988	0.1233049564923722	0.011124567055232883	(-6.07606, -5.61541)	(-0.0123881, 0.0287691)
c764eda12e92f19526c7e5a78a38c615	-9.812478569999993	-0.006577233915594998	0.18900010559323793	0.017342958273109776	(-10.1784, -9.47717)	(-0.0371657, 0.0263684)
6fc765c81c8b663cedcd799094894748	-8.896633755000007	0.018370768168433003	0.21350231740159165	0.019760187837977696	(-9.29321, -8.48433)	(-0.0179783, 0.0568973)
1a389bf765c8ff0f92600f684fbe7ad7	-6.01010702	0.012586897635250015	0.1454934214860576	0.013468713419428267	(-6.29951, -5.74798)	(-0.0106171, 0.0392438)
b0645cbec7653c887cb868a248d95874	-3.789397814999998	1.4730464990000188e-05	0.08061170257646083	0.007202164473942379	(-3.94907, -3.6495)	(-0.0126048, 0.0143956)
d6c46ad81c01997055a3b713c0d5ee1b	-6.520548304999991	0.012363968537400015	0.20577362761436907	0.01853044473220009	(-6.90832, -6.14746)	(-0.0197283, 0.0475437)
fe2a1f2b6f247658881254d63fd68b74	-5.860656525000012	-0.01654613726559998	0.19574300252850507	0.016938643467119	(-6.21997, -5.50169)	(-0.0485852, 0.0138862)
89aabf43d24dd5bd0fd0f5aca189d341	-5.283010279999995	0.0008434809668814997	0.041659915151397005	0.003481130632051145	(-5.35815, -5.20144)	(-0.00611098, 0.00706848)
2ae8a432208b85a14e86eb821c86ce2b	-4.322736669999994	0.001984949484804996	0.08834980550748878	0.007915984748819741	(-4.48381, -4.15772)	(-0.012616, 0.0164121)
f596fa835cdfdb22d6494b012f61fff2	-5.728130570000002	0.005585573987699997	0.1074449081751904	0.009887833659896476	(-5.92423, -5.52295)	(-0.0124711, 0.0249557)
f7895578be91c3e9c71c7b89e3e798db	-8.47976852	-0.04231029744249997	0.26433931185241755	0.024915718603725306	(-8.99365, -7.99115)	(-0.0856661, 0.00863938)
8b40296c81e6ffbc10306d4a2ccab530	-9.502329544999995	0.008869784249299984	0.0986700971994199	0.008450513333385309	(-9.67183, -9.31741)	(-0.00581982, 0.0248721)
40a6b537d995aeb12b0100e2cb6ad879	-7.114177980000007	0.0005900497231050002	0.11179237975022982	0.009744069104419321	(-7.30817, -6.89813)	(-0.0166198, 0.0193711)
9ac5fec396208e598ab2e2d26985d0df	-7.943533169999998	-0.01955510265100003	0.07342263170066225	0.006527996208146064	(-8.0743, -7.80341)	(-0.0314545, -0.00718265)
19cb3add28813b2bf3e1f40a000d33c2	-4.54034649000001	0.012313889108873243	0.12228116577780854	0.010923937504291312	(-4.77468, -4.3162)	(-0.00592721, 0.0350087)
686d42b9552375c3b61301ae5605e3a2	-7.035660329999996	0.05240722845949994	0.26317895769740224	0.0245723285923399	(-7.53947, -6.57714)	(0.00570028, 0.094794)
51625f89e7332f46ab0641e10cede6ea	-7.98845338	0.05488602819879997	0.31622267832332296	0.030138987186726994	(-8.60907, -7.41633)	(-0.00106863, 0.113817)
ddd87ec4b9d332c2d8c02f5d1b08dbb4	-7.4364224649999935	-0.0013023844210149993	0.0840471939024365	0.007159849402488794	(-7.60762, -7.28467)	(-0.0141715, 0.0122235)
588a23811b3e98af68f4f0fb24a0daa8	-5.494232004999999	0.0028218895774099993	0.1459742850478466	0.013089638961332336	(-5.74715, -5.21313)	(-0.0203524, 0.0283432)
7c82a2ef7685c5c6dc3080f56033cee9	-9.385041739999993	0.046422471898499885	0.24353268435873746	0.023069706325098593	(-9.84972, -8.95286)	(0.0050367, 0.0896625)
b835514e2678e3c7ba13bfe0a0d79bb4	-8.646575899999993	0.011104244353139999	0.22489732105627663	0.02119208018460146	(-9.04189, -8.19091)	(-0.0268141, 0.0514262)
c162a4f3943238810eba8a25f0563cca	-5.184329299999992	-0.009089171295500006	0.08604046219605042	0.007638249764909577	(-5.34099, -5.01958)	(-0.0225224, 0.005778)
5b00db3216a94bcd5c4842499bf6bf6e	-7.950180425000008	-0.0004707396316210007	0.11856531238296196	0.010898111361757886	(-8.1624, -7.71901)	(-0.0213208, 0.0192911)
beef5a54aaee13f217ecede427cb3071	-7.722649394999994	0.011322095014249975	0.22513267900747777	0.02108133069293092	(-8.14888, -7.32266)	(-0.0254902, 0.051616)
f7686a74ca2d3729eb66305e8a26309b	-3.609701130000001	-0.012502608503500007	0.047817793999965115	0.004040791279533692	(-3.69687, -3.52244)	(-0.0196696, -0.00491357)
5ca5ea401c8d3569e69626d2f81d5578	-5.905143319999991	-0.00704961018304999	0.22105299983121132	0.019872568089483306	(-6.32787, -5.49827)	(-0.0413763, 0.0288616)
b6d740387526e21887b761f90fbc914a	-8.079804549999999	-0.04039208457199993	0.16389243219440455	0.014697647222786098	(-8.3992, -7.78807)	(-0.0698272, -0.0130359)
5e69d50b5a886d1b222f36de84a9dc98	-8.844604289999978	-0.03885283460610007	0.2290576680117823	0.02153053927605457	(-9.31232, -8.43487)	(-0.0814751, 0.00133646)
208c8722c4dd18b60b2b2684272ff26c	-8.71705645	0.03240822545420003	0.25879519487424296	0.02399661239262332	(-9.19263, -8.23082)	(-0.0102743, 0.0765473)
95fb1be2ae50b6d347649ea76c2a1874	-9.255040505000013	0.023883198767149973	0.15982916809642417	0.014511414542375069	(-9.57462, -8.97514)	(-0.00171282, 0.0524143)
ea2b0e4a93c24c6c3661cbe347f93b74	-4.2850947349999995	-0.009039366299599989	0.08668866925803954	0.007878744124260642	(-4.45601, -4.13366)	(-0.023711, 0.00643596)
04b5dd98584b9ead93ed64c586994296	-7.824306449999999	0.007703715351074987	0.12978157224351042	0.011785799534482859	(-8.04907, -7.56972)	(-0.0145091, 0.02912)
ec6c9ea52e88226c339487585ea02f42	-5.854282294999999	0.03535521515349999	0.16861524348463575	0.015967625973641333	(-6.15505, -5.53657)	(0.00517476, 0.0643081)
4ce0afbaae4138f34580aa9f62b7a0fd	-8.606809829999998	0.017280106720150026	0.21743776266226414	0.020368172969515128	(-9.00854, -8.21971)	(-0.0205094, 0.055505)
f655279fdb3e9fe733677c83df662486	-9.044803375000011	0.04150898580000007	0.1432477111135093	0.0131475741886844	(-9.31731, -8.77327)	(0.019053, 0.0687168)
