Feature	Intercept_mean	fiber_eaten_mean	Intercept_std	fiber_eaten_std	Intercept_hdi	fiber_eaten_hdi	lower	upper	credible
74923f4bbde849e27fc4eda25d757e2a	-5.762677125	-0.117512539	0.366400593	0.014628067	"(-6.44416, -5.06365)"	"(-0.146012, -0.0915405)"	0.028499461	0.025972039	yes
2a13ecb6c618ddf8154298c69336dd8e	-6.44713217	-0.08861597	0.408107553	0.015749517	"(-7.18997, -5.69567)"	"(-0.117664, -0.0598044)"	0.02904803	0.02881157	yes
949af2c28ba6c0345ae58b9aed00a2c0	-5.78686764	-0.073042242	0.401330486	0.015380804	"(-6.54247, -5.03868)"	"(-0.101067, -0.0431706)"	0.028024758	0.029871642	yes
fea3411c847e6627afb5e78b88e2e9af	-3.981936045	-0.071309719	0.229479666	0.008637011	"(-4.43459, -3.58992)"	"(-0.0876485, -0.05526)"	0.016338781	0.016049719	yes
f7ef98bb6d0061b9368a72b1ff40aad0	-7.24940092	-0.070055016	0.318045123	0.01231664	"(-7.84533, -6.64355)"	"(-0.093411, -0.0467795)"	0.023355984	0.023275516	yes
c4e57b91cc2be5a2232b3612abdf4c0c	-6.443074955	-0.069738538	0.3882905	0.014834345	"(-7.17281, -5.73035)"	"(-0.0990991, -0.0436139)"	0.029360562	0.026124638	yes
9d4e16844252e2dfbaf80a4a6fc4d55d	-7.87983975	-0.069592642	0.274193634	0.011030899	"(-8.40015, -7.36083)"	"(-0.0904755, -0.0484222)"	0.020882858	0.021170442	yes
b6d740387526e21887b761f90fbc914a	-6.889889685	-0.067069427	0.269713133	0.010379779	"(-7.41486, -6.38415)"	"(-0.0875267, -0.0479748)"	0.020457273	0.019094627	yes
4c855814a58f4f324e8f0cfaab222e1f	-7.28158532	-0.064148305	0.405179347	0.015660498	"(-7.9817, -6.44983)"	"(-0.0961108, -0.0369548)"	0.031962495	0.027193505	yes
514b34f09e4acd2397d38273c630d338	-7.292630095	-0.052424255	0.308034861	0.012034434	"(-7.87939, -6.733)"	"(-0.07482, -0.0303262)"	0.022395745	0.022098055	yes
a167e4d4418792dcaba877443ed0e66d	-7.47139467	-0.046803416	0.31794899	0.012084018	"(-8.01184, -6.84277)"	"(-0.0686393, -0.0238964)"	0.021835884	0.022907016	yes
a186bb74dfce512f83043f7b366c60c4	-5.276242125	-0.044469479	0.452514118	0.017264081	"(-6.11866, -4.40684)"	"(-0.0782504, -0.0126965)"	0.033780921	0.031772979	yes
04195686f2b70585790ec75320de0d6f	-4.831082445	-0.042908732	0.296449522	0.011424688	"(-5.35791, -4.2698)"	"(-0.0637104, -0.021856)"	0.020801668	0.021052732	yes
2a99ec1157a90661db7ff643b82f1914	-5.418220735	-0.041666241	0.365659075	0.013650895	"(-6.06116, -4.69402)"	"(-0.0678388, -0.0173646)"	0.026172559	0.024301641	yes
2480f3aa1e7784b461d9b5b83a6bfc81	-6.97321067	-0.039280891	0.261638883	0.010002972	"(-7.45701, -6.47541)"	"(-0.0583595, -0.0208317)"	0.019078609	0.018449191	yes
1a5526b9f7147b6893f1a034a107cc65	-8.93848205	-0.037889649	0.265000006	0.010436465	"(-9.41836, -8.44)"	"(-0.058373, -0.0191724)"	0.020483351	0.018717249	yes
86deb5cf8d6f29d383136e0d09863b69	-9.09501863	-0.037169352	0.262580798	0.010429782	"(-9.59303, -8.6009)"	"(-0.054849, -0.0154012)"	0.017679648	0.021768152	yes
2ab8310e1e510f8045c7f4d191fa36be	-8.16852993	-0.036645909	0.357384336	0.013824218	"(-8.80986, -7.51973)"	"(-0.0626781, -0.0125028)"	0.026032191	0.024143109	yes
c5e3c5422835403541b0af331a2cc649	-7.72649907	-0.036091777	0.207512296	0.007686241	"(-8.09472, -7.33006)"	"(-0.0499805, -0.0210958)"	0.013888723	0.014995977	yes
90c2b51afe404951ec89bd52c7ae1f58	-8.128137355	-0.034645343	0.397527415	0.015518994	"(-8.86405, -7.37839)"	"(-0.0661005, -0.00788987)"	0.031455157	0.026755473	yes
370829fece3190f1a8efccf50b7d0921	-6.84382551	-0.034259517	0.155584939	0.005829765	"(-7.12603, -6.54684)"	"(-0.0461205, -0.0241961)"	0.011860983	0.010063417	yes
fe2a1f2b6f247658881254d63fd68b74	-5.225100135	-0.032638879	0.351046603	0.013478286	"(-5.86089, -4.52401)"	"(-0.0573447, -0.00651083)"	0.024705821	0.026128049	yes
9099a7f671b923c7b07c12508f17270a	-7.33196159	-0.031382717	0.197624634	0.007628424	"(-7.68304, -6.93009)"	"(-0.0460967, -0.0169154)"	0.014713983	0.014467317	yes
1ef782a559e3e0a4ab42516e0a2c828f	-7.86269007	-0.030402893	0.221248146	0.008284263	"(-8.26094, -7.42912)"	"(-0.0466362, -0.0156605)"	0.016233307	0.014742393	yes
9ac5fec396208e598ab2e2d26985d0df	-7.426419195	-0.028902051	0.12646093	0.004887893	"(-7.65718, -7.19905)"	"(-0.0380487, -0.0202989)"	0.009146649	0.008603151	yes
5e69d50b5a886d1b222f36de84a9dc98	-8.52443073	-0.028563921	0.270923536	0.010306805	"(-9.04581, -8.00731)"	"(-0.0486779, -0.00993257)"	0.020113979	0.018631351	yes
7efeb75fc542932a033b37b887994dc8	-7.6231254	-0.027778731	0.212680015	0.007749353	"(-8.04828, -7.2366)"	"(-0.0431322, -0.0140764)"	0.015353469	0.013702331	yes
bfb7bb16ab570748b3a5d099e9426af1	-7.71527197	-0.027335275	0.151256355	0.00582676	"(-7.98022, -7.41623)"	"(-0.0384326, -0.0162264)"	0.011097325	0.011108875	yes
3f38509af22157cdcb4006457529d25e	-8.22762241	-0.026835389	0.211964868	0.008005585	"(-8.61499, -7.83623)"	"(-0.0423795, -0.0126584)"	0.015544111	0.014176989	yes
4b548f1f6fc22f32237396b7d4ffee6e	-6.977416625	-0.026759763	0.133602314	0.005109406	"(-7.22075, -6.72175)"	"(-0.0360262, -0.0169845)"	0.009266437	0.009775263	yes
d9b76ee51ff2b6961430bf352cc578f2	-8.85519458	-0.026039285	0.236475749	0.00918855	"(-9.28838, -8.40129)"	"(-0.0427684, -0.00844853)"	0.016729115	0.017590755	yes
ccee9fc92f4182805278384a02a4d7d3	-9.092971265	-0.025944184	0.222905808	0.008626704	"(-9.54254, -8.6997)"	"(-0.0421794, -0.00954977)"	0.016235216	0.016394414	yes
a66dd8d31584930c2b0f811f572dddcf	-6.209240745	-0.02533295	0.220219381	0.008345588	"(-6.64173, -5.80004)"	"(-0.0416138, -0.0104362)"	0.01628085	0.01489675	yes
481e48328fe7a9837c7233de8f60fc23	-8.55700206	-0.025023205	0.247657749	0.009518206	"(-9.03894, -8.10406)"	"(-0.0423527, -0.00643076)"	0.017329495	0.018592445	yes
399bcf0feb12a20ca0731d8d65268dae	-5.72930678	-0.022886178	0.225362365	0.00859304	"(-6.16408, -5.30598)"	"(-0.038276, -0.00614599)"	0.015389822	0.016740188	yes
c82032c40c98975f71892e4be561c87a	-6.491799785	-0.022581108	0.101476924	0.003786664	"(-6.67847, -6.30982)"	"(-0.029267, -0.0156495)"	0.006685892	0.006931608	yes
c942f59feffce9c3ab527135de234101	-4.688663985	-0.021983545	0.158370774	0.006038934	"(-4.98716, -4.41442)"	"(-0.0333145, -0.0109282)"	0.011330955	0.011055345	yes
322498f1025a569812be6e3fe4f63ff7	-7.39996856	-0.021397327	0.302770849	0.01163809	"(-7.936, -6.82818)"	"(-0.0443829, -0.00189135)"	0.022985573	0.019505977	yes
ef6752ce31dcb9e16b1155bbaa1a268d	-8.259669075	-0.021325936	0.29854331	0.011492329	"(-8.78211, -7.65337)"	"(-0.0434922, -0.000514449)"	0.022166264	0.020811487	yes
457d3865cf0a4bc602a07d8d5324388f	-8.13288202	-0.021324133	0.203628438	0.007428671	"(-8.51359, -7.75565)"	"(-0.0351256, -0.00672065)"	0.013801467	0.014603483	yes
3af2ddaf4af4b5ae4100439a9c3d4099	-8.439976475	-0.021086038	0.174071786	0.006682822	"(-8.77511, -8.12771)"	"(-0.0328711, -0.00762763)"	0.011785062	0.013458408	yes
8720f9ecd2331ce68e2896df1bf2d977	-3.17917074	-0.020094415	0.138663405	0.005176934	"(-3.43229, -2.92536)"	"(-0.0298166, -0.0110472)"	0.009722185	0.009047215	yes
0b05a2e48cdc5f9e766bb0f4c209d4b4	-8.28644586	-0.019565986	0.147573753	0.005661935	"(-8.5597, -8.01672)"	"(-0.0301337, -0.00898896)"	0.010567714	0.010577026	yes
24ef07664cfa04a819d7797a89e653b6	-9.072990585	-0.01889082	0.257155443	0.009835479	"(-9.53553, -8.60363)"	"(-0.0360496, -0.000130562)"	0.01715878	0.018760258	yes
4311a44a7d56ce4086afad3e75bedd6e	-7.67220589	-0.018787764	0.174953002	0.006592088	"(-7.99642, -7.34515)"	"(-0.0319293, -0.00716561)"	0.013141536	0.011622154	yes
9ad89cc951aa3031c19c59c95e401614	-9.201477785	-0.018436001	0.22521017	0.008549924	"(-9.59935, -8.76129)"	"(-0.0346103, -0.00271953)"	0.016174299	0.015716471	yes
bd0f4e14387ee1ac7e5fe586cadbbed4	-8.437802515	-0.018103209	0.148840022	0.00577626	"(-8.74174, -8.18177)"	"(-0.0302184, -0.0084447)"	0.012115191	0.009658509	yes
b1f2146bef78066448576fceeb6b644b	-4.221586335	-0.017159957	0.119053589	0.004319558	"(-4.44502, -4.00853)"	"(-0.0249244, -0.00915753)"	0.007764443	0.008002427	yes
e2c3ff4f647112723741aa72087f1bfa	-2.882925945	-0.016934506	0.162016787	0.006162826	"(-3.1889, -2.57299)"	"(-0.0291897, -0.00599006)"	0.012255194	0.010944446	yes
04c8be5a3a6ba2d70446812e99318905	-5.57899168	-0.01634257	0.155877352	0.005886228	"(-5.8687, -5.29556)"	"(-0.027494, -0.00554959)"	0.01115143	0.01079298	yes
6509bd0f539df985ac2f40c335cdb999	-9.12668403	0.023845012	0.262234068	0.009907563	"(-9.60558, -8.6345)"	"(0.00492478, 0.0416208)"	0.018920232	0.017775788	yes
f655279fdb3e9fe733677c83df662486	-9.23660133	0.024090439	0.193263776	0.007302757	"(-9.58839, -8.86111)"	"(0.0106029, 0.0378792)"	0.013487539	0.013788761	yes
3e15d94435169ddada1e508dd8b83a55	-8.694814815	0.024294622	0.230220508	0.008624207	"(-9.14613, -8.28983)"	"(0.00865251, 0.0412206)"	0.015642112	0.016925978	yes
8507091bac6b1be88f3d360d6d535d0e	-8.69125911	0.024328241	0.146358426	0.005549071	"(-8.95467, -8.42558)"	"(0.013974, 0.0341507)"	0.010354241	0.009822459	yes
4ce0afbaae4138f34580aa9f62b7a0fd	-9.05963114	0.024358472	0.307170425	0.011806299	"(-9.61203, -8.50456)"	"(0.00366187, 0.0471135)"	0.020696602	0.022755028	yes
aa3e2d76e864d7909b51110e211ef36c	-9.419785495	0.024374682	0.322416037	0.012187885	"(-10.0007, -8.82564)"	"(0.00398744, 0.0484596)"	0.020387242	0.024084918	yes
5860dac317300b1fe6094e958240cc7f	-8.270945005	0.024737305	0.146039244	0.005638891	"(-8.52585, -7.99418)"	"(0.0146178, 0.0357486)"	0.010119505	0.011011295	yes
ea3af29626a95b6c7b89d631bf1a739c	-6.01653324	0.024960657	0.188958743	0.007255057	"(-6.37989, -5.65894)"	"(0.0122463, 0.0393715)"	0.012714357	0.014410843	yes
90104f2fbcc925a6619e805c7a625c57	-9.20938675	0.025544747	0.314705426	0.012097208	"(-9.77527, -8.59975)"	"(0.00424599, 0.049626)"	0.021298757	0.024081253	yes
8ffd2b3caa54b2922e98a0d5aab5adde	-7.656982545	0.025729699	0.289858241	0.011153372	"(-8.21686, -7.14697)"	"(0.00467054, 0.0458547)"	0.021059159	0.020125001	yes
ebab7cfc7858bfb00c486bba21d6ca6d	-6.3192941	0.026284256	0.240630469	0.009257179	"(-6.77373, -5.87334)"	"(0.00787329, 0.0420054)"	0.018410966	0.015721144	yes
e91f1c5b67ffecb5ca3ca3b393a50f00	-5.31089823	0.026390955	0.259002141	0.009890047	"(-5.77474, -4.81562)"	"(0.00775351, 0.0440244)"	0.018637445	0.017633445	yes
828c563319c7cee475b9b8ab6a0a048b	-8.113298185	0.026591384	0.15037211	0.005773433	"(-8.35283, -7.78232)"	"(0.0152291, 0.0368876)"	0.011362284	0.010296216	yes
79d5bee84cddbb27acb4dd7df378c789	-7.99437427	0.027082026	0.272924851	0.010432729	"(-8.47684, -7.45945)"	"(0.00951929, 0.0487084)"	0.017562736	0.021626374	yes
f9f5f08e8da4cc9740518223846563db	-9.170655055	0.027306927	0.297161784	0.011389089	"(-9.72518, -8.60007)"	"(0.00595354, 0.048678)"	0.021353387	0.021371073	yes
97f26830027d30dfbd60b54895af0660	-9.79281039	0.027547175	0.257661039	0.009818901	"(-10.2751, -9.33134)"	"(0.0104016, 0.0467109)"	0.017145575	0.019163725	yes
25f9cac7332bfbe3973f03bae0ee15cc	-10.22575707	0.028507348	0.231832033	0.008626354	"(-10.6513, -9.77342)"	"(0.011743, 0.0438978)"	0.016764348	0.015390452	yes
e82ab12c51a893c6d7938a16632199a8	-8.28322758	0.02881538	0.417155105	0.016164051	"(-9.05829, -7.49877)"	"(0.00130102, 0.0600252)"	0.02751436	0.03120982	yes
ccce7fe8aa849bed027f6898300e0c45	-9.3304639	0.028891267	0.273340059	0.010427662	"(-9.83301, -8.80832)"	"(0.00833815, 0.048133)"	0.020553117	0.019241733	yes
4973330392dab23937c67af9843e5359	-8.785181515	0.029160136	0.219188488	0.008327238	"(-9.22131, -8.41424)"	"(0.0150723, 0.0459436)"	0.014087836	0.016783464	yes
810926a593979f3574e3bbe7defd3559	-10.19251061	0.02980278	0.325316073	0.012430826	"(-10.8096, -9.61046)"	"(0.00872233, 0.0540037)"	0.02108045	0.02420092	yes
77f4d90aa6eb8080927f59ee8bbac375	-9.981469515	0.03117354	0.164450126	0.00620288	"(-10.3135, -9.69646)"	"(0.020015, 0.0429834)"	0.01115854	0.01180986	yes
96169c3701e79f42346c41eb7b5bf2af	-10.26660835	0.031271046	0.269835167	0.010239894	"(-10.785, -9.76455)"	"(0.0109647, 0.0493215)"	0.020306346	0.018050454	yes
266c2a374ca451985731e1e1b5961bd2	-9.191693915	0.031323929	0.249156382	0.009356116	"(-9.66359, -8.73244)"	"(0.0136174, 0.0484944)"	0.017706529	0.017170471	yes
69d052e452e79d571cba042af265d50c	-5.927648545	0.031641793	0.341009864	0.012933849	"(-6.56327, -5.29173)"	"(0.00658967, 0.0546086)"	0.025052123	0.022966807	yes
8a20667bca2eaf2a0687995af876a84c	-7.46601404	0.032016005	0.388226395	0.014902764	"(-8.21311, -6.75602)"	"(0.00415615, 0.0593585)"	0.027859855	0.027342495	yes
8f5959f21dc9ce9a281656f8d699ec07	-7.696442125	0.032556997	0.238604394	0.00913895	"(-8.15963, -7.27008)"	"(0.0149232, 0.0490191)"	0.017633797	0.016462103	yes
913d55d109820d0f3fad120be103c64f	-9.219919765	0.032597308	0.280677396	0.010730796	"(-9.78046, -8.72548)"	"(0.0128636, 0.052456)"	0.019733708	0.019858692	yes
96936173022b85940115c9ea103505bd	-9.01079617	0.033599748	0.216685975	0.008288556	"(-9.43222, -8.6265)"	"(0.018835, 0.0495741)"	0.014764748	0.015974352	yes
4ed55370307d6700d110b6d3f1196136	-8.552681715	0.034442071	0.481619298	0.018411428	"(-9.45691, -7.69323)"	"(0.00139726, 0.0697522)"	0.033044811	0.035310129	yes
41df3b4c55182503ecd97c6dbe47966a	-7.604036325	0.034504026	0.171169945	0.006577599	"(-7.90078, -7.2527)"	"(0.0225882, 0.0472829)"	0.011915826	0.012778874	yes
25e04b2be57def00437d44ab461e8773	-8.777382655	0.035471193	0.340566968	0.012950478	"(-9.41783, -8.16344)"	"(0.0130418, 0.0610915)"	0.022429393	0.025620307	yes
1a389bf765c8ff0f92600f684fbe7ad7	-6.825410065	0.036169264	0.23500387	0.008953456	"(-7.29461, -6.42119)"	"(0.0208073, 0.0541947)"	0.015361964	0.018025436	yes
b10627ff6db16c65eed2f21380dd700f	-7.063207375	0.036433106	0.415506682	0.015810435	"(-7.8345, -6.294)"	"(0.00524685, 0.0641023)"	0.031186256	0.027669194	yes
e9d9bafcf863ec0908ce4e20e6386ff9	-10.44231898	0.037115086	0.225312837	0.008410017	"(-10.8368, -9.99865)"	"(0.0213725, 0.052847)"	0.015742586	0.015731914	yes
6d8fe4ac153ead767024e041ff1f0ec6	-9.313527005	0.037832083	0.423731289	0.016431134	"(-10.0792, -8.49913)"	"(0.00705483, 0.0672084)"	0.030777253	0.029376317	yes
55d4d3011e1f3bb8e4e5089b801b61a4	-10.46038432	0.039532192	0.292944551	0.011077934	"(-10.9788, -9.86309)"	"(0.0201398, 0.0612487)"	0.019392392	0.021716508	yes
6c83fec6e8d03fad51eabc871853c991	-9.449083825	0.040631257	0.305032126	0.011675476	"(-9.98621, -8.82888)"	"(0.0181719, 0.061013)"	0.022459357	0.020381743	yes
9c25197937d1f54e2634026fbca6b55f	-8.119360915	0.040957003	0.444907542	0.017058161	"(-8.93346, -7.2781)"	"(0.00972001, 0.0726799)"	0.031236993	0.031722897	yes
68ee181a51a55ca3814763c9214cfd8a	-9.78441985	0.042232402	0.247246674	0.009461009	"(-10.2618, -9.34929)"	"(0.0260822, 0.0612254)"	0.016150202	0.018992998	yes
c8fce068920feb387167d44c01689295	-7.47878542	0.042975828	0.314589551	0.012034658	"(-8.01121, -6.85659)"	"(0.0193291, 0.0644407)"	0.023646728	0.021464872	yes
686d42b9552375c3b61301ae5605e3a2	-7.630788355	0.043299805	0.349395529	0.013268193	"(-8.27734, -6.97068)"	"(0.0147215, 0.065407)"	0.028578305	0.022107195	yes
30c16856bd5bae4cd2f1182341b30ffc	-10.2299527	0.044096107	0.298613508	0.011291857	"(-10.7662, -9.68218)"	"(0.0237991, 0.0646276)"	0.020297007	0.020531493	yes
f45b62ab6ec22fb20364a7e05088158f	-8.425958035	0.044578146	0.300769624	0.01140977	"(-8.96221, -7.84599)"	"(0.0249703, 0.0673131)"	0.019607846	0.022734954	yes
1243750138937650754b619370565800	-7.372203455	0.047551065	0.280636679	0.010762852	"(-7.92927, -6.86541)"	"(0.0289011, 0.0703523)"	0.018649965	0.022801235	yes
cebcb0fe524fb1cf0bfb5463ae228bed	-10.15938407	0.050733789	0.287329907	0.010927125	"(-10.7242, -9.65225)"	"(0.0314879, 0.071779)"	0.019245889	0.021045211	yes
b423592b0ae631882095792b27729b9c	-10.14956559	0.052522272	0.368598688	0.014090147	"(-10.8083, -9.42525)"	"(0.0258644, 0.0783068)"	0.026657872	0.025784528	yes
3bff9ab82e7f2a76cc22e687ac7b72fd	-8.161317165	0.054200495	0.382182575	0.014498849	"(-8.82395, -7.42756)"	"(0.02721, 0.0810105)"	0.026990495	0.026810005	yes
1986030e3c5cd5df6d869054bc96e536	-9.25713402	0.05564066	0.277526198	0.010553654	"(-9.78416, -8.74416)"	"(0.0359202, 0.0752525)"	0.01972046	0.01961184	yes
51625f89e7332f46ab0641e10cede6ea	-9.726302495	0.084688936	0.408342089	0.015733507	"(-10.4387, -8.91396)"	"(0.0571427, 0.116024)"	0.027546236	0.031335064	yes